#time	ekin		epot		etot		chain_length
0	11.740600	0.000218	11.740818	22.000227
0.1	8.329676	3.411181	11.740857	22.306747
0.2	2.542214	9.198681	11.740895	22.555207
0.3	1.793440	9.947494	11.740934	22.704511
0.4	6.739852	5.001121	11.740973	22.741270
0.5	10.610839	1.130172	11.741011	22.682349
0.6	8.353195	3.387855	11.741050	22.568110
0.7	3.259826	8.481262	11.741088	22.448813
0.8	2.318700	9.422427	11.741127	22.368804
0.9	6.742090	4.999075	11.741165	22.353655
1	10.448713	1.292491	11.741204	22.404265
1.1	8.370926	3.370316	11.741242	22.499423
1.2	3.256617	8.484664	11.741281	22.605453
1.3	1.872803	9.868516	11.741319	22.689216
1.4	5.916229	5.825129	11.741358	22.729795
1.5	9.902573	1.838824	11.741396	22.724855
1.6	8.653621	3.087814	11.741435	22.689763
1.7	4.112465	7.629009	11.741473	22.650205
1.8	2.434463	9.307049	11.741512	22.631308
1.9	5.607625	6.133925	11.741550	22.647462
2	9.028351	2.713238	11.741589	22.696562
2.1	8.022139	3.719489	11.741627	22.760664
2.2	4.164018	7.577648	11.741666	22.812615
2.3	2.883424	8.858281	11.741704	22.826176
2.4	5.936026	5.805716	11.741743	22.785904
2.5	9.138568	2.603213	11.741781	22.693239
2.6	8.224281	3.517538	11.741819	22.566628
2.7	4.581957	7.159901	11.741858	22.435675
2.8	3.143715	8.598180	11.741896	22.331433
2.9	5.621996	6.119938	11.741934	22.276249
3	8.446179	3.295793	11.741972	22.276652
3.1	7.923619	3.818392	11.742011	22.321539
3.2	5.214813	6.527236	11.742049	22.386043
3.3	4.352935	7.389152	11.742087	22.439585
3.4	6.425393	5.316732	11.742126	22.455313
3.5	8.205358	3.536805	11.742164	22.417739
3.6	6.972397	4.769805	11.742202	22.326174
3.7	4.488165	7.254075	11.742240	22.193152
3.8	4.455714	7.286564	11.742278	22.038815
3.9	7.141055	4.601261	11.742316	21.883589
4	8.875041	2.867314	11.742355	21.741890
4.1	7.220583	4.521809	11.742392	21.618987
4.2	4.469145	7.273285	11.742430	21.511835
4.3	4.444326	7.298142	11.742468	21.413169
4.4	7.114597	4.627908	11.742505	21.317000
4.5	8.581832	3.160711	11.742543	21.223135
4.6	6.586426	5.156153	11.742579	21.138804
4.7	3.824654	7.917961	11.742615	21.076670
4.8	4.273725	7.468926	11.742650	21.049909
4.9	7.759043	3.983643	11.742686	21.066265
5	10.049952	1.692768	11.742720	21.123378
5.1	8.210772	3.531981	11.742753	21.207226
5.2	4.305625	7.437159	11.742784	21.294374
5.3	2.745532	8.997282	11.742813	21.357471
5.4	5.226376	6.516467	11.742843	21.372414
5.5	9.086614	2.656259	11.742873	21.324986
5.6	10.240849	1.502052	11.742901	21.214947
5.7	7.639836	4.103091	11.742927	21.056315
5.8	4.178163	7.564789	11.742952	20.873771
5.9	3.180900	8.562075	11.742975	20.696272
6	5.152076	6.590923	11.742999	20.549745
6.1	7.836360	3.906662	11.743023	20.450886
6.2	8.688927	3.054119	11.743046	20.403570
6.3	7.405536	4.337532	11.743068	20.398454
6.4	5.929479	5.813611	11.743090	20.415618
6.5	5.937728	5.805383	11.743111	20.429416
6.6	6.963133	4.779999	11.743132	20.414283
6.7	7.366110	4.377043	11.743153	20.350052
6.8	6.725644	5.017530	11.743174	20.225636
6.9	6.451417	5.291777	11.743194	20.040523
7	7.734042	4.009173	11.743215	19.804189
7.1	9.616864	2.126371	11.743235	19.533967
7.2	9.861632	1.881623	11.743255	19.252003
7.3	7.626095	4.117180	11.743275	18.981840
7.4	4.730834	7.012461	11.743295	18.744907
7.5	3.936080	7.807235	11.743315	18.557138
7.6	6.110267	5.633067	11.743334	18.426000
7.7	9.380650	2.362704	11.743354	18.348475
7.8	11.026757	0.716615	11.743372	18.310654
7.9	9.997836	1.745554	11.743390	18.289406
8	7.566399	4.177007	11.743406	18.256178
8.1	5.812603	5.930818	11.743421	18.182433
8.2	5.776713	5.966723	11.743436	18.045704
8.3	6.943740	4.799711	11.743450	17.834878
8.4	8.102392	3.641073	11.743465	17.553250
8.5	8.485725	3.257754	11.743479	17.218340
8.6	8.200960	3.542534	11.743494	16.858327
8.7	7.848259	3.895249	11.743508	16.505895
8.8	7.884357	3.859165	11.743522	16.191013
8.9	8.283581	3.459955	11.743536	15.934410
9	8.681489	3.062062	11.743551	15.743222
9.1	8.748778	2.994788	11.743566	15.609782
9.2	8.408541	3.335040	11.743581	15.513883
9.3	7.798563	3.945033	11.743595	15.428091
9.4	7.175865	4.567745	11.743610	15.324784
9.5	6.890676	4.852948	11.743624	15.183031
9.6	7.224310	4.519329	11.743639	14.993460
9.7	7.993722	3.749932	11.743654	14.759891
9.8	8.483950	3.259718	11.743669	14.497424
9.9	8.174522	3.569161	11.743683	14.227673
10	7.563103	4.180594	11.743697	13.972582
10.1	7.782275	3.961435	11.743710	13.748532
10.2	9.070939	2.672785	11.743724	13.562279
10.3	10.100004	1.643736	11.743739	13.409604
10.4	9.403288	2.340467	11.743755	13.277022
10.5	7.273436	4.470336	11.743772	13.146284
10.6	5.672284	6.071504	11.743788	13.000553
10.7	6.141007	5.602797	11.743805	12.830231
10.8	8.146288	3.597533	11.743821	12.636291
10.9	9.709593	2.034244	11.743837	12.429876
11	9.487848	2.256005	11.743852	12.228254
11.1	8.017470	3.726398	11.743867	12.048603
11.2	6.924281	4.819601	11.743883	11.901877
11.3	7.154846	4.589052	11.743898	11.788771
11.4	8.137587	3.606327	11.743914	11.698715
11.5	8.546217	3.197713	11.743930	11.611891
11.6	7.745263	3.998684	11.743947	11.503977
11.7	6.448368	5.295596	11.743964	11.352786
11.8	5.955685	5.788297	11.743982	11.145079
11.9	6.800795	4.943204	11.743999	10.881299
12	8.231744	3.512273	11.744016	10.576481
12.1	9.031134	2.712900	11.744034	10.256853
12.2	8.721491	3.022559	11.744051	9.953075
12.3	7.873900	3.870167	11.744068	9.692215
12.4	7.336153	4.407931	11.744084	9.490938
12.5	7.376238	4.367862	11.744100	9.351959
12.6	7.659037	4.085080	11.744116	9.264442
12.7	7.823984	3.920148	11.744132	9.207433
12.8	7.825971	3.918177	11.744148	9.154758
12.9	7.769880	3.974284	11.744164	9.080380
13	7.680438	4.063743	11.744181	8.963554
13.1	7.545870	4.198327	11.744198	8.793011
13.2	7.453274	4.290941	11.744214	8.569302
13.3	7.569381	4.174849	11.744231	8.304606
13.4	7.995120	3.749127	11.744247	8.019849
13.5	8.538063	3.206201	11.744263	7.739813
13.6	8.613694	3.130586	11.744280	7.487521
13.7	7.791150	3.953147	11.744297	7.279430
13.8	6.487811	5.256503	11.744314	7.122433
13.9	5.730767	6.013563	11.744330	7.012962
14	6.188918	5.555429	11.744347	6.938142
14.1	7.519270	4.225094	11.744364	6.878770
14.2	8.622432	3.121949	11.744381	6.813431
14.3	8.651558	3.092841	11.744399	6.722781
14.4	7.844056	3.900362	11.744418	6.593183
14.5	7.232599	4.511838	11.744437	6.419094
14.6	7.535374	4.209081	11.744456	6.203871
14.7	8.341782	3.402692	11.744475	5.958915
14.8	8.463563	3.280931	11.744494	5.701340
14.9	7.340876	4.403638	11.744514	5.450585
15	5.944175	5.800359	11.744534	5.224611
15.1	5.835355	5.909197	11.744553	5.036412
15.2	7.380872	4.363700	11.744572	4.891502
15.3	9.279434	2.465156	11.744590	4.786835
15.4	9.883327	1.861281	11.744608	4.711575
15.5	8.744907	2.999718	11.744625	4.649752
15.6	6.909396	4.835247	11.744643	4.583985
15.7	5.934663	5.809996	11.744660	4.498893
15.8	6.533376	5.211301	11.744677	4.383402
15.9	7.961145	3.783549	11.744694	4.232123
16	8.816266	2.928446	11.744712	4.046116
16.1	8.479938	3.264792	11.744730	3.833114
16.2	7.619153	4.125595	11.744748	3.606841
16.3	7.258388	4.486379	11.744767	3.385033
16.4	7.572550	4.172234	11.744785	3.186047
16.5	7.817957	3.926845	11.744802	3.024566
16.6	7.416521	4.328299	11.744820	2.907670
16.7	6.725338	5.019498	11.744836	2.833093
16.8	6.535306	5.209547	11.744853	2.790871
16.9	7.132004	4.612866	11.744870	2.767213
17	8.035626	3.709262	11.744888	2.747864
17.1	8.484140	3.260765	11.744905	2.719768
17.2	8.133960	3.610963	11.744923	2.671983
17.3	7.367984	4.376957	11.744941	2.596953
17.4	6.906352	4.838606	11.744958	2.492195
17.5	7.157881	4.587094	11.744975	2.361668
17.6	7.951240	3.793751	11.744991	2.215928
17.7	8.706153	3.038852	11.745005	2.070508
17.8	8.829421	2.915598	11.745018	1.942461
17.9	8.207357	3.537675	11.745032	1.845743
18	7.398468	4.346577	11.745045	1.787135
18.1	7.211933	4.533125	11.745058	1.764959
18.2	7.955233	3.789839	11.745072	1.771207
18.3	8.975599	2.769489	11.745088	1.795065
18.4	9.118847	2.626258	11.745105	1.825719
18.5	7.927369	3.817754	11.745122	1.854416
18.6	6.328854	5.416286	11.745140	1.876474
18.7	5.846784	5.898373	11.745157	1.892878
18.8	7.004208	4.740967	11.745175	1.909964
18.9	8.654099	3.091093	11.745192	1.935850
19	9.099077	2.646132	11.745209	1.974479
19.1	7.907314	3.837913	11.745226	2.021127
19.2	6.384900	5.360343	11.745243	2.063342
19.3	6.165746	5.579514	11.745260	2.087022
19.4	7.562661	4.182615	11.745276	2.083400
19.5	9.216572	2.528721	11.745293	2.052974
19.6	9.431077	2.314234	11.745310	2.004936
19.7	8.066009	3.679319	11.745327	1.952815
19.8	6.683233	5.062111	11.745344	1.908825
19.9	6.653889	5.091473	11.745362	1.880585
20	7.666567	4.078812	11.745380	1.872543
20.1	8.412367	3.333031	11.745398	1.890027
20.2	8.292329	3.453086	11.745415	1.940597
20.3	7.916393	3.829038	11.745432	2.029483
20.4	8.005886	3.739561	11.745448	2.152388
20.5	8.372932	3.372532	11.745464	2.292855
20.6	8.281965	3.463514	11.745479	2.427207
20.7	7.513984	4.231511	11.745494	2.533331
20.8	6.698645	5.046864	11.745510	2.598104
20.9	6.631044	5.114481	11.745525	2.620587
21	7.425127	4.320415	11.745542	2.610553
21.1	8.295167	3.450391	11.745558	2.583483
21.2	8.291398	3.454176	11.745574	2.554301
21.3	7.393410	4.352179	11.745589	2.532574
21.4	6.680165	5.065439	11.745605	2.521191
21.5	7.225667	4.519952	11.745619	2.518625
21.6	8.789816	2.955818	11.745634	2.522674
21.7	9.831770	1.913880	11.745650	2.532814
21.8	9.156272	2.589394	11.745666	2.549920
21.9	7.303149	4.442532	11.745681	2.574551
22	5.996419	5.749276	11.745695	2.605900
22.1	6.388379	5.357330	11.745710	2.642289
22.2	8.145598	3.600126	11.745724	2.682432
22.3	9.959924	1.785814	11.745738	2.726176
22.4	10.570254	1.175498	11.745752	2.774134
22.5	9.635073	2.110692	11.745764	2.826676
22.6	7.941251	3.804525	11.745776	2.883111
22.7	6.685623	5.060164	11.745786	2.941558
22.8	6.557440	5.188358	11.745797	2.999488
22.9	7.443530	4.302279	11.745809	3.054592
23	8.691283	3.054538	11.745820	3.105543
23.1	9.536598	2.209234	11.745832	3.152249
23.2	9.533809	2.212035	11.745844	3.195576
23.3	8.860358	2.885497	11.745855	3.237088
23.4	8.192632	3.553233	11.745866	3.279313
23.5	8.101915	3.643961	11.745876	3.326094
23.6	8.557660	3.188227	11.745888	3.381954
23.7	9.078728	2.667171	11.745899	3.450334
23.8	9.266800	2.479111	11.745910	3.532107
23.9	9.091477	2.654444	11.745921	3.625727
24	8.749599	2.996333	11.745932	3.728793
24.1	8.414529	3.331413	11.745942	3.839526
24.2	8.165152	3.580800	11.745953	3.956936
24.3	8.041282	3.704681	11.745963	4.079654
24.4	8.029171	3.716804	11.745975	4.204413
24.5	7.988555	3.757432	11.745987	4.325246
24.6	7.754737	3.991263	11.746000	4.434055
24.7	7.436443	4.309571	11.746014	4.522642
24.8	7.449553	4.296475	11.746028	4.585607
24.9	8.049074	3.696967	11.746041	4.622797
25	8.875822	2.870231	11.746054	4.639917
25.1	9.151634	2.594431	11.746065	4.646910
25.2	8.440085	3.305990	11.746075	4.655078
25.3	7.198645	4.547440	11.746085	4.674511
25.4	6.477568	5.268526	11.746095	4.712781
25.5	6.990303	4.755802	11.746105	4.774636
25.6	8.466620	3.279495	11.746115	4.861607
25.7	9.897775	1.848352	11.746127	4.971081
25.8	10.388642	1.357497	11.746139	5.095538
25.9	9.823450	1.922701	11.746152	5.223185
26	8.811934	2.934230	11.746164	5.340507
26.1	8.094861	3.651315	11.746176	5.435987
26.2	8.041763	3.704423	11.746186	5.503467
26.3	8.584138	3.162058	11.746196	5.543792
26.4	9.360130	2.386075	11.746205	5.564211
26.5	9.850560	1.895655	11.746214	5.575968
26.6	9.648222	2.098003	11.746225	5.591205
26.7	8.841053	2.905184	11.746237	5.620210
26.8	8.044585	3.701665	11.746250	5.669453
26.9	7.849401	3.896863	11.746264	5.740470
27	8.234439	3.511839	11.746278	5.829804
27.1	8.674036	3.072255	11.746292	5.930023
27.2	8.792826	2.953479	11.746305	6.031406
27.3	8.712636	3.033682	11.746317	6.123798
27.4	8.708513	3.037815	11.746329	6.198262
27.5	8.772129	2.974210	11.746340	6.248377
27.6	8.743257	3.003094	11.746350	6.271150
27.7	8.673234	3.073126	11.746360	6.267517
27.8	8.746492	2.999878	11.746370	6.242291
27.9	8.977694	2.768686	11.746380	6.203455
28	9.228072	2.518319	11.746391	6.160798
28.1	9.361625	2.384777	11.746403	6.124126
28.2	9.300559	2.445856	11.746415	6.101284
28.3	9.045017	2.701411	11.746427	6.096384
28.4	8.705981	3.040459	11.746440	6.108777
28.5	8.497686	3.248766	11.746452	6.133183
28.6	8.580629	3.165834	11.746463	6.160862
28.7	8.856328	2.890147	11.746474	6.181329
28.8	9.034472	2.712014	11.746485	6.184283
28.9	8.949496	2.797000	11.746496	6.161714
29	8.728521	3.017986	11.746507	6.109989
29.1	8.644438	3.102080	11.746518	6.031306
29.2	8.835991	2.910538	11.746529	5.933668
29.3	9.126725	2.619817	11.746542	5.828968
29.4	9.092082	2.654473	11.746555	5.729753
29.5	8.442841	3.303727	11.746568	5.646264
29.6	7.469392	4.277189	11.746581	5.585322
29.7	6.952389	4.794204	11.746594	5.550868
29.8	7.429856	4.316751	11.746607	5.544000
29.9	8.603007	3.143615	11.746621	5.561108
30	9.543646	2.202991	11.746636	5.591830
30.1	9.493909	2.252741	11.746651	5.619556
30.2	8.543911	3.202753	11.746664	5.625336
30.3	7.589495	4.157182	11.746677	5.593879
30.4	7.582154	4.164534	11.746689	5.519079
30.5	8.703262	3.043438	11.746700	5.406641
30.6	10.149826	1.596885	11.746711	5.272471
30.7	10.718882	1.027841	11.746723	5.137237
30.8	9.792186	1.954549	11.746734	5.019451
30.9	7.973459	3.773287	11.746746	4.930578
31	6.718442	5.028317	11.746758	4.874545
31.1	7.075006	4.671764	11.746770	4.850487
31.2	8.660806	3.085977	11.746783	4.855165
31.3	9.990586	1.756210	11.746796	4.882974
31.4	9.916554	1.830255	11.746809	4.924892
31.5	8.714909	3.031912	11.746821	4.968992
31.6	7.713664	4.033169	11.746833	5.003672
31.7	7.917118	3.829726	11.746844	5.022194
31.8	9.060237	2.686618	11.746855	5.025728
31.9	10.022507	1.724359	11.746866	5.022708
32	10.095267	1.651610	11.746877	5.024523
32.1	9.632381	2.114505	11.746887	5.039899
32.2	9.342829	2.404068	11.746897	5.071314
32.3	9.260223	2.486686	11.746909	5.115249
32.4	8.872938	2.873984	11.746922	5.165403
32.5	8.068458	3.678477	11.746935	5.216471
32.6	7.471331	4.275617	11.746948	5.266390
32.7	7.776400	3.970562	11.746961	5.316307
32.8	8.906012	2.840963	11.746975	5.369011
32.9	9.920771	1.826217	11.746988	5.427154
33	9.836789	1.910213	11.747002	5.492083
33.1	8.632438	3.114578	11.747016	5.563468
33.2	7.425976	4.321054	11.747029	5.639636
33.3	7.459196	4.287845	11.747041	5.718473
33.4	8.728032	3.019021	11.747053	5.798537
33.5	9.896605	1.850461	11.747066	5.879728
33.6	9.831599	1.915482	11.747080	5.963090
33.7	8.785342	2.961752	11.747094	6.050057
33.8	7.872927	3.874181	11.747108	6.141864
33.9	7.797902	3.949220	11.747123	6.239277
34	8.345995	3.401142	11.747137	6.342067
34.1	8.828903	2.918248	11.747152	6.447962
34.2	8.777108	2.970058	11.747166	6.551824
34.3	8.314866	3.432314	11.747180	6.646150
34.4	8.005245	3.741948	11.747193	6.723103
34.5	8.338422	3.408783	11.747206	6.777122
34.6	9.288112	2.459106	11.747218	6.806915
34.7	10.272761	1.474467	11.747229	6.816105
34.8	10.552320	1.194919	11.747239	6.812315
34.9	9.805984	1.941265	11.747249	6.804976
35	8.494966	3.252294	11.747259	6.802574
35.1	7.624008	4.123262	11.747270	6.810422
35.2	7.918224	3.829057	11.747281	6.829834
35.3	9.111646	2.635647	11.747293	6.858766
35.4	10.129206	1.618098	11.747304	6.893137
35.5	10.086667	1.660649	11.747316	6.928024
35.6	9.111676	2.635651	11.747327	6.958450
35.7	8.155994	3.591344	11.747338	6.979985
35.8	8.036729	3.710619	11.747348	6.989268
35.9	8.689972	3.057386	11.747358	6.984238
36	9.352176	2.395192	11.747368	6.963829
36.1	9.430226	2.317152	11.747378	6.927407
36.2	9.107355	2.640033	11.747388	6.874596
36.3	9.051211	2.696186	11.747397	6.805778
36.4	9.593866	2.153539	11.747406	6.723015
36.5	10.283422	1.463992	11.747415	6.630797
36.6	10.346684	1.400740	11.747424	6.536160
36.7	9.642675	2.104759	11.747434	6.447833
36.8	8.904430	2.843015	11.747445	6.374289
36.9	8.872497	2.874958	11.747455	6.320824
37	9.394362	2.353104	11.747466	6.286584
37.1	9.565114	2.182362	11.747476	6.263224
37.2	8.707192	3.040295	11.747487	6.236543
37.3	7.147498	4.600000	11.747498	6.190666
37.4	6.041261	5.706249	11.747510	6.112662
37.5	6.360566	5.386956	11.747521	5.995768
37.6	7.944299	3.803234	11.747534	5.840703
37.7	9.551779	2.195767	11.747546	5.655307
37.8	9.958808	1.788752	11.747560	5.452709
37.9	9.058151	2.689424	11.747574	5.248232
38	7.875448	3.872141	11.747589	5.055684
38.1	7.516369	4.231234	11.747603	4.884339
38.2	8.132971	3.614647	11.747617	4.737992
38.3	8.930646	2.816984	11.747631	4.616322
38.4	9.126226	2.621417	11.747643	4.517043
38.5	8.776946	2.970708	11.747654	4.437158
38.6	8.575827	3.171838	11.747664	4.373280
38.7	8.963464	2.784211	11.747675	4.322071
38.8	9.653607	2.094079	11.747687	4.280834
38.9	9.964790	1.782910	11.747700	4.247123
39	9.502530	2.245183	11.747713	4.216607
39.1	8.551364	3.196363	11.747726	4.180270
39.2	7.765121	3.982619	11.747739	4.123637
39.3	7.466874	4.280878	11.747752	4.030266
39.4	7.447023	4.300742	11.747765	3.888496
39.5	7.492464	4.255313	11.747777	3.696755
39.6	7.750620	3.997169	11.747789	3.464203
39.7	8.389473	3.358326	11.747799	3.207871
39.8	9.143802	2.604008	11.747810	2.948633
39.9	9.461415	2.286406	11.747821	2.707237
40	9.103590	2.644243	11.747833	2.500520
40.1	8.445191	3.302654	11.747844	2.337837
40.2	8.106390	3.641466	11.747855	2.218650
40.3	8.327836	3.420030	11.747866	2.133280
40.4	8.775939	2.971937	11.747876	2.067396
40.5	8.950790	2.797097	11.747887	2.007732
40.6	8.719253	3.028644	11.747897	1.945960
40.7	8.440867	3.307041	11.747907	1.879885
40.8	8.593942	3.153976	11.747918	1.812561
40.9	9.276388	2.471541	11.747929	1.749940
41	10.048595	1.699345	11.747940	1.697594
41.1	10.260148	1.487803	11.747951	1.657534
41.2	9.593882	2.154081	11.747963	1.626455
41.3	8.366174	3.381800	11.747974	1.596210
41.4	7.326488	4.421497	11.747986	1.556115
41.5	7.131951	4.616046	11.747997	1.495931
41.6	7.918617	3.829390	11.748008	1.408543
41.7	9.249784	2.498235	11.748019	1.291954
41.8	10.378710	1.369319	11.748029	1.150469
41.9	10.639690	1.108350	11.748040	0.994874
42	9.848824	1.899227	11.748051	0.841502
42.1	8.519613	3.228449	11.748062	0.710333
42.2	7.615375	4.132700	11.748074	0.621936
42.3	7.824670	3.923417	11.748087	0.591802
42.4	8.915528	2.832571	11.748099	0.623211
42.5	9.887797	1.860315	11.748112	0.706701
42.6	9.895250	1.852875	11.748125	0.826631
42.7	9.012924	2.735212	11.748136	0.965908
42.8	8.062363	3.685785	11.748148	1.108210
42.9	7.768841	3.979319	11.748159	1.240284
43	8.170671	3.577501	11.748171	1.353985
43.1	8.763140	2.985044	11.748184	1.447110
43.2	9.071791	2.676406	11.748197	1.522516
43.3	9.014938	2.733272	11.748209	1.585642
43.4	8.769402	2.978820	11.748222	1.641491
43.5	8.460414	3.287821	11.748235	1.693051
43.6	8.113384	3.634863	11.748248	1.742544
43.7	7.874408	3.873852	11.748260	1.794339
43.8	8.059603	3.688670	11.748273	1.856435
43.9	8.737709	3.010578	11.748287	1.938392
44	9.387635	2.360665	11.748301	2.046652
44.1	9.339256	2.409059	11.748315	2.180766
44.2	8.542197	3.206132	11.748329	2.333509
44.3	7.686512	4.061832	11.748343	2.494433
44.4	7.589767	4.158589	11.748356	2.653934
44.5	8.484264	3.264105	11.748369	2.805463
44.6	9.752833	1.995547	11.748381	2.945376
44.7	10.393991	1.354402	11.748393	3.071447
44.8	9.894504	1.853902	11.748405	3.181862
44.9	8.653031	3.095387	11.748418	3.275872
45	7.610221	4.138210	11.748431	3.355497
45.1	7.464069	4.284376	11.748445	3.426352
45.2	8.080268	3.668192	11.748460	3.496460
45.3	8.635885	3.112590	11.748475	3.573750
45.4	8.444015	3.304475	11.748490	3.664022
45.5	7.662658	4.085846	11.748505	3.770466
45.6	7.131568	4.616951	11.748519	3.894329
45.7	7.494249	4.254283	11.748532	4.035276
45.8	8.522437	3.226108	11.748545	4.190525
45.9	9.318674	2.429884	11.748558	4.353321
46	9.173759	2.574812	11.748571	4.512471
46.1	8.218335	3.530249	11.748584	4.654565
46.2	7.304587	4.444010	11.748597	4.768681
46.3	7.308900	4.439711	11.748611	4.851004
46.4	8.395971	3.352654	11.748625	4.906511
46.5	9.789222	1.959417	11.748639	4.947250
46.6	10.340695	1.407958	11.748652	4.988742
46.7	9.539662	2.209003	11.748665	5.046122
46.8	8.046474	3.702203	11.748677	5.130925
46.9	7.114833	4.633856	11.748689	5.248867
47	7.372286	4.376414	11.748701	5.398704
47.1	8.331720	3.416994	11.748714	5.572281
47.2	9.134628	2.614100	11.748728	5.755910
47.3	9.387477	2.361265	11.748742	5.933118
47.4	9.177509	2.571247	11.748756	6.088444
47.5	8.633530	3.115239	11.748769	6.211559
47.6	7.800677	3.948106	11.748783	6.300294
47.7	6.934364	4.814433	11.748797	6.361111
47.8	6.638080	5.110731	11.748811	6.406748
47.9	7.415062	4.333763	11.748825	6.452105
48	8.980927	2.767912	11.748839	6.510099
48.1	10.222589	1.526265	11.748853	6.588914
48.2	10.131257	1.617610	11.748867	6.691257
48.3	8.831205	2.917675	11.748880	6.815203
48.4	7.568529	4.180364	11.748893	6.955776
48.5	7.541762	4.207143	11.748905	7.106602
48.6	8.718649	3.030268	11.748917	7.261457
48.7	9.906845	1.842085	11.748930	7.415600
48.8	9.968230	1.780713	11.748944	7.566694
48.9	8.903067	2.845891	11.748958	7.715024
49	7.828740	3.920232	11.748972	7.862697
49.1	7.891719	3.857268	11.748987	8.011824
49.2	9.070097	2.678904	11.749001	8.162210
49.3	10.025946	1.723070	11.749016	8.309723
49.4	9.358818	2.390213	11.749031	8.446543
49.5	7.264275	4.484773	11.749047	8.563675
49.6	5.669747	6.079316	11.749063	8.654801
49.7	6.275770	5.473309	11.749079	8.719552
49.8	8.583992	3.165104	11.749096	8.764426
49.9	10.296018	1.453095	11.749113	8.800841
50	9.727861	2.021271	11.749131	8.841506
50.1	7.558860	4.190290	11.749150	8.897135
50.2	6.065569	5.683598	11.749167	8.974896
50.3	6.714526	5.034658	11.749184	9.078430
50.4	8.654352	3.094848	11.749200	9.207829
50.5	9.721954	2.027263	11.749217	9.358537
50.6	8.880132	2.869101	11.749233	9.520465
50.7	7.328601	4.420647	11.749248	9.679508
50.8	6.998638	4.750625	11.749263	9.821575
50.9	8.277711	3.471568	11.749279	9.937058
51	9.673301	2.075995	11.749296	10.023607
51.1	9.562789	2.186525	11.749314	10.086159
51.2	7.920137	3.829194	11.749331	10.134374
51.3	6.282517	5.466830	11.749347	10.178615
51.4	6.149919	5.599443	11.749363	10.225836
51.5	7.545404	4.203974	11.749378	10.276381
51.6	9.133840	2.615554	11.749394	10.322538
51.7	9.625101	2.124308	11.749409	10.349956
51.8	9.009260	2.740163	11.749424	10.342446
51.9	8.398485	3.350953	11.749439	10.288583
52	8.628580	3.120874	11.749454	10.187345
52.1	9.194343	2.555127	11.749470	10.050469
52.2	8.924288	2.825199	11.749487	9.900354
52.3	7.666458	4.083045	11.749503	9.763682
52.4	6.696650	5.052870	11.749520	9.662433
52.5	7.178639	4.570897	11.749535	9.605890
52.6	8.660993	3.088559	11.749551	9.588193
52.7	9.548925	2.200642	11.749567	9.592444
52.8	8.874226	2.875356	11.749582	9.597134
52.9	7.275890	4.473705	11.749595	9.581378
53	6.297316	5.452292	11.749608	9.528891
53.1	6.855006	4.894615	11.749621	9.431039
53.2	8.399658	3.349976	11.749635	9.288455
53.3	9.494253	2.255397	11.749650	9.110370
53.4	9.170421	2.579244	11.749665	8.911437
53.5	7.800105	3.949575	11.749681	8.706865
53.6	6.660628	5.089068	11.749695	8.507678
53.7	6.669454	5.080256	11.749710	8.318129
53.8	7.696029	4.053695	11.749724	8.136402
53.9	8.962405	2.787333	11.749738	7.957803
54	9.737620	2.012132	11.749752	7.778191
54.1	9.630411	2.119355	11.749767	7.596025
54.2	8.605462	3.144319	11.749781	7.412908
54.3	7.054412	4.695384	11.749796	7.233159
54.4	5.844853	5.904958	11.749811	7.062838
54.5	5.963667	5.786159	11.749826	6.908449
54.6	7.633772	4.116069	11.749841	6.775383
54.7	9.683930	2.065927	11.749857	6.666087
54.8	10.359523	1.390350	11.749872	6.578214
54.9	9.052565	2.697323	11.749888	6.503493
55	6.916102	4.833799	11.749902	6.428339
55.1	5.803730	5.946185	11.749915	6.336914
55.2	6.641616	5.108312	11.749928	6.216283
55.3	8.608362	3.141580	11.749942	6.061567
55.4	9.956578	1.793378	11.749957	5.878119
55.5	9.706688	2.043284	11.749972	5.679619
55.6	8.434357	3.315631	11.749988	5.483616
55.7	7.433545	4.316460	11.750004	5.306765
55.8	7.358220	4.391800	11.750020	5.161212
55.9	7.846920	3.903115	11.750035	5.052837
56	8.238861	3.511188	11.750049	4.981301
56.1	8.287323	3.462740	11.750063	4.941438
56.2	8.175457	3.574620	11.750076	4.925275
56.3	8.156458	3.593632	11.750089	4.924088
56.4	8.327138	3.422964	11.750103	4.930065
56.5	8.592372	3.157744	11.750116	4.937362
56.6	8.770362	2.979767	11.750129	4.942447
56.7	8.797123	2.953018	11.750141	4.943785
56.8	8.781909	2.968244	11.750152	4.941114
56.9	8.839819	2.910343	11.750162	4.934754
57	8.955198	2.794973	11.750172	4.925323
57.1	9.032265	2.717916	11.750181	4.913857
57.2	9.021560	2.728632	11.750191	4.901866
57.3	8.982991	2.767211	11.750202	4.890812
57.4	9.030568	2.719646	11.750213	4.881045
57.5	9.171976	2.578250	11.750225	4.870977
57.6	9.194882	2.555355	11.750237	4.857252
57.7	8.806602	2.943647	11.750249	4.835921
57.8	8.002361	3.747900	11.750262	4.803959
57.9	7.268851	4.481422	11.750274	4.760512
58	7.251715	4.498571	11.750286	4.707494
58.1	8.129296	3.621002	11.750298	4.649463
58.2	9.353997	2.396313	11.750310	4.592720
58.3	10.057968	1.692354	11.750322	4.543705
58.4	9.760030	1.990303	11.750333	4.506976
58.5	8.757191	2.993151	11.750342	4.483381
58.6	7.893885	3.856465	11.750350	4.469122
58.7	7.917200	3.833158	11.750358	4.456157
58.8	8.913368	2.836998	11.750366	4.433866
58.9	10.246185	1.504188	11.750374	4.391534
59	11.046406	0.703976	11.750382	4.320953
59.1	10.836545	0.913845	11.750390	4.218484
59.2	9.786301	1.964097	11.750398	4.086081
59.3	8.512793	3.237613	11.750406	3.930993
59.4	7.690059	4.060355	11.750414	3.764220
59.5	7.697976	4.052446	11.750422	3.598033
59.6	8.444515	3.305915	11.750430	3.443188
59.7	9.463307	2.287130	11.750438	3.306501
59.8	10.235836	1.514609	11.750445	3.189351
59.9	10.479802	1.270651	11.750452	3.087359
60	10.191802	1.558658	11.750460	2.991251
60.1	9.516747	2.233720	11.750467	2.888799
60.2	8.648588	3.101887	11.750475	2.767595
60.3	7.827632	3.922850	11.750483	2.618139
60.4	7.352495	4.397996	11.750491	2.436511
60.5	7.498805	4.251696	11.750501	2.225926
60.6	8.327441	3.423069	11.750510	1.996687
60.7	9.525699	2.224821	11.750520	1.764383
60.8	10.461301	1.289228	11.750529	1.546465
60.9	10.515166	1.235372	11.750538	1.357682
61	9.573004	2.177544	11.750548	1.205636
61.1	8.256292	3.494265	11.750557	1.088882
61.2	7.490504	4.260062	11.750566	0.999530
61.3	7.702576	4.048000	11.750576	0.928967
61.4	8.494699	3.255887	11.750586	0.872425
61.5	9.139965	2.610632	11.750597	0.830100
61.6	9.281884	2.468723	11.750608	0.806492
61.7	9.105247	2.645372	11.750619	0.810229
61.8	8.973289	2.777341	11.750630	0.852834
61.9	9.049235	2.701405	11.750640	0.943003
62	9.234411	2.516237	11.750649	1.079535
62.1	9.334225	2.416432	11.750657	1.250966
62.2	9.220828	2.529836	11.750665	1.442042
62.3	8.882776	2.867896	11.750673	1.640844
62.4	8.399217	3.351465	11.750682	1.842795
62.5	7.921300	3.829392	11.750692	2.050453
62.6	7.683844	4.066860	11.750704	2.269254
62.7	7.933021	3.817696	11.750717	2.501683
62.8	8.671029	3.079702	11.750731	2.743613
62.9	9.460628	2.290117	11.750745	2.984713
63	9.677965	2.072795	11.750759	3.212051
63.1	9.093529	2.657243	11.750773	3.414625
63.2	8.150998	3.599787	11.750785	3.586781
63.3	7.598784	4.152013	11.750797	3.729500
63.4	7.863738	3.887070	11.750808	3.849519
63.5	8.767037	2.983780	11.750818	3.957048
63.6	9.708752	2.042077	11.750828	4.063092
63.7	10.032246	1.718594	11.750840	4.177183
63.8	9.434075	2.316779	11.750854	4.305705
63.9	8.306528	3.444341	11.750869	4.450858
64	7.526506	4.224380	11.750886	4.610604
64.1	7.633978	4.116924	11.750903	4.780119
64.2	8.261210	3.489710	11.750920	4.954416
64.3	8.560031	3.190906	11.750937	5.130824
64.4	8.180053	3.570901	11.750953	5.309962
64.5	7.673429	4.077540	11.750969	5.494683
64.6	7.851786	3.899198	11.750984	5.687536
64.7	8.740488	3.010510	11.750998	5.887933
64.8	9.349716	2.401297	11.751013	6.090393
64.9	8.777399	2.973629	11.751028	6.284734
65	7.408061	4.342983	11.751044	6.458248
65.1	6.557827	5.193233	11.751060	6.599118
65.2	6.971479	4.779597	11.751076	6.699975
65.3	8.117398	3.633694	11.751092	6.760610
65.4	9.021067	2.730041	11.751108	6.789027
65.5	9.297672	2.453451	11.751123	6.800329
65.6	9.143856	2.607282	11.751137	6.813493
65.7	8.834225	2.916926	11.751151	6.846847
65.8	8.450071	3.301092	11.751163	6.913659
65.9	7.880644	3.870532	11.751176	7.019298
66	7.242073	4.509116	11.751189	7.160839
66.1	7.146983	4.604219	11.751202	7.328988
66.2	8.091414	3.659802	11.751216	7.511259
66.3	9.609424	2.141806	11.751231	7.695061
66.4	10.403876	1.347369	11.751245	7.869913
66.5	9.535887	2.215373	11.751260	8.028733
66.6	7.465746	4.285527	11.751274	8.168384
66.7	5.832134	5.919153	11.751287	8.289603
66.8	6.074071	5.677227	11.751298	8.396331
66.9	8.058663	3.692648	11.751310	8.494526
67	10.100564	1.650759	11.751323	8.590647
67.1	10.515652	1.235685	11.751336	8.690127
67.2	9.127727	2.623623	11.751350	8.796388
67.3	7.299087	4.452276	11.751363	8.911008
67.4	6.620179	5.131198	11.751377	9.035046
67.5	7.523199	4.228192	11.751391	9.170353
67.6	8.998484	2.752922	11.751406	9.319381
67.7	9.623696	2.127725	11.751421	9.483435
67.8	8.927343	2.824093	11.751435	9.660931
67.9	7.749117	4.002332	11.751449	9.847091
68	7.321278	4.430184	11.751462	10.035241
68.1	8.094959	3.656515	11.751474	10.218841
68.2	9.391039	2.360447	11.751486	10.393191
68.3	10.066890	1.684609	11.751499	10.556300
68.4	9.592049	2.159464	11.751512	10.709159
68.5	8.566584	3.184943	11.751526	10.855962
68.6	8.096279	3.655262	11.751540	11.004275
68.7	8.593523	3.158032	11.751555	11.163744
68.8	9.258440	2.493130	11.751570	11.341962
68.9	8.937193	2.814393	11.751586	11.539444
69	7.522347	4.229255	11.751602	11.747706
69.1	6.230774	5.520843	11.751618	11.951589
69.2	6.376112	5.375522	11.751634	12.133897
69.3	7.970476	3.781175	11.751651	12.280178
69.4	9.608711	2.142957	11.751667	12.382273
69.5	9.815217	1.936466	11.751684	12.440017
69.6	8.523121	3.228578	11.751700	12.461035
69.7	7.122885	4.628830	11.751715	12.458984
69.8	7.073093	4.678636	11.751729	12.450725
69.9	8.506626	3.245117	11.751743	12.452671
70	10.112707	1.639050	11.751757	12.476638
70.1	10.406779	1.344992	11.751771	12.526385
70.2	9.171009	2.580774	11.751783	12.596472
70.3	7.584562	4.167234	11.751796	12.673864
70.4	6.966174	4.785635	11.751809	12.741309
70.5	7.559971	4.191851	11.751822	12.781287
70.6	8.515991	3.235846	11.751837	12.779658
70.7	8.766698	2.985154	11.751852	12.728367
70.8	7.908186	3.843683	11.751868	12.626637
70.9	6.514931	5.236954	11.751884	12.480364
71	5.687466	6.064435	11.751900	12.299865
71.1	6.144880	5.607036	11.751916	12.096828
71.2	7.641608	4.110322	11.751930	11.881845
71.3	9.221114	2.530829	11.751943	11.663607
71.4	9.999224	1.752732	11.751956	11.449664
71.5	9.729547	2.022423	11.751970	11.247279
71.6	8.783242	2.968742	11.751983	11.063124
71.7	7.777616	3.974381	11.751997	10.901924
71.8	7.196215	4.555796	11.752011	10.765225
71.9	7.122001	4.630025	11.752026	10.651178
72	7.200515	4.551527	11.752042	10.555256
72.1	7.065999	4.686060	11.752059	10.471240
72.2	6.891346	4.860730	11.752076	10.391982
72.3	7.275840	4.476254	11.752094	10.310017
72.4	8.420610	3.331500	11.752111	10.218318
72.5	9.535701	2.216426	11.752127	10.111442
72.6	9.432248	2.319895	11.752143	9.987009
72.7	7.941508	3.810651	11.752159	9.847090
72.8	6.423718	5.328456	11.752174	9.698750
72.9	6.451397	5.300793	11.752190	9.553020
73	8.099292	3.652914	11.752207	9.422355
73.1	9.754714	1.997510	11.752224	9.317575
73.2	9.668048	2.084195	11.752243	9.245465
73.3	7.723988	4.028274	11.752261	9.207593
73.4	5.567424	6.184857	11.752280	9.200395
73.5	4.998104	6.754196	11.752299	9.216473
73.6	6.334139	5.418179	11.752318	9.246827
73.7	8.233530	3.518807	11.752337	9.283308
73.8	9.072803	2.679554	11.752356	9.320454
73.9	8.466197	3.286179	11.752375	9.356126
74	7.363431	4.388963	11.752394	9.390956
74.1	6.896842	4.855572	11.752414	9.427034
74.2	7.358182	4.394251	11.752433	9.466485
74.3	8.091591	3.660862	11.752453	9.510475
74.4	8.258664	3.493809	11.752473	9.558878
74.5	7.784033	3.968461	11.752494	9.610337
74.6	7.329544	4.422972	11.752516	9.662093
74.7	7.339357	4.413181	11.752538	9.709453
74.8	7.537433	4.215127	11.752560	9.745687
74.9	7.435083	4.317500	11.752583	9.763171
75	7.030724	4.721880	11.752605	9.755426
75.1	6.794017	4.958609	11.752626	9.718881
75.2	7.073287	4.679361	11.752648	9.653603
75.3	7.705040	4.047630	11.752670	9.563057
75.4	8.141796	3.610896	11.752692	9.453335
75.5	7.972045	3.780669	11.752714	9.332202
75.6	7.385733	4.367003	11.752736	9.208071
75.7	7.030699	4.722059	11.752758	9.088870
75.8	7.352162	4.400617	11.752779	8.980788
75.9	8.149168	3.603632	11.752800	8.886936
76	8.752474	3.000347	11.752821	8.806206
76.1	8.596650	3.156191	11.752841	8.732838
76.2	7.707474	4.045387	11.752861	8.657111
76.3	6.736629	5.016252	11.752882	8.567247
76.4	6.575492	5.177411	11.752903	8.452384
76.5	7.437271	4.315654	11.752924	8.305925
76.6	8.285509	3.467438	11.752947	8.127982
76.7	7.953430	3.799539	11.752969	7.925625
76.8	6.743145	5.009846	11.752991	7.710562
76.9	6.230603	5.522409	11.753013	7.495087
77	7.378620	4.374413	11.753033	7.287949
77.1	9.275588	2.477464	11.753052	7.091832
77.2	10.065060	1.688011	11.753070	6.903757
77.3	8.982418	2.770671	11.753090	6.718249
77.4	7.170598	4.582511	11.753110	6.531318
77.5	6.330717	5.422414	11.753131	6.343002
77.6	6.793605	4.959548	11.753153	6.157618
77.7	7.385614	4.367561	11.753175	5.982058
77.8	7.124432	4.628766	11.753198	5.822852
77.9	6.461593	5.291628	11.753221	5.682999
78	6.595595	5.157648	11.753243	5.559769
78.1	7.856209	3.897054	11.753263	5.444451
78.2	9.162647	2.590635	11.753282	5.324409
78.3	9.234124	2.519176	11.753300	5.187105
78.4	8.160232	3.593086	11.753317	5.025002
78.5	7.336294	4.417042	11.753336	4.839246
78.6	7.698011	4.055344	11.753355	4.640268
78.7	8.501164	3.252212	11.753376	4.444873
78.8	8.270705	3.482693	11.753398	4.271005
78.9	6.763632	4.989789	11.753421	4.132578
79	5.464456	6.288988	11.753444	4.036475
79.1	5.909441	5.844026	11.753467	3.981877
79.2	7.816421	3.937068	11.753489	3.960616
79.3	9.286010	2.467501	11.753511	3.958265
79.4	8.930559	2.822971	11.753530	3.957317
79.5	7.482081	4.271468	11.753549	3.942817
79.6	6.893315	4.860252	11.753567	3.907328
79.7	7.948965	3.804622	11.753587	3.851011
79.8	9.300072	2.453536	11.753608	3.777774
79.9	9.072740	2.680891	11.753630	3.692088
80	7.183376	4.570278	11.753654	3.598439
80.1	5.560036	6.193641	11.753677	3.502232
80.2	5.870473	5.883227	11.753700	3.410004
80.3	7.524735	4.228989	11.753723	3.327855
80.4	8.457255	3.296490	11.753745	3.259020
80.5	7.706736	4.047029	11.753765	3.202523
80.6	6.554334	5.199450	11.753785	3.153874
80.7	6.816120	4.937685	11.753804	3.106687
80.8	8.499521	3.254304	11.753826	3.053660
80.9	9.703394	2.050454	11.753848	2.987372
81	8.916141	2.837730	11.753871	2.902531
81.1	6.918531	4.835364	11.753895	2.799099
81.2	5.910745	5.843174	11.753919	2.683917
81.3	6.932306	4.821636	11.753942	2.569289
81.4	8.678846	3.075119	11.753965	2.468967
81.5	9.065688	2.688298	11.753986	2.393757
81.6	7.643950	4.110057	11.754007	2.349062
81.7	6.062762	5.691265	11.754027	2.334646
81.8	6.087194	5.666854	11.754047	2.344972
81.9	7.562980	4.191089	11.754069	2.369492
82	8.687294	3.066797	11.754091	2.394495
82.1	8.159503	3.594609	11.754113	2.407423
82.2	6.750677	5.003458	11.754135	2.402016
82.3	6.417793	5.336363	11.754156	2.381395
82.4	7.887308	3.866868	11.754177	2.357164
82.5	9.673633	2.080564	11.754197	2.344785
82.6	9.813138	1.941078	11.754216	2.357630
82.7	8.175848	3.578387	11.754234	2.402865
82.8	6.524065	5.230188	11.754253	2.480472
82.9	6.406815	5.347456	11.754272	2.584208
83	7.570727	4.183565	11.754292	2.702875
83.1	8.487533	3.266779	11.754313	2.821629
83.2	8.124958	3.629376	11.754334	2.924018
83.3	7.022488	4.731868	11.754355	2.995041
83.4	6.603872	5.150504	11.754376	3.024649
83.5	7.553886	4.200511	11.754397	3.010635
83.6	9.019556	2.734860	11.754416	2.959990
83.7	9.532531	2.221904	11.754435	2.888164
83.8	8.687762	3.066692	11.754453	2.816134
83.9	7.563141	4.191330	11.754471	2.765866
84	7.308590	4.445899	11.754489	2.755317
84.1	7.693016	4.061493	11.754508	2.794382
84.2	7.574664	4.179863	11.754528	2.882879
84.3	6.689645	5.064902	11.754547	3.010911
84.4	6.202252	5.552315	11.754567	3.161183
84.5	7.125160	4.629426	11.754587	3.312535
84.6	8.732457	3.022149	11.754606	3.444008
84.7	9.266319	2.488306	11.754626	3.538790
84.8	8.137416	3.617229	11.754645	3.587464
84.9	6.705459	5.049204	11.754663	3.589972
85	6.593396	5.161284	11.754680	3.555720
85.1	7.755072	3.999626	11.754698	3.501350
85.2	8.720439	3.034277	11.754716	3.446340
85.3	8.430589	3.324145	11.754734	3.407830
85.4	7.325482	4.429270	11.754753	3.396819
85.5	6.612637	5.142134	11.754772	3.417149
85.6	6.855539	4.899253	11.754792	3.466647
85.7	7.570378	4.184434	11.754812	3.538727
85.8	8.005478	3.749354	11.754832	3.623776
85.9	7.936169	3.818682	11.754851	3.710856
86	7.701596	4.053274	11.754870	3.790003
86.1	7.691111	4.063776	11.754887	3.854688
86.2	7.846234	3.908670	11.754905	3.903490
86.3	7.742929	4.011994	11.754922	3.940093
86.4	7.321591	4.433349	11.754940	3.971161
86.5	7.239557	4.515401	11.754958	4.002754
86.6	8.014009	3.740967	11.754977	4.037210
86.7	8.968027	2.786969	11.754996	4.072612
86.8	8.697311	3.057705	11.755016	4.105059
86.9	6.813787	4.941250	11.755037	4.131647
87	4.768838	6.986220	11.755058	4.151953
87.1	4.557114	7.197965	11.755079	4.167668
87.2	6.651767	5.103332	11.755099	4.181392
87.3	9.328139	2.426981	11.755120	4.195595
87.4	10.145205	1.609935	11.755139	4.212120
87.5	8.326773	3.428386	11.755159	4.232204
87.6	5.673814	6.081363	11.755177	4.256784
87.7	4.867726	6.887468	11.755194	4.286833
87.8	6.721100	5.034113	11.755212	4.323503
87.9	9.320361	2.434869	11.755231	4.367922
88	10.074541	1.680709	11.755249	4.420604
88.1	8.381741	3.373527	11.755268	4.480646
88.2	6.137162	5.618125	11.755287	4.545052
88.3	5.687307	6.067999	11.755305	4.608621
88.4	7.398796	4.356527	11.755324	4.664698
88.5	9.410820	2.344521	11.755341	4.706722
88.6	9.800768	1.954589	11.755357	4.730124
88.7	8.640220	3.115149	11.755369	4.733922
88.8	7.525340	4.230040	11.755380	4.721380
88.9	7.511022	4.244369	11.755391	4.699437
89	8.247161	3.508242	11.755403	4.677066
89.1	8.600844	3.154574	11.755418	4.663145
89.2	7.792408	3.963025	11.755433	4.664497
89.3	6.298927	5.456523	11.755450	4.684548
89.4	5.553170	6.202297	11.755467	4.722723
89.5	6.505707	5.249777	11.755485	4.774522
89.6	8.515481	3.240021	11.755502	4.832241
89.7	9.817470	1.938048	11.755519	4.886339
89.8	9.183920	2.571615	11.755534	4.927303
89.9	7.178264	4.577284	11.755548	4.947623
90	5.735485	6.020076	11.755561	4.943362
90.1	6.308343	5.447229	11.755572	4.914921
90.2	8.441315	3.314269	11.755584	4.866789
90.3	10.312266	1.443331	11.755597	4.806336
90.4	10.345222	1.410390	11.755612	4.741866
90.5	8.487510	3.268119	11.755629	4.680401
90.6	6.317449	5.438198	11.755647	4.625892
90.7	5.630539	6.125126	11.755665	4.578610
90.8	6.709984	5.045699	11.755683	4.536070
90.9	8.170118	3.585583	11.755701	4.494925
91	8.569875	3.185843	11.755718	4.452701
91.1	7.941283	3.814451	11.755734	4.408551
91.2	7.505372	4.250377	11.755749	4.362931
91.3	8.015985	3.739778	11.755762	4.316530
91.4	8.854591	2.901184	11.755776	4.269202
91.5	8.996088	2.759701	11.755789	4.219778
91.6	8.388455	3.367349	11.755804	4.167242
91.7	7.902755	3.853065	11.755820	4.112394
91.8	8.104308	3.651528	11.755836	4.058116
91.9	8.493735	3.262117	11.755853	4.007556
92	8.153031	3.602839	11.755869	3.962262
92.1	6.990604	4.765281	11.755885	3.922776
92.2	6.035463	5.720437	11.755900	3.891533
92.3	6.365295	5.390620	11.755915	3.874985
92.4	7.863392	3.892538	11.755930	3.881384
92.5	9.211397	2.544548	11.755945	3.913848
92.6	9.165091	2.590869	11.755960	3.963161
92.7	7.800484	3.955491	11.755975	4.006614
92.8	6.499711	5.256280	11.755991	4.015167
92.9	6.623307	5.132699	11.756006	3.965592
93	8.080228	3.675795	11.756023	3.851287
93.1	9.313627	2.442413	11.756040	3.685815
93.2	8.871366	2.884691	11.756058	3.498293
93.3	7.017249	4.738827	11.756076	3.324281
93.4	5.573210	6.182883	11.756093	3.196389
93.5	6.024821	5.731290	11.756111	3.137726
93.6	7.977883	3.778245	11.756128	3.158989
93.7	9.631675	2.124471	11.756146	3.257045
93.8	9.606984	2.149181	11.756165	3.413683
93.9	8.127954	3.628230	11.756184	3.596978
94	6.539009	5.217193	11.756202	3.767567
94.1	5.958077	5.798144	11.756221	3.888275
94.2	6.407683	5.348557	11.756240	3.933791
94.3	7.093472	4.662786	11.756258	3.897247
94.4	7.452768	4.303509	11.756277	3.791108
94.5	7.717444	4.038851	11.756295	3.642330
94.6	8.323201	3.433112	11.756313	3.484500
94.7	9.022468	2.733862	11.756330	3.349734
94.8	8.936939	2.819409	11.756348	3.262310
94.9	7.669581	4.086784	11.756366	3.235187
95	6.149983	5.606400	11.756383	3.269370
95.1	5.899697	5.856704	11.756401	3.355200
95.2	7.325077	4.431342	11.756419	3.474723
95.3	9.085851	2.670586	11.756437	3.604905
95.4	9.454104	2.302350	11.756454	3.721622
95.5	8.192856	3.563614	11.756470	3.803960
95.6	6.801512	4.954973	11.756485	3.838091
95.7	6.861778	4.894720	11.756498	3.819882
95.8	8.398449	3.358063	11.756512	3.755600
95.9	9.921686	1.834840	11.756526	3.660548
96	9.906929	1.849612	11.756541	3.555790
96.1	8.266189	3.490367	11.756556	3.463424
96.2	6.411791	5.344781	11.756572	3.401371
96.3	5.861021	5.895567	11.756589	3.379383
96.4	6.853722	4.902883	11.756606	3.397871
96.5	8.341906	3.414716	11.756622	3.449608
96.6	9.097003	2.659635	11.756639	3.522536
96.7	8.662872	3.093783	11.756654	3.602112
96.8	7.539260	4.217409	11.756670	3.673083
96.9	6.793960	4.962725	11.756685	3.721427
97	7.188773	4.567927	11.756700	3.736875
97.1	8.330049	3.426668	11.756717	3.715624
97.2	9.066041	2.690693	11.756734	3.662146
97.3	8.786077	2.970674	11.756752	3.588730
97.4	7.893862	3.862908	11.756770	3.511982
97.5	7.102582	4.654206	11.756788	3.447214
97.6	6.736918	5.019888	11.756806	3.403492
97.7	6.797690	4.959133	11.756824	3.382334
97.8	7.281939	4.474902	11.756841	3.380448
97.9	8.102032	3.654826	11.756858	3.393571
98	8.736951	3.019924	11.756875	3.418060
98.1	8.396160	3.360734	11.756894	3.449625
98.2	6.975557	4.781357	11.756913	3.481513
98.3	5.553378	6.203556	11.756934	3.504888
98.4	5.434601	6.322353	11.756954	3.512044
98.5	6.900744	4.856230	11.756974	3.500137
98.6	8.939298	2.817697	11.756994	3.472465
98.7	9.863887	1.893127	11.757014	3.436420
98.8	8.679008	3.078027	11.757035	3.399932
98.9	6.381416	5.375638	11.757055	3.369016
99	5.253274	6.503800	11.757075	3.347772
99.1	6.426813	5.330282	11.757095	3.339883
99.2	8.645309	3.111807	11.757116	3.349293
99.3	9.655985	2.101153	11.757137	3.378636
99.4	8.548331	3.208829	11.757159	3.426492
99.5	6.546009	5.211172	11.757181	3.486224
99.6	5.560235	6.196966	11.757201	3.547886
99.7	6.275645	5.481576	11.757221	3.602041
99.8	7.791653	3.965588	11.757241	3.643072
99.9	8.757949	2.999310	11.757259	3.670480
100	8.601504	3.155773	11.757277	3.688076
100.1	7.813016	3.944278	11.757294	3.702017
100.2	7.240972	4.516339	11.757310	3.719029
100.3	7.266674	4.490652	11.757326	3.745552
100.4	7.597667	4.159674	11.757342	3.787261
100.5	7.668209	4.089148	11.757358	3.848017
100.6	7.327771	4.429603	11.757374	3.928457
100.7	7.106378	4.651012	11.757390	4.025502
100.8	7.615570	4.141834	11.757405	4.133376
100.9	8.761024	2.996395	11.757419	4.245422
101	9.736033	2.021399	11.757432	4.355556
101.1	9.831364	1.926079	11.757443	4.458756
101.2	9.149151	2.608301	11.757452	4.550837
101.3	8.454879	3.302582	11.757461	4.628076
101.4	8.379290	3.378179	11.757469	4.687145
101.5	8.843116	2.914361	11.757477	4.725436
101.6	9.275704	2.481783	11.757487	4.741657
101.7	9.264492	2.493007	11.757498	4.736505
101.8	8.858305	2.899205	11.757510	4.713212
101.9	8.342577	3.414945	11.757522	4.677757
102	7.946898	3.810637	11.757535	4.638561
102.1	7.837726	3.919821	11.757547	4.605629
102.2	8.192765	3.564793	11.757558	4.589134
102.3	9.030818	2.726752	11.757570	4.597571
102.4	9.970371	1.787210	11.757580	4.635707
102.5	10.354647	1.402943	11.757591	4.702814
102.6	9.777363	1.980237	11.757600	4.791870
102.7	8.548626	3.208983	11.757609	4.890226
102.8	7.589570	4.168048	11.757618	4.981709
102.9	7.710817	4.046809	11.757626	5.049767
103	8.844346	2.913291	11.757636	5.081253
103.1	9.991731	1.765917	11.757648	5.070227
103.2	10.063162	1.694499	11.757661	5.020611
103.3	8.871333	2.886342	11.757675	4.946276
103.4	7.349557	4.408132	11.757689	4.868020
103.5	6.743293	5.014411	11.757704	4.808446
103.6	7.463021	4.294698	11.757719	4.786570
103.7	8.707803	3.049932	11.757735	4.813716
103.8	9.280991	2.476760	11.757752	4.891425
103.9	8.780841	2.976927	11.757768	5.011436
104	7.916159	3.841624	11.757783	5.157580
104.1	7.630587	4.127211	11.757798	5.309303
104.2	8.077732	3.680080	11.757811	5.446147
104.3	8.643119	3.114705	11.757825	5.552146
104.4	8.833515	2.924322	11.757837	5.619067
104.5	8.745928	3.011922	11.757850	5.647850
104.6	8.572495	3.185369	11.757864	5.648076
104.7	8.153558	3.604321	11.757879	5.635617
104.8	7.429888	4.328007	11.757896	5.628902
104.9	6.923985	4.833928	11.757913	5.644579
105	7.263309	4.494622	11.757931	5.693769
105.1	8.351996	3.405952	11.757948	5.779912
105.2	9.354730	2.403235	11.757964	5.898694
105.3	9.512489	2.245490	11.757979	6.039893
105.4	8.796216	2.961776	11.757991	6.190505
105.5	7.833298	3.924705	11.758003	6.338120
105.6	7.421143	4.336870	11.758014	6.473665
105.7	7.986569	3.771457	11.758026	6.593003
105.8	9.156218	2.601821	11.758039	6.697250
105.9	9.832971	1.925084	11.758054	6.791664
106	9.139708	2.618364	11.758071	6.883367
106.1	7.540604	4.217485	11.758089	6.978762
106.2	6.537754	5.220352	11.758106	7.081552
106.3	6.997269	4.760853	11.758122	7.191788
106.4	8.256432	3.501706	11.758138	7.305999
106.5	9.108493	2.649660	11.758153	7.418503
106.6	9.211657	2.546508	11.758165	7.523898
106.7	9.141011	2.617166	11.758177	7.619908
106.8	9.303034	2.455154	11.758188	7.708758
106.9	9.299056	2.459144	11.758200	7.795827
107	8.536114	3.222099	11.758213	7.886679
107.1	7.269468	4.488760	11.758228	7.984751
107.2	6.588899	5.169345	11.758243	8.090883
107.3	7.181927	4.576331	11.758259	8.204363
107.4	8.430146	3.328127	11.758273	8.324363
107.5	9.085450	2.672838	11.758287	8.450733
107.6	8.769716	2.988584	11.758300	8.583872
107.7	8.395463	3.362848	11.758311	8.724062
107.8	8.895067	2.863254	11.758321	8.870761
107.9	9.888117	1.870215	11.758332	9.022183
108	10.033611	1.724733	11.758344	9.175296
108.1	8.680158	3.078199	11.758357	9.326250
108.2	6.848818	4.909553	11.758371	9.471072
108.3	6.322000	5.436384	11.758384	9.606437
108.4	7.775926	3.982470	11.758397	9.730381
108.5	9.988320	1.770090	11.758410	9.842800
108.6	11.034096	0.724326	11.758422	9.945415
108.7	10.205088	1.553347	11.758435	10.040975
108.8	8.589434	3.169012	11.758446	10.132019
108.9	7.810825	3.947633	11.758458	10.220071
109	8.389376	3.369094	11.758470	10.305735
109.1	9.373813	2.384670	11.758482	10.389227
109.2	9.474509	2.283987	11.758496	10.470533
109.3	8.442964	3.315546	11.758509	10.549063
109.4	7.249824	4.508699	11.758523	10.623333
109.5	6.971721	4.786815	11.758536	10.691163
109.6	7.721094	4.037456	11.758550	10.750342
109.7	8.742029	3.016534	11.758563	10.799345
109.8	9.336084	2.422491	11.758576	10.837764
109.9	9.448728	2.309860	11.758588	10.866245
110	9.393877	2.364722	11.758599	10.885929
110.1	9.319439	2.439171	11.758611	10.897653
110.2	9.158074	2.600547	11.758621	10.901334
110.3	8.939731	2.818900	11.758631	10.895922
110.4	8.804635	2.954007	11.758641	10.879991
110.5	8.726534	3.032118	11.758652	10.852723
110.6	8.557681	3.200984	11.758665	10.814909
110.7	8.361767	3.396911	11.758678	10.769538
110.8	8.413892	3.344799	11.758691	10.721640
110.9	8.771711	2.986993	11.758704	10.677258
111	9.062904	2.695814	11.758718	10.641809
111.1	8.880021	2.878711	11.758732	10.618442
111.2	8.300420	3.458325	11.758746	10.606961
111.3	7.859099	3.899660	11.758759	10.603585
111.4	7.999644	3.759128	11.758772	10.601529
111.5	8.592568	3.166216	11.758784	10.592407
111.6	9.013126	2.745671	11.758797	10.568122
111.7	8.836169	2.922641	11.758810	10.522539
111.8	8.453124	3.305700	11.758824	10.452455
111.9	8.625122	3.133715	11.758837	10.358000
112	9.395054	2.363796	11.758851	10.242752
112.1	9.954515	1.804349	11.758864	10.113554
112.2	9.671031	2.087847	11.758878	9.979673
112.3	8.803869	2.955022	11.758890	9.851178
112.4	8.129908	3.628994	11.758902	9.736862
112.5	8.192199	3.566714	11.758913	9.642383
112.6	8.936706	2.822219	11.758925	9.569241
112.7	9.742543	2.016393	11.758937	9.514844
112.8	9.883104	1.875845	11.758949	9.473458
112.9	9.239383	2.519579	11.758962	9.437517
113	8.442782	3.316193	11.758975	9.399010
113.1	8.234563	3.524423	11.758986	9.350936
113.2	8.782885	2.976112	11.758997	9.288684
113.3	9.620942	2.138066	11.759008	9.210964
113.4	10.156689	1.602328	11.759018	9.120070
113.5	10.172496	1.586531	11.759027	9.021445
113.6	9.847976	1.911060	11.759036	8.922547
113.7	9.458606	2.300439	11.759045	8.830998
113.8	9.180915	2.578139	11.759054	8.752420
113.9	9.032081	2.726983	11.759064	8.688794
114	8.871869	2.887206	11.759075	8.638077
114.1	8.618604	3.140483	11.759087	8.595028
114.2	8.454778	3.304322	11.759100	8.552672
114.3	8.646458	3.112655	11.759113	8.503926
114.4	9.144409	2.614716	11.759126	8.443134
114.5	9.496759	2.262379	11.759138	8.367253
114.6	9.317863	2.441287	11.759149	8.276430
114.7	8.827494	2.931666	11.759160	8.174023
114.8	8.702550	3.056619	11.759169	8.066317
114.9	9.255020	2.504158	11.759178	7.962037
115	9.945145	1.814043	11.759188	7.871288
115.1	9.978382	1.780818	11.759199	7.803485
115.2	9.260070	2.499142	11.759212	7.764441
115.3	8.520787	3.238438	11.759224	7.753376
115.4	8.518716	3.240521	11.759237	7.761139
115.5	9.196919	2.562330	11.759249	7.771008
115.6	9.686173	2.073088	11.759261	7.762372
115.7	9.277320	2.481953	11.759273	7.716042
115.8	8.335014	3.424270	11.759284	7.619269
115.9	7.953249	3.806045	11.759294	7.468940
116	8.685899	3.073406	11.759305	7.272232
116.1	9.902887	1.856429	11.759316	7.044798
116.2	10.474928	1.284399	11.759327	6.807080
116.3	9.944531	1.814806	11.759338	6.579609
116.4	8.942907	2.816440	11.759348	6.378373
116.5	8.478757	3.280600	11.759357	6.211453
116.6	8.898567	2.860799	11.759366	6.078111
116.7	9.634211	2.125164	11.759375	5.970761
116.8	9.968847	1.790537	11.759384	5.878512
116.9	9.840251	1.919142	11.759393	5.790193
117	9.680736	2.078666	11.759402	5.695958
117.1	9.669832	2.089580	11.759412	5.588024
117.2	9.504347	2.255076	11.759423	5.461290
117.3	8.900566	2.858868	11.759434	5.314044
117.4	8.156621	3.602824	11.759445	5.148454
117.5	8.003507	3.755949	11.759456	4.970388
117.6	8.742036	3.017430	11.759466	4.788176
117.7	9.724813	2.034663	11.759476	4.610391
117.8	9.978603	1.780884	11.759487	4.443385
117.9	9.290323	2.469175	11.759498	4.290021
118	8.464427	3.295082	11.759508	4.150682
118.1	8.443609	3.315910	11.759519	4.025845
118.2	9.265483	2.494047	11.759529	3.917875
118.3	10.006213	1.753327	11.759541	3.830478
118.4	9.814992	1.944560	11.759552	3.766657
118.5	8.916469	2.843093	11.759562	3.727130
118.6	8.407817	3.351756	11.759573	3.710244
118.7	9.009471	2.750112	11.759584	3.713017
118.8	10.181661	1.577934	11.759594	3.732359
118.9	10.646591	1.113014	11.759605	3.765958
119	9.756187	2.003430	11.759617	3.812852
119.1	8.209041	3.550587	11.759628	3.873718
119.2	7.361019	4.398621	11.759640	3.950534
119.3	7.875686	3.883966	11.759652	4.045235
119.4	9.106991	2.652672	11.759664	4.157687
119.5	9.846472	1.913204	11.759675	4.284227
119.6	9.603836	2.155851	11.759686	4.417880
119.7	8.994522	2.765174	11.759696	4.550240
119.8	8.923333	2.836372	11.759705	4.674090
119.9	9.619439	2.140275	11.759714	4.785685
120	10.452635	1.307088	11.759723	4.885920
120.1	10.517788	1.241945	11.759733	4.979908
120.2	9.499408	2.260335	11.759743	5.075089
120.3	8.102902	3.656851	11.759753	5.178807
120.4	7.509579	4.250185	11.759763	5.296531
120.5	8.265287	3.494487	11.759774	5.431141
120.6	9.743581	2.016204	11.759786	5.582885
120.7	10.718734	1.041063	11.759797	5.749585
120.8	10.447057	1.312751	11.759807	5.927039
120.9	9.252538	2.507279	11.759817	6.109608
121	8.146676	3.613149	11.759825	6.290796
121.1	7.926173	3.833661	11.759834	6.463557
121.2	8.574492	3.185352	11.759843	6.620371
121.3	9.389504	2.370349	11.759853	6.753617
121.4	9.656406	2.103458	11.759864	6.856878
121.5	9.276082	2.483793	11.759876	6.927090
121.6	8.762829	2.997058	11.759887	6.966593
121.7	8.611832	3.148068	11.759899	6.983812
121.8	8.775693	2.984219	11.759912	6.991777
121.9	8.912045	2.847879	11.759924	7.004652
122	8.958876	2.801060	11.759936	7.033479
122.1	9.138493	2.621454	11.759948	7.082996
122.2	9.444786	2.315173	11.759959	7.150961
122.3	9.448806	2.311165	11.759971	7.229798
122.4	8.779695	2.980288	11.759984	7.309261
122.5	7.712310	4.047687	11.759997	7.379206
122.6	7.106669	4.653341	11.760010	7.432191
122.7	7.633196	4.126827	11.760024	7.465379
122.8	9.005485	2.754553	11.760037	7.480890
122.9	10.065295	1.694756	11.760051	7.484225
123	9.813326	1.946740	11.760065	7.481355
123.1	8.459124	3.300954	11.760079	7.475922
123.2	7.344852	4.415239	11.760091	7.468031
123.3	7.619891	4.140212	11.760103	7.455324
123.4	9.013303	2.746812	11.760115	7.435625
123.5	10.161599	1.598528	11.760127	7.409317
123.6	10.083507	1.676632	11.760140	7.379891
123.7	9.054821	2.705332	11.760152	7.352754
123.8	8.105777	3.654387	11.760165	7.333464
123.9	7.953934	3.806244	11.760177	7.326358
124	8.507714	3.252476	11.760190	7.333761
124.1	9.209023	2.551179	11.760202	7.355514
124.2	9.613094	2.147121	11.760214	7.388715
124.3	9.600039	2.160187	11.760226	7.427927
124.4	9.221057	2.539182	11.760239	7.466116
124.5	8.574449	3.185803	11.760252	7.496295
124.6	7.933939	3.826327	11.760266	7.513352
124.7	7.795293	3.964987	11.760279	7.515328
124.8	8.475062	3.285231	11.760292	7.503603
124.9	9.632034	2.128271	11.760305	7.482065
125	10.375444	1.384874	11.760318	7.455841
125.1	10.006782	1.753548	11.760330	7.430157
125.2	8.733385	3.026956	11.760341	7.409626
125.3	7.620827	4.139525	11.760352	7.397899
125.4	7.657152	4.103210	11.760362	7.397387
125.5	8.697509	3.062865	11.760374	7.408811
125.6	9.548589	2.211797	11.760387	7.430614
125.7	9.292685	2.467715	11.760401	7.458652
125.8	8.259038	3.501377	11.760415	7.486596
125.9	7.594365	4.166065	11.760430	7.507276
126	8.044925	3.715519	11.760444	7.514630
126.1	9.223474	2.536984	11.760458	7.505580
126.2	10.024143	1.736328	11.760471	7.481129
126.3	9.737201	2.023282	11.760483	7.446203
126.4	8.749266	3.011228	11.760494	7.408219
126.5	8.134873	3.625632	11.760505	7.374891
126.6	8.586284	3.174232	11.760516	7.352226
126.7	9.675023	2.085505	11.760528	7.343464
126.8	10.146236	1.614305	11.760541	7.349150
126.9	9.216725	2.543830	11.760555	7.367857
127	7.560538	4.200033	11.760571	7.396936
127.1	6.674276	5.086311	11.760587	7.432878
127.2	7.258637	4.501966	11.760603	7.471439
127.3	8.503050	3.257569	11.760619	7.507924
127.4	9.029341	2.731293	11.760634	7.538059
127.5	8.289859	3.470790	11.760649	7.559376
127.6	6.917454	4.843209	11.760663	7.572353
127.7	5.966608	5.794069	11.760677	7.580289
127.8	6.024996	5.735695	11.760691	7.587614
127.9	6.832150	4.928554	11.760705	7.597463
128	7.572109	4.188610	11.760719	7.609835
128.1	7.635951	4.124784	11.760734	7.621435
128.2	7.199525	4.561225	11.760750	7.627436
128.3	7.066404	4.694361	11.760765	7.624389
128.4	7.840341	3.920439	11.760780	7.612893
128.5	9.179094	2.581700	11.760795	7.598801
128.6	10.006389	1.754420	11.760809	7.592467
128.7	9.623966	2.136856	11.760823	7.606403
128.8	8.534134	3.226701	11.760835	7.652253
128.9	8.008356	3.752490	11.760847	7.737860
129	8.814830	2.946029	11.760858	7.864528
129.1	10.325763	1.435107	11.760870	8.024795
129.2	10.972462	0.788421	11.760883	8.202136
129.3	9.859133	1.901765	11.760897	8.373791
129.4	7.830308	3.930603	11.760911	8.516127
129.5	6.661581	5.099344	11.760925	8.610683
129.6	7.267619	4.493320	11.760939	8.648973
129.7	8.904014	2.856939	11.760953	8.634691
129.8	10.068754	1.692213	11.760967	8.582838
129.9	9.982112	1.778868	11.760980	8.516249
130	9.115132	2.645861	11.760993	8.460646
130.1	8.408402	3.352604	11.761006	8.439322
130.2	8.242208	3.518811	11.761020	8.468344
130.3	8.302371	3.458662	11.761033	8.553213
130.4	8.275517	3.485531	11.761047	8.688051
130.5	8.318816	3.442246	11.761062	8.857402
130.6	8.655981	3.105096	11.761077	9.039768
130.7	8.994895	2.766198	11.761092	9.211995
130.8	8.766203	2.994905	11.761108	9.353757
130.9	7.965194	3.795930	11.761124	9.451294
131	7.405960	4.355180	11.761140	9.499662
131.1	7.890051	3.871105	11.761156	9.503147
131.2	9.161585	2.599586	11.761171	9.474045
131.3	9.850042	1.911145	11.761187	9.430290
131.4	8.828236	2.932968	11.761204	9.392194
131.5	6.747008	5.014214	11.761222	9.378417
131.6	5.645293	6.115947	11.761239	9.401836
131.7	6.741218	5.020039	11.761257	9.466545
131.8	8.943504	2.817771	11.761275	9.566931
131.9	9.958048	1.803245	11.761293	9.689081
132	8.869666	2.891645	11.761311	9.814252
132.1	7.179387	4.581942	11.761329	9.923695
132.2	6.986393	4.774953	11.761347	10.003484
132.3	8.519390	3.241975	11.761364	10.047880
132.4	9.930550	1.830832	11.761382	10.060356
132.5	9.454125	2.307274	11.761399	10.052132
132.6	7.413597	4.347818	11.761415	10.038523
132.7	5.865066	5.896365	11.761431	10.034015
132.8	6.351903	5.409543	11.761446	10.047507
132.9	8.278404	3.483058	11.761462	10.079390
133	9.648334	2.113145	11.761479	10.121563
133.1	9.271899	2.489597	11.761496	10.160287
133.2	7.904222	3.857291	11.761513	10.180667
133.3	7.131918	4.629613	11.761531	10.171213
133.4	7.519745	4.241805	11.761549	10.127165
133.5	8.216204	3.545364	11.761567	10.051668
133.6	8.251916	3.509669	11.761585	9.954537
133.7	7.793316	3.968287	11.761602	9.849028
133.8	7.841732	3.919888	11.761619	9.747712
133.9	8.819313	2.942323	11.761636	9.658789
134	9.862748	1.898903	11.761651	9.583882
134.1	9.759247	2.002418	11.761666	9.517650
134.2	8.370234	3.391445	11.761679	9.448998
134.3	6.846594	4.915099	11.761693	9.363552
134.4	6.505618	5.256089	11.761707	9.246917
134.5	7.658947	4.102774	11.761721	9.088025
134.6	9.377607	2.384128	11.761735	8.881879
134.7	10.249376	1.512374	11.761750	8.631049
134.8	9.571939	2.189826	11.761765	8.345444
134.9	7.984425	3.777354	11.761779	8.040169
135	6.910964	4.850829	11.761792	7.731757
135.1	7.275824	4.485981	11.761805	7.433779
135.2	8.657611	3.104207	11.761818	7.153522
135.3	9.738052	2.023779	11.761831	6.891180
135.4	9.634742	2.127103	11.761845	6.641466
135.5	8.672701	3.089157	11.761858	6.396037
135.6	7.848923	3.912949	11.761872	6.145543
135.7	7.807197	3.954688	11.761885	5.881381
135.8	8.381466	3.380433	11.761899	5.597522
135.9	8.894447	2.867465	11.761912	5.292189
136	8.866661	2.895264	11.761925	4.968733
136.1	8.514170	3.247767	11.761937	4.634999
136.2	8.491098	3.270849	11.761948	4.300866
136.3	9.095271	2.666687	11.761958	3.974459
136.4	9.835893	1.926076	11.761969	3.658680
136.5	9.935485	1.826495	11.761979	3.350450
136.6	9.209353	2.552638	11.761991	3.043709
136.7	8.286726	3.475276	11.762002	2.734406
136.8	7.925993	3.836021	11.762015	2.424384
136.9	8.208430	3.553598	11.762028	2.122320
137	8.515557	3.246484	11.762041	1.841421
137.1	8.289757	3.472297	11.762055	1.594523
137.2	7.686713	4.075355	11.762068	1.389022
137.3	7.399406	4.362675	11.762081	1.225746
137.4	7.886381	3.875712	11.762093	1.103894
137.5	8.837535	2.924570	11.762105	1.027754
137.6	9.455098	2.307018	11.762116	1.006554
137.7	9.304942	2.457184	11.762126	1.044584
137.8	8.810873	2.951263	11.762136	1.132920
137.9	8.773626	2.988521	11.762147	1.253823
138	9.417476	2.344682	11.762158	1.390858
138.1	10.040362	1.721808	11.762169	1.534306
138.2	9.724827	2.037355	11.762182	1.680607
138.3	8.398439	3.363756	11.762195	1.829003
138.4	7.044372	4.717836	11.762208	1.978700
138.5	6.790772	4.971450	11.762222	2.127999
138.6	7.842373	3.919862	11.762235	2.274696
138.7	9.310842	2.451406	11.762248	2.416479
138.8	10.062757	1.699503	11.762260	2.550961
138.9	9.728430	2.033842	11.762272	2.675783
139	8.891490	2.870794	11.762284	2.789241
139.1	8.354582	3.407715	11.762297	2.891138
139.2	8.352156	3.410154	11.762310	2.982981
139.3	8.528005	3.234318	11.762323	3.066933
139.4	8.509496	3.252841	11.762337	3.144030
139.5	8.292339	3.470012	11.762351	3.212964
139.6	8.104894	3.657470	11.762364	3.270610
139.7	8.104229	3.658149	11.762378	3.314234
139.8	8.195466	3.566925	11.762391	3.344108
139.9	8.101667	3.660737	11.762404	3.365058
140	7.726516	4.035901	11.762417	3.386235
140.1	7.426948	4.335482	11.762430	3.419504
140.2	7.710325	4.052118	11.762442	3.477204
140.3	8.621012	3.141442	11.762454	3.569650
140.4	9.582541	2.179925	11.762466	3.702608
140.5	9.878333	1.884145	11.762477	3.875351
140.6	9.246375	2.516113	11.762488	4.080202
140.7	8.079925	3.682575	11.762500	4.304141
140.8	7.122208	4.640303	11.762511	4.532164
140.9	6.895493	4.867030	11.762523	4.751245
141	7.383634	4.378903	11.762536	4.953508
141.1	8.227477	3.535072	11.762549	5.137671
141.2	9.047488	2.715075	11.762562	5.308611
141.3	9.536376	2.226199	11.762575	5.475492
141.4	9.497078	2.265509	11.762587	5.649100
141.5	9.019476	2.743123	11.762599	5.838949
141.6	8.500787	3.261822	11.762610	6.050674
141.7	8.293343	3.469276	11.762620	6.284345
141.8	8.371651	3.390978	11.762629	6.534335
141.9	8.436989	3.325650	11.762638	6.790818
142	8.298055	3.464592	11.762647	7.042278
142.1	8.057200	3.705457	11.762657	7.278244
142.2	7.922629	3.840038	11.762667	7.491626
142.3	7.963433	3.799246	11.762679	7.680083
142.4	8.114714	3.647978	11.762692	7.846078
142.5	8.281873	3.480831	11.762705	7.995673
142.6	8.356153	3.406565	11.762718	8.136576
142.7	8.274103	3.488628	11.762731	8.276188
142.8	8.196189	3.566554	11.762743	8.420330
142.9	8.513853	3.248901	11.762753	8.572769
143	9.426037	2.336725	11.762762	8.735171
143.1	10.490152	1.272618	11.762770	8.907031
143.2	10.957610	0.805167	11.762778	9.085656
143.3	10.632444	1.130340	11.762785	9.266596
143.4	9.967027	1.795766	11.762793	9.444594
143.5	9.322312	2.440491	11.762803	9.614690
143.6	8.580362	3.182453	11.762815	9.773121
143.7	7.535732	4.227095	11.762827	9.917943
143.8	6.410275	5.352566	11.762840	10.049397
143.9	5.848430	5.914424	11.762854	10.169993
144	6.370848	5.392019	11.762867	10.284219
144.1	7.830182	3.932698	11.762880	10.397749
144.2	9.416654	2.346239	11.762893	10.516081
144.3	10.177340	1.585565	11.762905	10.642828
144.4	9.622901	2.140016	11.762917	10.778470
144.5	8.143341	3.619589	11.762930	10.920481
144.6	6.929273	4.833669	11.762942	11.064929
144.7	7.086948	4.676006	11.762955	11.208579
144.8	8.552164	3.210804	11.762967	11.350332
144.9	10.079173	1.683807	11.762980	11.491300
145	10.439454	1.323540	11.762994	11.633503
145.1	9.490989	2.272017	11.763007	11.777818
145.2	8.107669	3.655351	11.763019	11.922188
145.3	7.319855	4.443177	11.763031	12.060928
145.4	7.589079	4.173964	11.763043	12.185243
145.5	8.648178	3.114875	11.763054	12.284628
145.6	9.781747	1.981317	11.763064	12.348836
145.7	10.316953	1.446121	11.763074	12.370387
145.8	10.061299	1.701785	11.763084	12.347292
145.9	9.397846	2.365249	11.763094	12.285136
146	8.900490	2.862614	11.763104	12.197563
146.1	8.766576	2.996539	11.763115	12.104583
146.2	8.709007	3.054121	11.763128	12.028786
146.3	8.454450	3.308690	11.763140	11.990232
146.4	8.182575	3.580578	11.763153	12.001347
146.5	8.291941	3.471225	11.763166	12.063431
146.6	8.752246	3.010934	11.763179	12.166089
146.7	8.944204	2.818989	11.763193	12.289726
146.8	8.353751	3.409455	11.763206	12.409995
146.9	7.309048	4.454172	11.763219	12.502806
147	6.744881	5.018351	11.763232	12.548888
147.1	7.181173	4.582073	11.763246	12.537065
147.2	8.164045	3.599215	11.763260	12.465576
147.3	8.762488	3.000786	11.763274	12.341186
147.4	8.463607	3.299679	11.763287	12.176429
147.5	7.628085	4.135214	11.763299	11.985877
147.6	7.174030	4.589281	11.763311	11.782676
147.7	7.753191	4.010130	11.763321	11.576521
147.8	9.112657	2.650675	11.763332	11.373626
147.9	10.241925	1.521417	11.763342	11.178122
148	10.234408	1.528945	11.763353	10.993431
148.1	9.078486	2.684877	11.763364	10.822681
148.2	7.646725	4.116649	11.763374	10.668227
148.3	6.971673	4.791712	11.763385	10.530853
148.4	7.484308	4.279089	11.763397	10.409233
148.5	8.742263	3.021146	11.763409	10.300120
148.6	9.762531	2.000891	11.763421	10.199060
148.7	9.718438	2.044998	11.763435	10.100622
148.8	8.543878	3.219572	11.763450	9.997764
148.9	7.045227	4.718238	11.763465	9.881455
149	6.383665	5.379816	11.763481	9.741967
149.1	7.197675	4.565820	11.763495	9.571873
149.2	8.998069	2.765441	11.763510	9.369472
149.3	10.428944	1.334579	11.763523	9.140841
149.4	10.368825	1.394712	11.763537	8.899289
149.5	8.905836	2.857714	11.763550	8.662413
149.6	7.157491	4.606072	11.763563	8.448093
149.7	6.216758	5.546818	11.763576	8.270927
149.8	6.377496	5.386095	11.763591	8.139883
149.9	7.150686	4.612921	11.763607	8.057209
150	7.837115	3.926510	11.763624	8.018063
150.1	8.135362	3.628280	11.763642	8.010262
150.2	8.210629	3.553030	11.763659	8.014430
150.3	8.239523	3.524153	11.763676	8.005873
150.4	8.119522	3.644169	11.763692	7.958996
150.5	7.761611	4.002095	11.763706	7.853530
150.6	7.506367	4.257353	11.763719	7.680615
150.7	7.944722	3.819009	11.763731	7.446457
150.8	9.157864	2.605878	11.763742	7.171967
150.9	10.280007	1.483748	11.763755	6.888565
151	10.147480	1.616288	11.763769	6.631726
151.1	8.518236	3.245547	11.763783	6.433807
151.2	6.559670	5.204128	11.763799	6.317203
151.3	5.952422	5.811392	11.763814	6.288938
151.4	7.315685	4.448145	11.763830	6.338311
151.5	9.460948	2.302898	11.763846	6.438603
151.6	10.384722	1.379140	11.763862	6.552419
151.7	9.235692	2.528186	11.763878	6.639246
151.8	7.269632	4.494261	11.763893	6.663743
151.9	6.582208	5.181698	11.763906	6.603401
152	7.807143	3.956777	11.763920	6.453787
152.1	9.448635	2.315299	11.763934	6.229228
152.2	9.681447	2.082503	11.763950	5.958349
152.3	8.372226	3.391741	11.763968	5.676470
152.4	7.036890	4.727095	11.763985	5.417468
152.5	7.028889	4.735114	11.764003	5.207176
152.6	8.112829	3.651193	11.764021	5.059561
152.7	8.921788	2.842251	11.764039	4.975762
152.8	8.605812	3.158244	11.764056	4.945363
152.9	7.725481	4.038591	11.764072	4.949528
153	7.466885	4.297203	11.764088	4.965801
153.1	8.201816	3.562288	11.764104	4.973473
153.2	9.007988	2.756131	11.764120	4.957378
153.3	8.685413	3.078723	11.764136	4.908842
153.4	7.220202	4.543950	11.764152	4.824810
153.5	6.030187	5.733982	11.764169	4.706909
153.6	6.557765	5.206422	11.764186	4.561103
153.7	8.636651	3.127552	11.764204	4.397538
153.8	10.475733	1.288487	11.764220	4.229865
153.9	10.426673	1.337563	11.764236	4.073731
154	8.666770	3.097480	11.764250	3.944828
154.1	6.951196	4.813065	11.764262	3.856698
154.2	6.758615	5.005658	11.764274	3.817334
154.3	7.942630	3.821656	11.764286	3.824221
154.4	9.165962	2.598338	11.764300	3.860982
154.5	9.304577	2.459736	11.764314	3.899158
154.6	8.394724	3.369604	11.764328	3.904999
154.7	7.419392	4.344950	11.764343	3.848516
154.8	7.282783	4.481574	11.764357	3.711695
154.9	8.005285	3.759086	11.764371	3.493472
155	8.876847	2.887536	11.764383	3.210236
155.1	9.267862	2.496533	11.764395	2.891780
155.2	9.153242	2.611164	11.764406	2.573665
155.3	8.890911	2.873505	11.764416	2.288049
155.4	8.739025	3.025401	11.764426	2.056204
155.5	8.711694	3.052744	11.764437	1.885799
155.6	8.710822	3.053627	11.764450	1.772643
155.7	8.651691	3.112772	11.764463	1.703156
155.8	8.502143	3.262335	11.764478	1.655742
155.9	8.278733	3.485760	11.764493	1.603435
156	8.087784	3.676724	11.764508	1.519782
156.1	8.145631	3.618890	11.764521	1.386040
156.2	8.581264	3.183270	11.764534	1.196409
156.3	9.116956	2.647588	11.764544	0.959661
156.4	9.174999	2.589556	11.764555	0.697764
156.5	8.559365	3.205201	11.764565	0.445832
156.6	7.867105	3.897472	11.764576	0.272788
156.7	7.936614	3.827974	11.764588	0.296152
156.8	8.863440	2.901161	11.764600	0.445963
156.9	9.723514	2.041099	11.764614	0.619450
157	9.458928	2.305699	11.764627	0.801375
157.1	8.036977	3.727664	11.764641	0.994678
157.2	6.581385	5.183270	11.764655	1.204005
157.3	6.343445	5.421223	11.764668	1.437912
157.4	7.584306	4.180375	11.764681	1.709923
157.5	9.358879	2.405815	11.764694	2.030797
157.6	10.329196	1.435512	11.764708	2.396349
157.7	9.867203	1.897520	11.764724	2.782877
157.8	8.415567	3.349172	11.764739	3.154993
157.9	6.929355	4.835400	11.764755	3.479157
158	6.194679	5.570092	11.764771	3.734830
158.1	6.557109	5.207678	11.764787	3.919549
158.2	7.812456	3.952347	11.764803	4.047662
158.3	9.123717	2.641103	11.764820	4.144166
158.4	9.408097	2.356740	11.764837	4.236237
158.5	8.326878	3.437977	11.764856	4.346174
158.6	6.908593	4.856281	11.764874	4.488465
158.7	6.678770	5.086122	11.764893	4.669214
158.8	7.904607	3.860305	11.764912	4.884085
158.9	9.195854	2.569078	11.764932	5.116775
159	9.142633	2.622318	11.764951	5.342819
159.1	7.914832	3.850139	11.764971	5.537440
159.2	6.913140	4.851850	11.764990	5.683198
159.3	7.114343	4.650666	11.765009	5.774876
159.4	8.152011	3.613016	11.765027	5.820595
159.5	8.905329	2.859716	11.765045	5.838608
159.6	8.672994	3.092068	11.765062	5.850251
159.7	7.720033	4.045044	11.765077	5.872000
159.8	6.928563	4.836529	11.765092	5.910735
159.9	7.061302	4.703805	11.765107	5.964197
160	8.151320	3.613802	11.765123	6.025041
160.1	9.398950	2.366187	11.765137	6.085270
160.2	9.800283	1.964869	11.765151	6.138938
160.3	9.069835	2.695329	11.765164	6.182884
160.4	7.897887	3.867289	11.765175	6.216243
160.5	7.257418	4.507769	11.765187	6.239618
160.6	7.590542	4.174656	11.765199	6.254457
160.7	8.606038	3.159173	11.765211	6.262414
160.8	9.617575	2.147648	11.765223	6.264505
160.9	10.032169	1.733065	11.765235	6.260786
161	9.696348	2.068897	11.765246	6.250999
161.1	8.958566	2.806690	11.765256	6.235319
161.2	8.412519	3.352747	11.765266	6.214267
161.3	8.470037	3.295239	11.765276	6.188097
161.4	9.070500	2.694786	11.765285	6.157199
161.5	9.757807	2.007489	11.765296	6.124366
161.6	10.034263	1.731044	11.765307	6.096827
161.7	9.621504	2.143814	11.765319	6.084961
161.8	8.508316	3.257015	11.765331	6.098018
161.9	7.054674	4.710670	11.765344	6.140188
162	6.047473	5.717884	11.765357	6.209529
162.1	6.269880	5.495489	11.765370	6.299550
162.2	7.773139	3.992244	11.765383	6.401615
162.3	9.586282	2.179114	11.765396	6.506598
162.4	10.305601	1.459809	11.765410	6.605445
162.5	9.297567	2.467858	11.765425	6.689468
162.6	7.473004	4.292435	11.765439	6.751627
162.7	6.571356	5.194098	11.765454	6.789565
162.8	7.392712	4.372756	11.765468	6.809226
162.9	8.958055	2.807428	11.765484	6.825200
163	9.664625	2.100875	11.765500	6.855755
163.1	8.932863	2.832653	11.765517	6.916135
163.2	7.437879	4.327655	11.765533	7.014394
163.3	6.141838	5.623712	11.765551	7.150807
163.4	5.656743	6.108825	11.765568	7.319532
163.5	6.228436	5.537149	11.765586	7.510830
163.6	7.640309	4.125294	11.765603	7.713123
163.7	9.068478	2.697142	11.765621	7.915085
163.8	9.495431	2.270206	11.765637	8.108009
163.9	8.629379	3.136274	11.765653	8.287922
164	7.370144	4.395524	11.765668	8.456187
164.1	7.064960	4.700723	11.765683	8.617779
164.2	8.101559	3.664139	11.765698	8.778114
164.3	9.394184	2.371530	11.765714	8.940200
164.4	9.448389	2.317342	11.765731	9.103195
164.5	7.890780	3.874968	11.765748	9.262560
164.6	5.937044	5.828720	11.765765	9.411588
164.7	5.333751	6.432030	11.765781	9.543724
164.8	6.739399	5.026399	11.765798	9.654814
164.9	9.068947	2.696867	11.765814	9.744522
165	10.447527	1.318302	11.765830	9.816687
165.1	9.895558	1.870286	11.765845	9.878828
165.2	8.161598	3.604261	11.765859	9.941178
165.3	6.941846	4.824025	11.765872	10.015129
165.4	7.235979	4.529905	11.765885	10.110480
165.5	8.433438	3.332460	11.765898	10.231636
165.6	9.062441	2.703471	11.765913	10.374593
165.7	8.359343	3.406584	11.765927	10.526704
165.8	6.963350	4.802592	11.765942	10.669461
165.9	6.149045	5.616912	11.765957	10.783303
166	6.577491	5.188480	11.765971	10.852890
166.1	7.801635	3.964352	11.765986	10.871236
166.2	8.784805	2.981197	11.766002	10.841578
166.3	8.808729	2.957289	11.766018	10.776696
166.4	7.979486	3.786549	11.766035	10.696019
166.5	7.042504	4.723548	11.766052	10.621154
166.6	6.822285	4.943785	11.766070	10.570639
166.7	7.620861	4.145227	11.766088	10.555133
166.8	8.872302	2.893804	11.766106	10.574552
166.9	9.455492	2.310632	11.766125	10.618164
167	8.637085	3.129058	11.766143	10.667313
167.1	6.900107	4.866052	11.766160	10.700013
167.2	5.776829	5.989347	11.766176	10.696611
167.3	6.551914	5.214277	11.766192	10.645111
167.4	8.884508	2.881699	11.766207	10.544376
167.5	10.844589	0.921634	11.766223	10.404006
167.6	10.626396	1.139843	11.766240	10.240809
167.7	8.344888	3.421367	11.766255	10.072900
167.8	5.971791	5.794479	11.766270	9.913713
167.9	5.393614	6.372670	11.766284	9.769233
168	6.738417	5.027881	11.766298	9.639970
168.1	8.610851	3.155461	11.766312	9.524470
168.2	9.596319	2.170005	11.766325	9.420418
168.3	9.432893	2.333443	11.766336	9.323877
168.4	8.940881	2.825466	11.766346	9.229020
168.5	8.956514	2.809842	11.766356	9.128947
168.6	9.373261	2.393105	11.766367	9.016764
168.7	9.345072	2.421306	11.766379	8.886347
168.8	8.436826	3.329566	11.766392	8.733146
168.9	7.328117	4.438288	11.766405	8.555463
169	7.157142	4.609277	11.766420	8.355824
169.1	8.208950	3.557484	11.766434	8.141504
169.2	9.488376	2.278073	11.766448	7.923468
169.3	9.737564	2.028898	11.766462	7.713736
169.4	8.749694	3.016780	11.766474	7.522043
169.5	7.491050	4.275435	11.766485	7.353343
169.6	7.044617	4.721879	11.766495	7.207429
169.7	7.691465	4.075041	11.766506	7.080257
169.8	8.915015	2.851501	11.766516	6.965224
169.9	9.953877	1.812649	11.766526	6.853752
170	10.271704	1.494833	11.766537	6.736124
170.1	9.764156	2.002392	11.766547	6.603307
170.2	8.792595	2.973963	11.766558	6.449393
170.3	7.933523	3.833047	11.766570	6.273559
170.4	7.491437	4.275145	11.766581	6.080568
170.5	7.315150	4.451443	11.766594	5.879425
170.6	7.208755	4.557851	11.766606	5.680588
170.7	7.385013	4.381606	11.766619	5.492795
170.8	8.223043	3.543588	11.766631	5.321009
170.9	9.536398	2.230244	11.766642	5.166444
171	10.405614	1.361040	11.766654	5.027991
171.1	10.025682	1.740983	11.766665	4.903276
171.2	8.650688	3.115988	11.766676	4.788767
171.3	7.480891	4.285797	11.766687	4.680023
171.4	7.548396	4.218302	11.766698	4.572952
171.5	8.754324	3.012386	11.766710	4.465421
171.6	10.022852	1.743869	11.766721	4.357930
171.7	10.364176	1.402556	11.766732	4.252756
171.8	9.701720	2.065023	11.766742	4.152204
171.9	8.716906	3.049846	11.766753	4.057280
172	8.145716	3.621046	11.766763	3.967730
172.1	8.313965	3.452808	11.766773	3.883246
172.2	9.078643	2.688139	11.766782	3.804707
172.3	9.943762	1.823030	11.766792	3.734392
172.4	10.263281	1.503522	11.766803	3.674998
172.5	9.645496	2.121319	11.766815	3.628017
172.6	8.398086	3.368742	11.766828	3.592431
172.7	7.430768	4.336074	11.766841	3.564645
172.8	7.500059	4.266796	11.766855	3.539918
172.9	8.509758	3.257109	11.766868	3.514394
173	9.607017	2.159863	11.766880	3.486467
173.1	9.982954	1.783937	11.766891	3.457164
173.2	9.559378	2.207524	11.766902	3.430397
173.3	8.925019	2.841892	11.766911	3.413344
173.4	8.717446	3.049474	11.766920	3.415341
173.5	9.089916	2.677014	11.766930	3.444053
173.6	9.550837	2.216103	11.766941	3.500820
173.7	9.335432	2.431521	11.766952	3.578257
173.8	8.298895	3.468070	11.766965	3.661815
173.9	7.326844	4.440133	11.766977	3.734984
174	7.461906	4.305084	11.766990	3.785626
174.1	8.671780	3.095223	11.767003	3.810243
174.2	9.806139	1.960877	11.767016	3.814455
174.3	9.807882	1.959147	11.767029	3.810284
174.4	8.777153	2.989888	11.767041	3.812083
174.5	7.788732	3.978321	11.767052	3.832453
174.6	7.801052	3.966012	11.767064	3.878587
174.7	8.852786	2.914289	11.767076	3.950162
174.8	10.110672	1.656416	11.767088	4.039906
174.9	10.524455	1.242645	11.767100	4.136193
175	9.659737	2.107375	11.767112	4.226583
175.1	8.117035	3.650088	11.767123	4.301670
175.2	7.117681	4.649454	11.767134	4.358381
175.3	7.510559	4.256586	11.767145	4.401455
175.4	9.030786	2.736369	11.767156	4.442216
175.5	10.492817	1.274349	11.767167	4.494929
175.6	10.805605	0.961572	11.767177	4.572254
175.7	9.888700	1.878488	11.767188	4.681600
175.8	8.612608	3.154591	11.767199	4.823416
175.9	7.936519	3.830692	11.767210	4.991460
176	8.121809	3.645413	11.767222	5.174575
176.1	8.653689	3.113546	11.767234	5.359276
176.2	8.851947	2.915300	11.767246	5.532587
176.3	8.527176	3.240082	11.767258	5.684543
176.4	8.024522	3.742747	11.767269	5.809815
176.5	7.728526	4.038754	11.767280	5.908132
176.6	7.707675	4.059617	11.767291	5.983519
176.7	7.811124	3.956178	11.767302	6.042680
176.8	7.952237	3.815076	11.767313	6.092964
176.9	8.264822	3.502502	11.767324	6.140462
177	8.912284	2.855052	11.767335	6.188857
177.1	9.718023	2.049323	11.767346	6.239488
177.2	10.187652	1.579704	11.767357	6.292556
177.3	10.019086	1.748280	11.767367	6.348693
177.4	9.434224	2.333152	11.767376	6.409979
177.5	8.941422	2.825962	11.767385	6.479901
177.6	8.903008	2.864385	11.767393	6.562351
177.7	9.309160	2.458242	11.767402	6.660018
177.8	9.834366	1.933044	11.767410	6.772563
177.9	10.120074	1.647345	11.767420	6.895261
178	9.998219	1.769211	11.767430	7.019025
178.1	9.499678	2.267762	11.767439	7.132154
178.2	8.841712	2.925737	11.767449	7.223259
178.3	8.439505	3.327953	11.767459	7.284384
178.4	8.711116	3.056352	11.767468	7.313345
178.5	9.665361	2.102117	11.767478	7.314572
178.6	10.663903	1.103585	11.767488	7.298138
178.7	10.786122	0.981376	11.767499	7.277171
178.8	9.705271	2.062239	11.767510	7.264336
178.9	8.208505	3.559016	11.767520	7.268435
179	7.588811	4.178721	11.767531	7.292339
179.1	8.392718	3.374825	11.767542	7.332951
179.2	9.878962	1.888591	11.767553	7.382891
179.3	10.776132	0.991432	11.767563	7.432844
179.4	10.468684	1.298889	11.767573	7.473807
179.5	9.451856	2.315726	11.767582	7.498984
179.6	8.800543	2.967047	11.767590	7.505205
179.7	9.149530	2.618069	11.767599	7.493590
179.8	10.016387	1.751222	11.767609	7.469168
179.9	10.218661	1.548960	11.767620	7.439413
180	9.171057	2.596576	11.767632	7.412089
180.1	7.695476	4.072169	11.767645	7.393199
180.2	7.301018	4.466641	11.767659	7.385801
180.3	8.597777	3.169895	11.767672	7.389865
180.4	10.531253	1.236431	11.767684	7.402616
180.5	11.342223	0.425473	11.767696	7.418917
180.6	10.378468	1.389239	11.767707	7.432027
180.7	8.836185	2.931531	11.767716	7.435240
180.8	8.467022	3.300702	11.767724	7.424054
180.9	9.575587	2.192146	11.767733	7.397744
181	10.740448	1.027295	11.767743	7.359535
181.1	10.562127	1.205628	11.767755	7.315444
181.2	9.208350	2.559417	11.767767	7.272390
181.3	8.093579	3.674201	11.767779	7.236069
181.4	8.235684	3.532108	11.767792	7.209083
181.5	9.175274	2.592530	11.767804	7.189932
181.6	9.616651	2.151165	11.767817	7.173494
181.7	8.964514	2.803314	11.767828	7.153045
181.8	7.960307	3.807533	11.767840	7.123092
181.9	7.782572	3.985279	11.767851	7.081592
182	8.742425	3.025437	11.767863	7.030286
182.1	9.976579	1.791296	11.767874	6.973013
182.2	10.332734	1.435152	11.767886	6.913212
182.3	9.519656	2.248242	11.767898	6.852156
182.4	8.425836	3.342073	11.767909	6.788748
182.5	8.253241	3.514679	11.767920	6.720829
182.6	9.292824	2.475106	11.767930	6.647426
182.7	10.659148	1.108791	11.767939	6.570390
182.8	11.228945	0.539003	11.767948	6.493961
182.9	10.644929	1.123027	11.767956	6.422996
183	9.438960	2.329004	11.767964	6.361840
183.1	8.469488	3.298484	11.767972	6.314429
183.2	8.319444	3.448537	11.767981	6.284557
183.3	8.990282	2.777708	11.767990	6.275045
183.4	9.945241	1.822758	11.767999	6.285669
183.5	10.484947	1.283061	11.768009	6.311092
183.6	10.254513	1.513505	11.768018	6.340439
183.7	9.502677	2.265349	11.768026	6.359475
183.8	8.842939	2.925095	11.768034	6.355101
183.9	8.721057	3.046984	11.768041	6.320667
184	9.118981	2.649067	11.768049	6.259234
184.1	9.665487	2.102569	11.768056	6.182926
184.2	9.926209	1.841856	11.768065	6.109470
184.3	9.712197	2.055876	11.768074	6.057872
184.4	9.215844	2.552239	11.768083	6.044222
184.5	8.864556	2.903538	11.768094	6.078222
184.6	8.999262	2.768843	11.768105	6.160928
184.7	9.575021	2.193094	11.768115	6.284089
184.8	10.159244	1.608881	11.768125	6.431344
184.9	10.307339	1.460795	11.768134	6.581361
185	9.966846	1.801297	11.768142	6.712618
185.1	9.513039	2.255111	11.768150	6.808946
185.2	9.389632	2.378527	11.768158	6.864050
185.3	9.658953	2.109214	11.768167	6.882808
185.4	9.850871	1.917306	11.768177	6.878958
185.5	9.323250	2.444938	11.768188	6.871030
185.6	7.922946	3.845253	11.768200	6.878061
185.7	6.305030	5.463182	11.768213	6.915795
185.8	5.503896	6.264329	11.768226	6.993807
185.9	6.090823	5.677416	11.768239	7.113809
186	7.688281	4.079972	11.768253	7.269246
186.1	9.296716	2.471549	11.768265	7.446376
186.2	10.100706	1.667571	11.768277	7.627143
186.3	9.986786	1.781501	11.768287	7.793680
186.4	9.434166	2.334129	11.768296	7.933402
186.5	9.081013	2.687291	11.768304	8.042674
186.6	9.286163	2.482148	11.768311	8.127091
186.7	9.859727	1.908593	11.768320	8.198121
186.8	10.193520	1.574810	11.768330	8.268065
186.9	9.797939	1.970402	11.768341	8.345566
187	8.837745	2.930608	11.768354	8.433117
187.1	8.093306	3.675061	11.768367	8.527161
187.2	8.232744	3.535636	11.768380	8.620318
187.3	9.118991	2.649402	11.768393	8.704539
187.4	9.936993	1.831412	11.768405	8.773959
187.5	10.005147	1.763269	11.768416	8.826714
187.6	9.419556	2.348869	11.768425	8.865288
187.7	8.953781	2.814653	11.768435	8.895105
187.8	9.270720	2.497724	11.768444	8.921583
187.9	10.025497	1.742957	11.768454	8.947007
188	10.019912	1.748554	11.768466	8.968933
188.1	8.732880	3.035599	11.768479	8.980730
188.2	7.278882	4.489612	11.768494	8.973629
188.3	7.242887	4.525622	11.768509	8.939300
188.4	8.775174	2.993350	11.768524	8.872123
188.5	10.354183	1.414355	11.768538	8.770518
188.6	10.493779	1.274773	11.768552	8.636924
188.7	9.304630	2.463934	11.768565	8.476502
188.8	8.157448	3.611128	11.768576	8.295186
188.9	8.099941	3.668647	11.768587	8.098136
189	8.958305	2.810294	11.768599	7.889425
189.1	9.818536	1.950074	11.768610	7.672877
189.2	10.000270	1.768352	11.768622	7.453086
189.3	9.583535	2.185100	11.768634	7.235534
189.4	9.165500	2.603148	11.768647	7.025359
189.5	9.134734	2.633927	11.768660	6.825340
189.6	9.264308	2.504365	11.768673	6.634284
189.7	9.070170	2.698514	11.768685	6.446784
189.8	8.439908	3.328787	11.768695	6.254447
189.9	7.791347	3.977359	11.768705	6.047970
190	7.707186	4.061529	11.768715	5.819538
190.1	8.451127	3.317598	11.768725	5.565143
190.2	9.663178	2.105557	11.768735	5.286198
190.3	10.535836	1.232909	11.768745	4.989623
190.4	10.471316	1.297439	11.768755	4.685800
190.5	9.629090	2.139675	11.768765	4.384837
190.6	8.794388	2.974386	11.768774	4.092857
190.7	8.668550	3.100232	11.768782	3.810920
190.8	9.270306	2.498484	11.768790	3.538180
190.9	10.014098	1.754700	11.768798	3.277295
191	10.282929	1.485878	11.768806	3.037239
191.1	9.842374	1.926442	11.768815	2.830624
191.2	8.874516	2.894309	11.768825	2.667176
191.3	7.864769	3.904066	11.768835	2.547618
191.4	7.400456	4.368389	11.768846	2.462343
191.5	7.817279	3.951578	11.768857	2.396117
191.6	8.900536	2.868332	11.768868	2.335559
191.7	9.958355	1.810523	11.768878	2.274770
191.8	10.295661	1.473227	11.768888	2.216996
191.9	9.776127	1.992769	11.768897	2.172953
192	9.001167	2.767737	11.768904	2.157298
192.1	8.838917	2.929994	11.768910	2.183792
192.2	9.624607	2.144309	11.768917	2.259401
192.3	10.779913	0.989010	11.768924	2.379732
192.4	11.297076	0.471856	11.768932	2.529314
192.5	10.678308	1.090633	11.768940	2.686670
192.6	9.366515	2.402434	11.768949	2.830722
192.7	8.246030	3.522927	11.768957	2.945731
192.8	7.877533	3.891432	11.768965	3.023910
192.9	8.262686	3.506288	11.768973	3.065738
193	9.078599	2.690382	11.768981	3.078332
193.1	9.925433	1.843556	11.768989	3.072478
193.2	10.445439	1.323557	11.768997	3.059255
193.3	10.429327	1.339677	11.769005	3.047318
193.4	9.939561	1.829452	11.769013	3.041765
193.5	9.325401	2.443621	11.769022	3.044779
193.6	9.025707	2.743323	11.769031	3.057224
193.7	9.235034	2.534005	11.769039	3.079863
193.8	9.721538	2.047509	11.769047	3.113448
193.9	10.050342	1.718713	11.769054	3.158010
194	10.032377	1.736685	11.769062	3.212365
194.1	9.896464	1.872604	11.769069	3.274469
194.2	9.968254	1.800821	11.769075	3.342318
194.3	10.195159	1.573922	11.769081	3.414758
194.4	10.113739	1.655350	11.769088	3.491854
194.5	9.444846	2.324251	11.769097	3.574952
194.6	8.610908	3.158198	11.769107	3.666528
194.7	8.387461	3.381656	11.769117	3.769591
194.8	9.025616	2.743511	11.769127	3.886384
194.9	9.916753	1.852385	11.769137	4.016606
195	10.228402	1.540744	11.769146	4.156258
195.1	9.791089	1.978065	11.769154	4.298366
195.2	9.241791	2.527370	11.769161	4.435718
195.3	9.299067	2.470100	11.769168	4.564151
195.4	10.001555	1.767619	11.769174	4.684251
195.5	10.714716	1.054465	11.769181	4.800500
195.6	10.819594	0.949595	11.769189	4.918658
195.7	10.294068	1.475129	11.769198	5.043003
195.8	9.608539	2.160667	11.769206	5.174545
195.9	9.158125	2.611089	11.769215	5.310580
196	8.934025	2.835198	11.769223	5.445372
196.1	8.774314	2.994918	11.769231	5.571530
196.2	8.740184	3.029055	11.769239	5.681660
196.3	9.021156	2.748091	11.769247	5.769975
196.4	9.574019	2.195236	11.769255	5.833643
196.5	10.083698	1.685566	11.769263	5.873567
196.6	10.228033	1.541239	11.769272	5.894379
196.7	9.937537	1.831743	11.769280	5.903518
196.8	9.509859	2.259429	11.769288	5.909619
196.9	9.424006	2.345289	11.769295	5.920621
197	9.902594	1.866708	11.769302	5.942119
197.1	10.639731	1.129578	11.769309	5.976272
197.2	11.023563	0.745752	11.769315	6.021386
197.3	10.691077	1.078244	11.769321	6.072140
197.4	9.863772	1.905556	11.769327	6.120512
197.5	9.103759	2.665574	11.769334	6.157350
197.6	8.785685	2.983656	11.769341	6.174323
197.7	8.859540	2.909810	11.769349	6.165825
197.8	9.039758	2.729601	11.769358	6.130342
197.9	9.112919	2.656449	11.769368	6.070887
198	9.082897	2.686480	11.769378	5.994326
198.1	9.105444	2.663943	11.769387	5.909736
198.2	9.334382	2.435013	11.769395	5.826278
198.3	9.807929	1.961473	11.769402	5.751250
198.4	10.400900	1.368508	11.769408	5.688794
198.5	10.845933	0.923480	11.769412	5.639422
198.6	10.881796	0.887622	11.769417	5.600179
198.7	10.469537	1.299886	11.769423	5.565343
198.8	9.835408	1.934021	11.769429	5.527698
198.9	9.280652	2.488784	11.769436	5.480510
199	9.006353	2.763091	11.769444	5.419898
199.1	9.071914	2.697539	11.769453	5.346718
199.2	9.371020	2.398443	11.769462	5.266847
199.3	9.646531	2.122941	11.769472	5.189255
199.4	9.676906	2.092575	11.769482	5.122411
199.5	9.519489	2.250001	11.769490	5.070683
199.6	9.486230	2.283269	11.769498	5.032772
199.7	9.792259	1.977247	11.769506	5.003168
199.8	10.263385	1.506129	11.769514	4.975817
199.9	10.446508	1.323014	11.769522	4.947712
200	10.033495	1.736037	11.769532	4.920025
200.1	9.218162	2.551380	11.769542	4.896271
200.2	8.607727	3.161826	11.769553	4.879512
200.3	8.670535	3.099029	11.769564	4.870894
200.4	9.218635	2.550940	11.769575	4.870079
200.5	9.553368	2.216218	11.769587	4.876511
200.6	9.229948	2.539651	11.769599	4.890116
200.7	8.577173	3.192438	11.769611	4.910881
200.8	8.328198	3.441425	11.769623	4.937953
200.9	8.796845	2.972789	11.769634	4.969412
201	9.547725	2.221921	11.769646	5.003391
201.1	9.910293	1.859365	11.769657	5.039835
201.2	9.754148	2.015520	11.769668	5.081179
201.3	9.592655	2.177022	11.769677	5.130717
201.4	9.842262	1.927424	11.769686	5.189438
201.5	10.198586	1.571110	11.769696	5.253704
201.6	10.009589	1.760118	11.769707	5.315753
201.7	9.139722	2.629996	11.769719	5.366996
201.8	8.191229	3.578502	11.769731	5.402169
201.9	7.880829	3.888915	11.769744	5.421923
202	8.357202	3.412555	11.769758	5.432557
202.1	9.141250	2.628520	11.769771	5.443404
202.2	9.606988	2.162795	11.769783	5.463679
202.3	9.481209	2.288586	11.769795	5.500448
202.4	8.999231	2.770574	11.769805	5.558017
202.5	8.710743	3.059072	11.769815	5.637846
202.6	9.052138	2.717685	11.769823	5.738368
202.7	9.863956	1.905875	11.769831	5.855021
202.8	10.382443	1.387397	11.769841	5.980902
202.9	10.014916	1.754934	11.769850	6.108005
203	9.075721	2.694140	11.769861	6.228719
203.1	8.489304	3.280568	11.769872	6.337148
203.2	8.760466	3.009417	11.769883	6.429863
203.3	9.427262	2.342633	11.769895	6.505969
203.4	9.625780	2.144126	11.769907	6.566672
203.5	9.122333	2.647585	11.769918	6.614770
203.6	8.652175	3.117753	11.769928	6.654326
203.7	9.055230	2.714708	11.769937	6.690410
203.8	10.036856	1.733092	11.769948	6.728683
203.9	10.343492	1.426468	11.769960	6.774833
204	9.496951	2.273022	11.769973	6.833969
204.1	8.565930	3.204058	11.769988	6.909838
204.2	8.683008	3.086995	11.770002	7.003823
204.3	9.434722	2.335295	11.770018	7.114100
204.4	9.454460	2.315573	11.770033	7.235569
204.5	8.320282	3.449765	11.770047	7.360893
204.6	7.135124	4.634937	11.770061	7.482361
204.7	7.155804	4.614271	11.770075	7.593823
204.8	8.393726	3.376363	11.770089	7.691982
204.9	9.688114	2.081988	11.770103	7.776469
205	9.921678	1.848438	11.770116	7.848607
205.1	9.101127	2.669003	11.770129	7.909548
205.2	8.243476	3.526666	11.770142	7.959089
205.3	8.284919	3.485235	11.770154	7.995905
205.4	9.237148	2.533017	11.770166	8.018852
205.5	10.348241	1.421935	11.770176	8.028409
205.6	10.847328	0.922857	11.770185	8.027409
205.7	10.469020	1.301173	11.770193	8.020581
205.8	9.514704	2.255497	11.770202	8.013038
205.9	8.625446	3.144766	11.770212	8.008520
206	8.336043	3.434181	11.770224	8.008342
206.1	8.622762	3.147475	11.770237	8.011332
206.2	8.922989	2.847262	11.770250	8.014345
206.3	8.764414	3.005849	11.770263	8.013262
206.4	8.350998	3.419277	11.770276	8.004629
206.5	8.340239	3.430048	11.770287	7.987385
206.6	9.021249	2.749048	11.770297	7.963250
206.7	9.909278	1.861028	11.770306	7.934727
206.8	10.243624	1.526691	11.770315	7.901383
206.9	9.771133	1.999191	11.770324	7.856819
207	8.942850	2.827483	11.770333	7.789086
207.1	8.404398	3.365945	11.770343	7.685685
207.2	8.432655	3.337698	11.770354	7.540830
207.3	8.812308	2.958057	11.770365	7.359976
207.4	9.073577	2.696799	11.770376	7.158747
207.5	8.905804	2.864583	11.770387	6.957861
207.6	8.512240	3.258158	11.770397	6.777107
207.7	8.511808	3.258599	11.770407	6.630407
207.8	9.316394	2.454020	11.770415	6.522711
207.9	10.595007	1.175414	11.770422	6.449034
208	11.489387	0.281041	11.770428	6.396119
208.1	11.397846	0.372588	11.770434	6.346375
208.2	10.483275	1.287166	11.770441	6.282727
208.3	9.418803	2.351646	11.770448	6.192782
208.4	8.758096	3.012361	11.770457	6.071179
208.5	8.616382	3.154085	11.770467	5.919536
208.6	8.817001	2.953476	11.770477	5.744246
208.7	9.141332	2.629156	11.770488	5.553201
208.8	9.408912	2.361587	11.770499	5.352836
208.9	9.481082	2.289428	11.770510	5.146513
209	9.353848	2.416672	11.770520	4.934507
209.1	9.223199	2.547331	11.770530	4.715200
209.2	9.294274	2.476266	11.770540	4.486734
209.3	9.499729	2.270821	11.770550	4.248352
209.4	9.557735	2.212824	11.770559	4.000888
209.5	9.346632	2.423937	11.770569	3.746127
209.6	9.092754	2.677824	11.770578	3.485260
209.7	9.117878	2.652710	11.770588	3.217523
209.8	9.463287	2.307311	11.770598	2.940799
209.9	9.848615	1.921993	11.770609	2.654799
210	9.973948	1.796671	11.770619	2.364758
210.1	9.774181	1.996448	11.770629	2.082621
210.2	9.393212	2.377427	11.770638	1.824547
210.3	9.007433	2.763214	11.770648	1.605552
210.4	8.737977	3.032680	11.770657	1.433761
210.5	8.703861	3.066805	11.770666	1.308528
210.6	9.039135	2.731540	11.770675	1.225600
210.7	9.731119	2.039565	11.770683	1.186287
210.8	10.449269	1.321423	11.770692	1.202031
210.9	10.701852	1.068848	11.770700	1.288328
211	10.297494	1.473214	11.770708	1.452936
211.1	9.600799	2.169918	11.770717	1.690714
211.2	9.212807	2.557918	11.770725	1.987573
211.3	9.388423	2.382310	11.770733	2.325408
211.4	9.848156	1.922586	11.770742	2.684089
211.5	10.154651	1.616100	11.770750	3.042420
211.6	10.152570	1.618189	11.770758	3.380060
211.7	9.997572	1.773194	11.770766	3.680471
211.8	9.881339	1.889435	11.770774	3.933873
211.9	9.858483	1.912298	11.770782	4.138941
212	9.878017	1.892772	11.770790	4.302320
212.1	9.851820	1.918978	11.770798	4.435588
212.2	9.674783	2.096024	11.770807	4.550419
212.3	9.245896	2.524921	11.770816	4.653965
212.4	8.577052	3.193775	11.770827	4.746800
212.5	7.931676	3.839162	11.770838	4.824229
212.6	7.751698	4.019152	11.770849	4.879680
212.7	8.296282	3.474578	11.770860	4.908349
212.8	9.308793	2.462078	11.770871	4.909879
212.9	10.111743	1.659139	11.770882	4.889355
213	10.138988	1.631903	11.770892	4.856213
213.1	9.442785	2.328117	11.770901	4.821246
213.2	8.700657	3.070254	11.770911	4.792637
213.3	8.686568	3.084352	11.770920	4.772646
213.4	9.575073	2.195856	11.770929	4.757021
213.5	10.620249	1.150690	11.770939	4.738628
213.6	10.725222	1.045728	11.770949	4.713554
213.7	9.608714	2.162247	11.770961	4.684523
213.8	8.245656	3.525315	11.770972	4.659399
213.9	7.931834	3.839149	11.770983	4.647343
214	8.933205	2.837788	11.770994	4.655256
214.1	10.194013	1.576992	11.771005	4.685086
214.2	10.468157	1.302859	11.771016	4.732115
214.3	9.629857	2.141169	11.771026	4.785351
214.4	8.705419	3.065617	11.771036	4.831059
214.5	8.693299	3.077747	11.771046	4.858420
214.6	9.604408	2.166647	11.771055	4.864340
214.7	10.627164	1.143900	11.771064	4.854778
214.8	10.927080	0.843993	11.771073	4.842292
214.9	10.271468	1.499613	11.771081	4.841303
215	9.144494	2.626596	11.771090	4.862869
215.1	8.338938	3.432162	11.771100	4.910477
215.2	8.310380	3.460730	11.771109	4.978025
215.3	8.849270	2.921850	11.771119	5.050804
215.4	9.352291	2.418839	11.771129	5.109490
215.5	9.366934	2.404205	11.771139	5.136013
215.6	8.906718	2.864431	11.771148	5.119112
215.7	8.373815	3.397342	11.771157	5.057366
215.8	8.230472	3.540693	11.771165	4.958864
215.9	8.637377	3.133795	11.771172	4.838406
216	9.318127	2.453054	11.771180	4.713861
216.1	9.800674	1.970514	11.771188	4.602856
216.2	9.830831	1.940365	11.771196	4.520139
216.3	9.561842	2.209361	11.771203	4.475488
216.4	9.343751	2.427460	11.771211	4.472182
216.5	9.320506	2.450712	11.771218	4.506531
216.6	9.281770	2.489457	11.771227	4.568914
216.7	8.996207	2.775029	11.771236	4.646107
216.8	8.614022	3.157224	11.771246	4.724151
216.9	8.576979	3.194278	11.771257	4.790959
217	9.125737	2.645531	11.771268	4.838263
217.1	9.963855	1.807424	11.771279	4.862771
217.2	10.433448	1.337842	11.771290	4.866620
217.3	10.075687	1.695613	11.771300	4.857363
217.4	9.084208	2.687101	11.771309	4.847591
217.5	8.208627	3.562691	11.771318	4.853443
217.6	8.160834	3.610492	11.771327	4.890446
217.7	9.030798	2.740538	11.771336	4.967000
217.8	10.151624	1.619722	11.771346	5.079669
217.9	10.545321	1.226037	11.771358	5.213797
218	9.747905	2.023465	11.771370	5.348442
218.1	8.322613	3.448770	11.771383	5.462614
218.2	7.450509	4.320887	11.771396	5.540713
218.3	7.885367	3.886042	11.771409	5.576116
218.4	9.253889	2.517533	11.771421	5.572431
218.5	10.378016	1.393418	11.771433	5.542465
218.6	10.338875	1.432569	11.771445	5.505424
218.7	9.310098	2.461357	11.771455	5.482954
218.8	8.372351	3.399113	11.771464	5.494285
218.9	8.468768	3.302706	11.771474	5.550894
219	9.485779	2.285704	11.771484	5.652582
219.1	10.338788	1.432707	11.771495	5.787321
219.2	10.028731	1.742777	11.771508	5.934961
219.3	8.633991	3.137530	11.771521	6.072701
219.4	7.184743	4.586793	11.771535	6.180572
219.5	6.590474	5.181076	11.771550	6.245942
219.6	6.841607	4.929958	11.771564	6.266142
219.7	7.307063	4.464515	11.771578	6.248536
219.8	7.620593	4.150997	11.771590	6.208096
219.9	8.007019	3.764583	11.771601	6.163334
220	8.733535	3.038077	11.771612	6.131889
220.1	9.532783	2.238840	11.771623	6.127000
220.2	9.752754	2.018881	11.771635	6.155534
220.3	9.061004	2.710643	11.771647	6.217512
220.4	7.947401	3.824260	11.771661	6.306601
220.5	7.351872	4.419803	11.771675	6.411328
220.6	7.656479	4.115210	11.771690	6.517275
220.7	8.250079	3.521627	11.771706	6.610178
220.8	8.298175	3.473548	11.771723	6.679188
220.9	7.759993	4.011747	11.771739	6.719212
221	7.393459	4.378297	11.771756	6.731631
221.1	7.796301	3.975470	11.771771	6.723361
221.2	8.663504	3.108283	11.771787	6.704722
221.3	9.144150	2.627652	11.771802	6.686902
221.4	8.827015	2.944801	11.771816	6.679771
221.5	8.176763	3.595067	11.771830	6.690505
221.6	7.967625	3.804220	11.771845	6.723065
221.7	8.366897	3.404962	11.771860	6.778077
221.8	8.743677	3.028199	11.771876	6.852625
221.9	8.455365	3.316528	11.771892	6.940073
222	7.586503	4.185406	11.771909	7.030513
222.1	6.770147	5.001780	11.771927	7.112349
222.2	6.520786	5.251158	11.771944	7.174805
222.3	6.928625	4.843336	11.771961	7.210543
222.4	7.806274	3.965703	11.771977	7.217459
222.5	8.856330	2.915662	11.771992	7.199147
222.6	9.714396	2.057609	11.772005	7.164008
222.7	10.025324	1.746694	11.772018	7.123306
222.8	9.654098	2.117933	11.772031	7.088510
222.9	8.880084	2.891959	11.772043	7.068224
223	8.233546	3.538510	11.772056	7.065368
223.1	8.055576	3.716495	11.772070	7.075748
223.2	8.240620	3.531466	11.772086	7.089055
223.3	8.368236	3.403866	11.772102	7.092090
223.4	8.220896	3.551223	11.772119	7.072576
223.5	8.108131	3.664004	11.772136	7.022184
223.6	8.373464	3.398687	11.772152	6.938583
223.7	8.727542	3.044626	11.772168	6.826544
223.8	8.486818	3.285366	11.772184	6.697596
223.9	7.462914	4.309286	11.772200	6.567777
224	6.398825	5.373392	11.772217	6.453704
224.1	6.374329	5.397904	11.772233	6.368257
224.2	7.670310	4.101939	11.772249	6.317659
224.3	9.308297	2.463967	11.772264	6.301057
224.4	9.931874	1.840406	11.772280	6.311874
224.5	9.213770	2.558524	11.772294	6.339161
224.6	8.175879	3.596429	11.772308	6.368687
224.7	7.921284	3.851037	11.772322	6.385057
224.8	8.405264	3.367072	11.772336	6.375235
224.9	8.798067	2.974284	11.772351	6.332120
225	8.582178	3.190188	11.772366	6.256447
225.1	7.944146	3.828236	11.772382	6.156135
225.2	7.452023	4.320375	11.772398	6.043487
225.3	7.594523	4.177890	11.772414	5.931547
225.4	8.356338	3.416091	11.772429	5.831143
225.5	9.115763	2.656680	11.772444	5.749478
225.6	9.168293	2.604164	11.772457	5.690019
225.7	8.484891	3.287580	11.772471	5.652953
225.8	7.814394	3.958089	11.772483	5.635910
225.9	7.894007	3.878489	11.772496	5.635136
226	8.671641	3.100867	11.772508	5.646910
226.1	9.379533	2.392989	11.772522	5.668568
226.2	9.297159	2.475377	11.772536	5.698503
226.3	8.423418	3.349133	11.772551	5.735094
226.4	7.433654	4.338912	11.772566	5.775134
226.5	7.042272	4.730308	11.772581	5.812790
226.6	7.432445	4.340151	11.772596	5.839855
226.7	8.200746	3.571864	11.772610	5.847373
226.8	8.745561	3.027062	11.772623	5.827879
226.9	8.767071	3.005565	11.772636	5.777315
227	8.503641	3.269007	11.772648	5.696416
227.1	8.470687	3.301973	11.772660	5.591822
227.2	8.913444	2.859226	11.772671	5.476508
227.3	9.515147	2.257535	11.772682	5.368559
227.4	9.648868	2.123824	11.772693	5.287859
227.5	8.982542	2.790163	11.772704	5.251406
227.6	7.908255	3.864461	11.772716	5.268759
227.7	7.283090	4.489639	11.772729	5.339378
227.8	7.630683	4.142059	11.772742	5.452739
227.9	8.617093	3.155663	11.772756	5.590626
228	9.379239	2.393530	11.772770	5.730729
228.1	9.358257	2.414526	11.772783	5.851143
228.2	8.750292	3.022503	11.772795	5.935051
228.3	8.190401	3.582405	11.772806	5.974320
228.4	8.154149	3.618668	11.772817	5.970832
228.5	8.668366	3.104460	11.772826	5.935182
228.6	9.381022	2.391813	11.772835	5.883414
228.7	9.796987	1.975858	11.772844	5.833223
228.8	9.580366	2.192488	11.772854	5.800837
228.9	8.780670	2.992195	11.772866	5.798696
229	7.817470	3.955408	11.772878	5.833348
229.1	7.246856	4.526036	11.772892	5.903765
229.2	7.378992	4.393914	11.772906	6.001530
229.3	7.975414	3.797507	11.772921	6.113505
229.4	8.405630	3.367305	11.772936	6.225591
229.5	8.254338	3.518613	11.772951	6.325560
229.6	7.808983	3.963983	11.772965	6.404354
229.7	7.845872	3.927107	11.772979	6.456691
229.8	8.748940	3.024052	11.772993	6.481922
229.9	9.811588	1.961418	11.773006	6.485084
230	9.812443	1.960577	11.773020	6.476899
230.1	8.537544	3.235490	11.773034	6.471118
230.2	7.287364	4.485685	11.773048	6.478933
230.3	7.480930	4.292133	11.773062	6.503457
230.4	8.991431	2.781646	11.773077	6.539651
230.5	10.274861	1.498230	11.773092	6.579753
230.6	10.033178	1.739927	11.773106	6.617913
230.7	8.465286	3.307833	11.773119	6.651405
230.8	6.936600	4.836532	11.773132	6.680276
230.9	6.634397	5.138748	11.773145	6.706693
231	7.589072	4.184086	11.773158	6.733986
231.1	8.807918	2.965253	11.773171	6.765104
231.2	9.253727	2.519457	11.773184	6.800580
231.3	8.756462	3.016736	11.773198	6.836668
231.4	8.011835	3.761376	11.773211	6.864682
231.5	7.739823	4.033401	11.773224	6.872473
231.6	7.995667	3.777571	11.773238	6.848176
231.7	8.366605	3.406646	11.773251	6.785051
231.8	8.566193	3.207071	11.773264	6.685320
231.9	8.518736	3.254542	11.773277	6.561181
232	8.106486	3.666805	11.773291	6.432463
232.1	7.370412	4.402893	11.773305	6.321666
232.2	6.859278	4.914040	11.773318	6.248322
232.3	7.230489	4.542843	11.773332	6.224670
232.4	8.371847	3.401499	11.773346	6.253223
232.5	9.275137	2.498223	11.773361	6.325540
232.6	9.008364	2.765012	11.773376	6.422386
232.7	7.698209	4.075183	11.773392	6.516740
232.8	6.442796	5.330613	11.773409	6.580258
232.9	6.284002	5.489422	11.773425	6.591152
233	7.288330	4.485110	11.773440	6.540267
233.1	8.578439	3.195016	11.773455	6.433335
233.2	9.216715	2.556753	11.773469	6.288889
233.3	9.032520	2.740962	11.773482	6.132295
233.4	8.585684	3.187811	11.773495	5.988136
233.5	8.452669	3.320840	11.773509	5.874123
233.6	8.668032	3.105490	11.773523	5.798479
233.7	8.826905	2.946632	11.773537	5.760375
233.8	8.638563	3.134988	11.773551	5.751887
233.9	8.285073	3.488493	11.773566	5.760577
234	8.161449	3.612131	11.773580	5.772550
234.1	8.336382	3.437211	11.773593	5.775534
234.2	8.514059	3.259547	11.773606	5.761185
234.3	8.538482	3.235136	11.773619	5.726130
234.4	8.606664	3.166967	11.773631	5.671643
234.5	8.894613	2.879031	11.773644	5.602150
234.6	9.206086	2.567571	11.773657	5.523330
234.7	9.099699	2.673972	11.773671	5.440653
234.8	8.375916	3.397770	11.773686	5.358640
234.9	7.435719	4.337981	11.773700	5.280530
235	7.056515	4.717200	11.773715	5.207975
235.1	7.702628	4.071101	11.773730	5.140878
235.2	9.027992	2.745751	11.773743	5.077782
235.3	10.068697	1.705059	11.773756	5.016801
235.4	10.016901	1.756867	11.773768	4.956534
235.5	8.956832	2.816947	11.773779	4.896500
235.6	7.777076	3.996713	11.773790	4.837170
235.7	7.248984	4.524817	11.773801	4.779813
235.8	7.402970	4.370843	11.773813	4.726349
235.9	7.835802	3.938025	11.773827	4.679216
236	8.252530	3.521312	11.773841	4.641112
236.1	8.618712	3.155145	11.773856	4.614320
236.2	8.968993	2.804877	11.773871	4.599412
236.3	9.200136	2.573747	11.773884	4.593691
236.4	9.141893	2.632003	11.773896	4.590428
236.5	8.854994	2.918911	11.773906	4.579861
236.6	8.715731	3.058183	11.773914	4.551874
236.7	8.979214	2.794708	11.773922	4.499224
236.8	9.326355	2.447577	11.773932	4.420050
236.9	9.225277	2.548667	11.773944	4.319005
237	8.678018	3.095939	11.773957	4.206794
237.1	8.264889	3.509083	11.773972	4.098157
237.2	8.403647	3.370340	11.773987	4.008598
237.3	8.745087	3.028915	11.774002	3.950738
237.4	8.534467	3.239549	11.774016	3.931648
237.5	7.618028	4.156001	11.774029	3.952317
237.6	6.866840	4.907201	11.774041	4.008955
237.7	7.329103	4.444947	11.774051	4.094381
237.8	8.950847	2.823213	11.774061	4.198344
237.9	10.435597	1.338474	11.774071	4.307702
238	10.517004	1.257079	11.774083	4.407851
238.1	9.214657	2.559439	11.774096	4.485393
238.2	7.767442	4.006668	11.774109	4.531168
238.3	7.391879	4.382244	11.774123	4.542663
238.4	8.185491	3.588646	11.774136	4.524890
238.5	9.248120	2.526029	11.774149	4.489222
238.6	9.708392	2.065769	11.774160	4.450430
238.7	9.451919	2.322251	11.774170	4.423076
238.8	8.932778	2.841401	11.774179	4.418713
238.9	8.604711	3.169478	11.774189	4.444676
239	8.651557	3.122642	11.774199	4.504040
239.1	8.957337	2.816873	11.774210	4.595583
239.2	9.119877	2.654345	11.774222	4.713407
239.3	8.712931	3.061305	11.774236	4.847228
239.4	7.773616	4.000634	11.774250	4.984483
239.5	6.940178	4.834086	11.774264	5.113848
239.6	6.916888	4.857390	11.774278	5.228272
239.7	7.734441	4.039851	11.774293	5.325789
239.8	8.594357	3.179950	11.774307	5.407910
239.9	8.592894	3.181428	11.774322	5.476897
240	7.650035	4.124302	11.774337	5.533680
240.1	6.607977	5.166375	11.774352	5.577338
240.2	6.463417	5.310951	11.774367	5.605877
240.3	7.550202	4.224181	11.774384	5.617220
240.4	9.140275	2.634125	11.774400	5.609511
240.5	9.895359	1.879057	11.774416	5.580758
240.6	9.169425	2.605008	11.774433	5.528618
240.7	7.750656	4.023793	11.774449	5.450933
240.8	7.018496	4.755968	11.774464	5.346918
240.9	7.517242	4.257237	11.774479	5.218322
241	8.526050	3.248445	11.774494	5.069789
241.1	8.952038	2.822471	11.774509	4.907952
241.2	8.515081	3.259444	11.774525	4.739348
241.3	7.882790	3.891750	11.774540	4.568165
241.4	7.811134	3.963422	11.774556	4.395326
241.5	8.427661	3.346911	11.774572	4.219089
241.6	9.160486	2.614101	11.774587	4.035711
241.7	9.284816	2.489786	11.774602	3.839670
241.8	8.687019	3.087597	11.774616	3.624381
241.9	8.008853	3.765776	11.774629	3.384131
242	7.992627	3.782014	11.774641	3.117026
242.1	8.749062	3.025591	11.774653	2.828135
242.2	9.638976	2.135689	11.774666	2.531761
242.3	9.867109	1.907570	11.774679	2.251802
242.4	9.197695	2.576997	11.774692	2.019790
242.5	8.060305	3.714401	11.774706	1.870318
242.6	7.097398	4.677323	11.774721	1.831682
242.7	6.779604	4.995131	11.774736	1.911575
242.8	7.226184	4.548567	11.774751	2.090123
242.9	8.163753	3.611012	11.774766	2.331047
243	9.160429	2.614350	11.774779	2.599386
243.1	9.836868	1.937924	11.774792	2.871948
243.2	9.846711	1.928094	11.774805	3.139094
243.3	9.074892	2.699926	11.774818	3.400840
243.4	7.979620	3.795212	11.774832	3.660375
243.5	7.393629	4.381219	11.774847	3.918268
243.6	7.745614	4.029250	11.774863	4.169487
243.7	8.571573	3.203307	11.774880	4.403556
243.8	9.013638	2.761259	11.774897	4.607200
243.9	8.779874	2.995039	11.774913	4.768581
244	8.377061	3.397867	11.774928	4.881832
244.1	8.376659	3.398283	11.774942	4.950341
244.2	8.739837	3.035119	11.774956	4.987574
244.3	9.021755	2.753213	11.774968	5.014927
244.4	9.061410	2.713570	11.774979	5.056674
244.5	9.181518	2.593472	11.774990	5.132542
244.6	9.563983	2.211018	11.775001	5.250071
244.7	9.784285	1.990729	11.775014	5.401538
244.8	9.339345	2.435682	11.775027	5.567155
244.9	8.300132	3.474909	11.775041	5.720434
245	7.256270	4.518785	11.775055	5.833383
245.1	6.813798	4.961270	11.775068	5.881946
245.2	7.173592	4.601489	11.775081	5.851264
245.3	8.037653	3.737441	11.775094	5.739376
245.4	8.848874	2.926233	11.775107	5.558123
245.5	9.173285	2.601835	11.775120	5.330730
245.6	8.979143	2.795989	11.775133	5.086180
245.7	8.668342	3.106802	11.775144	4.851220
245.8	8.698673	3.076482	11.775156	4.642493
245.9	8.974201	2.800966	11.775167	4.463836
246	8.950841	2.824338	11.775180	4.311072
246.1	8.541990	3.233203	11.775192	4.178295
246.2	8.422799	3.352406	11.775205	4.060617
246.3	9.184232	2.590985	11.775218	3.955332
246.4	10.357259	1.417970	11.775230	3.863574
246.5	10.635105	1.140137	11.775242	3.791715
246.6	9.344477	2.430778	11.775255	3.750801
246.7	7.473512	4.301755	11.775268	3.753363
246.8	6.800703	4.974578	11.775281	3.808638
246.9	7.957848	3.817447	11.775295	3.918541
247	9.675099	2.100211	11.775310	4.076624
247.1	10.181504	1.593821	11.775324	4.270491
247.2	9.180029	2.595309	11.775338	4.486261
247.3	8.080728	3.694624	11.775352	4.712920
247.4	8.273099	3.502266	11.775365	4.944709
247.5	9.558022	2.217357	11.775378	5.180562
247.6	10.479473	1.295918	11.775391	5.421222
247.7	9.999780	1.775622	11.775402	5.666158
247.8	8.618329	3.157084	11.775413	5.912309
247.9	7.749845	4.025578	11.775423	6.154914
248	8.172901	3.602533	11.775434	6.388980
248.1	9.368935	2.406510	11.775445	6.610166
248.2	10.192951	1.582506	11.775457	6.815026
248.3	9.914924	1.860546	11.775470	7.001259
248.4	8.822860	2.952622	11.775482	7.168441
248.5	7.964217	3.811278	11.775495	7.319031
248.6	8.156504	3.619002	11.775507	7.458579
248.7	9.200259	2.575260	11.775519	7.594161
248.8	10.144620	1.630910	11.775530	7.731052
248.9	10.250347	1.525193	11.775540	7.869165
249	9.531659	2.243892	11.775550	8.001374
249.1	8.500924	3.274636	11.775560	8.114962
249.2	7.715683	4.059887	11.775570	8.195735
249.3	7.518820	4.256760	11.775580	8.233229
249.4	7.907316	3.868276	11.775592	8.224893
249.5	8.534862	3.240742	11.775604	8.177208
249.6	8.886597	2.889021	11.775618	8.103237
249.7	8.595199	3.180433	11.775632	8.018192
249.8	7.756826	4.018819	11.775646	7.935268
249.9	6.972069	4.803590	11.775660	7.863291
250	6.950139	4.825534	11.775673	7.806335
250.1	7.923524	3.852162	11.775686	7.764313
250.2	9.347403	2.428297	11.775700	7.733565
250.3	10.152490	1.623223	11.775713	7.707425
250.4	9.515636	2.260091	11.775727	7.677618
250.5	7.731927	4.043813	11.775741	7.637025
250.6	6.276369	5.499385	11.775754	7.582962
250.7	6.559225	5.216543	11.775768	7.518769
250.8	8.458683	3.317099	11.775782	7.451843
250.9	10.307318	1.468479	11.775797	7.388923
251	10.438459	1.337353	11.775812	7.331820
251.1	8.707500	3.068327	11.775827	7.276335
251.2	6.568169	5.207673	11.775842	7.215074
251.3	5.759555	6.016302	11.775857	7.142289
251.4	6.822480	4.953392	11.775872	7.057612
251.5	8.696983	3.078904	11.775887	6.966274
251.6	9.738505	2.037397	11.775903	6.875966
251.7	9.222089	2.553829	11.775918	6.792857
251.8	7.892555	3.883377	11.775932	6.719761
251.9	7.098008	4.677938	11.775946	6.657337
252	7.513527	4.262434	11.775960	6.606329
252.1	8.717196	3.058778	11.775974	6.567847
252.2	9.767458	2.008529	11.775987	6.541070
252.3	9.971077	1.804923	11.776000	6.520606
252.4	9.243531	2.532482	11.776013	6.496084
252.5	8.114361	3.661665	11.776025	6.454885
252.6	7.480312	4.295726	11.776038	6.386840
252.7	8.000656	3.775394	11.776050	6.288518
252.8	9.434247	2.341814	11.776061	6.164933
252.9	10.649383	1.126690	11.776073	6.027873
253	10.549330	1.226755	11.776085	5.891770
253.1	9.114459	2.661638	11.776097	5.769330
253.2	7.450911	4.325198	11.776109	5.669251
253.3	6.773829	5.002292	11.776121	5.596677
253.4	7.352673	4.423460	11.776133	5.554470
253.5	8.361928	3.414218	11.776146	5.542802
253.6	8.731651	3.044507	11.776159	5.557020
253.7	8.186355	3.589817	11.776173	5.586140
253.8	7.428520	4.347667	11.776187	5.613862
253.9	7.302652	4.473550	11.776201	5.622356
254	7.867155	3.909061	11.776217	5.597396
254.1	8.418482	3.357750	11.776232	5.532683
254.2	8.434855	3.341392	11.776248	5.431636
254.3	8.236414	3.539849	11.776263	5.306230
254.4	8.495686	3.280592	11.776277	5.173729
254.5	9.257579	2.518712	11.776291	5.052846
254.6	9.804566	1.971738	11.776303	4.960572
254.7	9.599806	2.176509	11.776315	4.909681
254.8	8.973871	2.802456	11.776327	4.906072
254.9	8.589307	3.187033	11.776339	4.946389
255	8.619552	3.156802	11.776354	5.017904
255.1	8.710910	3.065460	11.776370	5.101308
255.2	8.467467	3.308920	11.776387	5.175198
255.3	7.870127	3.906277	11.776404	5.220827
255.4	7.345032	4.431388	11.776420	5.226012
255.5	7.431593	4.344843	11.776436	5.187396
255.6	8.298685	3.477766	11.776451	5.110645
255.7	9.540123	2.236341	11.776464	5.008666
255.8	10.427720	1.348756	11.776476	4.898416
255.9	10.413805	1.362681	11.776486	4.797131
256	9.530041	2.246455	11.776496	4.718635
256.1	8.381326	3.395181	11.776508	4.670471
256.2	7.762311	4.014210	11.776521	4.652914
256.3	8.090240	3.686295	11.776535	4.660359
256.4	9.038599	2.737951	11.776549	4.684202
256.5	9.818117	1.958446	11.776562	4.715800
256.6	9.929408	1.847165	11.776573	4.748519
256.7	9.600990	2.175591	11.776581	4.778413
256.8	9.416255	2.360332	11.776587	4.803529
256.9	9.659927	2.116666	11.776592	4.822386
257	10.157187	1.619412	11.776599	4.832628
257.1	10.473194	1.303413	11.776606	4.830881
257.2	10.168999	1.607618	11.776616	4.814171
257.3	9.093080	2.683548	11.776628	4.782151
257.4	7.582753	4.193888	11.776641	4.738466
257.5	6.349975	5.426681	11.776655	4.690032
257.6	6.050227	5.726443	11.776670	4.644661
257.7	6.830181	4.946503	11.776684	4.608650
257.8	8.226008	3.550689	11.776697	4.585475
257.9	9.506975	2.269734	11.776709	4.575614
258	10.136377	1.640344	11.776720	4.576929
258.1	9.987654	1.789077	11.776731	4.585138
258.2	9.323152	2.453588	11.776740	4.594475
258.3	8.597846	3.178902	11.776749	4.598992
258.4	8.046803	3.729955	11.776758	4.594637
258.5	7.540861	4.235906	11.776768	4.581330
258.6	7.081604	4.695175	11.776779	4.563453
258.7	7.076554	4.700237	11.776791	4.547689
258.8	7.820075	3.956729	11.776804	4.539301
258.9	8.861576	2.915242	11.776818	4.539517
259	9.184078	2.592754	11.776832	4.545517
259.1	8.245107	3.531740	11.776847	4.552317
259.2	6.747359	5.029503	11.776862	4.554838
259.3	6.049575	5.727301	11.776876	4.549050
259.4	6.710048	5.066843	11.776890	4.532142
259.5	7.837427	3.939477	11.776904	4.502317
259.6	8.122217	3.654701	11.776917	4.458797
259.7	7.407836	4.369094	11.776930	4.402211
259.8	6.902199	4.874743	11.776942	4.335117
259.9	7.728224	4.048730	11.776954	4.262200
260	9.534065	2.242903	11.776967	4.189796
260.1	10.778900	0.998080	11.776980	4.124637
260.2	10.290915	1.486079	11.776994	4.072018
260.3	8.401486	3.375521	11.777007	4.033933
260.4	6.584770	5.192250	11.777020	4.007896
260.5	6.128937	5.648096	11.777033	3.987156
260.6	7.159409	4.617638	11.777047	3.962420
260.7	8.742312	3.034748	11.777060	3.924514
260.8	9.754159	2.022914	11.777073	3.867038
260.9	9.716737	2.060350	11.777087	3.788159
261	9.008722	2.768378	11.777100	3.691108
261.1	8.379755	3.397358	11.777112	3.583288
261.2	8.232846	3.544278	11.777124	3.474386
261.3	8.366305	3.410831	11.777136	3.374160
261.4	8.371363	3.405785	11.777149	3.290674
261.5	8.143978	3.633183	11.777161	3.229397
261.6	7.910248	3.866926	11.777174	3.193036
261.7	7.881512	3.895674	11.777186	3.181618
261.8	8.073988	3.703211	11.777199	3.192398
261.9	8.407825	3.369387	11.777212	3.219666
262	8.787147	2.990078	11.777225	3.254881
262.1	9.052915	2.724322	11.777237	3.287573
262.2	8.998822	2.778427	11.777250	3.306995
262.3	8.505584	3.271678	11.777262	3.304128
262.4	7.611571	4.165703	11.777274	3.273469
262.5	6.583609	5.193676	11.777286	3.214199
262.6	5.998578	5.778720	11.777298	3.130541
262.7	6.388181	5.389130	11.777311	3.031259
262.8	7.578697	4.198627	11.777324	2.928327
262.9	8.649598	3.127740	11.777338	2.834915
263	8.806301	2.971051	11.777352	2.763087
263.1	8.202983	3.574383	11.777366	2.721888
263.2	7.731741	4.045639	11.777380	2.716558
263.3	8.031768	3.745626	11.777394	2.749112
263.4	8.854658	2.922748	11.777406	2.819717
263.5	9.445928	2.331490	11.777419	2.927761
263.6	9.389479	2.387951	11.777430	3.071663
263.7	8.882968	2.894474	11.777442	3.247296
263.8	8.271452	3.506002	11.777454	3.446022
263.9	7.649186	4.128281	11.777467	3.654180
264	7.092479	4.685003	11.777482	3.855189
264.1	6.992962	4.784535	11.777497	4.033705
264.2	7.748938	4.028575	11.777514	4.180035
264.3	9.090380	2.687151	11.777530	4.293053
264.4	9.970173	1.807374	11.777547	4.380685
264.5	9.405559	2.372005	11.777564	4.458004
264.6	7.517844	4.259736	11.777580	4.543781
264.7	5.654138	6.123457	11.777595	4.656576
264.8	5.358585	6.419025	11.777610	4.810897
264.9	7.012415	4.765209	11.777624	5.013523
265	9.330739	2.446901	11.777640	5.260695
265.1	10.415552	1.362104	11.777656	5.537837
265.2	9.526214	2.251458	11.777672	5.822675
265.3	7.713417	4.064272	11.777689	6.090854
265.4	6.625554	5.152152	11.777706	6.322167
265.5	6.857143	4.920580	11.777723	6.505436
265.6	7.643955	4.133784	11.777739	6.640851
265.7	8.043841	3.733914	11.777755	6.739555
265.8	8.033722	3.744047	11.777769	6.820900
265.9	8.214760	3.563023	11.777783	6.907991
266	8.724371	3.053426	11.777797	7.022222
266.1	8.956933	2.820879	11.777812	7.178193
266.2	8.380133	3.397695	11.777827	7.380959
266.3	7.324299	4.453544	11.777843	7.626270
266.4	6.790562	4.987297	11.777859	7.902549
266.5	7.397986	4.379890	11.777875	8.193299
266.6	8.587215	3.190676	11.777892	8.479683
266.7	9.107423	2.670485	11.777908	8.743711
266.8	8.390493	3.387431	11.777924	8.971809
266.9	7.221057	4.556882	11.777939	9.157786
267	6.856591	4.921362	11.777954	9.304191
267.1	7.681806	4.096161	11.777968	9.421617
267.2	8.943206	2.834776	11.777982	9.525984
267.3	9.581114	2.196881	11.777995	9.634411
267.4	9.137376	2.640634	11.778009	9.760950
267.5	8.011588	3.766435	11.778023	9.913437
267.6	7.008386	4.769651	11.778037	10.092079
267.7	6.674449	5.103603	11.778052	10.290061
267.8	7.004651	4.773416	11.778067	10.496030
267.9	7.628029	4.150053	11.778081	10.697268
268	8.155439	3.622657	11.778096	10.882105
268.1	8.405892	3.372218	11.778111	11.041514
268.2	8.414320	3.363805	11.778125	11.170700
268.3	8.236343	3.541796	11.778139	11.270668
268.4	7.833356	3.944797	11.778153	11.348669
268.5	7.306016	4.472152	11.778167	11.416736
268.6	7.062818	4.715363	11.778181	11.488527
268.7	7.465924	4.312271	11.778194	11.575471
268.8	8.353669	3.424538	11.778208	11.683427
268.9	9.098158	2.680063	11.778221	11.810666
269	9.156703	2.621533	11.778236	11.947499
269.1	8.494333	3.283917	11.778250	12.077697
269.2	7.521400	4.256866	11.778266	12.181988
269.3	6.750842	5.027439	11.778281	12.243500
269.4	6.516241	5.262057	11.778298	12.253719
269.5	6.894788	4.883526	11.778314	12.216227
269.6	7.740400	4.037931	11.778331	12.146153
269.7	8.687418	3.090930	11.778348	12.065713
269.8	9.186617	2.591747	11.778364	11.998014
269.9	8.776178	3.002204	11.778382	11.961456
270	7.533118	4.245281	11.778399	11.966200
270.1	6.229074	5.549343	11.778417	12.013002
270.2	5.855714	5.922722	11.778435	12.094117
270.3	6.828288	4.950167	11.778454	12.195972
270.4	8.518874	3.259600	11.778474	12.302971
270.5	9.605555	2.172938	11.778493	12.401304
270.6	9.154544	2.623968	11.778512	12.481559
270.7	7.519519	4.259011	11.778531	12.539401
270.8	6.053250	5.725298	11.778548	12.574353
270.9	5.849158	5.929406	11.778564	12.587497
271	6.841402	4.937179	11.778581	12.579250
271.1	8.069459	3.709139	11.778598	12.548237
271.2	8.637899	3.140714	11.778614	12.491634
271.3	8.382306	3.396323	11.778629	12.406860
271.4	7.767478	4.011165	11.778643	12.294043
271.5	7.366129	4.412528	11.778658	12.158343
271.6	7.506632	4.272040	11.778672	12.011116
271.7	8.160501	3.618185	11.778686	11.869262
271.8	8.873242	2.905458	11.778701	11.752706
271.9	8.974908	2.803808	11.778716	11.680518
272	8.234185	3.544546	11.778731	11.666537
272.1	7.214561	4.564185	11.778746	11.715591
272.2	6.720789	5.057972	11.778761	11.821369
272.3	6.983930	4.794846	11.778777	11.966634
272.4	7.477823	4.300971	11.778793	12.125936
272.5	7.514838	4.263972	11.778810	12.270417
272.6	7.081011	4.697816	11.778827	12.373720
272.7	6.981523	4.797319	11.778842	12.417542
272.8	7.913079	3.865778	11.778857	12.395322
272.9	9.427794	2.351077	11.778871	12.313132
273	10.175616	1.603269	11.778885	12.187859
273.1	9.377451	2.401447	11.778898	12.043376
273.2	7.845427	3.933484	11.778910	11.905571
273.3	7.222162	4.556761	11.778923	11.797275
273.4	8.107290	3.671646	11.778937	11.734102
273.5	9.185862	2.593090	11.778952	11.722128
273.6	8.670421	3.108548	11.778969	11.757941
273.7	6.531570	5.247415	11.778986	11.831014
273.8	4.728165	7.050838	11.779003	11.927644
273.9	5.083350	6.695670	11.779020	12.035156
274	7.338850	4.440187	11.779037	12.144923
274.1	9.542082	2.236972	11.779053	12.253261
274.2	10.018095	1.760974	11.779069	12.360033
274.3	8.659121	3.119963	11.779085	12.465849
274.4	6.643089	5.136011	11.779100	12.569365
274.5	5.448363	6.330753	11.779116	12.666205
274.6	5.883656	5.895475	11.779131	12.750002
274.7	7.459065	4.320082	11.779147	12.814607
274.8	8.759615	3.019548	11.779163	12.855825
274.9	8.806886	2.972292	11.779178	12.871667
275	8.060007	3.719186	11.779194	12.861689
275.1	7.838746	3.940462	11.779208	12.826854
275.2	8.657007	3.122217	11.779223	12.770522
275.3	9.361039	2.418201	11.779240	12.699785
275.4	8.447989	3.331270	11.779259	12.625959
275.5	6.288455	5.490824	11.779279	12.563434
275.6	5.105579	6.673719	11.779298	12.526971
275.7	6.335022	5.444296	11.779318	12.528354
275.8	8.816630	2.962706	11.779336	12.573742
275.9	10.168288	1.611067	11.779354	12.662628
276	9.464549	2.314822	11.779371	12.788310
276.1	7.919844	3.859543	11.779387	12.939082
276.2	7.138551	4.640852	11.779403	13.099502
276.3	7.458710	4.320710	11.779419	13.251746
276.4	8.058484	3.720952	11.779436	13.377438
276.5	8.109247	3.670205	11.779452	13.460095
276.6	7.564633	4.214835	11.779468	13.487718
276.7	7.000606	4.778878	11.779484	13.454952
276.8	6.953657	4.825844	11.779500	13.364346
276.9	7.483548	4.295967	11.779516	13.226423
277	8.225420	3.554110	11.779530	13.058293
277.1	8.738310	3.041234	11.779544	12.880658
277.2	8.816418	2.963139	11.779557	12.713576
277.3	8.575914	3.203655	11.779569	12.572043
277.4	8.340450	3.439132	11.779582	12.462667
277.5	8.393799	3.385795	11.779595	12.382607
277.6	8.721580	3.058028	11.779607	12.321386
277.7	8.978177	2.801443	11.779620	12.264736
277.8	8.795078	2.984555	11.779633	12.198546
277.9	8.207689	3.571956	11.779646	12.111594
278	7.721093	4.058566	11.779659	11.996858
278.1	7.884592	3.895080	11.779672	11.851671
278.2	8.760937	3.018749	11.779686	11.677136
278.3	9.704361	2.075339	11.779700	11.477065
278.4	9.718778	2.060936	11.779713	11.256678
278.5	8.400478	3.379249	11.779727	11.021305
278.6	6.623924	5.155817	11.779740	10.775406
278.7	5.961321	5.818432	11.779753	10.522218
278.8	7.220296	4.559470	11.779766	10.264182
278.9	9.604709	2.175069	11.779779	10.003933
279	11.357647	0.422144	11.779791	9.745286
279.1	11.233880	0.545923	11.779803	9.493526
279.2	9.435677	2.344136	11.779813	9.254697
279.3	7.306439	4.473384	11.779823	9.034218
279.4	6.248362	5.531470	11.779832	8.835499
279.5	6.738748	5.041094	11.779842	8.659056
279.6	8.123672	3.656181	11.779853	8.502268
279.7	9.324017	2.455847	11.779864	8.359625
279.8	9.717202	2.062673	11.779876	8.223313
279.9	9.392646	2.387241	11.779887	8.084083
280	8.807861	2.972038	11.779899	7.932479
280.1	8.372378	3.407532	11.779910	7.760385
280.2	8.266362	3.513558	11.779920	7.562785
280.3	8.464126	3.315804	11.779930	7.339426
280.4	8.818732	2.961207	11.779939	7.095859
280.5	9.116881	2.663067	11.779947	6.843258
280.6	9.137042	2.642915	11.779956	6.596706
280.7	8.790581	2.989384	11.779966	6.372302
280.8	8.287854	3.492121	11.779975	6.183924
280.9	8.095372	3.684613	11.779985	6.040579
281	8.525498	3.254498	11.779996	5.944874
281.1	9.271113	2.508894	11.780007	5.892674
281.2	9.523432	2.256587	11.780018	5.873742
281.3	8.747828	3.032203	11.780031	5.873179
281.4	7.327390	4.452653	11.780043	5.873639
281.5	6.336193	5.443862	11.780055	5.858265
281.6	6.611137	5.168929	11.780066	5.814018
281.7	8.017349	3.762728	11.780078	5.734522
281.8	9.603795	2.176294	11.780089	5.621187
281.9	10.430273	1.349827	11.780100	5.481761
282	10.226868	1.553242	11.780110	5.326998
282.1	9.388166	2.391954	11.780119	5.167259
282.2	8.531118	3.249011	11.780129	5.010692
282.3	8.059701	3.720438	11.780138	4.863501
282.4	7.990674	3.789475	11.780148	4.731463
282.5	8.115436	3.664723	11.780159	4.621054
282.6	8.289531	3.490639	11.780170	4.538791
282.7	8.527064	3.253118	11.780182	4.488837
282.8	8.891944	2.888250	11.780194	4.470633
282.9	9.362903	2.417302	11.780205	4.478319
283	9.755365	2.024852	11.780216	4.501341
283.1	9.782525	1.997703	11.780228	4.524714
283.2	9.274075	2.506164	11.780239	4.529723
283.3	8.351998	3.428253	11.780250	4.496849
283.4	7.390057	4.390205	11.780262	4.410562
283.5	6.795261	4.985014	11.780275	4.264038
283.6	6.776073	5.004214	11.780287	4.061934
283.7	7.258051	4.522249	11.780300	3.820285
283.8	7.983407	3.796906	11.780313	3.563472
283.9	8.675384	3.104941	11.780326	3.319034
284	9.115117	2.665220	11.780338	3.111675
284.1	9.141162	2.639188	11.780349	2.958157
284.2	8.716897	3.063464	11.780361	2.864375
284.3	8.045008	3.735365	11.780373	2.824981
284.4	7.516809	4.263575	11.780384	2.825162
284.5	7.454420	4.325976	11.780396	2.844126
284.6	7.870989	3.909419	11.780407	2.859592
284.7	8.459668	3.320751	11.780419	2.852190
284.8	8.848440	2.931992	11.780431	2.808936
284.9	8.936336	2.844108	11.780444	2.725617
285	8.930712	2.849745	11.780457	2.607962
285.1	9.007861	2.772609	11.780470	2.471090
285.2	9.054492	2.725990	11.780482	2.336386
285.3	8.842830	2.937663	11.780493	2.225524
285.4	8.418286	3.362217	11.780503	2.153068
285.5	8.171986	3.608526	11.780512	2.121194
285.6	8.361587	3.418936	11.780522	2.119764
285.7	8.656362	3.124171	11.780533	2.131163
285.8	8.475887	3.304658	11.780545	2.136292
285.9	7.760312	4.020247	11.780558	2.118998
286	7.121480	4.659092	11.780572	2.068510
286.1	7.164840	4.615746	11.780585	1.980413
286.2	7.826335	3.954263	11.780599	1.856682
286.3	8.510724	3.269887	11.780611	1.704949
286.4	8.817491	2.963131	11.780622	1.537081
286.5	8.914639	2.865992	11.780631	1.367178
286.6	9.123153	2.657486	11.780639	1.209284
286.7	9.405956	2.374692	11.780648	1.075347
286.8	9.432543	2.348113	11.780656	0.974155
286.9	8.989406	2.791259	11.780665	0.911674
287	8.290951	3.489724	11.780675	0.891679
287.1	7.904102	3.876584	11.780686	0.914140
287.2	8.216719	3.563979	11.780698	0.971298
287.3	8.910187	2.870524	11.780711	1.045839
287.4	9.123897	2.656827	11.780725	1.114030
287.5	8.336408	3.444330	11.780738	1.151516
287.6	7.066199	4.714553	11.780751	1.138753
287.7	6.498341	5.282423	11.780764	1.064928
287.8	7.316348	4.464428	11.780776	0.930140
287.9	8.984147	2.796640	11.780787	0.746150
288	10.260318	1.520481	11.780799	0.537443
288.1	10.356098	1.424713	11.780811	0.351134
288.2	9.479846	2.300976	11.780822	0.288871
288.3	8.388852	3.391981	11.780833	0.392595
288.4	7.678354	4.102491	11.780844	0.545601
288.5	7.499493	4.281362	11.780855	0.688283
288.6	7.711796	4.069070	11.780866	0.807532
288.7	8.133589	3.647288	11.780877	0.903503
288.8	8.649325	3.131563	11.780888	0.980822
288.9	9.170309	2.610590	11.780899	1.046277
289	9.573680	2.207232	11.780911	1.107832
289.1	9.694967	2.085956	11.780923	1.173301
289.2	9.359737	2.421198	11.780935	1.249387
289.3	8.508341	3.272606	11.780947	1.342451
289.4	7.459678	4.321281	11.780959	1.460173
289.5	6.922371	4.858601	11.780971	1.611173
289.6	7.374221	4.406763	11.780984	1.801163
289.7	8.420374	3.360624	11.780998	2.028345
289.8	9.091177	2.689834	11.781011	2.282271
289.9	8.869278	2.911746	11.781024	2.547159
290	8.240039	3.540998	11.781037	2.807161
290.1	8.123060	3.657989	11.781049	3.050711
290.2	8.817112	2.963949	11.781061	3.272524
290.3	9.616756	2.164317	11.781072	3.473257
290.4	9.584243	2.196841	11.781083	3.657676
290.5	8.672129	3.108964	11.781094	3.832378
290.6	7.827061	3.954043	11.781104	4.003829
290.7	7.871238	3.909877	11.781115	4.177104
290.8	8.599991	3.181136	11.781127	4.355374
290.9	9.115015	2.666125	11.781140	4.539980
291	8.808346	2.972808	11.781154	4.730867
291.1	7.930394	3.850774	11.781168	4.927169
291.2	7.274782	4.506400	11.781182	5.127754
291.3	7.419685	4.361512	11.781196	5.331625
291.4	8.304508	3.476702	11.781210	5.538091
291.5	9.368737	2.412486	11.781224	5.746733
291.6	9.888363	1.892873	11.781236	5.957265
291.7	9.398728	2.382520	11.781249	6.169412
291.8	8.229363	3.551899	11.781261	6.382911
291.9	7.438342	4.342933	11.781275	6.597653
292	7.764030	4.017258	11.781288	6.813872
292.1	8.733278	3.048023	11.781302	7.032183
292.2	9.130873	2.650442	11.781315	7.253314
292.3	8.362167	3.419162	11.781329	7.477492
292.4	7.154005	4.627338	11.781343	7.703726
292.5	6.794387	4.986970	11.781357	7.929382
292.6	7.706124	4.075248	11.781372	8.150355
292.7	8.871057	2.910330	11.781387	8.361887
292.8	8.812048	2.969354	11.781402	8.559708
292.9	7.216599	4.564818	11.781417	8.741088
293	5.411543	6.369888	11.781431	8.905441
293.1	5.069235	6.712210	11.781445	9.054366
293.2	6.575003	5.206455	11.781458	9.191214
293.3	8.768142	3.013329	11.781471	9.320341
293.4	10.159864	1.621619	11.781483	9.446188
293.5	10.299241	1.482252	11.781493	9.572237
293.6	9.917955	1.863546	11.781501	9.700020
293.7	9.878085	1.903423	11.781508	9.828498
293.8	10.246924	1.534591	11.781515	9.954234
293.9	10.437868	1.343655	11.781522	10.072508
294	10.029842	1.751688	11.781530	10.179065
294.1	9.255431	2.526109	11.781539	10.271854
294.2	8.688081	3.093469	11.781550	10.352078
294.3	8.607589	3.173972	11.781562	10.424123
294.4	8.793604	2.987970	11.781574	10.494293
294.5	8.904552	2.877034	11.781586	10.568715
294.6	8.897388	2.884209	11.781597	10.651088
294.7	8.958068	2.823540	11.781607	10.741038
294.8	9.135115	2.646502	11.781617	10.833520
294.9	9.242690	2.538936	11.781626	10.919321
295	9.112767	2.668868	11.781636	10.986565
295.1	8.789663	2.991983	11.781645	11.023165
295.2	8.466920	3.314736	11.781656	11.019981
295.3	8.346145	3.435522	11.781667	10.973944
295.4	8.536962	3.244716	11.781678	10.890028
295.5	8.963699	2.817990	11.781689	10.781262
295.6	9.353957	2.427743	11.781701	10.666643
295.7	9.422309	2.359403	11.781712	10.567457
295.8	9.156592	2.625129	11.781722	10.502845
295.9	8.922622	2.859108	11.781730	10.485572
296	9.179910	2.601828	11.781738	10.518897
296.1	9.969688	1.812057	11.781745	10.595336
296.2	10.699174	1.082579	11.781753	10.697816
296.3	10.599532	1.182231	11.781763	10.803136
296.4	9.503918	2.277856	11.781774	10.886989
296.5	8.111323	3.670463	11.781786	10.929387
296.6	7.393759	4.388039	11.781798	10.919169
296.7	7.751260	4.030549	11.781810	10.856523
296.8	8.767735	3.014086	11.781821	10.752915
296.9	9.700883	2.080949	11.781832	10.628509
297	10.080946	1.700896	11.781842	10.507656
297.1	9.874803	1.907048	11.781851	10.413334
297.2	9.307687	2.474173	11.781860	10.361700
297.3	8.694954	3.086916	11.781869	10.358223
297.4	8.357847	3.424033	11.781879	10.396845
297.5	8.488918	3.292972	11.781890	10.462679
297.6	8.987924	2.793977	11.781901	10.537120
297.7	9.498252	2.283661	11.781913	10.603315
297.8	9.706652	2.075274	11.781926	10.650216
297.9	9.603162	2.178775	11.781938	10.674371
298	9.417057	2.364892	11.781949	10.679316
298.1	9.329901	2.452058	11.781959	10.672957
298.2	9.306645	2.475323	11.781968	10.663777
298.3	9.227696	2.554280	11.781976	10.657092
298.4	9.109643	2.672342	11.781985	10.652602
298.5	9.055412	2.726582	11.781994	10.643956
298.6	8.995514	2.786491	11.782005	10.620367
298.7	8.692827	3.089189	11.782016	10.569794
298.8	8.135887	3.646142	11.782029	10.482722
298.9	7.783975	3.998066	11.782041	10.355284
299	8.201508	3.580545	11.782053	10.190635
299.1	9.367406	2.414660	11.782065	9.998053
299.2	10.462796	1.319280	11.782076	9.790038
299.3	10.594348	1.187739	11.782086	9.578547
299.4	9.769109	2.012986	11.782095	9.371925
299.5	8.901263	2.880839	11.782102	9.173760
299.6	8.802145	2.979964	11.782109	8.983695
299.7	9.400544	2.381573	11.782117	8.799212
299.8	10.002435	1.779690	11.782126	8.617372
299.9	10.080379	1.701756	11.782135	8.436070
300	9.690605	2.091539	11.782144	8.254630
300.1	9.239143	2.543011	11.782154	8.073629
300.2	9.031508	2.750655	11.782163	7.894079
300.3	9.121059	2.661112	11.782171	7.716315
300.4	9.445003	2.337176	11.782179	7.539067
300.5	9.886970	1.895217	11.782187	7.359143
300.6	10.208567	1.573628	11.782195	7.171886
300.7	10.114593	1.667611	11.782205	6.972412
300.8	9.514160	2.268055	11.782214	6.757442
300.9	8.712534	3.069692	11.782225	6.527350
301	8.228127	3.554109	11.782236	6.287639
301.1	8.333943	3.448304	11.782247	6.048923
301.2	8.815733	2.966525	11.782258	5.824968
301.3	9.210502	2.571766	11.782269	5.629318
301.4	9.259651	2.522629	11.782279	5.471757
301.5	9.128860	2.653430	11.782290	5.355722
301.6	9.147256	2.635045	11.782301	5.277271
301.7	9.336632	2.445680	11.782312	5.225633
301.8	9.377707	2.404617	11.782324	5.185147
301.9	9.096711	2.685625	11.782336	5.138286
302	8.738407	3.043942	11.782348	5.069242
302.1	8.662396	3.119965	11.782360	4.967280
302.2	8.960727	2.821645	11.782372	4.829153
302.3	9.440151	2.342231	11.782383	4.660097
302.4	9.825484	1.956908	11.782392	4.473049
302.5	9.916789	1.865613	11.782402	4.285896
302.6	9.690326	2.092085	11.782411	4.117248
302.7	9.354523	2.427898	11.782421	3.981959
302.8	9.218869	2.563563	11.782431	3.887876
302.9	9.387284	2.395158	11.782442	3.834760
303	9.620816	2.161636	11.782452	3.815443
303.1	9.606080	2.176382	11.782462	3.818510
303.2	9.331105	2.451366	11.782471	3.831524
303.3	9.102229	2.680250	11.782479	3.843850
303.4	9.203194	2.579292	11.782486	3.848436
303.5	9.616512	2.165981	11.782493	3.842381
303.6	10.082107	1.700393	11.782500	3.826490
303.7	10.349963	1.432543	11.782506	3.804149
303.8	10.336143	1.446369	11.782513	3.779899
303.9	10.085389	1.697131	11.782520	3.758134
304	9.671553	2.110974	11.782527	3.742405
304.1	9.196724	2.585811	11.782536	3.735555
304.2	8.855845	2.926700	11.782545	3.740529
304.3	8.864099	2.918455	11.782553	3.760983
304.4	9.213264	2.569298	11.782562	3.800539
304.5	9.573981	2.208591	11.782571	3.860428
304.6	9.580192	2.202389	11.782581	3.937319
304.7	9.209170	2.573420	11.782590	4.023390
304.8	8.834224	2.948376	11.782600	4.108763
304.9	8.893427	2.889183	11.782610	4.184827
305	9.445692	2.336927	11.782619	4.246940
305.1	10.051150	1.731479	11.782629	4.295608
305.2	10.189963	1.592675	11.782638	4.335895
305.3	9.810469	1.972178	11.782647	4.375549
305.4	9.392723	2.389933	11.782656	4.422920
305.5	9.448910	2.333755	11.782665	4.485463
305.6	9.968334	1.814339	11.782673	4.568431
305.7	10.400837	1.381846	11.782682	4.672929
305.8	10.242318	1.540374	11.782692	4.794272
305.9	9.537020	2.245682	11.782702	4.922567
306	8.717662	3.065051	11.782713	5.045648
306.1	8.133430	3.649295	11.782725	5.152815
306.2	7.891961	3.890776	11.782737	5.237813
306.3	8.003270	3.779479	11.782750	5.300233
306.4	8.445394	3.337368	11.782762	5.345189
306.5	9.063573	2.719201	11.782774	5.381507
306.6	9.552576	2.230209	11.782785	5.418988
306.7	9.674800	2.107995	11.782796	5.465634
306.8	9.506384	2.276421	11.782805	5.525787
306.9	9.382569	2.400245	11.782814	5.599710
307	9.509771	2.273053	11.782824	5.684477
307.1	9.674344	2.108490	11.782834	5.775572
307.2	9.475905	2.306939	11.782844	5.868537
307.3	8.851927	2.930928	11.782855	5.960142
307.4	8.247638	3.535228	11.782866	6.048754
307.5	8.187249	3.595628	11.782878	6.133860
307.6	8.695966	3.086923	11.782889	6.214990
307.7	9.219164	2.563737	11.782901	6.290633
307.8	9.189199	2.593713	11.782912	6.357844
307.9	8.686176	3.096747	11.782923	6.412836
308	8.430383	3.352551	11.782934	6.452223
308.1	8.979658	2.803287	11.782945	6.474226
308.2	9.992524	1.790431	11.782955	6.479330
308.3	10.520620	1.262346	11.782966	6.470273
308.4	10.060235	1.722741	11.782976	6.451418
308.5	9.110304	2.672682	11.782987	6.427507
308.6	8.608913	3.174084	11.782997	6.401905
308.7	8.979578	2.803429	11.783006	6.374956
308.8	9.826215	1.956801	11.783016	6.343433
308.9	10.392890	1.390136	11.783026	6.301511
309	10.155297	1.627740	11.783037	6.242739
309.1	9.118406	2.664642	11.783048	6.162222
309.2	7.805874	3.977187	11.783061	6.058436
309.3	6.948933	4.834141	11.783074	5.934107
309.4	7.009027	4.774060	11.783087	5.795614
309.5	7.884981	3.898119	11.783101	5.650945
309.6	8.999734	2.783380	11.783114	5.507206
309.7	9.694080	2.089047	11.783127	5.368939
309.8	9.616081	2.167058	11.783139	5.237631
309.9	8.849049	2.934102	11.783151	5.111959
310	7.921249	3.861914	11.783163	4.988466
310.1	7.623006	4.160170	11.783176	4.862914
310.2	8.387678	3.395510	11.783188	4.732402
310.3	9.735912	2.047288	11.783201	4.597483
310.4	10.598878	1.184335	11.783213	4.463011
310.5	10.328536	1.454688	11.783224	4.336977
310.6	9.265062	2.518171	11.783233	4.227829
310.7	8.289504	3.493737	11.783241	4.141593
310.8	7.994183	3.789066	11.783249	4.079839
310.9	8.338074	3.445183	11.783257	4.038834
311	8.894522	2.888742	11.783264	4.009930
311.1	9.286936	2.496336	11.783272	3.981398
311.2	9.463715	2.319566	11.783281	3.941515
311.3	9.618333	2.164955	11.783289	3.882012
311.4	9.855434	1.927863	11.783297	3.800654
311.5	10.001200	1.782104	11.783304	3.702046
311.6	9.802773	1.980538	11.783311	3.596418
311.7	9.283779	2.499539	11.783318	3.496748
311.8	8.810912	2.972412	11.783324	3.414987
311.9	8.766122	3.017207	11.783329	3.358526
312	9.194955	2.588380	11.783335	3.328143
312.1	9.803008	1.980332	11.783340	3.318155
312.2	10.231139	1.552207	11.783346	3.318330
312.3	10.294706	1.488646	11.783352	3.316389
312.4	10.053342	1.730018	11.783359	3.300351
312.5	9.738893	2.044474	11.783367	3.260647
312.6	9.561204	2.222171	11.783375	3.192196
312.7	9.511418	2.271965	11.783383	3.096163
312.8	9.390441	2.392950	11.783392	2.980571
312.9	9.082721	2.700678	11.783399	2.858887
313	8.748893	3.034514	11.783406	2.746762
313.1	8.661454	3.121959	11.783413	2.658303
313.2	8.891517	2.891903	11.783420	2.603427
313.3	9.248471	2.534957	11.783428	2.586668
313.4	9.491132	2.292305	11.783437	2.606478
313.5	9.519090	2.264357	11.783447	2.654468
313.6	9.365769	2.417688	11.783457	2.715884
313.7	9.090534	2.692934	11.783468	2.772660
313.8	8.765768	3.017711	11.783479	2.808430
313.9	8.538990	3.244500	11.783490	2.813315
314	8.565488	3.218012	11.783500	2.786662
314.1	8.840776	2.942734	11.783510	2.737046
314.2	9.202211	2.581309	11.783520	2.679818
314.3	9.489538	2.293993	11.783531	2.633045
314.4	9.597311	2.186231	11.783542	2.613070
314.5	9.422338	2.361215	11.783553	2.630923
314.6	8.972251	2.811313	11.783564	2.690378
314.7	8.553459	3.230117	11.783576	2.787675
314.8	8.568515	3.215071	11.783587	2.912608
314.9	9.026061	2.757536	11.783597	3.050803
315	9.487238	2.296370	11.783608	3.186837
315.1	9.558612	2.225006	11.783619	3.307500
315.2	9.300683	2.482945	11.783628	3.404556
315.3	9.129937	2.653700	11.783637	3.476521
315.4	9.360305	2.423341	11.783645	3.528931
315.5	9.850486	1.933168	11.783654	3.572412
315.6	10.117866	1.665796	11.783663	3.618556
315.7	9.816449	1.967223	11.783672	3.675065
315.8	9.079370	2.704312	11.783682	3.742669
315.9	8.388536	3.395155	11.783692	3.815706
316	8.166266	3.617437	11.783703	3.886102
316.1	8.491649	3.292065	11.783714	3.948274
316.2	9.110059	2.673666	11.783725	4.002022
316.3	9.633874	2.149861	11.783735	4.051882
316.4	9.751729	2.032016	11.783746	4.103796
316.5	9.382250	2.401505	11.783755	4.161641
316.6	8.780285	3.003480	11.783764	4.226042
316.7	8.414048	3.369725	11.783773	4.295939
316.8	8.506033	3.277748	11.783781	4.371221
316.9	8.769649	3.014141	11.783791	4.453999
317	8.805814	2.977987	11.783801	4.547234
317.1	8.618107	3.165706	11.783812	4.651592
317.2	8.556246	3.227578	11.783824	4.762904
317.3	8.820321	2.963516	11.783837	4.872107
317.4	9.181575	2.602274	11.783849	4.967741
317.5	9.304768	2.479093	11.783861	5.039585
317.6	9.270934	2.512938	11.783872	5.081927
317.7	9.436042	2.347840	11.783882	5.095541
317.8	9.713164	2.070728	11.783893	5.087958
317.9	9.617017	2.166888	11.783904	5.071840
318	9.027474	2.756443	11.783917	5.061849
318.1	8.450917	3.333014	11.783931	5.070996
318.2	8.547466	3.236479	11.783945	5.107084
318.3	9.331612	2.452348	11.783960	5.169563
318.4	9.910137	1.873839	11.783975	5.248236
318.5	9.364966	2.419024	11.783991	5.325560
318.6	7.923433	3.860573	11.784005	5.381941
318.7	6.896820	4.887199	11.784019	5.401651
318.8	7.235048	4.548985	11.784033	5.377189
318.9	8.437984	3.346063	11.784047	5.310815
319	9.213753	2.570309	11.784061	5.213114
319.1	8.973416	2.810661	11.784076	5.099406
319.2	8.344379	3.439712	11.784091	4.985372
319.3	8.234430	3.549676	11.784106	4.883245
319.4	8.716804	3.067317	11.784121	4.799502
319.5	9.103479	2.680656	11.784135	4.734222
319.6	8.971713	2.812435	11.784148	4.681995
319.7	8.685859	3.098302	11.784161	4.634106
319.8	8.755677	3.028496	11.784173	4.581226
319.9	9.062791	2.721393	11.784184	4.515667
320	9.121254	2.662943	11.784197	4.432708
320.1	8.836612	2.947598	11.784209	4.331070
320.2	8.593130	3.191091	11.784221	4.212783
320.3	8.714658	3.069575	11.784233	4.082596
320.4	9.113236	2.671009	11.784245	3.946985
320.5	9.485691	2.298565	11.784256	3.812838
320.6	9.679591	2.104676	11.784267	3.686065
320.7	9.729180	2.055097	11.784277	3.570555
320.8	9.657136	2.127151	11.784287	3.467893
320.9	9.516311	2.267985	11.784296	3.377823
321	9.536321	2.247985	11.784306	3.299003
321.1	9.787361	1.996954	11.784316	3.229572
321.2	9.789457	1.994869	11.784327	3.167450
321.3	9.070560	2.713779	11.784339	3.110435
321.4	8.034941	3.749411	11.784352	3.056279
321.5	7.699163	4.085202	11.784365	3.002832
321.6	8.499414	3.284965	11.784379	2.948325
321.7	9.696512	2.087882	11.784394	2.891721
321.8	10.128312	1.656095	11.784408	2.833107
321.9	9.416912	2.367509	11.784421	2.774289
322	8.276106	3.508328	11.784434	2.719751
322.1	7.714374	4.070072	11.784446	2.677381
322.2	8.146857	3.637601	11.784458	2.657548
322.3	9.152192	2.632278	11.784471	2.670013
322.4	9.815481	1.969003	11.784485	2.720322
322.5	9.506642	2.277859	11.784501	2.807759
322.6	8.512079	3.272438	11.784517	2.925530
322.7	7.708915	4.075619	11.784533	3.062502
322.8	7.619598	4.164952	11.784550	3.205716
322.9	8.058130	3.726436	11.784567	3.343233
323	8.648808	3.135775	11.784583	3.466989
323.1	9.254510	2.530088	11.784598	3.575174
323.2	9.702686	2.081926	11.784613	3.673301
323.3	9.555927	2.228700	11.784627	3.772903
323.4	8.693922	3.090719	11.784641	3.887525
323.5	7.870515	3.914140	11.784655	4.027794
323.6	8.068967	3.715702	11.784669	4.198206
323.7	9.278829	2.505854	11.784683	4.396593
323.8	10.298860	1.485837	11.784697	4.615302
323.9	9.930198	1.854513	11.784712	4.843014
324	8.328901	3.455825	11.784726	5.066943
324.1	6.973479	4.811262	11.784741	5.275403
324.2	7.151692	4.633065	11.784756	5.460208
324.3	8.601886	3.182886	11.784772	5.617994
324.4	9.841368	1.943419	11.784787	5.750025
324.5	9.825359	1.959442	11.784801	5.860897
324.6	9.023808	2.761005	11.784813	5.957074
324.7	8.669416	3.115407	11.784822	6.045947
324.8	9.226082	2.558748	11.784831	6.135294
324.9	10.047766	1.737073	11.784839	6.232560
325	10.352186	1.432662	11.784848	6.343704
325.1	10.028426	1.756431	11.784858	6.472066
325.2	9.496840	2.288027	11.784867	6.617910
325.3	9.078877	2.706000	11.784877	6.778830
325.4	8.707289	3.077599	11.784888	6.950525
325.5	8.237401	3.547499	11.784900	7.127165
325.6	7.795518	3.989394	11.784912	7.301031
325.7	7.623075	4.161849	11.784925	7.461997
325.8	7.694826	4.090112	11.784937	7.597784
325.9	7.745578	4.039372	11.784950	7.695538
326	7.702878	4.082083	11.784962	7.744400
326.1	7.879631	3.905341	11.784973	7.738239
326.2	8.594281	3.190701	11.784983	7.677596
326.3	9.689279	2.095713	11.784992	7.570234
326.4	10.564943	1.220057	11.785000	7.430122
326.5	10.705563	1.079446	11.785008	7.275008
326.6	10.153309	1.631707	11.785016	7.122873
326.7	9.488533	2.296490	11.785023	6.987724
326.8	9.290744	2.494286	11.785030	6.875771
326.9	9.565395	2.219643	11.785039	6.783700
327	9.785818	1.999230	11.785048	6.700109
327.1	9.519549	2.265508	11.785057	6.609407
327.2	8.910920	2.874147	11.785067	6.496526
327.3	8.515399	3.269678	11.785077	6.351032
327.4	8.742891	3.042195	11.785086	6.169768
327.5	9.513047	2.272048	11.785095	5.957501
327.6	10.367863	1.417240	11.785103	5.725404
327.7	10.829013	0.956097	11.785111	5.487515
327.8	10.728673	1.056445	11.785117	5.255980
327.9	10.328569	1.456554	11.785123	5.036659
328	10.080158	1.704971	11.785129	4.827068
328.1	10.186229	1.598906	11.785135	4.617968
328.2	10.437165	1.347977	11.785142	4.397835
328.3	10.491363	1.293786	11.785149	4.157783
328.4	10.242200	1.542957	11.785157	3.894795
328.5	9.885662	1.899503	11.785165	3.612787
328.6	9.681976	2.103198	11.785174	3.321880
328.7	9.693313	2.091870	11.785183	3.036392
328.8	9.751956	2.033236	11.785192	2.772024
328.9	9.676566	2.108635	11.785201	2.542874
329	9.513429	2.271781	11.785210	2.359013
329.1	9.521056	2.264162	11.785218	2.225228
329.2	9.857764	1.927462	11.785226	2.141058
329.3	10.303620	1.481615	11.785235	2.101599
329.4	10.415191	1.370053	11.785244	2.098309
329.5	10.011380	1.773874	11.785254	2.119771
329.6	9.371975	2.413290	11.785265	2.153184
329.7	8.915335	2.869940	11.785275	2.187138
329.8	8.832285	2.953001	11.785286	2.215092
329.9	9.037390	2.747907	11.785296	2.237990
330	9.335903	2.449403	11.785306	2.264057
330.1	9.592407	2.192907	11.785314	2.304570
330.2	9.726217	2.059106	11.785322	2.366932
330.3	9.590594	2.194737	11.785331	2.449452
330.4	9.111013	2.674328	11.785341	2.541740
330.5	8.603672	3.181679	11.785351	2.629648
330.6	8.604569	3.180793	11.785362	2.700310
330.7	9.220681	2.564693	11.785374	2.744674
330.8	9.868625	1.916760	11.785386	2.758043
330.9	9.858122	1.927276	11.785398	2.740074
331	9.176516	2.608894	11.785410	2.694676
331.1	8.508738	3.276683	11.785421	2.629234
331.2	8.424025	3.361407	11.785432	2.552593
331.3	8.707938	3.077505	11.785444	2.472146
331.4	8.713853	3.071602	11.785455	2.391495
331.5	8.297153	3.488313	11.785466	2.310143
331.6	8.078468	3.707009	11.785478	2.225119
331.7	8.669271	3.116218	11.785489	2.133018
331.8	9.820800	1.964702	11.785502	2.031215
331.9	10.530713	1.254801	11.785514	1.918628
332	10.010356	1.775171	11.785527	1.796961
332.1	8.468571	3.316968	11.785539	1.672503
332.2	6.951012	4.834539	11.785551	1.557110
332.3	6.501793	5.283769	11.785561	1.466510
332.4	7.418209	4.367363	11.785572	1.415183
332.5	9.079704	2.705879	11.785583	1.410563
332.6	10.365860	1.419734	11.785594	1.451893
332.7	10.427929	1.357676	11.785605	1.534770
332.8	9.373282	2.412336	11.785618	1.655651
332.9	8.217133	3.568497	11.785630	1.812033
333	7.964280	3.821363	11.785643	2.000269
333.1	8.679641	3.106014	11.785655	2.214584
333.2	9.516745	2.268921	11.785667	2.448150
333.3	9.636180	2.149499	11.785679	2.694860
333.4	9.019032	2.766659	11.785691	2.950369
333.5	8.396497	3.389206	11.785703	3.212070
333.6	8.458990	3.326726	11.785715	3.478494
333.7	9.115376	2.670352	11.785728	3.748846
333.8	9.522583	2.263159	11.785742	4.022936
333.9	8.965144	2.820613	11.785757	4.301121
334	7.744149	4.041623	11.785772	4.583691
334.1	7.036059	4.749727	11.785786	4.869810
334.2	7.739927	4.045874	11.785801	5.156820
334.3	9.502344	2.283471	11.785815	5.440476
334.4	10.931229	0.854599	11.785828	5.715838
334.5	10.790375	0.995466	11.785841	5.978140
334.6	9.115224	2.670630	11.785854	6.223315
334.7	7.265174	4.520692	11.785866	6.448256
334.8	6.760078	5.025800	11.785878	6.651012
334.9	7.910193	3.875697	11.785890	6.830917
335	9.583941	2.201962	11.785904	6.988578
335.1	10.314098	1.471820	11.785917	7.125662
335.2	9.607531	2.178400	11.785931	7.244649
335.3	8.259675	3.526270	11.785945	7.348770
335.4	7.504863	4.281096	11.785959	7.442254
335.5	7.841560	3.944413	11.785973	7.530568
335.6	8.637435	3.148552	11.785987	7.620055
335.7	8.947368	2.838632	11.786000	7.716655
335.8	8.642636	3.143376	11.786013	7.824031
335.9	8.468022	3.318003	11.786025	7.941903
336	8.992215	2.793821	11.786037	8.065439
336.1	9.814542	1.971507	11.786049	8.186112
336.2	10.014837	1.771224	11.786061	8.293831
336.3	9.278322	2.507751	11.786073	8.379723
336.4	8.337661	3.448423	11.786084	8.438667
336.5	8.160536	3.625558	11.786094	8.470708
336.6	8.741725	3.044379	11.786105	8.480796
336.7	9.116352	2.669765	11.786116	8.476840
336.8	8.703068	3.083061	11.786129	8.466756
336.9	8.038821	3.747320	11.786141	8.455608
337	7.999985	3.786168	11.786153	8.443892
337.1	8.698130	3.088035	11.786165	8.427641
337.2	9.374029	2.412148	11.786177	8.400453
337.3	9.261017	2.525172	11.786189	8.356772
337.4	8.459753	3.326448	11.786201	8.295020
337.5	7.876855	3.909358	11.786213	8.219139
337.6	8.191883	3.594341	11.786224	8.137899
337.7	9.013158	2.773078	11.786236	8.062263
337.8	9.347197	2.439051	11.786248	8.001874
337.9	8.876356	2.909905	11.786261	7.962119
338	8.372096	3.414178	11.786274	7.943084
338.1	8.683452	3.102834	11.786286	7.940719
338.2	9.612548	2.173750	11.786298	7.949058
338.3	10.137677	1.648633	11.786310	7.961986
338.4	9.730997	2.055324	11.786321	7.974096
338.5	9.019215	2.767117	11.786332	7.981044
338.6	8.883188	2.903155	11.786343	7.979807
338.7	9.248293	2.538061	11.786354	7.968811
338.8	9.236724	2.549641	11.786365	7.947799
338.9	8.415733	3.370643	11.786376	7.917401
339	7.458578	4.327810	11.786388	7.878547
339.1	7.428325	4.358073	11.786399	7.831973
339.2	8.567890	3.218520	11.786410	7.778031
339.3	9.972925	1.813496	11.786421	7.716894
339.4	10.492842	1.293589	11.786432	7.649178
339.5	9.853124	1.933317	11.786441	7.576792
339.6	8.803336	2.983115	11.786450	7.503506
339.7	8.293116	3.493344	11.786459	7.434686
339.8	8.662092	3.124376	11.786468	7.376075
339.9	9.489457	2.297021	11.786478	7.332181
340	10.083827	1.702660	11.786487	7.305039
340.1	10.102121	1.684377	11.786497	7.293825
340.2	9.714583	2.071923	11.786507	7.295205
340.3	9.307524	2.478993	11.786517	7.303982
340.4	9.137208	2.649318	11.786526	7.313794
340.5	9.236117	2.550418	11.786536	7.318010
340.6	9.519755	2.266789	11.786545	7.311009
340.7	9.799131	1.987422	11.786553	7.289667
340.8	9.659765	2.126799	11.786563	7.254639
340.9	8.732137	3.054438	11.786575	7.210872
341	7.297624	4.488963	11.786587	7.166949
341.1	6.263080	5.523520	11.786601	7.133136
341.2	6.390359	5.396256	11.786614	7.118541
341.3	7.622233	4.164395	11.786628	7.128295
341.4	9.125485	2.661156	11.786642	7.161718
341.5	9.996412	1.790243	11.786655	7.212116
341.6	9.982656	1.804011	11.786667	7.268272
341.7	9.552144	2.234533	11.786677	7.317201
341.8	9.308464	2.478221	11.786685	7.347476
341.9	9.408481	2.378211	11.786692	7.352262
342	9.568802	2.217897	11.786700	7.331398
342.1	9.566633	2.220075	11.786708	7.292006
342.2	9.520746	2.265972	11.786717	7.247227
342.3	9.566983	2.219745	11.786728	7.212797
342.4	9.472129	2.314611	11.786740	7.202053
342.5	8.849559	2.937194	11.786753	7.221313
342.6	7.806670	3.980097	11.786767	7.267722
342.7	7.124205	4.662576	11.786781	7.330237
342.8	7.496488	4.290307	11.786795	7.393114
342.9	8.613615	3.173194	11.786809	7.440645
343	9.301850	2.484973	11.786823	7.461661
343.1	8.781747	3.005090	11.786837	7.452408
343.2	7.647746	4.139104	11.786850	7.417009
343.3	7.304381	4.482482	11.786863	7.365544
343.4	8.389750	3.397125	11.786875	7.310388
343.5	10.019816	1.767071	11.786886	7.261976
343.6	10.722299	1.064599	11.786898	7.225545
343.7	9.901325	1.885583	11.786909	7.200095
343.8	8.268206	3.518714	11.786920	7.179776
343.9	7.049215	4.737715	11.786931	7.157000
344	6.964686	4.822257	11.786943	7.126103
344.1	7.804370	3.982585	11.786955	7.086053
344.2	8.761712	3.025254	11.786966	7.041040
344.3	9.226137	2.560840	11.786978	6.998749
344.4	9.251141	2.535847	11.786988	6.967210
344.5	9.167754	2.619245	11.786998	6.951746
344.6	8.993813	2.793196	11.787009	6.953343
344.7	8.549697	3.237324	11.787021	6.968880
344.8	7.913973	3.873061	11.787034	6.992353
344.9	7.434005	4.353042	11.787047	7.016015
345	7.373652	4.413408	11.787060	7.031392
345.1	7.733623	4.053451	11.787073	7.030814
345.2	8.378663	3.408423	11.787086	7.009583
345.3	9.165035	2.622065	11.787099	6.967956
345.4	9.871856	1.915256	11.787112	6.911659
345.5	10.122819	1.664304	11.787123	6.850340
345.6	9.597237	2.189897	11.787134	6.794686
345.7	8.478454	3.308690	11.787144	6.753525
345.8	7.544652	4.242502	11.787153	6.732068
345.9	7.486858	4.300304	11.787163	6.731538
346	8.148844	3.638329	11.787173	6.749652
346.1	8.717106	3.070079	11.787185	6.781292
346.2	8.632684	3.154513	11.787197	6.819226
346.3	8.142025	3.645185	11.787210	6.855168
346.4	7.942293	3.844931	11.787223	6.881162
346.5	8.375981	3.411256	11.787237	6.890934
346.6	9.084668	2.702581	11.787249	6.880741
346.7	9.481050	2.306210	11.787261	6.849740
346.8	9.435838	2.351433	11.787271	6.800111
346.9	9.353570	2.433709	11.787279	6.736963
347	9.583073	2.204214	11.787287	6.667756
347.1	9.895595	1.891701	11.787296	6.601018
347.2	9.677075	2.110233	11.787308	6.544537
347.3	8.640970	3.146351	11.787321	6.503404
347.4	7.274258	4.513078	11.787336	6.478325
347.5	6.525265	5.262086	11.787351	6.464612
347.6	6.991886	4.795481	11.787366	6.452498
347.7	8.382482	3.404899	11.787381	6.429395
347.8	9.769168	2.018227	11.787395	6.383895
347.9	10.345935	1.441473	11.787408	6.310090
348	9.950549	1.836871	11.787420	6.210140
348.1	9.002633	2.784799	11.787432	6.093707
348.2	8.140962	3.646481	11.787443	5.974579
348.3	7.876431	3.911024	11.787455	5.866347
348.4	8.279805	3.507662	11.787467	5.778966
348.5	8.873518	2.913962	11.787480	5.716886
348.6	9.045067	2.742426	11.787494	5.678629
348.7	8.720315	3.067193	11.787507	5.658012
348.8	8.469835	3.317685	11.787521	5.646888
348.9	8.793163	2.994370	11.787533	5.638161
349	9.445804	2.341739	11.787544	5.627576
349.1	9.711709	2.075843	11.787553	5.613729
349.2	9.303154	2.484407	11.787560	5.596734
349.3	8.737668	3.049898	11.787567	5.576481
349.4	8.745871	3.041701	11.787572	5.551381
349.5	9.471426	2.316153	11.787578	5.518085
349.6	10.340549	1.447036	11.787586	5.472324
349.7	10.586344	1.201250	11.787595	5.410628
349.8	9.880574	1.907031	11.787605	5.332311
349.9	8.608285	3.179331	11.787617	5.240917
350	7.558927	4.228701	11.787628	5.144329
350.1	7.287511	4.500128	11.787639	5.053251
350.2	7.764076	4.023575	11.787650	4.978507
350.3	8.598517	3.189144	11.787661	4.928256
350.4	9.451421	2.336250	11.787670	4.906267
350.5	10.120917	1.666763	11.787680	4.911563
350.6	10.381407	1.406282	11.787689	4.938846
350.7	10.012355	1.775344	11.787699	4.978983
350.8	9.066611	2.721097	11.787708	5.019732
350.9	8.018257	3.769460	11.787717	5.047733
351	7.532039	4.255687	11.787726	5.052035
351.1	7.975420	3.812316	11.787736	5.027907
351.2	9.067736	2.720011	11.787747	4.978996
351.3	10.007288	1.780470	11.787758	4.916426
351.4	10.049816	1.737954	11.787770	4.854890
351.5	9.103475	2.684307	11.787782	4.807396
351.6	7.832163	3.955630	11.787793	4.781185
351.7	7.158769	4.629035	11.787804	4.776652
351.8	7.580416	4.207397	11.787813	4.789184
351.9	8.848597	2.939226	11.787823	4.812098
352	10.200798	1.587034	11.787832	4.838759
352.1	10.848347	0.939494	11.787842	4.863302
352.2	10.376166	1.411686	11.787852	4.880740
352.3	8.948277	2.839586	11.787864	4.887363
352.4	7.284532	4.503343	11.787876	4.881543
352.5	6.333427	5.454461	11.787889	4.864367
352.6	6.699394	5.088509	11.787902	4.839532
352.7	8.179596	3.608320	11.787916	4.812362
352.8	9.810965	1.976965	11.787930	4.788329
352.9	10.500579	1.287364	11.787943	4.771644
353	9.853564	1.934391	11.787956	4.764418
353.1	8.545221	3.242745	11.787966	4.766534
353.2	7.803811	3.984165	11.787976	4.776125
353.3	8.293018	3.494968	11.787986	4.790329
353.4	9.429334	2.358663	11.787997	4.805974
353.5	9.898870	1.889140	11.788010	4.819891
353.6	8.916341	2.871683	11.788024	4.828772
353.7	7.049082	4.738958	11.788040	4.828825
353.8	5.825172	5.962884	11.788056	4.815765
353.9	6.403091	5.384980	11.788072	4.785454
354	8.429076	3.359012	11.788087	4.735058
354.1	10.252543	1.535559	11.788102	4.664179
354.2	10.487383	1.300734	11.788116	4.575468
354.3	9.328741	2.459387	11.788129	4.474487
354.4	8.180654	3.607486	11.788139	4.368920
354.5	8.087165	3.700985	11.788150	4.267322
354.6	8.776660	3.011501	11.788161	4.177640
354.7	9.225042	2.563132	11.788174	4.105832
354.8	8.881112	2.907075	11.788187	4.055191
354.9	8.231188	3.557012	11.788200	4.026700
355	8.193305	3.594908	11.788213	4.019940
355.1	9.016361	2.771864	11.788225	4.033681
355.2	9.948003	1.840233	11.788237	4.065879
355.3	10.082991	1.705257	11.788248	4.113254
355.4	9.346574	2.441683	11.788257	4.170737
355.5	8.482802	3.305464	11.788266	4.230975
355.6	8.199720	3.588555	11.788275	4.284252
355.7	8.496703	3.291581	11.788285	4.319301
355.8	8.817874	2.970421	11.788295	4.325277
355.9	8.748446	3.039860	11.788306	4.294558
356	8.469966	3.318352	11.788318	4.225553
356.1	8.476772	3.311558	11.788331	4.124496
356.2	8.871356	2.916988	11.788344	4.005336
356.3	9.148752	2.639606	11.788358	3.887264
356.4	8.842929	2.945443	11.788372	3.790339
356.5	8.196065	3.592322	11.788386	3.730746
356.6	7.912794	3.875605	11.788399	3.717475
356.7	8.325313	3.463098	11.788411	3.751163
356.8	9.080786	2.707636	11.788422	3.824580
356.9	9.645442	2.142991	11.788433	3.924051
357	9.805114	1.983330	11.788444	4.031680
357.1	9.576204	2.212253	11.788457	4.128436
357.2	8.963672	2.824799	11.788471	4.197756
357.3	8.091041	3.697444	11.788485	4.228886
357.4	7.428226	4.360274	11.788500	4.219148
357.5	7.578323	4.210192	11.788515	4.174474
357.6	8.662747	3.125783	11.788530	4.107842
357.7	9.987512	1.801032	11.788544	4.035795
357.8	10.543674	1.244884	11.788558	3.973919
357.9	9.908277	1.880292	11.788569	3.932797
358	8.568784	3.219795	11.788579	3.916113
358.1	7.433387	4.355202	11.788589	3.921692
358.2	7.146787	4.641813	11.788600	3.944433
358.3	7.766356	4.022255	11.788611	3.978940
358.4	8.848714	2.939909	11.788623	4.020612
358.5	9.757740	2.030894	11.788635	4.065684
358.6	10.037171	1.751475	11.788646	4.111111
358.7	9.680111	2.108547	11.788657	4.154641
358.8	9.077723	2.710945	11.788667	4.194953
358.9	8.662076	3.126601	11.788677	4.231649
359	8.594662	3.194024	11.788687	4.265083
359.1	8.742295	3.046401	11.788697	4.296123
359.2	8.842452	2.946255	11.788707	4.325856
359.3	8.725416	3.063302	11.788718	4.355255
359.4	8.470592	3.318138	11.788730	4.384907
359.5	8.320459	3.468283	11.788742	4.415138
359.6	8.436337	3.352417	11.788754	4.446641
359.7	8.794810	2.993956	11.788766	4.481122
359.8	9.270461	2.518316	11.788777	4.521310
359.9	9.708162	2.080625	11.788787	4.570151
360	9.931012	1.857785	11.788797	4.629615
360.1	9.846052	1.942754	11.788806	4.699735
360.2	9.614258	2.174557	11.788815	4.778351
360.3	9.565547	2.223276	11.788824	4.861689
360.4	9.786987	2.001847	11.788834	4.945514
360.5	9.818573	1.970273	11.788845	5.026244
360.6	9.052801	2.736058	11.788859	5.101505
360.7	7.680881	4.107992	11.788873	5.170137
360.8	6.890560	4.898328	11.788888	5.232171
360.9	7.634916	4.153988	11.788904	5.289075
361	9.344586	2.444334	11.788919	5.343975
361.1	10.350694	1.438241	11.788935	5.401319
361.2	9.680565	2.108385	11.788951	5.465815
361.3	8.096833	3.692132	11.788966	5.540990
361.4	7.232191	4.556789	11.788980	5.628067
361.5	7.923422	3.865571	11.788993	5.725770
361.6	9.420654	2.368353	11.789007	5.831188
361.7	10.115444	1.673577	11.789021	5.941101
361.8	9.218494	2.570541	11.789035	6.052820
361.9	7.696407	4.092643	11.789050	6.164095
362	7.251729	4.537336	11.789065	6.272599
362.1	8.397295	3.391786	11.789081	6.375854
362.2	9.896156	1.892940	11.789096	6.471928
362.3	10.213598	1.575512	11.789110	6.560374
362.4	9.136802	2.652322	11.789124	6.642658
362.5	7.679335	4.109801	11.789136	6.721764
362.6	6.839890	4.949259	11.789149	6.801241
362.7	6.918730	4.870431	11.789162	6.884267
362.8	7.540690	4.248485	11.789175	6.973194
362.9	8.001334	3.787856	11.789190	7.069649
363	8.015628	3.773578	11.789206	7.174797
363.1	8.016660	3.772562	11.789222	7.289117
363.2	8.492604	3.296634	11.789238	7.411357
363.3	9.238657	2.550596	11.789253	7.537121
363.4	9.523709	2.265559	11.789268	7.658131
363.5	8.996354	2.792927	11.789281	7.763008
363.6	8.134775	3.654519	11.789293	7.839619
363.7	7.670019	4.119287	11.789306	7.878178
363.8	7.859250	3.930070	11.789320	7.873951
363.9	8.457479	3.331855	11.789335	7.828558
364	9.010559	2.778791	11.789350	7.749410
364.1	9.026915	2.762451	11.789366	7.647563
364.2	8.302381	3.487002	11.789382	7.534820
364.3	7.309350	4.480048	11.789398	7.421107
364.4	6.979681	4.809733	11.789414	7.312826
364.5	7.792256	3.997173	11.789429	7.212393
364.6	9.128567	2.660876	11.789443	7.118650
364.7	9.785411	2.004045	11.789457	7.027691
364.8	9.193385	2.596084	11.789470	6.933801
364.9	7.997816	3.791666	11.789481	6.830549
365	7.398953	4.390540	11.789493	6.712159
365.1	8.017550	3.771954	11.789505	6.574989
365.2	9.372006	2.417512	11.789517	6.418642
365.3	10.334479	1.455051	11.789530	6.246257
365.4	10.125779	1.663765	11.789543	6.063827
365.5	8.985180	2.804376	11.789556	5.878750
365.6	7.915308	3.874261	11.789569	5.697946
365.7	7.791283	3.998297	11.789580	5.526056
365.8	8.687603	3.101988	11.789592	5.364372
365.9	9.891621	1.897982	11.789602	5.211088
366	10.493087	1.296526	11.789613	5.062886
366.1	10.119256	1.670367	11.789624	4.917080
366.2	9.201665	2.587970	11.789635	4.773357
366.3	8.478172	3.311474	11.789646	4.634453
366.4	8.263669	3.525989	11.789658	4.505385
366.5	8.323200	3.466470	11.789670	4.391405
366.6	8.389048	3.400634	11.789682	4.295982
366.7	8.535621	3.254074	11.789695	4.220252
366.8	8.928968	2.860741	11.789708	4.164086
366.9	9.385011	2.404711	11.789722	4.127740
367	9.436094	2.353643	11.789736	4.112855
367.1	8.910071	2.879680	11.789750	4.121986
367.2	8.231928	3.557836	11.789764	4.156621
367.3	8.012713	3.777065	11.789778	4.214692
367.4	8.438596	3.351196	11.789791	4.289437
367.5	9.097538	2.692266	11.789804	4.370958
367.6	9.376785	2.413032	11.789817	4.450057
367.7	9.105526	2.684302	11.789828	4.522311
367.8	8.773888	3.015950	11.789839	4.589868
367.9	8.949264	2.840586	11.789850	4.659070
368	9.524244	2.265618	11.789862	4.734501
368.1	9.734039	2.055836	11.789875	4.813631
368.2	8.972931	2.816958	11.789889	4.886083
368.3	7.573948	4.215955	11.789903	4.937471
368.4	6.670956	5.118960	11.789916	4.955010
368.5	7.158961	4.630968	11.789929	4.932227
368.6	8.805865	2.984077	11.789942	4.871295
368.7	10.421738	1.368215	11.789953	4.782628
368.8	10.849470	0.940494	11.789965	4.682183
368.9	9.900684	1.889292	11.789976	4.587523
369	8.506167	3.283819	11.789986	4.513899
369.1	7.868595	3.921401	11.789997	4.471152
369.2	8.356891	3.433116	11.790008	4.461715
369.3	9.270344	2.519676	11.790019	4.480043
369.4	9.656976	2.133056	11.790032	4.513853
369.5	9.209686	2.580359	11.790045	4.546993
369.6	8.346912	3.443146	11.790058	4.563188
369.7	7.656699	4.133371	11.790071	4.549695
369.8	7.463097	4.326987	11.790083	4.499854
369.9	7.784275	4.005821	11.790096	4.413904
370	8.434532	3.355575	11.790108	4.298008
370.1	9.115580	2.674539	11.790119	4.162099
370.2	9.571912	2.218219	11.790130	4.017447
370.3	9.745839	2.044302	11.790141	3.874648
370.4	9.707305	2.082847	11.790152	3.742120
370.5	9.445995	2.344168	11.790163	3.624896
370.6	8.893588	2.896587	11.790175	3.524039
370.7	8.182946	3.607241	11.790187	3.437292
370.8	7.736534	4.053665	11.790200	3.360588
370.9	7.961635	3.828577	11.790212	3.289265
371	8.801390	2.988833	11.790224	3.218417
371.1	9.644881	2.145355	11.790236	3.142884
371.2	9.834285	1.955963	11.790248	3.057811
371.3	9.307785	2.482474	11.790259	2.960160
371.4	8.665502	3.124769	11.790271	2.850353
371.5	8.554094	3.236188	11.790283	2.732505
371.6	9.016166	2.774129	11.790295	2.612453
371.7	9.499258	2.291051	11.790308	2.494552
371.8	9.517978	2.272343	11.790321	2.379518
371.9	9.192063	2.598271	11.790334	2.265139
372	8.994172	2.796174	11.790345	2.149295
372.1	9.069026	2.721331	11.790357	2.032514
372.2	9.058362	2.732006	11.790368	1.917821
372.3	8.648139	3.142241	11.790380	1.809001
372.4	8.096766	3.693625	11.790391	1.710453
372.5	8.048816	3.741586	11.790402	1.629517
372.6	8.768060	3.022354	11.790414	1.577737
372.7	9.658454	2.131973	11.790427	1.566182
372.8	9.790564	1.999877	11.790441	1.595179
372.9	8.922443	2.868011	11.790454	1.647554
373	7.767502	4.022965	11.790467	1.693468
373.1	7.270992	4.519487	11.790479	1.703103
373.2	7.795373	3.995118	11.790491	1.658576
373.3	8.871308	2.919196	11.790504	1.560508
373.4	9.600014	2.190503	11.790517	1.427641
373.5	9.430336	2.360195	11.790531	1.289598
373.6	8.633654	3.156892	11.790545	1.174936
373.7	8.007191	3.783368	11.790559	1.098867
373.8	8.098336	3.692235	11.790572	1.058407
373.9	8.711012	3.079572	11.790584	1.039333
374	9.218001	2.572595	11.790596	1.027234
374.1	9.307594	2.483014	11.790608	1.013195
374.2	9.163224	2.627396	11.790620	0.994258
374.3	8.981799	2.808833	11.790632	0.973302
374.4	8.704346	3.086298	11.790644	0.960358
374.5	8.261672	3.528985	11.790657	0.973127
374.6	7.845937	3.944733	11.790670	1.032179
374.7	7.796985	3.993698	11.790682	1.150504
374.8	8.251958	3.538737	11.790695	1.326557
374.9	8.993338	2.797369	11.790707	1.547498
375	9.650093	2.140625	11.790718	1.796563
375.1	9.981277	1.809451	11.790728	2.057678
375.2	9.952256	1.838482	11.790738	2.316657
375.3	9.630974	2.159773	11.790747	2.560682
375.4	9.131728	2.659029	11.790757	2.777794
375.5	8.682325	3.108441	11.790766	2.957674
375.6	8.592346	3.198430	11.790776	3.093991
375.7	9.001698	2.789088	11.790787	3.187357
375.8	9.656922	2.133875	11.790798	3.247320
375.9	10.005377	1.785432	11.790809	3.291936
376	9.593476	2.197345	11.790821	3.344259
376.1	8.479459	3.311374	11.790833	3.426673
376.2	7.339083	4.451762	11.790845	3.555636
376.3	7.085852	4.705004	11.790856	3.739260
376.4	8.138813	3.652055	11.790867	3.977403
376.5	9.904901	1.885978	11.790879	4.261805
376.6	11.091252	0.699639	11.790891	4.575530
376.7	10.741627	1.049275	11.790902	4.893787
376.8	9.105566	2.685347	11.790913	5.187956
376.9	7.528119	4.262805	11.790924	5.432047
377	7.354761	4.436172	11.790934	5.609194
377.1	8.698349	3.092596	11.790945	5.716004
377.2	10.227259	1.563698	11.790957	5.763549
377.3	10.360354	1.430617	11.790971	5.774816
377.4	8.817344	2.973641	11.790985	5.779303
377.5	6.951562	4.839438	11.791000	5.806118
377.6	6.472964	5.318051	11.791015	5.877291
377.7	7.832218	3.958811	11.791029	6.002952
377.8	9.835985	1.955058	11.791043	6.179668
377.9	10.803781	0.987276	11.791056	6.392203
378	10.111249	1.679819	11.791069	6.617724
378.1	8.667249	3.123831	11.791080	6.831184
378.2	7.976630	3.814461	11.791091	7.010945
378.3	8.710457	3.080645	11.791102	7.143610
378.4	10.060732	1.730382	11.791114	7.226821
378.5	10.535324	1.255804	11.791128	7.269152
378.6	9.502058	2.289084	11.791142	7.287106
378.7	7.872989	3.918168	11.791157	7.300202
378.8	7.123565	4.667607	11.791172	7.325756
378.9	7.670637	4.120551	11.791188	7.374743
379	8.510175	3.281029	11.791204	7.449562
379.1	8.601140	3.190080	11.791220	7.543968
379.2	8.190953	3.600281	11.791235	7.645226
379.3	8.310294	3.480956	11.791250	7.738116
379.4	9.173361	2.617903	11.791265	7.809642
379.5	9.796074	1.995205	11.791279	7.852792
379.6	9.373538	2.417756	11.791294	7.867950
379.7	8.401866	3.389442	11.791309	7.861773
379.8	8.103085	3.688239	11.791324	7.844419
379.9	8.949725	2.841614	11.791339	7.826371
380	10.034075	1.757279	11.791354	7.815695
380.1	10.076458	1.714911	11.791369	7.816223
380.2	8.926798	2.864584	11.791383	7.827132
380.3	7.727343	4.064051	11.791394	7.844239
380.4	7.510366	4.281040	11.791406	7.862496
380.5	8.151339	3.640079	11.791418	7.878345
380.6	8.880385	2.911046	11.791430	7.890786
380.7	9.205200	2.586242	11.791442	7.901063
380.8	9.207454	2.584000	11.791454	7.911652
380.9	9.237560	2.553905	11.791465	7.925285
381	9.458307	2.333169	11.791476	7.944223
381.1	9.722679	2.068808	11.791487	7.969636
381.2	9.794048	1.997449	11.791497	8.000976
381.3	9.564850	2.226657	11.791507	8.035650
381.4	9.174625	2.616891	11.791516	8.069496
381.5	8.981117	2.810408	11.791525	8.098169
381.6	9.232972	2.558562	11.791534	8.118956
381.7	9.718942	2.072602	11.791543	8.132080
381.8	9.916981	1.874572	11.791554	8.140846
381.9	9.541975	2.249590	11.791565	8.150632
382	8.838737	2.952838	11.791576	8.167311
382.1	8.305646	3.485941	11.791587	8.195827
382.2	8.204968	3.586630	11.791598	8.239411
382.3	8.380545	3.411064	11.791609	8.299449
382.4	8.511155	3.280464	11.791619	8.375674
382.5	8.472860	3.318768	11.791629	8.466293
382.6	8.394373	3.397265	11.791638	8.567965
382.7	8.416041	3.375607	11.791648	8.675918
382.8	8.579133	3.212526	11.791659	8.784433
382.9	8.893820	2.897850	11.791670	8.887566
383	9.311607	2.480074	11.791682	8.979850
383.1	9.690866	2.100827	11.791693	9.056850
383.2	9.917465	1.874238	11.791703	9.115710
383.3	9.984551	1.807162	11.791713	9.155742
383.4	9.898701	1.893021	11.791722	9.178918
383.5	9.678080	2.113651	11.791732	9.189936
383.6	9.465382	2.326359	11.791741	9.195540
383.7	9.417084	2.374667	11.791751	9.202973
383.8	9.453646	2.338115	11.791761	9.217924
383.9	9.305689	2.486083	11.791771	9.242763
384	8.880963	2.910820	11.791783	9.275753
384.1	8.469724	3.322071	11.791794	9.311403
384.2	8.462961	3.328845	11.791806	9.341708
384.3	8.908939	2.882878	11.791817	9.357956
384.4	9.463898	2.327930	11.791828	9.352740
384.5	9.771589	2.020248	11.791838	9.321758
384.6	9.789096	2.002751	11.791847	9.264785
384.7	9.734506	2.057349	11.791855	9.185378
384.8	9.819690	1.972173	11.791863	9.089218
384.9	10.066282	1.725588	11.791870	8.981766
385	10.285675	1.506202	11.791877	8.866411
385.1	10.182239	1.609646	11.791885	8.743990
385.2	9.582038	2.209855	11.791893	8.613451
385.3	8.697854	3.094048	11.791901	8.472874
385.4	8.119938	3.671973	11.791911	8.320386
385.5	8.357855	3.434066	11.791920	8.154897
385.6	9.301009	2.490922	11.791930	7.976592
385.7	10.213926	1.578014	11.791941	7.787013
385.8	10.382785	1.409166	11.791951	7.588639
385.9	9.769459	2.022502	11.791961	7.384078
386	8.976394	2.815576	11.791970	7.175243
386.1	8.603568	3.188410	11.791978	6.962969
386.2	8.734539	3.057447	11.791986	6.747357
386.3	9.050613	2.741379	11.791992	6.528677
386.4	9.262720	2.529278	11.791998	6.308212
386.5	9.236415	2.555591	11.792005	6.088527
386.6	8.844157	2.947857	11.792014	5.873090
386.7	8.102554	3.689471	11.792025	5.665630
386.8	7.471153	4.320884	11.792037	5.469434
386.9	7.644518	4.147531	11.792049	5.286562
387	8.837129	2.954931	11.792061	5.116880
387.1	10.364835	1.427236	11.792071	4.957185
387.2	11.133041	0.659040	11.792081	4.801178
387.3	10.651491	1.140599	11.792089	4.641001
387.4	9.567170	2.224926	11.792096	4.470254
387.5	9.105141	2.686961	11.792102	4.287159
387.6	9.790101	2.002008	11.792109	4.095983
387.7	10.688089	1.104030	11.792119	3.905895
387.8	10.316230	1.475902	11.792132	3.728097
387.9	8.463730	3.328418	11.792148	3.572742
388	6.664996	5.127168	11.792165	3.446753
388.1	6.590352	5.201829	11.792182	3.352840
388.2	8.207399	3.584799	11.792198	3.289425
388.3	9.831468	1.960746	11.792214	3.251049
388.4	9.971438	1.820790	11.792229	3.229237
388.5	8.912337	2.879905	11.792242	3.214053
388.6	8.259964	3.532289	11.792254	3.196275
388.7	8.929815	2.862450	11.792265	3.169405
388.8	10.018402	1.773876	11.792278	3.130498
388.9	10.044354	1.747938	11.792291	3.079582
389	8.903183	2.889123	11.792306	3.018556
389.1	7.943096	3.849224	11.792320	2.950487
389.2	8.192589	3.599746	11.792335	2.879412
389.3	9.149107	2.643242	11.792349	2.810130
389.4	9.621819	2.170543	11.792362	2.747559
389.5	9.333687	2.458686	11.792373	2.695801
389.6	9.096985	2.695397	11.792382	2.657357
389.7	9.504841	2.287549	11.792390	2.632479
389.8	10.103467	1.688931	11.792398	2.618208
389.9	10.073900	1.718506	11.792406	2.607385
390	9.330939	2.461476	11.792414	2.589137
390.1	8.636894	3.155530	11.792424	2.551729
390.2	8.705944	3.086490	11.792435	2.486853
390.3	9.443486	2.348959	11.792445	2.393344
390.4	10.146245	1.646210	11.792455	2.278617
390.5	10.253686	1.538779	11.792464	2.157149
390.6	9.749185	2.043289	11.792473	2.046426
390.7	9.010388	2.782094	11.792482	1.961791
390.8	8.453144	3.339347	11.792491	1.912273
390.9	8.213293	3.579207	11.792499	1.898873
391	8.099993	3.692515	11.792508	1.915007
391.1	7.882738	3.909780	11.792518	1.948079
391.2	7.598580	4.193948	11.792529	1.982309
391.3	7.542029	4.250511	11.792540	2.003290
391.4	7.954478	3.838074	11.792552	2.003240
391.5	8.731874	3.060691	11.792564	1.984571
391.6	9.445272	2.347303	11.792575	1.959779
391.7	9.690223	2.102362	11.792585	1.947397
391.8	9.461001	2.331593	11.792594	1.965827
391.9	9.163854	2.628748	11.792601	2.027849
392	9.234059	2.558549	11.792608	2.137064
392.1	9.754895	2.037720	11.792614	2.286141
392.2	10.371281	1.421341	11.792622	2.457577
392.3	10.490920	1.301711	11.792631	2.627642
392.4	9.727454	2.065188	11.792642	2.772515
392.5	8.360183	3.432472	11.792654	2.874692
392.6	7.318116	4.474551	11.792667	2.927828
392.7	7.445799	4.346880	11.792679	2.938617
392.8	8.671339	3.121352	11.792691	2.925177
392.9	10.033293	1.759409	11.792702	2.912400
393	10.606400	1.186311	11.792711	2.925611
393.1	10.313303	1.479416	11.792719	2.984069
393.2	9.797603	1.995123	11.792726	3.095672
393.3	9.662421	2.130312	11.792733	3.254804
393.4	9.896268	1.896473	11.792742	3.444512
393.5	9.924363	1.868388	11.792751	3.641406
393.6	9.270339	2.522423	11.792762	3.820974
393.7	8.201931	3.590842	11.792773	3.962394
393.8	7.569266	4.223519	11.792785	4.052493
393.9	7.955910	3.836886	11.792796	4.088267
394	9.097968	2.694840	11.792808	4.077276
394.1	10.176673	1.616145	11.792818	4.035602
394.2	10.581262	1.211566	11.792828	3.983589
394.3	10.324833	1.468002	11.792835	3.940359
394.4	9.829467	1.963375	11.792842	3.918931
394.5	9.473843	2.319005	11.792848	3.924397
394.6	9.363763	2.429093	11.792856	3.955720
394.7	9.386457	2.406408	11.792865	4.008106
394.8	9.362991	2.429885	11.792876	4.073743
394.9	9.171810	2.621079	11.792889	4.142343
395	8.815289	2.977613	11.792902	4.203010
395.1	8.447132	3.345785	11.792917	4.246735
395.2	8.319685	3.473246	11.792931	4.267853
395.3	8.584016	3.208928	11.792945	4.263624
395.4	9.070054	2.722903	11.792957	4.232492
395.5	9.375709	2.417260	11.792969	4.172407
395.6	9.335808	2.457172	11.792980	4.080718
395.7	9.291645	2.501346	11.792990	3.956712
395.8	9.603146	2.189855	11.793002	3.805739
395.9	9.983579	1.809435	11.793014	3.640750
396	9.741176	2.051851	11.793027	3.478876
396.1	8.774634	3.018406	11.793040	3.335600
396.2	7.917769	3.875284	11.793053	3.220225
396.3	8.014487	3.778578	11.793065	3.134357
396.4	8.882982	2.910096	11.793078	3.072956
396.5	9.530282	2.262808	11.793090	3.026705
396.6	9.343530	2.449572	11.793102	2.984793
396.7	8.759884	3.033229	11.793113	2.937746
396.8	8.673513	3.119611	11.793124	2.880104
396.9	9.377278	2.415857	11.793135	2.812443
397	10.181012	1.612135	11.793147	2.741623
397.1	10.107755	1.685405	11.793160	2.678274
397.2	9.022803	2.770370	11.793173	2.632250
397.3	7.919890	3.873297	11.793187	2.608512
397.4	7.888517	3.904683	11.793201	2.605519
397.5	8.907831	2.885383	11.793214	2.616503
397.6	9.930130	1.863097	11.793227	2.632801
397.7	10.130621	1.662618	11.793239	2.648085
397.8	9.749651	2.043599	11.793249	2.662043
397.9	9.536008	2.257251	11.793258	2.681281
398	9.718947	2.074320	11.793267	2.715967
398.1	9.850880	1.942397	11.793278	2.773946
398.2	9.429416	2.363873	11.793290	2.856438
398.3	8.498573	3.294730	11.793303	2.958023
398.4	7.671370	4.121948	11.793319	3.070228
398.5	7.518089	4.275246	11.793334	3.185865
398.6	7.995066	3.798284	11.793350	3.301757
398.7	8.578902	3.214463	11.793365	3.419338
398.8	8.900889	2.892490	11.793379	3.543816
398.9	9.115995	2.677396	11.793392	3.682498
399	9.567689	2.225715	11.793403	3.842196
399.1	10.178482	1.614932	11.793414	4.025817
399.2	10.394446	1.398978	11.793424	4.229569
399.3	9.831181	1.962254	11.793434	4.442749
399.4	8.856533	2.936912	11.793445	4.650572
399.5	8.330218	3.463239	11.793457	4.838719
399.6	8.701266	3.092204	11.793470	4.997660
399.7	9.500779	2.292705	11.793484	5.125252
399.8	9.835430	1.958069	11.793499	5.226911
399.9	9.354489	2.439024	11.793512	5.313538
400	8.639736	3.153789	11.793524	5.398045
