#time	ekin		epot		etot		chain_length
0	11.740600	0.000000	11.740600	22.000000
0.1	8.338421	3.408133	11.746554	22.306748
0.2	2.547033	9.197754	11.744787	22.555804
0.3	1.797390	9.940395	11.737785	22.705976
0.4	6.748296	4.986538	11.734834	22.743829
0.5	10.613277	1.126343	11.739620	22.686221
0.6	8.338183	3.407301	11.745484	22.573507
0.7	3.240573	8.503974	11.744546	22.455908
0.8	2.323031	9.415226	11.738257	22.377654
0.9	6.771901	4.963337	11.735238	22.364124
1	10.469578	1.269977	11.739555	22.415997
1.1	8.355927	3.389404	11.745331	22.511898
1.2	3.225006	8.519803	11.744810	22.618131
1.3	1.867529	9.871253	11.738782	22.701726
1.4	5.945374	5.789968	11.735341	22.742097
1.5	9.922516	1.816396	11.738912	22.737335
1.6	8.626769	3.117718	11.744487	22.703221
1.7	4.064581	7.680049	11.744630	22.665728
1.8	2.428231	9.311237	11.739467	22.650060
1.9	5.659968	6.076220	11.736188	22.670415
2	9.075873	2.663223	11.739096	22.724227
2.1	7.993407	3.750535	11.743942	22.792926
2.2	4.077495	7.666517	11.744012	22.848802
2.3	2.839024	8.900306	11.739331	22.865368
2.4	5.993833	5.742571	11.736404	22.827388
2.5	9.227691	2.511482	11.739172	22.736932
2.6	8.220588	3.523159	11.743747	22.613287
2.7	4.476969	7.266980	11.743949	22.486794
2.8	3.070730	8.669009	11.739739	22.388827
2.9	5.681203	6.055776	11.736979	22.341430
3	8.554248	3.184966	11.739214	22.350183
3.1	7.912390	3.830618	11.743008	22.402641
3.2	5.064882	6.678173	11.743055	22.472685
3.3	4.234470	7.505131	11.739601	22.529100
3.4	6.472000	5.265807	11.737807	22.545310
3.5	8.326929	3.413315	11.740243	22.506946
3.6	6.975947	4.767334	11.743281	22.414885
3.7	4.347997	7.394407	11.742404	22.283076
3.8	4.344990	7.393766	11.738756	22.132376
3.9	7.173339	4.564213	11.737552	21.982891
4	8.939206	2.801404	11.740610	21.847719
4.1	7.155264	4.588405	11.743669	21.730245
4.2	4.326910	7.415494	11.742404	21.625677
4.3	4.428572	7.310067	11.738639	21.525876
4.4	7.201846	4.535996	11.737842	21.425297
4.5	8.448847	3.292440	11.741286	21.325517
4.6	6.073823	5.670212	11.744034	21.236428
4.7	3.318837	8.423014	11.741851	21.173506
4.8	4.354760	7.382695	11.737455	21.152093
4.9	8.206868	3.530184	11.737052	21.180820
5	9.698233	2.043400	11.741633	21.256641
5.1	6.496604	5.248596	11.745199	21.363491
5.2	2.601318	9.141468	11.742786	21.475270
5.3	3.152479	8.584969	11.737448	21.562427
5.4	7.413308	4.323046	11.736354	21.600114
5.5	9.620453	2.120568	11.741021	21.575377
5.6	6.789509	4.955567	11.745076	21.491134
5.7	2.864755	8.878137	11.742892	21.365699
5.8	3.366034	8.371376	11.737410	21.228043
5.9	7.718749	4.017517	11.736266	21.110220
6	9.872488	1.868780	11.741268	21.039213
6.1	6.596520	5.149142	11.745663	21.030460
6.2	2.148321	9.594907	11.743229	21.084737
6.3	2.689658	9.047297	11.736955	21.188973
6.4	7.824965	3.910311	11.735276	21.320465
6.5	10.855708	0.884959	11.740667	21.453083
6.6	7.692834	4.053228	11.746061	21.563682
6.7	2.478161	9.266053	11.744215	21.637122
6.8	2.161880	9.575648	11.737528	21.668842
6.9	7.176260	4.558692	11.734952	21.664702
7	10.791757	0.948213	11.739969	21.638497
7.1	8.146735	3.599093	11.745828	21.608025
7.2	2.834021	8.910565	11.744585	21.590767
7.3	2.104772	9.633077	11.737849	21.600150
7.4	7.077555	4.657133	11.734688	21.643109
7.5	11.149060	0.590385	11.739446	21.719305
7.6	8.813561	2.932287	11.745848	21.822011
7.7	3.072865	8.672501	11.745366	21.940359
7.8	1.478757	10.259859	11.738616	22.062372
7.9	6.105012	5.629503	11.734515	22.178051
8	10.853873	0.884504	11.738377	22.281741
8.1	9.607289	2.137662	11.744951	22.373092
8.2	4.240853	7.504742	11.745595	22.456297
8.3	1.885004	9.854770	11.739774	22.537718
8.4	5.342214	6.393281	11.735495	22.622540
8.5	9.580798	2.157567	11.738364	22.711522
8.6	8.778684	2.965514	11.744198	22.799017
8.7	4.173587	7.571374	11.744961	22.873204
8.8	2.174830	9.564865	11.739695	22.918826
8.9	5.553830	6.181805	11.735635	22.921911
9	9.754345	1.983915	11.738260	22.875132
9.1	9.156130	2.587840	11.743970	22.782048
9.2	4.612631	7.132518	11.745149	22.658544
9.3	2.119883	9.620570	11.740453	22.530545
9.4	4.689422	7.046928	11.736350	22.428191
9.5	8.540044	3.198112	11.738156	22.377904
9.6	8.513517	3.229493	11.743010	22.394619
9.7	5.034474	6.709678	11.744152	22.476665
9.8	3.181700	8.558557	11.740257	22.605125
9.9	5.501287	6.235682	11.736969	22.748187
10	8.614733	3.124139	11.738872	22.869451
10.1	8.104241	3.638972	11.743213	22.937781
10.2	4.672440	7.071482	11.743922	22.935743
10.3	3.065596	8.674471	11.740067	22.863994
10.4	5.461021	6.275967	11.736988	22.740259
10.5	8.572640	3.166148	11.738787	22.593272
10.6	8.322383	3.420394	11.742776	22.453693
10.7	5.392569	6.350885	11.743455	22.344997
10.8	3.998712	7.741484	11.740196	22.277282
10.9	5.870762	5.867093	11.737855	22.245902
11	8.011387	3.728310	11.739697	22.235113
11.1	7.225193	4.517633	11.742827	22.225153
11.2	4.777194	6.965318	11.742512	22.200037
11.3	4.488501	7.250620	11.739121	22.153128
11.4	7.059142	4.678509	11.737650	22.088503
11.5	8.867852	2.872638	11.740490	22.017744
11.6	7.120976	4.622800	11.743776	21.953591
11.7	4.039893	7.702846	11.742739	21.903121
11.8	3.936184	7.802421	11.738605	21.863351
11.9	7.096217	4.640911	11.737128	21.821277
12	9.160664	2.579873	11.740537	21.758614
12.1	7.140864	4.603316	11.744180	21.659651
12.2	3.746433	7.996436	11.742869	21.519246
12.3	3.763237	7.975030	11.738267	21.347733
12.4	7.298488	4.438346	11.736833	21.170462
12.5	9.381503	2.359338	11.740841	21.021590
12.6	6.794829	4.950079	11.744908	20.933858
12.7	2.791283	8.951933	11.743216	20.927738
12.8	2.907250	8.830457	11.737707	21.003765
12.9	7.318380	4.417406	11.735786	21.140962
13	10.284284	1.455991	11.740275	21.302248
13.1	7.775253	3.970066	11.745319	21.445299
13.2	3.037036	8.707097	11.744134	21.535347
13.3	2.347818	9.390461	11.738279	21.555627
13.4	6.528170	5.207522	11.735692	21.511894
13.5	9.768807	1.971110	11.739917	21.429435
13.6	7.543084	4.202064	11.745148	21.343581
13.7	2.897132	8.846927	11.744060	21.287066
13.8	2.401773	9.336144	11.737917	21.278658
13.9	7.100015	4.635071	11.735085	21.317127
14	10.818216	0.921477	11.739693	21.382678
14.1	8.390326	3.355469	11.745795	21.445359
14.2	2.788454	8.956725	11.745178	21.477363
14.3	1.371454	10.367016	11.738470	21.464744
14.4	6.088406	5.646082	11.734488	21.414133
14.5	10.788162	0.950340	11.738503	21.351827
14.6	9.366635	2.378509	11.745144	21.315283
14.7	3.887655	7.857916	11.745571	21.339859
14.8	1.770367	9.968948	11.739315	21.445396
14.9	5.814877	5.919996	11.734873	21.627500
15	10.477799	1.260446	11.738245	21.856816
15.1	9.386833	2.358035	11.744868	22.086906
15.2	3.949685	7.796100	11.745786	22.268364
15.3	1.471986	10.267720	11.739706	22.364550
15.4	5.348544	6.386178	11.734722	22.363710
15.5	10.519870	1.217579	11.737449	22.283351
15.6	10.232538	1.511695	11.744234	22.165301
15.7	4.968589	6.777561	11.746150	22.062972
15.8	1.646992	10.093906	11.740898	22.024955
15.9	4.367447	7.368187	11.735634	22.080209
16	9.175281	2.561922	11.737203	22.229592
16.1	9.638189	2.104940	11.743128	22.446258
16.2	5.444070	6.301239	11.745309	22.684550
16.3	2.481217	9.259840	11.741057	22.894223
16.4	4.649427	7.087016	11.736443	23.035257
16.5	8.705527	3.032233	11.737760	23.088516
16.6	8.952643	2.790364	11.743007	23.059134
16.7	5.080756	6.664135	11.744891	22.972078
16.8	2.441065	9.299822	11.740887	22.861967
16.9	4.623872	7.112661	11.736533	22.761013
17	8.634881	3.102810	11.737691	22.689299
17.1	9.118223	2.624407	11.742630	22.650503
17.2	5.615334	6.129299	11.744633	22.634019
17.3	2.949178	8.792065	11.741243	22.622122
17.4	4.497228	7.240127	11.737355	22.599052
17.5	7.761839	3.976381	11.738220	22.558432
17.6	8.135773	3.606511	11.742285	22.506232
17.7	5.341775	6.401900	11.743675	22.458309
17.8	3.591385	8.149127	11.740512	22.433636
17.9	5.500084	6.237305	11.737389	22.445939
18	8.430484	3.308271	11.738755	22.497010
18.1	8.293378	3.449300	11.742678	22.574276
18.2	5.306857	6.436825	11.743682	22.653629
18.3	3.611373	8.129103	11.740476	22.706550
18.4	5.415310	6.322343	11.737653	22.709041
18.5	8.000951	3.738141	11.739093	22.649241
18.6	7.736153	4.006357	11.742510	22.531124
18.7	5.269569	6.473288	11.742856	22.373079
18.8	4.478027	7.261626	11.739654	22.201997
18.9	6.717402	5.020311	11.737713	22.044971
19	8.704922	3.035232	11.740154	21.921489
19.1	7.223006	4.520677	11.743683	21.838637
19.2	3.989386	7.753707	11.743092	21.790715
19.3	3.545138	8.193660	11.738799	21.763019
19.4	6.843129	4.893512	11.736642	21.738165
19.5	9.581910	2.157920	11.739830	21.702530
19.6	7.963707	3.780503	11.744210	21.650548
19.7	4.063992	7.679763	11.743755	21.585512
19.8	3.176501	8.562472	11.738974	21.516906
19.9	6.522310	5.214141	11.736451	21.455551
20	9.401488	2.338334	11.739822	21.408599
20.1	7.605078	4.139461	11.744539	21.376326
20.2	3.394616	8.349322	11.743938	21.351955
20.3	2.619861	9.118673	11.738534	21.324518
20.4	6.644841	5.090802	11.735643	21.283652
20.5	10.174135	1.565332	11.739467	21.224501
20.6	8.277570	3.467524	11.745093	21.150885
20.7	3.233535	8.511363	11.744897	21.075481
20.8	1.709802	10.029129	11.738931	21.016861
20.9	5.821968	5.913129	11.735097	20.994231
21	10.146854	1.591725	11.738579	21.021540
21.1	8.925693	2.819048	11.744741	21.102750
21.2	3.844868	7.900409	11.745277	21.229735
21.3	1.802833	9.936630	11.739463	21.383407
21.4	5.563172	6.172050	11.735222	21.537766
21.5	9.950332	1.788067	11.738400	21.665743
21.6	8.858686	2.886043	11.744728	21.745324
21.7	3.647260	8.098245	11.745505	21.764449
21.8	1.454546	10.284889	11.739435	21.723613
21.9	5.552042	6.182532	11.734574	21.635688
22	10.748286	0.989284	11.737570	21.523172
22.1	10.187896	1.556736	11.744632	21.413557
22.2	4.522860	7.223609	11.746469	21.333838
22.3	1.126198	10.614481	11.740679	21.305258
22.4	4.337862	7.397086	11.734948	21.339287
22.5	9.773892	1.962883	11.736775	21.435592
22.6	10.265640	1.477884	11.743523	21.582389
22.7	5.400966	6.345131	11.746097	21.759137
22.8	1.906040	9.835132	11.741172	21.941077
22.9	4.505159	7.230365	11.735524	22.104689
23	9.627964	2.108820	11.736784	22.232833
23.1	10.326553	1.416658	11.743211	22.318343
23.2	5.628544	6.117634	11.746178	22.365074
23.3	1.747503	9.994305	11.741808	22.386053
23.4	3.705702	8.030311	11.736013	22.399126
23.5	8.748133	2.988260	11.736393	22.421304
23.6	10.240431	1.501711	11.742141	22.463447
23.7	6.527418	5.218049	11.745467	22.526966
23.8	2.818498	8.923721	11.742219	22.603656
23.9	3.904932	7.832263	11.737195	22.678814
24	7.834239	3.903015	11.737254	22.736698
24.1	8.953530	2.788466	11.741995	22.766518
24.2	5.786393	5.958255	11.744649	22.766834
24.3	2.875830	8.865739	11.741568	22.746693
24.4	4.328424	7.408692	11.737115	22.722859
24.5	8.159237	3.578210	11.737447	22.713884
24.6	9.138184	2.603860	11.742044	22.732938
24.7	5.995912	5.748689	11.744601	22.781952
24.8	3.029796	8.711982	11.741778	22.849315
24.9	4.106900	7.630711	11.737612	22.912291
25	7.493378	4.244355	11.737734	22.943713
25.1	8.506753	3.234902	11.741655	22.920958
25.2	6.033318	5.710436	11.743754	22.834254
25.3	3.816795	7.924470	11.741265	22.691424
25.4	4.983243	6.754725	11.737968	22.517189
25.5	7.685945	4.052673	11.738618	22.346947
25.6	7.922294	3.819887	11.742181	22.216790
25.7	5.342953	6.400478	11.743430	22.152881
25.8	3.743116	7.997365	11.740481	22.163615
25.9	5.588011	6.149499	11.737510	22.237143
26	8.420872	3.317929	11.738800	22.345080
26.1	8.306025	3.436572	11.742597	22.451173
26.2	5.430579	6.312975	11.743554	22.522026
26.3	3.868655	7.871687	11.740342	22.536356
26.4	5.781072	5.956525	11.737596	22.489794
26.5	8.299159	3.440160	11.739320	22.393867
26.6	7.630602	4.112457	11.743059	22.269873
26.7	4.626490	7.116778	11.743269	22.140120
26.8	3.764664	7.974648	11.739312	22.019888
26.9	6.731108	5.005597	11.736705	21.913084
27	9.658293	2.081194	11.739487	21.813066
27.1	8.262932	3.481304	11.744236	21.708103
27.2	3.989048	7.755375	11.744423	21.589106
27.3	2.427862	9.311599	11.739461	21.456341
27.4	5.780832	5.955055	11.735886	21.322179
27.5	9.640134	2.098482	11.738616	21.208447
27.6	8.793877	2.950190	11.744067	21.139044
27.7	4.359075	7.385746	11.744820	21.130446
27.8	2.399261	9.340494	11.739755	21.183729
27.9	5.663343	6.072442	11.735785	21.281421
28	9.675465	2.063046	11.738511	21.390880
28.1	8.728721	3.015685	11.744405	21.473557
28.2	3.793464	7.951920	11.745384	21.497284
28.3	1.458004	10.281822	11.739826	21.447404
28.4	5.071359	6.663677	11.735036	21.332771
28.5	10.031385	1.706135	11.737521	21.184198
28.6	9.794337	1.949765	11.744102	21.045538
28.7	4.666331	7.079698	11.746028	20.960108
28.8	1.473148	10.267588	11.740736	20.956908
28.9	4.417486	7.317882	11.735367	21.041278
29	9.417870	2.319298	11.737168	21.193187
29.1	9.634505	2.109160	11.743665	21.373837
29.2	4.765401	6.980570	11.745971	21.538352
29.3	1.507856	10.232983	11.740839	21.650295
29.4	4.480790	7.254363	11.735153	21.693054
29.5	9.864636	1.872051	11.736688	21.674260
29.6	10.437263	1.306287	11.743550	21.621815
29.7	5.303625	6.442985	11.746610	21.573034
29.8	1.208050	10.533670	11.741720	21.560802
29.9	3.595765	8.139538	11.735302	21.601683
30	9.374245	2.361554	11.735799	21.690203
30.1	11.041059	0.701398	11.742456	21.801325
30.2	6.605110	5.141342	11.746451	21.900219
30.3	2.059686	9.683014	11.742700	21.955833
30.4	3.272209	8.464250	11.736459	21.953379
30.5	8.287074	3.448977	11.736051	21.901220
30.6	10.234212	1.507521	11.741733	21.829544
30.7	6.654737	5.090900	11.745637	21.781115
30.8	2.618432	9.124124	11.742556	21.797133
30.9	3.664888	8.071949	11.736838	21.902968
31	8.329852	3.406415	11.736267	22.098645
31.1	10.285322	1.456205	11.741528	22.357328
31.2	6.937099	4.808396	11.745495	22.632402
31.3	2.767637	8.975365	11.743002	22.870862
31.4	3.136617	8.601017	11.737634	23.028667
31.5	7.179972	4.556598	11.736570	23.083129
31.6	9.318387	2.422471	11.740858	23.038517
31.7	6.948658	4.795709	11.744368	22.923344
31.8	3.698423	8.044023	11.742447	22.780573
31.9	4.095754	7.642371	11.738124	22.654200
32	7.318257	4.419312	11.737569	22.576652
32.1	8.597899	3.143547	11.741447	22.560896
32.2	6.030733	5.713454	11.744187	22.599349
32.3	3.193603	8.548304	11.741907	22.669279
32.4	4.065416	7.672359	11.737776	22.742281
32.5	7.489858	4.247621	11.737478	22.794231
32.6	8.859233	2.882075	11.741308	22.812323
32.7	6.509439	5.234480	11.743919	22.797096
32.8	3.863191	7.878682	11.741873	22.759355
32.9	4.494334	7.243972	11.738306	22.713708
33	7.192988	4.545309	11.738297	22.671548
33.1	7.912037	3.829627	11.741664	22.636284
33.2	5.655611	6.087759	11.743370	22.602538
33.3	3.868917	7.871922	11.740839	22.559407
33.4	5.392993	6.344704	11.737697	22.496271
33.5	8.253830	3.484754	11.738584	22.408690
33.6	8.385852	3.356568	11.742420	22.301935
33.7	5.482745	6.261049	11.743794	22.190666
33.8	3.592471	8.148176	11.740646	22.094734
33.9	5.442996	6.294354	11.737351	22.032589
34	8.476985	3.261652	11.738637	22.014645
34.1	8.357715	3.385080	11.742795	22.039005
34.2	5.165054	6.578842	11.743896	22.091104
34.3	3.466576	8.273598	11.740175	22.147442
34.4	5.900275	5.836514	11.736789	22.182183
34.5	9.206114	2.532638	11.738752	22.174426
34.6	8.551698	3.191980	11.743678	22.113840
34.7	4.416799	7.327915	11.744714	22.002935
34.8	2.340751	9.399266	11.740017	21.855483
34.9	5.450432	6.285273	11.735705	21.691850
35	9.890037	1.847739	11.737776	21.532970
35.1	9.723624	2.020142	11.743765	21.394963
35.2	4.968027	6.777722	11.745750	21.286034
35.3	1.791764	9.949230	11.740994	21.206329
35.4	4.324210	7.411611	11.735822	21.150398
35.5	9.047572	2.689622	11.737194	21.111042
35.6	9.499192	2.244039	11.743231	21.082992
35.7	5.058771	6.686884	11.745655	21.065104
35.8	1.865574	9.875464	11.741039	21.060386
35.9	4.464850	7.270766	11.735615	21.074055
36	9.473188	2.263724	11.736912	21.110494
36.1	10.010334	1.733088	11.743422	21.170304
36.2	5.062616	6.683810	11.746426	21.248572
36.3	1.068948	10.672766	11.741714	21.334978
36.4	3.391209	8.344203	11.735411	21.415762
36.5	9.067955	2.667923	11.735878	21.476956
36.6	10.682373	1.060112	11.742486	21.507965
36.7	6.241634	5.504786	11.746420	21.504527
36.8	1.801737	9.940766	11.742503	21.470269
36.9	3.296607	8.439516	11.736124	21.416490
37	8.577170	3.158762	11.735932	21.360196
37.1	10.379928	1.362230	11.742158	21.320785
37.2	6.190582	5.555739	11.746321	21.316013
37.3	1.674453	10.068245	11.742698	21.358025
37.4	3.049738	8.686325	11.736062	21.450237
37.5	8.693156	3.042122	11.735277	21.585781
37.6	11.267000	0.474420	11.741419	21.748032
37.7	7.474139	4.272249	11.746388	21.913353
37.8	2.360220	9.383540	11.743759	22.055779
37.9	2.519736	9.217490	11.737226	22.152795
38	7.431030	4.304420	11.735450	22.190966
38.1	10.431548	1.308936	11.740484	22.169953
38.2	7.739525	4.005806	11.745331	22.103667
38.3	3.290109	8.453481	11.743589	22.017871
38.4	3.131396	8.606537	11.737932	21.944495
38.5	7.258049	4.478096	11.736145	21.913892
38.6	9.888935	1.851550	11.740485	21.947014
38.7	7.479180	4.265693	11.744873	22.049735
38.8	3.408919	8.334476	11.743395	22.211060
38.9	3.173913	8.564337	11.738250	22.405958
39	6.919178	4.817294	11.736472	22.602130
39.1	9.472273	2.267995	11.740268	22.768799
39.2	7.516898	4.227380	11.744278	22.884885
39.3	3.923551	7.819612	11.743163	22.944027
39.4	3.526892	8.211912	11.738804	22.954885
39.5	6.487470	5.249876	11.737346	22.936675
39.6	8.387442	3.353128	11.740570	22.911491
39.7	6.602338	5.141320	11.743658	22.896065
39.8	3.882213	7.859972	11.742185	22.895860
39.9	4.272722	7.465601	11.738323	22.903599
40	7.313779	4.423862	11.737640	22.902783
40.1	8.706166	3.035013	11.741179	22.874965
40.2	6.408883	5.335126	11.744009	22.808134
40.3	3.526255	8.215937	11.742191	22.703082
40.4	3.960219	7.778062	11.738281	22.575225
40.5	6.998172	4.739500	11.737672	22.450941
40.6	8.423640	3.317381	11.741021	22.359422
40.7	6.486043	5.257406	11.743449	22.322751
40.8	4.252650	7.488906	11.741556	22.347651
40.9	5.072452	6.665798	11.738250	22.421948
41	7.693660	4.044849	11.738509	22.517209
41.1	8.072045	3.670070	11.742116	22.596951
41.2	5.337213	6.406594	11.743806	22.627791
41.3	3.314764	8.426041	11.740805	22.589876
41.4	5.190992	6.546073	11.737065	22.483054
41.5	8.763958	2.973978	11.737936	22.326690
41.6	9.210270	2.532256	11.742525	22.153197
41.7	5.796429	5.948177	11.744605	21.997497
41.8	3.133500	8.607692	11.741192	21.886038
41.9	4.917002	6.819914	11.736916	21.829090
42	8.683830	3.053976	11.737806	21.818867
42.1	9.054492	2.688324	11.742817	21.833883
42.2	5.250921	6.494062	11.744983	21.847761
42.3	2.456267	9.284724	11.740991	21.839126
42.4	4.801238	6.934825	11.736063	21.798916
42.5	9.442989	2.294091	11.737080	21.732456
42.6	10.102762	1.640283	11.743046	21.655691
42.7	5.587061	6.159003	11.746065	21.587196
42.8	1.691922	10.049993	11.741915	21.539228
42.9	3.587978	8.147991	11.735968	21.511482
43	8.797213	2.938953	11.736166	21.490230
43.1	10.374773	1.367524	11.742298	21.453463
43.2	6.206375	5.539777	11.746151	21.380292
43.3	1.899214	9.843318	11.742532	21.261106
43.4	3.243939	8.492401	11.736340	21.104476
43.5	8.360683	3.375317	11.736001	20.937766
43.6	10.207022	1.535006	11.742028	20.800625
43.7	6.148296	5.597937	11.746233	20.733109
43.8	1.633148	10.109632	11.742780	20.762295
43.9	2.890429	8.845756	11.736185	20.892004
44	8.444323	3.291010	11.735333	21.099439
44.1	10.962357	0.779140	11.741497	21.340282
44.2	7.052317	4.694213	11.746530	21.560956
44.3	1.846845	9.896907	11.743752	21.714250
44.4	2.176286	9.560609	11.736895	21.773257
44.5	7.483956	4.251117	11.735073	21.739043
44.6	10.662907	1.077661	11.740568	21.639509
44.7	7.621079	4.124796	11.745875	21.519833
44.8	2.679915	9.063970	11.743884	21.427713
44.9	2.623422	9.113990	11.737412	21.398321
45	7.526483	4.208798	11.735281	21.443954
45.1	10.721661	1.018722	11.740383	21.551676
45.2	7.840681	3.905162	11.745843	21.689509
45.3	2.684852	9.059486	11.744338	21.818772
45.4	2.097351	9.640535	11.737886	21.908156
45.5	6.850096	4.884917	11.735013	21.944600
45.6	10.747552	0.991783	11.739335	21.937255
45.7	8.932360	2.812603	11.744962	21.913343
45.8	4.128426	7.616188	11.744614	21.907527
45.9	2.668071	9.071159	11.739230	21.948712
46	6.009394	5.726868	11.736262	22.048991
46.1	9.188636	2.550786	11.739422	22.198662
46.2	7.887936	3.856029	11.743965	22.369035
46.3	4.204480	7.539085	11.743565	22.522039
46.4	3.427833	8.311147	11.738981	22.623239
46.5	6.625645	5.111059	11.736704	22.653761
46.6	9.312626	2.427223	11.739849	22.617024
46.7	7.780553	3.963447	11.744000	22.538025
46.8	4.152313	7.591192	11.743506	22.455461
46.9	3.292436	8.446806	11.739242	22.409394
47	6.096484	5.640669	11.737153	22.428582
47.1	8.479623	3.260289	11.739912	22.521590
47.2	7.221595	4.521810	11.743405	22.674411
47.3	4.345864	7.396860	11.742724	22.855101
47.4	4.033641	7.705391	11.739031	23.023614
47.5	6.640421	5.097298	11.737719	23.143455
47.6	8.295164	3.445499	11.740663	23.191403
47.7	6.521249	5.222348	11.743597	23.162450
47.8	3.814113	7.928132	11.742245	23.068889
47.9	4.094124	7.644319	11.738444	22.934494
48	7.095173	4.642394	11.737567	22.786227
48.1	8.680793	3.060101	11.740894	22.646470
48.2	6.674376	5.069382	11.743758	22.528255
48.3	3.946958	7.795181	11.742138	22.434591
48.4	4.350008	7.388373	11.738381	22.361434
48.5	7.231328	4.506563	11.737891	22.302530
48.6	8.359024	3.382373	11.741397	22.253893
48.7	6.026265	5.717537	11.743802	22.216076
48.8	3.643783	8.097639	11.741422	22.193433
48.9	4.946967	6.790481	11.737449	22.190921
49	8.470801	3.266870	11.737672	22.209965
49.1	9.284929	2.457277	11.742206	22.245316
49.2	5.895611	5.849314	11.744925	22.284397
49.3	2.684944	9.056873	11.741818	22.309666
49.4	4.124331	7.612497	11.736828	22.303335
49.5	8.501262	3.235495	11.736757	22.252855
49.6	9.980744	1.761150	11.741894	22.155254
49.7	6.513222	5.232109	11.745330	22.018777
49.8	2.798504	8.943786	11.742290	21.861190
49.9	3.980916	7.755924	11.736840	21.705246
50	8.503950	3.232600	11.736551	21.572714
50.1	10.034183	1.707897	11.742080	21.478826
50.2	6.118926	5.627048	11.745975	21.428763
50.3	1.812338	9.930340	11.742677	21.417103
50.4	3.048902	8.687392	11.736294	21.430170
50.5	8.514783	3.220567	11.735350	21.450382
50.6	11.123258	0.618062	11.741320	21.461156
50.7	7.380556	4.365876	11.746431	21.450963
50.8	2.126057	9.617899	11.743956	21.415518
50.9	2.155196	9.582042	11.737238	21.357790
51	7.186312	4.548933	11.735245	21.286180
51.1	10.310804	1.429723	11.740526	21.211678
51.2	7.338276	4.407535	11.745811	21.144930
51.3	2.429902	9.313972	11.743874	21.094003
51.4	2.404800	9.332538	11.737338	21.063271
51.5	7.428875	4.306259	11.735134	21.053449
51.6	10.719719	1.020660	11.740380	21.062530
51.7	7.712885	4.033198	11.746082	21.087188
51.8	2.305416	9.439115	11.744531	21.124232
51.9	1.701165	10.036540	11.737705	21.171728
52	6.764285	4.970373	11.734659	21.229556
52.1	10.852898	0.886497	11.739395	21.299242
52.2	8.680215	3.065346	11.745561	21.383045
52.3	3.291213	8.453808	11.745020	21.482449
52.4	1.869358	9.869331	11.738689	21.596382
52.5	6.133626	5.601499	11.735125	21.719686
52.6	10.219364	1.519597	11.738961	21.842464
52.7	8.701688	3.043151	11.744839	21.950850
52.8	3.818130	7.926693	11.744823	22.029431
52.9	2.267677	9.471395	11.739073	22.065063
53	6.131138	5.604278	11.735416	22.051226
53.1	10.201340	1.537350	11.738690	21.991631
53.2	9.109359	2.635024	11.744383	21.901713
53.3	4.446582	7.298356	11.744938	21.807014
53.4	2.400670	9.339213	11.739883	21.738293
53.5	5.411008	6.325129	11.736137	21.724241
53.6	9.186103	2.552372	11.738475	21.783639
53.7	8.784556	2.958776	11.743332	21.919255
53.8	5.180405	6.563665	11.744070	22.115580
53.9	3.509397	8.230676	11.740073	22.341510
54	5.832865	5.904331	11.737196	22.557671
54.1	8.527864	3.211530	11.739395	22.726548
54.2	7.627408	4.115950	11.743357	22.822571
54.3	4.400743	7.342651	11.743394	22.839088
54.4	3.439133	8.300321	11.739453	22.789986
54.5	6.144143	5.592922	11.737065	22.705313
54.6	8.804850	2.934669	11.739519	22.622106
54.7	7.829353	3.913991	11.743344	22.573255
54.8	4.685402	7.057895	11.743296	22.577871
54.9	3.691993	8.047687	11.739680	22.636218
55	5.932664	5.805068	11.737732	22.730771
55.1	7.903031	3.837077	11.740108	22.832930
55.2	6.673513	5.069670	11.743183	22.913041
55.3	4.120513	7.621831	11.742344	22.950256
55.4	4.184145	7.554534	11.738679	22.938858
55.5	7.087737	4.649761	11.737499	22.888944
55.6	8.835167	2.905556	11.740723	22.821366
55.7	6.833579	4.910393	11.743973	22.758901
55.8	3.704521	8.038119	11.742640	22.716951
55.9	3.753535	7.984932	11.738467	22.697271
56	6.928730	4.808519	11.737249	22.687124
56.1	8.809278	2.931428	11.740706	22.664261
56.2	6.794751	4.949198	11.743948	22.605974
56.3	3.838546	7.903753	11.742299	22.498905
56.4	4.329789	7.408218	11.738008	22.345920
56.5	7.772090	3.965181	11.737271	22.167320
56.6	9.254918	2.486534	11.741452	21.995674
56.7	6.348186	5.396645	11.744831	21.865823
56.8	2.838171	8.904228	11.742399	21.803457
56.9	3.761974	7.975125	11.737099	21.816211
57	8.304037	3.432140	11.736177	21.890487
57.1	10.503209	1.238037	11.741246	21.995210
57.2	7.227441	4.518261	11.745701	22.091331
57.3	2.654289	9.089169	11.743458	22.143861
57.4	2.867214	8.870142	11.737356	22.132331
57.5	7.621582	4.114001	11.735582	22.056133
57.6	10.508160	1.232466	11.740627	21.933043
57.7	7.550716	4.195012	11.745728	21.791636
57.8	2.688726	9.055175	11.743901	21.660509
57.9	2.560153	9.177335	11.737489	21.558282
58	7.469756	4.265421	11.735177	21.488030
58.1	10.806010	0.934259	11.740269	21.438090
58.2	7.891378	3.854676	11.746054	21.388772
58.3	2.402820	9.341893	11.744713	21.322265
58.4	1.588297	10.149593	11.737890	21.231803
58.5	6.577618	5.156986	11.734605	21.126376
58.6	10.811447	0.927758	11.739205	21.028927
58.7	8.767581	2.977951	11.745532	20.968424
58.8	3.292385	8.452809	11.745194	20.968595
58.9	1.700057	10.038754	11.738811	21.037499
59	5.930621	5.804466	11.735087	21.162033
59.1	10.037786	1.701226	11.739011	21.309800
59.2	8.336580	3.408565	11.745146	21.438226
59.3	3.140676	8.604372	11.745048	21.508115
59.4	1.623898	10.114836	11.738734	21.497127
59.5	6.077428	5.657249	11.734677	21.408453
59.6	10.742388	0.996002	11.738389	21.271468
59.7	9.484100	2.260908	11.745008	21.133763
59.8	3.965129	7.780704	11.745833	21.046922
59.9	1.381148	10.358772	11.739920	21.050559
60	4.906036	6.829144	11.735180	21.159811
60.1	9.668703	2.069001	11.737704	21.360398
60.2	9.455941	2.287848	11.743789	21.612863
60.3	4.936939	6.808274	11.745213	21.864575
60.4	2.446388	9.293938	11.740326	22.065563
60.5	5.287833	6.448146	11.735980	22.183009
60.6	9.434548	2.303487	11.738034	22.209829
60.7	9.216340	2.527188	11.743529	22.164797
60.8	5.009610	6.735359	11.744968	22.084574
60.9	2.540209	9.200334	11.740543	22.010630
61	5.037108	6.699236	11.736343	21.975658
61.1	9.027940	2.709960	11.737900	21.994006
61.2	9.257984	2.484850	11.742834	22.059116
61.3	5.736100	6.008349	11.744449	22.148376
61.4	3.368459	8.372461	11.740920	22.233287
61.5	5.075585	6.661840	11.737425	22.291043
61.6	8.040884	3.697801	11.738685	22.313342
61.7	7.993272	3.749281	11.742553	22.309377
61.8	5.212281	6.531103	11.743385	22.302138
61.9	3.876925	7.863173	11.740098	22.319510
62	5.956695	5.780846	11.737541	22.383507
62.1	8.416811	3.322648	11.739459	22.501463
62.2	7.613234	4.129924	11.743157	22.662297
62.3	4.535351	7.208011	11.743363	22.839057
62.4	3.440178	8.299551	11.739729	22.996823
62.5	5.838062	5.899274	11.737336	23.103208
62.6	8.360985	3.378520	11.739505	23.137957
62.7	7.524730	4.218384	11.743114	23.098559
62.8	4.632497	7.110550	11.743047	23.000257
62.9	3.869493	7.869975	11.739468	22.870761
63	6.295163	5.442428	11.737592	22.741661
63.1	8.297649	3.442570	11.740219	22.639462
63.2	6.784519	4.959102	11.743621	22.579037
63.3	3.760898	7.981857	11.742754	22.561265
63.4	3.655930	8.082614	11.738543	22.575076
63.5	6.993471	4.743368	11.736839	22.602665
63.6	9.380776	2.359467	11.740243	22.625768
63.7	7.502576	4.241655	11.744232	22.630803
63.8	3.861191	7.882078	11.743269	22.611393
63.9	3.467850	8.270754	11.738604	22.567937
64	6.866383	4.870359	11.736741	22.504994
64.1	9.237342	2.503068	11.740411	22.427961
64.2	7.083140	4.661398	11.744538	22.340560
64.3	3.311555	8.431571	11.743126	22.244128
64.4	3.420815	8.316958	11.737773	22.138780
64.5	7.763120	3.972729	11.735849	22.025710
64.6	10.642853	1.097560	11.740413	21.909382
64.7	7.904262	3.841375	11.745637	21.798423
64.8	2.836331	8.908075	11.744405	21.704587
64.9	2.086384	9.651685	11.738069	21.639911
65	6.764821	4.970138	11.734958	21.612989
65.1	10.759745	0.979539	11.739283	21.625614
65.2	8.796454	2.948879	11.745333	21.671033
65.3	3.531662	8.213358	11.745020	21.734507
65.4	2.036862	9.701920	11.738782	21.796134
65.5	6.274386	5.460691	11.735077	21.835203
65.6	10.408020	1.330963	11.738983	21.834870
65.7	8.679147	3.066112	11.745258	21.785931
65.8	3.268127	8.477220	11.745347	21.688765
65.9	1.455994	10.282976	11.738971	21.553094
66	5.811716	5.922908	11.734624	21.395775
66.1	10.629554	1.108638	11.738191	21.237304
66.2	9.497916	2.247078	11.744994	21.097884
66.3	3.874909	7.871108	11.746017	20.993889
66.4	1.146119	10.593846	11.739965	20.935328
66.5	4.776894	6.958049	11.734944	20.924635
66.6	9.778817	1.958732	11.737549	20.956873
66.7	9.501672	2.242423	11.744095	21.021196
66.8	4.524143	7.221581	11.745723	21.103307
66.9	1.709237	10.031130	11.740366	21.188469
67	4.847256	6.888149	11.735404	21.264526
67.1	9.592265	2.145310	11.737575	21.324330
67.2	9.445396	2.298494	11.743890	21.366957
67.3	4.576379	7.169390	11.745768	21.397350
67.4	1.564351	10.176304	11.740654	21.424328
67.5	4.516934	7.218451	11.735385	21.457442
67.6	9.599594	2.137335	11.736929	21.503531
67.7	10.234151	1.508967	11.743119	21.564104
67.8	5.816744	5.929016	11.745761	21.634526
67.9	2.285736	9.455910	11.741645	21.705472
68	4.058300	7.678258	11.736558	21.766392
68.1	8.349908	3.387296	11.737204	21.809895
68.2	9.298045	2.444239	11.742285	21.835518
68.3	5.937377	5.807294	11.744672	21.851309
68.4	3.191255	8.550017	11.741272	21.872288
68.5	4.894253	6.842745	11.736998	21.915866
68.6	8.624607	3.113138	11.737746	21.995466
68.7	9.250719	2.491632	11.742351	22.114457
68.8	6.003532	5.740941	11.744473	22.262667
68.9	3.327039	8.414377	11.741416	22.417150
69	4.632847	7.104751	11.737597	22.547549
69.1	7.782109	3.956062	11.738171	22.624816
69.2	8.362835	3.379127	11.741962	22.630750
69.3	5.873693	5.869767	11.743460	22.565207
69.4	4.140435	7.600280	11.740716	22.448355
69.5	5.653796	6.084133	11.737930	22.316747
69.6	8.027990	3.711267	11.739257	22.213952
69.7	7.556059	4.186749	11.742808	22.178359
69.8	4.668160	7.075209	11.743369	22.231828
69.9	3.429290	8.310639	11.739929	22.372809
70	5.744728	5.992515	11.737243	22.576240
70.1	8.527217	3.211931	11.739148	22.800416
70.2	7.942400	3.800667	11.743067	22.998781
70.3	4.805488	6.938064	11.743552	23.132964
70.4	3.475293	8.264664	11.739957	23.182975
70.5	5.725716	6.011678	11.737394	23.151393
70.6	8.234106	3.505413	11.739519	23.060411
70.7	7.311776	4.431505	11.743280	22.942973
70.8	4.239905	7.503265	11.743169	22.831191
70.9	3.562758	8.176364	11.739121	22.746069
71	6.575300	5.161545	11.736845	22.691992
71.1	9.216500	2.523339	11.739839	22.657653
71.2	7.613940	4.130260	11.744200	22.622767
71.3	3.695919	8.047866	11.743785	22.567839
71.4	2.836612	8.902233	11.738845	22.483186
71.5	6.462553	5.273471	11.736024	22.373761
71.6	9.832049	1.907289	11.739338	22.257914
71.7	8.362217	3.382213	11.744430	22.160525
71.8	4.004556	7.739759	11.744315	22.103093
71.9	2.754689	8.984331	11.739020	22.094551
72	6.434634	5.301166	11.735800	22.126391
72.1	10.000586	1.738688	11.739274	22.174169
72.2	8.340010	3.404859	11.744870	22.205091
72.3	3.450715	8.294091	11.744806	22.189169
72.4	2.020510	9.718281	11.738791	22.109981
72.5	6.368823	5.365950	11.734773	21.971147
72.6	11.004053	0.734310	11.738363	21.796058
72.7	9.750448	1.994624	11.745071	21.620754
72.8	4.065698	7.680379	11.746077	21.482326
72.9	1.278371	10.461638	11.740010	21.406817
73	4.907652	6.827243	11.734895	21.400825
73.1	9.986921	1.750550	11.737471	21.449751
73.2	9.722185	2.021986	11.744171	21.523249
73.3	4.585344	7.160589	11.745932	21.585934
73.4	1.616761	10.123648	11.740409	21.609485
73.5	4.880320	6.854802	11.735122	21.581854
73.6	9.951508	1.785784	11.737291	21.510339
73.7	9.883204	1.860863	11.744067	21.417535
73.8	4.600824	7.145525	11.746349	21.331770
73.9	1.052479	10.688556	11.741035	21.275688
74	3.915798	7.819380	11.735179	21.257273
74.1	9.370589	2.365916	11.736505	21.266771
74.2	10.259701	1.483405	11.743106	21.280755
74.3	5.619427	6.126713	11.746140	21.271924
74.4	1.792531	9.949207	11.741737	21.221056
74.5	3.794067	7.941969	11.736036	21.126594
74.6	8.671326	3.065397	11.736722	21.008102
74.7	9.700439	2.042243	11.742682	20.901927
74.8	5.546373	6.199331	11.745704	20.850176
74.9	1.966547	9.775142	11.741689	20.886603
75	3.914718	7.821389	11.736108	21.024195
75.1	8.856047	2.880436	11.736483	21.248854
75.2	10.257375	1.484882	11.742257	21.521606
75.3	6.364412	5.381299	11.745711	21.788915
75.4	2.408140	9.334272	11.742412	21.997940
75.5	3.487283	8.249683	11.736966	22.111898
75.6	7.900898	3.835659	11.736557	22.120617
75.7	9.753054	1.988290	11.741344	22.042934
75.8	6.940413	4.804249	11.744662	21.920285
75.9	3.635853	8.106431	11.742283	21.803680
76	4.272390	7.465508	11.737898	21.738348
76.1	7.585136	4.152491	11.737627	21.750931
76.2	8.741683	2.999876	11.741559	21.843139
76.3	6.213628	5.530335	11.743962	21.993464
76.4	3.737998	8.003490	11.741488	22.165930
76.5	4.886611	6.851120	11.737731	22.322572
76.6	8.056278	3.681721	11.737998	22.435360
76.7	8.829721	2.912133	11.741854	22.493750
76.8	6.194922	5.548969	11.743891	22.505728
76.9	3.841295	7.900114	11.741409	22.492602
77	4.863372	6.874728	11.738101	22.479828
77.1	7.474422	4.264234	11.738656	22.487380
77.2	7.738600	4.003489	11.742089	22.523062
77.3	5.299630	6.443626	11.743256	22.580870
77.4	3.874435	7.865893	11.740327	22.644612
77.5	5.804778	5.932739	11.737517	22.695110
77.6	8.499278	3.239802	11.739079	22.718144
77.7	7.985634	3.757448	11.743082	22.710197
77.8	4.649002	7.094919	11.743922	22.680001
77.9	2.940743	8.799480	11.740223	22.645486
78	5.241607	6.495374	11.736982	22.627366
78.1	8.432819	3.305877	11.738696	22.641727
78.2	8.139202	3.603798	11.743001	22.694193
78.3	4.853155	6.890688	11.743843	22.777619
78.4	3.312232	8.427747	11.739979	22.873901
78.5	5.829016	5.907858	11.736874	22.959147
78.6	8.882687	2.856425	11.739112	23.010355
78.7	7.950586	3.793186	11.743772	23.011441
78.8	4.013108	7.731131	11.744239	22.956827
78.9	2.515507	9.223965	11.739471	22.851812
79	5.882830	5.852985	11.735814	22.710019
79.1	9.871873	1.866589	11.738462	22.549129
79.2	9.108132	2.635970	11.744102	22.386452
79.3	4.490048	7.255082	11.745129	22.235680
79.4	2.211988	9.528018	11.740006	22.105497
79.5	5.422786	6.312823	11.735609	21.999970
79.6	9.803668	1.934345	11.738013	21.919995
79.7	9.310953	2.433126	11.744080	21.864849
79.8	4.476221	7.269287	11.745508	21.833107
79.9	1.887927	9.852202	11.740129	21.822591
80	5.294080	6.441023	11.735103	21.829621
80.1	10.314695	1.422690	11.737385	21.848163
80.2	10.140670	1.603510	11.744180	21.869551
80.3	4.746158	7.000292	11.746450	21.883231
80.4	1.149183	10.591823	11.741006	21.878504
80.5	4.150078	7.584861	11.734939	21.846871
80.6	9.874924	1.861341	11.736265	21.784253
80.7	10.846891	0.896336	11.743226	21.692409
80.8	5.877973	5.868658	11.746630	21.579076
80.9	1.568704	10.173408	11.742112	21.456752
81	3.449643	8.286236	11.735879	21.340427
81.1	8.679940	3.056328	11.736268	21.244776
81.2	10.044261	1.698297	11.742558	21.181429
81.3	5.742393	6.003692	11.746084	21.156815
81.4	1.740863	10.001168	11.742031	21.170912
81.5	3.602529	8.133382	11.735911	21.217055
81.6	8.917995	2.818054	11.736049	21.282825
81.7	10.551331	1.190997	11.742328	21.351959
81.8	6.249836	5.496547	11.746383	21.407098
81.9	1.644398	10.098472	11.742870	21.433096
82	2.689132	9.047418	11.736550	21.420362
82.1	7.798196	3.937562	11.735758	21.367571
82.2	10.164645	1.576621	11.741266	21.282947
82.3	6.923319	4.822182	11.745501	21.183527
82.4	2.764628	8.978283	11.742911	21.092166
82.5	3.360938	8.376353	11.737291	21.032685
82.6	7.728607	4.007754	11.736361	21.024206
82.7	9.793103	1.948154	11.741257	21.076151
82.8	6.755473	4.989731	11.745204	21.185446
82.9	2.794433	8.948442	11.742874	21.336966
83	3.268284	8.469226	11.737510	21.507370
83.1	7.508659	4.227642	11.736301	21.671407
83.2	9.917547	1.823100	11.740646	21.808855
83.3	7.579548	4.165006	11.744555	21.909927
83.4	3.934410	7.808586	11.742996	21.977317
83.5	3.803321	7.935208	11.738529	22.024094
83.6	6.904148	4.833223	11.737371	22.068040
83.7	8.659683	3.081085	11.740769	22.124310
83.8	6.763190	4.980443	11.743634	22.198999
83.9	4.202416	7.539526	11.741942	22.286036
84	4.765091	6.973205	11.738296	22.368758
84.1	7.624093	4.113912	11.738005	22.425887
84.2	8.628507	3.112976	11.741482	22.440013
84.3	6.289662	5.454089	11.743751	22.405592
84.4	3.889940	7.851648	11.741589	22.333424
84.5	4.778612	6.959487	11.738098	22.249610
84.6	7.608651	4.129597	11.738248	22.188817
84.7	8.291847	3.449933	11.741780	22.183712
84.8	5.859027	5.884563	11.743591	22.253913
84.9	3.846122	7.894930	11.741052	22.398226
85	5.193589	6.544247	11.737836	22.593067
85.1	7.933900	3.804803	11.738702	22.797991
85.2	7.924579	3.818006	11.742585	22.966936
85.3	4.868021	6.875879	11.743900	23.061762
85.4	3.001034	8.739425	11.740459	23.063779
85.5	5.214596	6.522246	11.736842	22.979498
85.6	8.769083	2.969114	11.738197	22.838641
85.7	8.832505	2.910425	11.742931	22.684972
85.8	5.173837	6.570800	11.744637	22.562896
85.9	2.671953	9.068953	11.740906	22.504150
86	4.687399	7.049419	11.736817	22.518862
86.1	8.368894	3.369143	11.738037	22.593753
86.2	8.539288	3.203592	11.742880	22.697819
86.3	4.947587	6.796905	11.744492	22.793323
86.4	2.771443	8.968940	11.740383	22.848184
86.5	5.425009	6.311149	11.736158	22.845517
86.6	9.544367	2.193571	11.737937	22.787234
86.7	9.349090	2.394608	11.743698	22.690801
86.8	4.685981	7.059668	11.745650	22.580739
86.9	1.635086	10.105728	11.740814	22.478302
87	4.457450	7.277963	11.735412	22.393312
87.1	9.656440	2.080275	11.736715	22.321211
87.2	10.429423	1.313720	11.743143	22.246369
87.3	5.772633	5.973525	11.746157	22.150231
87.4	1.942275	9.799420	11.741695	22.021053
87.5	4.097956	7.637806	11.735761	21.861278
87.6	9.298202	2.438230	11.736432	21.689484
87.7	10.397417	1.345487	11.742904	21.535795
87.8	5.725022	6.021417	11.746440	21.432170
87.9	1.480091	10.262024	11.742115	21.400950
88	3.472722	8.262848	11.735570	21.445843
88.1	9.246429	2.489124	11.735554	21.548816
88.2	11.233394	0.508796	11.742190	21.674304
88.3	6.802583	4.944165	11.746748	21.779579
88.4	1.756975	9.986304	11.743279	21.827885
88.5	2.601418	9.135083	11.736501	21.799874
88.6	7.954492	3.780915	11.735407	21.699410
88.7	10.556331	1.184914	11.741246	21.551735
88.8	7.044083	4.701942	11.746025	21.394619
88.9	2.319328	9.424051	11.743379	21.265596
89	2.772994	8.964065	11.737058	21.189728
89.1	7.660468	4.075214	11.735682	21.172119
89.2	10.242039	1.499008	11.741047	21.197709
89.3	6.982197	4.763618	11.745815	21.238259
89.4	2.291216	9.452317	11.743533	21.263874
89.5	2.498025	9.239280	11.737305	21.254815
89.6	7.330994	4.404483	11.735477	21.209272
89.7	10.380423	1.359962	11.740385	21.144241
89.8	7.739683	4.005696	11.745380	21.089178
89.9	3.089056	8.654874	11.743930	21.074710
90	2.551412	9.186862	11.738274	21.120514
90.1	6.514386	5.221700	11.736086	21.226835
90.2	9.426772	2.313253	11.740025	21.372848
90.3	7.512020	4.232402	11.744422	21.522663
90.4	3.734756	8.008526	11.743282	21.637084
90.5	3.464340	8.274049	11.738388	21.687133
90.6	7.068613	4.667963	11.736576	21.664670
90.7	9.577421	2.162847	11.740268	21.586376
90.8	7.606142	4.138198	11.744340	21.489569
90.9	3.886508	7.856826	11.743334	21.421091
91	3.362762	8.376068	11.738830	21.422819
91.1	6.485930	5.251049	11.736980	21.518481
91.2	8.898541	2.841438	11.739979	21.705993
91.3	7.603184	4.140176	11.743360	21.957717
91.4	4.871555	6.870965	11.742521	22.228413
91.5	4.679149	7.059922	11.739071	22.468230
91.6	7.013804	4.724401	11.738204	22.636575
91.7	8.129104	3.612035	11.741139	22.712588
91.8	6.158350	5.585102	11.743452	22.699256
91.9	3.909002	7.832566	11.741568	22.620364
92	4.809572	6.928453	11.738025	22.511786
92.1	7.844340	3.893590	11.737931	22.410276
92.2	8.817965	2.923650	11.741614	22.343440
92.3	6.276872	5.467122	11.743994	22.323822
92.4	3.676746	8.064958	11.741704	22.348449
92.5	4.584610	7.153340	11.737950	22.403219
92.6	7.607586	4.130494	11.738080	22.470020
92.7	8.297492	3.444485	11.741977	22.533796
92.8	5.491806	6.252260	11.744066	22.587122
92.9	3.129425	8.611730	11.741154	22.631029
93	4.770080	6.967072	11.737151	22.672283
93.1	8.393482	3.344310	11.737792	22.718602
93.2	8.954535	2.787966	11.742501	22.773889
93.3	5.415224	6.329644	11.744869	22.835369
93.4	2.459082	9.282351	11.741433	22.893642
93.5	4.205611	7.531090	11.736701	22.935507
93.6	8.427061	3.310113	11.737174	22.948398
93.7	9.407085	2.335259	11.742344	22.924746
93.8	5.768253	5.976909	11.745162	22.864711
93.9	2.509875	9.231778	11.741653	22.776405
94	4.219804	7.516755	11.736559	22.673636
94.1	8.645234	3.091764	11.736998	22.572047
94.2	9.612562	2.130024	11.742586	22.484981
94.3	5.550309	6.195369	11.745678	22.420330
94.4	1.926027	9.815719	11.741746	22.379209
94.5	3.955241	7.780595	11.735836	22.356562
94.6	9.317501	2.418511	11.736012	22.343241
94.7	10.962446	0.779923	11.742369	22.328694
94.8	6.529825	5.216772	11.746597	22.303429
94.9	1.714375	10.028631	11.743006	22.260660
95	2.819202	8.917069	11.736271	22.196979
95.1	8.341500	3.393813	11.735313	22.112248
95.2	10.936509	0.804850	11.741359	22.009066
95.3	7.231175	4.515087	11.746262	21.892172
95.4	2.328866	9.414573	11.743439	21.767945
95.5	2.913237	8.823501	11.736738	21.643954
95.6	8.212556	3.522712	11.735269	21.528428
95.7	11.010097	0.731012	11.741109	21.429483
95.8	7.368645	4.377821	11.746466	21.354134
95.9	1.983993	9.760129	11.744123	21.307238
96	1.954309	9.782815	11.737124	21.290649
96.1	7.326757	4.407939	11.734696	21.302815
96.2	11.072508	0.667430	11.739937	21.338936
96.3	8.438460	3.307354	11.745814	21.391587
96.4	3.111883	8.632796	11.744680	21.451599
96.5	2.084881	9.653509	11.738390	21.508944
96.6	6.322221	5.413300	11.735521	21.553525
96.7	9.759901	1.979818	11.739719	21.575932
96.8	7.712306	4.032692	11.744997	21.568337
96.9	3.144626	8.599465	11.744091	21.525749
97	2.440984	9.297327	11.738311	21.447569
97.1	6.644001	5.091584	11.735586	21.339138
97.2	10.099745	1.639862	11.739607	21.212623
97.3	8.181646	3.563278	11.744924	21.086523
97.4	3.490995	8.253455	11.744450	20.983289
97.5	2.232630	9.506352	11.738982	20.925102
97.6	5.881715	5.854183	11.735898	20.928581
97.7	9.428009	2.311090	11.739098	20.999795
97.8	8.303429	3.440551	11.743979	21.131244
97.9	4.391944	7.352037	11.743981	21.302135
98	3.134417	8.605028	11.739445	21.482455
98.1	6.037106	5.699673	11.736779	21.640143
98.2	8.886107	2.853378	11.739484	21.749540
98.3	7.794908	3.948649	11.743557	21.798641
98.4	4.496299	7.247019	11.743318	21.792775
98.5	3.698331	8.040939	11.739270	21.753293
98.6	6.473498	5.263647	11.737146	21.711354
98.7	8.926517	2.813279	11.739795	21.698521
98.8	7.760879	3.982500	11.743380	21.737043
98.9	4.783908	6.959049	11.742957	21.832955
99	4.154351	7.585033	11.739384	21.974320
99.1	6.486637	5.251227	11.737864	22.135327
99.2	8.182743	3.557692	11.740435	22.284966
99.3	6.765268	4.977893	11.743161	22.397411
99.4	4.461064	7.280865	11.741929	22.460573
99.5	4.892134	6.846346	11.738480	22.479822
99.6	7.666982	4.070985	11.737967	22.475485
99.7	8.745606	2.995855	11.741460	22.474910
99.8	6.225542	5.518616	11.744158	22.501838
99.9	3.314596	8.427475	11.742071	22.566842
100	4.038110	7.699733	11.737843	22.662400
100.1	7.535704	4.201587	11.737292	22.764555
100.2	9.057423	2.683858	11.741282	22.840875
100.3	6.507885	5.236439	11.744324	22.862134
100.4	3.450332	8.291810	11.742142	22.813681
100.5	4.198317	7.539445	11.737761	22.702426
100.6	7.699252	4.038186	11.737437	22.556747
100.7	8.855486	2.886364	11.741850	22.418977
100.8	5.686213	6.058664	11.744877	22.332709
100.9	2.382774	9.359217	11.741991	22.329011
101	3.716757	8.020044	11.736801	22.416127
101.1	8.295013	3.441399	11.736412	22.576142
101.2	10.117108	1.624540	11.741648	22.769831
101.3	6.649170	5.096437	11.745607	22.948148
101.4	2.447205	9.295692	11.742897	23.066618
101.5	3.138007	8.599096	11.737103	23.097944
101.6	7.757121	3.978975	11.736096	23.038810
101.7	9.961737	1.779566	11.741303	22.908883
101.8	6.674195	5.071401	11.745596	22.742684
101.9	2.416069	9.326866	11.742936	22.577419
102	3.235498	8.501273	11.736771	22.441072
102.1	8.333418	3.402143	11.735561	22.344822
102.2	10.890181	0.851069	11.741250	22.282131
102.3	7.239915	4.506439	11.746354	22.234349
102.4	2.040375	9.703518	11.743892	22.180349
102.5	2.238815	9.498104	11.736919	22.106293
102.6	7.751232	3.983414	11.734645	22.011739
102.7	11.415881	0.324279	11.740160	21.909775
102.8	8.446959	3.299256	11.746215	21.821224
102.9	2.797240	8.947603	11.744843	21.765265
103	1.888021	9.849954	11.737974	21.750243
103.1	6.744920	4.989883	11.734803	21.768426
103.2	10.734077	1.005383	11.739460	21.797015
103.3	8.523613	3.221952	11.745565	21.805368
103.4	3.189421	8.555472	11.744893	21.766023
103.5	1.974521	9.763895	11.738416	21.665535
103.6	6.513819	5.221077	11.734895	21.511059
103.7	10.690311	1.048734	11.739045	21.330012
103.8	8.898286	2.846994	11.745280	21.162532
103.9	3.511266	8.234055	11.745321	21.049087
104	1.593465	10.145801	11.739267	21.017326
104.1	5.453303	6.281950	11.735253	21.072703
104.2	9.761328	1.977101	11.738429	21.196148
104.3	8.880966	2.863268	11.744234	21.349695
104.4	4.328321	7.416518	11.744840	21.488248
104.5	2.410509	9.329215	11.739724	21.573556
104.6	5.555587	6.180494	11.736081	21.585717
104.7	9.196697	2.542141	11.738838	21.528418
104.8	8.220101	3.523954	11.744055	21.426292
104.9	3.965225	7.779288	11.744513	21.315494
105	2.284038	9.455554	11.739592	21.230926
105.1	5.522428	6.213534	11.735963	21.194597
105.2	9.419691	2.318729	11.738419	21.209128
105.3	8.962707	2.780812	11.743519	21.258507
105.4	5.038539	6.705956	11.744495	21.315618
105.5	2.947734	8.792680	11.740414	21.353661
105.6	5.141902	6.595169	11.737072	21.357263
105.7	8.211378	3.527440	11.738817	21.329229
105.8	7.931140	3.811648	11.742789	21.290470
105.9	5.066989	6.676292	11.743282	21.273096
106	3.974287	7.765495	11.739783	21.309056
106.1	6.290053	5.447386	11.737440	21.418287
106.2	8.700375	3.039244	11.739619	21.600498
106.3	7.761427	3.981774	11.743200	21.833488
106.4	4.795759	6.947356	11.743114	22.078635
106.5	3.958370	7.781177	11.739548	22.291830
106.6	6.330398	5.407192	11.737589	22.436314
106.7	8.458350	3.281597	11.739947	22.493315
106.8	7.348195	4.394939	11.743133	22.467181
106.9	4.734610	7.007913	11.742523	22.383550
107	4.518460	7.220575	11.739035	22.281371
107.1	7.053440	4.684406	11.737846	22.201448
107.2	8.532732	3.208158	11.740891	22.175141
107.3	6.491056	5.252822	11.743878	22.216564
107.4	3.589292	8.152997	11.742290	22.320307
107.5	4.063012	7.674997	11.738009	22.464845
107.6	7.619015	4.117995	11.737011	22.620060
107.7	9.485397	2.255609	11.741006	22.756205
107.8	6.903724	4.841003	11.744727	22.851503
107.9	3.148719	8.594280	11.742999	22.896373
108	3.249189	8.488831	11.738020	22.893567
108.1	7.064907	4.671669	11.736576	22.854885
108.2	9.331193	2.409529	11.740722	22.796120
108.3	6.858576	4.886189	11.744765	22.732131
108.4	3.049277	8.693715	11.742992	22.673564
108.5	3.316556	8.421136	11.737692	22.625875
108.6	7.516553	4.219677	11.736230	22.590386
108.7	9.897366	1.843542	11.740908	22.566397
108.8	6.928285	4.817221	11.745506	22.553211
108.9	2.375394	9.368196	11.743590	22.551166
109	2.433882	9.303566	11.737448	22.561351
109.1	7.284462	4.450815	11.735277	22.584320
109.2	10.614273	1.125855	11.740128	22.618508
109.3	8.020539	3.725043	11.745582	22.659147
109.4	3.021688	8.722606	11.744294	22.698234
109.5	2.394371	9.343617	11.737988	22.725636
109.6	6.987889	4.747365	11.735255	22.731024
109.7	10.485024	1.254897	11.739921	22.706012
109.8	7.953108	3.792604	11.745712	22.645902
109.9	2.677456	9.067172	11.744629	22.550614
110	1.894419	9.843436	11.737855	22.424678
110.1	7.007429	4.726956	11.734384	22.276441
110.2	11.484123	0.254889	11.739012	22.116804
110.3	9.432955	2.312835	11.745791	21.957765
110.4	3.462500	8.283355	11.745856	21.810968
110.5	1.278398	10.460800	11.739198	21.686359
110.6	5.525839	6.208794	11.734633	21.590968
110.7	10.415041	1.322995	11.738036	21.527935
110.8	9.540097	2.204538	11.744635	21.495941
110.9	4.337334	7.408249	11.745583	21.489306
111	1.929911	9.809909	11.739820	21.498895
111.1	5.458429	6.276859	11.735288	21.513848
111.2	9.975984	1.762104	11.738088	21.523805
111.3	9.280735	2.463591	11.744326	21.521083
111.4	4.295283	7.450259	11.745542	21.502179
111.5	1.716206	10.023949	11.740155	21.468089
111.6	4.940392	6.795058	11.735450	21.423334
111.7	9.590857	2.146790	11.737647	21.374034
111.8	9.522016	2.221621	11.743637	21.325742
111.9	5.008450	6.736955	11.745406	21.281909
112	2.130451	9.610403	11.740854	21.243585
112.1	4.478472	7.257869	11.736341	21.210479
112.2	8.533425	3.204408	11.737834	21.182888
112.3	8.744427	2.998520	11.742947	21.163519
112.4	5.084857	6.659685	11.744542	21.158154
112.5	2.813495	8.927090	11.740585	21.174481
112.6	5.082280	6.654425	11.736705	21.219141
112.7	8.691768	3.046484	11.738252	21.293902
112.8	8.655785	3.087218	11.743002	21.392476
112.9	5.065585	6.678834	11.744419	21.499567
113	2.831523	8.909154	11.740677	21.593148
113.1	4.891243	6.845730	11.736973	21.649918
113.2	8.344619	3.393591	11.738210	21.652583
113.3	8.641398	3.100995	11.742393	21.596722
113.4	5.775612	5.968098	11.743710	21.494711
113.5	3.959114	7.781548	11.740662	21.374893
113.6	5.556925	6.180940	11.737865	21.275543
113.7	7.939652	3.799631	11.739283	21.234960
113.8	7.502563	4.240097	11.742660	21.280459
113.9	4.917018	6.825918	11.742936	21.419693
114	4.105496	7.634105	11.739601	21.637265
114.1	6.495847	5.241607	11.737454	21.898033
114.2	8.848792	2.890909	11.739701	22.156441
114.3	7.826925	3.916353	11.743278	22.369166
114.4	4.806598	6.936537	11.743135	22.507180
114.5	4.000872	7.738593	11.739465	22.563396
114.6	6.462750	5.274783	11.737533	22.553436
114.7	8.516606	3.223582	11.740189	22.509257
114.8	6.998795	4.744861	11.743656	22.467797
114.9	3.940565	7.802203	11.742768	22.458458
115	3.873331	7.865122	11.738454	22.493651
115.1	7.310496	4.426273	11.736770	22.565593
115.2	9.643248	2.097211	11.740459	22.650374
115.3	7.372382	4.372385	11.744768	22.717780
115.4	3.195005	8.548702	11.743707	22.743314
115.5	2.644410	9.094011	11.738421	22.718074
115.6	6.561875	5.174081	11.735955	22.652884
115.7	9.741282	1.998448	11.739730	22.575073
115.8	7.887207	3.857486	11.744693	22.518963
115.9	3.523837	8.220226	11.744064	22.513347
116	2.641237	9.097417	11.738654	22.570437
116.1	6.474858	5.261061	11.735919	22.680294
116.2	9.689346	2.050417	11.739764	22.812879
116.3	7.659859	4.085138	11.744998	22.927243
116.4	2.987510	8.756770	11.744280	22.984809
116.5	2.158372	9.579906	11.738278	22.962259
116.6	6.654728	5.080331	11.735058	22.859586
116.7	10.652209	1.087003	11.739212	22.700532
116.8	8.719145	3.026253	11.745398	22.525199
116.9	3.257756	8.487566	11.745322	22.377338
117	1.486797	10.252149	11.738946	22.290600
117.1	5.809131	5.925586	11.734718	22.278347
117.2	10.510521	1.227774	11.738295	22.330328
117.3	9.366717	2.378165	11.744882	22.417122
117.4	4.006091	7.739527	11.745618	22.500554
117.5	1.732346	10.007169	11.739516	22.546304
117.6	5.671879	6.062957	11.734836	22.534306
117.7	10.515593	1.222376	11.737969	22.463493
117.8	9.646109	2.098669	11.744778	22.349586
117.9	4.089477	7.656626	11.746103	22.217177
118	1.224741	10.515325	11.740066	22.089391
118.1	4.944658	6.789966	11.734623	21.979160
118.2	10.450507	1.286442	11.736949	21.885405
118.3	10.623483	1.120436	11.743919	21.795445
118.4	5.402499	6.343884	11.746383	21.692526
118.5	1.685481	10.055877	11.741358	21.565358
118.6	4.076057	7.659711	11.735769	21.415728
118.7	8.958115	2.778855	11.736971	21.260952
118.8	9.649074	2.093915	11.742988	21.129844
118.9	5.422072	6.323430	11.745502	21.053355
119	2.238488	9.502722	11.741210	21.053136
119.1	4.480508	7.255601	11.736109	21.132216
119.2	9.057102	2.680051	11.737153	21.271397
119.3	9.740721	2.002138	11.742859	21.433070
119.4	5.617442	6.128076	11.745518	21.571542
119.5	2.178707	9.562999	11.741706	21.646644
119.6	3.812433	7.924280	11.736713	21.636142
119.7	8.040621	3.696526	11.737146	21.542771
119.8	9.149031	2.593033	11.742064	21.393476
119.9	5.956597	5.788012	11.744609	21.231035
120	3.115039	8.626481	11.741520	21.100805
120.1	4.489392	7.247963	11.737354	21.036946
120.2	7.939646	3.798267	11.737913	21.052598
120.3	8.538291	3.203956	11.742247	21.137101
120.4	5.485801	6.258410	11.744211	21.260939
120.5	3.103292	8.637807	11.741099	21.386491
120.6	4.733089	7.004187	11.737276	21.480796
120.7	8.157637	3.580337	11.737973	21.525999
120.8	8.789272	2.952814	11.742086	21.524091
120.9	5.996465	5.747452	11.743917	21.494616
121	3.766893	7.974280	11.741172	21.466479
121.1	5.017064	6.720877	11.737941	21.466955
121.2	7.667073	4.071648	11.738721	21.511829
121.3	7.858910	3.883198	11.742108	21.600073
121.4	5.527871	6.215155	11.743026	21.714749
121.5	4.353249	7.386887	11.740137	21.829618
121.6	6.270919	5.466849	11.737768	21.918971
121.7	8.532617	3.206988	11.739605	21.967181
121.8	7.637609	4.105597	11.743206	21.974625
121.9	4.546898	7.196430	11.743328	21.958020
122	3.580472	8.159014	11.739486	21.945115
122.1	6.322654	5.414281	11.736935	21.965599
122.2	9.148469	2.590921	11.739390	22.041275
122.3	8.119103	3.624513	11.743617	22.178694
122.4	4.563383	7.180349	11.743732	22.366510
122.5	3.398439	8.341027	11.739467	22.578248
122.6	6.277044	5.459730	11.736775	22.779418
122.7	9.103278	2.636333	11.739610	22.936667
122.8	7.641704	4.102485	11.744189	23.026186
122.9	3.606091	8.137898	11.743988	23.039060
123	2.593147	9.145734	11.738881	22.982336
123.1	6.371450	5.364246	11.735696	22.875992
123.2	10.117619	1.621393	11.739012	22.747098
123.3	8.730408	3.014247	11.744655	22.623103
123.4	3.843044	7.902034	11.745078	22.526094
123.5	1.843931	9.895680	11.739611	22.469302
123.6	5.320126	6.415440	11.735565	22.456235
123.7	9.491739	2.246671	11.738410	22.482046
123.8	8.649513	3.094740	11.744253	22.536219
123.9	3.970109	7.774921	11.745030	22.605577
124	1.996172	9.743361	11.739534	22.676846
124.1	5.679403	6.055838	11.735241	22.738416
124.2	10.163811	1.574395	11.738206	22.781316
124.3	9.242556	2.502104	11.744659	22.799637
124.4	3.883932	7.861950	11.745882	22.790644
124.5	1.173528	10.566472	11.740001	22.754725
124.6	4.869473	6.865249	11.734722	22.695136
124.7	10.240800	1.496302	11.737103	22.617473
124.8	10.271778	1.472253	11.744032	22.528824
124.9	5.014880	6.731432	11.746312	22.436677
125	1.524542	10.216427	11.740968	22.347810
125.1	4.413189	7.322038	11.735227	22.267412
125.2	9.702042	2.034752	11.736794	22.198635
125.3	10.222556	1.520950	11.743506	22.142597
125.4	5.279136	6.467143	11.746279	22.098668
125.5	1.569324	10.172028	11.741352	22.064815
125.6	4.157917	7.577407	11.735324	22.037761
125.7	9.669956	2.066314	11.736270	22.012956
125.8	10.815158	0.927774	11.742932	21.984528
125.9	6.103054	5.643434	11.746488	21.945564
126	1.737999	10.004359	11.742359	21.889001
126.1	3.302670	8.433496	11.736166	21.809227
126.2	8.473050	3.262981	11.736031	21.704072
126.3	10.373081	1.368717	11.741798	21.576581
126.4	6.781675	4.963915	11.745590	21.435793
126.5	2.788708	8.953864	11.742572	21.295914
126.6	3.651816	8.085399	11.737215	21.173752
126.7	7.790196	3.946673	11.736869	21.084910
126.8	9.278384	2.463368	11.741751	21.039766
126.9	6.088611	5.656336	11.744947	21.040556
127	2.727165	9.014894	11.742058	21.080621
127.1	3.887526	7.849597	11.737123	21.146249
127.2	8.022524	3.714371	11.736894	21.220670
127.3	9.566718	2.174886	11.741604	21.288920
127.4	6.539002	5.205843	11.744845	21.341934
127.5	3.069008	8.673419	11.742426	21.378373
127.6	3.620176	8.117727	11.737902	21.403511
127.7	7.040989	4.696419	11.737408	21.425557
127.8	8.483855	3.257390	11.741245	21.450834
127.9	6.209341	5.534464	11.743805	21.479802
128	3.764399	7.977176	11.741575	21.505668
128.1	4.762068	6.975840	11.737908	21.516490
128.2	7.790421	3.947664	11.738086	21.500268
128.3	8.531111	3.210734	11.741845	21.451287
128.4	5.916561	5.827307	11.743868	21.375212
128.5	3.597938	8.143407	11.741344	21.290627
128.6	4.759054	6.978818	11.737872	21.225791
128.7	7.685165	4.053114	11.738279	21.211071
128.8	8.301169	3.440646	11.741815	21.269185
128.9	5.971070	5.772266	11.743336	21.406485
129	4.288262	7.452464	11.740726	21.608482
129.1	5.788907	5.949009	11.737916	21.841675
129.2	8.218361	3.520819	11.739179	22.061717
129.3	7.783778	3.959062	11.742840	22.225785
129.4	4.793904	6.949602	11.743507	22.305418
129.5	3.496822	8.243027	11.739849	22.295651
129.6	6.075805	5.661022	11.736827	22.217287
129.7	9.254697	2.484191	11.738888	22.111247
129.8	8.599930	3.143573	11.743503	22.026527
129.9	4.773616	6.970735	11.744351	22.005440
130	2.899628	8.840453	11.740081	22.070829
130.1	5.583057	6.153407	11.736464	22.219355
130.2	9.153368	2.585218	11.738585	22.423021
130.3	8.571885	3.171781	11.743666	22.638397
130.4	4.463610	7.281040	11.744649	22.820428
130.5	2.476563	9.263379	11.739942	22.936255
130.6	5.549267	6.186629	11.735895	22.974472
130.7	9.632980	2.105278	11.738259	22.946893
130.8	9.006940	2.737167	11.744107	22.882489
130.9	4.181238	7.564274	11.745512	22.815854
131	1.506959	10.233346	11.740305	22.774406
131.1	4.703828	7.031461	11.735290	22.768896
131.2	9.685245	2.051984	11.737229	22.790525
131.3	9.878605	1.865033	11.743638	22.815560
131.4	5.045171	6.700800	11.745971	22.815635
131.5	1.659371	10.081754	11.741125	22.769862
131.6	4.198987	7.536704	11.735692	22.674231
131.7	9.080541	2.656530	11.737070	22.544775
131.8	9.528884	2.214492	11.743376	22.413211
131.9	4.856359	6.889555	11.745914	22.316487
132	1.517825	10.223185	11.741010	22.283898
132.1	4.367877	7.367286	11.735162	22.326324
132.2	9.910309	1.826074	11.736383	22.431443
132.3	10.801883	0.941421	11.743305	22.566693
132.4	5.697445	6.049384	11.746829	22.689037
132.5	1.189166	10.553084	11.742249	22.758222
132.6	3.126673	8.608910	11.735583	22.749036
132.7	8.885013	2.850556	11.735569	22.658448
132.8	10.910208	0.831849	11.742058	22.505353
132.9	6.758205	4.988120	11.746325	22.323256
133	2.197943	9.544861	11.742804	22.148646
133.1	3.349111	8.387312	11.736423	22.009228
133.2	8.518973	3.216842	11.735816	21.916088
133.3	10.636660	1.105051	11.741711	21.862299
133.4	6.831278	4.914829	11.746107	21.828098
133.5	2.211905	9.531232	11.743138	21.790350
133.6	2.913671	8.823186	11.736857	21.732549
133.7	7.922948	3.812670	11.735617	21.651515
133.8	10.602498	1.138374	11.740872	21.558307
133.9	7.614739	4.130746	11.745485	21.473104
134	3.152987	8.590518	11.743505	21.416152
134.1	3.044452	8.693525	11.737977	21.398377
134.2	6.985670	4.750777	11.736446	21.415433
134.3	9.331733	2.408934	11.740667	21.447707
134.4	6.977663	4.766893	11.744556	21.466564
134.5	3.411711	8.331084	11.742795	21.444766
134.6	3.642154	8.095871	11.738024	21.367350
134.7	7.265195	4.471733	11.736928	21.238913
134.8	9.187934	2.553013	11.740948	21.084434
134.9	6.753401	4.991064	11.744465	20.942962
135	3.320923	8.421772	11.742696	20.855994
135.1	3.520020	8.218172	11.738192	20.854295
135.2	6.927649	4.809464	11.737114	20.947533
135.3	8.849433	2.891281	11.740714	21.120229
135.4	6.871369	4.872482	11.743851	21.335479
135.5	3.996925	7.745391	11.742316	21.545308
135.6	4.217046	7.521518	11.738563	21.704377
135.7	6.944787	4.793203	11.737990	21.782700
135.8	8.085388	3.655864	11.741252	21.773417
135.9	6.007519	5.735967	11.743486	21.693383
136	3.850385	7.890984	11.741369	21.576701
136.1	4.949617	6.788274	11.737891	21.463579
136.2	7.973300	3.764785	11.738085	21.388268
136.3	8.738060	3.003745	11.741806	21.369924
136.4	6.148716	5.595152	11.743869	21.409050
136.5	3.803119	7.938269	11.741388	21.490179
136.6	4.922526	6.815386	11.737912	21.589374
136.7	7.778129	3.960278	11.738407	21.683636
136.8	8.169210	3.572924	11.742134	21.758905
136.9	5.505661	6.237947	11.743608	21.814045
137	3.784988	7.955474	11.740461	21.859784
137.1	5.870773	5.866305	11.737078	21.913350
137.2	9.115505	2.623060	11.738565	21.990975
137.3	8.789329	2.953987	11.743316	22.101035
137.4	4.825673	6.919141	11.744814	22.240172
137.5	2.361982	9.378642	11.740624	22.393632
137.6	4.884632	6.851505	11.736136	22.539537
137.7	9.239050	2.498436	11.737487	22.655517
137.8	9.630346	2.112709	11.743054	22.725480
137.9	5.472859	6.272518	11.745376	22.744351
138	2.348753	9.392487	11.741240	22.719442
138.1	4.497720	7.238516	11.736236	22.668214
138.2	8.948190	2.789096	11.737286	22.613331
138.3	9.451028	2.292076	11.743103	22.576595
138.4	5.063139	6.682595	11.745734	22.573510
138.5	1.649036	10.092316	11.741352	22.609848
138.6	4.010223	7.725465	11.735689	22.680868
138.7	9.213651	2.522804	11.736455	22.773047
138.8	10.333322	1.409506	11.742828	22.867593
138.9	5.763006	5.983342	11.746348	22.944712
139	1.513810	10.228440	11.742250	22.987632
139.1	3.223836	8.512143	11.735979	22.985659
139.2	8.563071	3.172873	11.735945	22.935860
139.3	10.337773	1.404398	11.742171	22.843299
139.4	6.191979	5.554238	11.746217	22.719936
139.5	1.808630	9.933940	11.742570	22.582463
139.6	3.223761	8.512389	11.736150	22.449398
139.7	8.608969	3.126731	11.735700	22.337889
139.8	10.675129	1.066811	11.741940	22.260731
139.9	6.522948	5.223553	11.746500	22.224144
140	1.651156	10.092003	11.743159	22.226807
140.1	2.652949	9.083308	11.736257	22.260389
140.2	8.373416	3.361526	11.734942	22.311515
140.3	11.398109	0.342851	11.740960	22.364691
140.4	7.873535	3.872838	11.746373	22.405443
140.5	2.525785	9.218395	11.744179	22.422849
140.6	2.273597	9.463932	11.737529	22.410839
140.7	7.109565	4.625730	11.735294	22.368060
140.8	10.389466	1.350705	11.740170	22.296609
140.9	7.879529	3.865799	11.745328	22.200311
141	3.274075	8.469764	11.743839	22.083356
141.1	2.947902	8.790035	11.737937	21.949872
141.2	7.295157	4.440575	11.735732	21.804543
141.3	10.355459	1.384697	11.740157	21.653824
141.4	7.981315	3.763859	11.745173	21.506927
141.5	3.347246	8.396870	11.744116	21.375701
141.6	2.511481	9.227118	11.738598	21.272947
141.7	6.302284	5.433758	11.736042	21.209330
141.8	9.491847	2.247718	11.739565	21.189807
141.9	8.035649	3.708426	11.744075	21.210886
142	4.322589	7.420952	11.743541	21.260027
142.1	3.515254	8.223873	11.739127	21.317859
142.2	6.390209	5.346978	11.737187	21.362967
142.3	8.565629	3.174660	11.740289	21.377958
142.4	6.855482	4.888370	11.743852	21.354891
142.5	3.701048	8.041722	11.742770	21.298134
142.6	3.616076	8.122480	11.738557	21.223444
142.7	6.814822	4.922277	11.737099	21.153283
142.8	8.949267	2.791122	11.740389	21.109738
142.9	7.185930	4.557912	11.743842	21.107355
143	4.056038	7.686749	11.742786	21.148374
143.1	3.806146	7.932756	11.738902	21.222141
143.2	6.510943	5.226732	11.737675	21.309051
143.3	8.182642	3.557990	11.740632	21.387736
143.4	6.539004	5.204340	11.743344	21.442981
143.5	4.174108	7.567763	11.741871	21.471440
143.6	4.702459	7.035938	11.738397	21.482905
143.7	7.475302	4.262750	11.738052	21.496440
143.8	8.469785	3.271692	11.741476	21.532569
143.9	6.114692	5.629100	11.743792	21.604294
144	3.697948	8.043590	11.741538	21.710346
144.1	4.777374	6.960384	11.737758	21.833448
144.2	8.020924	3.716919	11.737843	21.944735
144.3	8.912623	2.829221	11.741844	22.013234
144.4	6.120128	5.624054	11.744181	22.017360
144.5	3.540812	8.200627	11.741439	21.954413
144.6	4.909709	6.827665	11.737374	21.844457
144.7	8.397370	3.340472	11.737843	21.726706
144.8	8.959127	2.783344	11.742471	21.649024
144.9	5.455281	6.289542	11.744824	21.653607
145	2.593897	9.147365	11.741262	21.763380
145.1	4.614766	7.121569	11.736335	21.973639
145.2	9.202312	2.534569	11.736881	22.251934
145.3	10.246196	1.496372	11.742568	22.546512
145.4	6.076885	5.669062	11.745947	22.800860
145.5	1.990074	9.752311	11.742385	22.969795
145.6	3.317888	8.418623	11.736511	23.032021
145.7	8.224329	3.511839	11.736168	22.995178
145.8	10.081412	1.660397	11.741809	22.891899
145.9	6.405646	5.340111	11.745758	22.768348
146	2.272281	9.470301	11.742582	22.669166
146.1	3.437202	8.299369	11.736572	22.623844
146.2	8.408442	3.327581	11.736024	22.638942
146.3	10.329549	1.412361	11.741910	22.698438
146.4	6.297810	5.448541	11.746351	22.771667
146.5	1.501875	10.241307	11.743182	22.825728
146.6	2.395027	9.341391	11.736419	22.837761
146.7	7.976508	3.758521	11.735029	22.802768
146.8	10.988054	0.752854	11.740908	22.734336
146.9	7.550474	4.195790	11.746264	22.658287
147	2.329073	9.414955	11.744028	22.601831
147.1	2.260790	9.476530	11.737321	22.582397
147.2	7.270178	4.465026	11.735204	22.600345
147.3	10.462270	1.278193	11.740463	22.638316
147.4	7.492367	4.253519	11.745886	22.667446
147.5	2.442464	9.301591	11.744054	22.658196
147.6	2.284639	9.452737	11.737376	22.591793
147.7	7.432341	4.302500	11.734842	22.468070
147.8	11.131419	0.608497	11.739915	22.306761
147.9	8.491714	3.254176	11.745890	22.141675
148	3.002554	8.742340	11.744894	22.009726
148.1	1.843766	9.894594	11.738360	21.938643
148.2	6.376087	5.358872	11.734959	21.937653
148.3	10.518459	1.220528	11.738987	21.994360
148.4	8.969543	2.775304	11.744846	22.078863
148.5	4.107175	7.637627	11.744802	22.153595
148.6	2.488146	9.251128	11.739275	22.185393
148.7	5.990270	5.745638	11.735907	22.155613
148.8	9.579804	2.159259	11.739064	22.064897
148.9	8.390289	3.353868	11.744157	21.931172
149	4.246577	7.497629	11.744205	21.781911
149.1	2.907803	8.831530	11.739333	21.643705
149.2	6.122914	5.613400	11.736314	21.533039
149.3	9.416562	2.322602	11.739164	21.451630
149.4	8.362620	3.381216	11.743836	21.387873
149.5	4.527772	7.216254	11.744025	21.323644
149.6	3.072128	8.667643	11.739771	21.243688
149.7	5.629794	6.107281	11.737074	21.143875
149.8	8.342828	3.396605	11.739434	21.035012
149.9	7.470974	4.272235	11.743209	20.940577
150	4.531934	7.211072	11.743006	20.888974
150.1	3.904186	7.835080	11.739266	20.903012
150.2	6.516216	5.221240	11.737457	20.990398
150.3	8.576444	3.163785	11.740229	21.138777
150.4	7.019466	4.724221	11.743687	21.317361
150.5	3.888242	7.854690	11.742932	21.484911
150.6	3.482381	8.256591	11.738973	21.601628
150.7	6.342961	5.394315	11.737276	21.641142
150.8	8.546721	3.193356	11.740078	21.598706
150.9	7.237811	4.505509	11.743320	21.492896
151	4.549524	7.192955	11.742480	21.360281
151.1	4.421852	7.317111	11.738962	21.244756
151.2	6.918840	4.819167	11.738007	21.184913
151.3	8.183831	3.557255	11.741086	21.203363
151.4	6.115405	5.628283	11.743688	21.301156
151.5	3.605408	8.136357	11.741765	21.458743
151.6	4.531142	7.206596	11.737738	21.642809
151.7	8.053430	3.683912	11.737342	21.816536
151.8	9.451705	2.289774	11.741479	21.949991
151.9	6.648347	5.096266	11.744612	22.027523
152	3.341254	8.401054	11.742308	22.050271
152.1	4.082732	7.654858	11.737590	22.033541
152.2	7.907245	3.829762	11.737006	22.000454
152.3	9.473032	2.268499	11.741531	21.974228
152.4	6.435776	5.309171	11.744947	21.971623
152.5	2.909021	8.833292	11.742313	21.999420
152.6	3.949741	7.787273	11.737015	22.054556
152.7	8.430666	3.305746	11.736412	22.127335
152.8	10.256563	1.485132	11.741695	22.206192
152.9	6.626220	5.119661	11.745881	22.282205
153	2.136548	9.606571	11.743118	22.351890
153.1	2.830117	8.906708	11.736825	22.417547
153.2	7.983113	3.752268	11.735382	22.485375
153.3	10.835881	0.904984	11.740866	22.562230
153.4	7.556098	4.189965	11.746064	22.652246
153.5	2.445077	9.298969	11.744046	22.754441
153.6	2.241996	9.495534	11.737530	22.861964
153.7	7.078530	4.656763	11.735293	22.963124
153.8	10.301175	1.439156	11.740331	23.043795
153.9	7.482948	4.262815	11.745763	23.090528
154	2.464027	9.280094	11.744121	23.093609
154.1	2.181391	9.556133	11.737524	23.049407
154.2	7.214862	4.520049	11.734910	22.961588
154.3	10.870368	0.869591	11.739959	22.840968
154.4	8.145744	3.600276	11.746020	22.704017
154.5	2.526883	9.218098	11.744981	22.570201
154.6	1.405137	10.333041	11.738178	22.458543
154.7	6.225658	5.508966	11.734624	22.383983
154.8	10.592855	1.146089	11.738944	22.354236
154.9	8.850029	2.895212	11.745241	22.367910
155	3.576825	8.168276	11.745101	22.414448
155.1	1.982075	9.756804	11.738879	22.476145
155.2	6.160241	5.574844	11.735086	22.531936
155.3	10.358214	1.380627	11.738841	22.562147
155.4	8.829931	2.915096	11.745027	22.553027
155.5	3.595137	8.150138	11.745275	22.499829
155.6	1.687389	10.051842	11.739231	22.407566
155.7	5.715279	6.019650	11.734929	22.289191
155.8	10.447692	1.290286	11.737979	22.161764
155.9	9.850389	1.893819	11.744208	22.041785
156	4.983416	6.762055	11.745472	21.941135
156.1	2.295744	9.444751	11.740495	21.864853
156.2	4.943130	6.793070	11.736200	21.811304
156.3	8.905336	2.832791	11.738127	21.774430
156.4	8.794741	2.948449	11.743191	21.747056
156.5	5.116400	6.627922	11.744322	21.723826
156.6	3.196439	8.543768	11.740207	21.702593
156.7	5.657007	6.079765	11.736772	21.683739
156.8	8.940633	2.798133	11.738766	21.667839
156.9	8.434809	3.308497	11.743306	21.652850
157	4.853164	6.890934	11.744098	21.632335
157.1	3.095032	8.645147	11.740179	21.595899
157.2	5.413253	6.323792	11.737045	21.532167
157.3	8.451120	3.287771	11.738892	21.433508
157.4	8.065205	3.677723	11.742929	21.300822
157.5	5.015894	6.727620	11.743514	21.146345
157.6	3.659915	8.080145	11.740060	20.992939
157.7	5.726985	6.010653	11.737638	20.869423
157.8	8.019137	3.720515	11.739651	20.802985
157.9	7.132077	4.610993	11.743070	20.810934
158	4.360608	7.382255	11.742863	20.894572
158.1	3.813495	7.925739	11.739234	21.037496
158.2	6.472284	5.265080	11.737364	21.209313
158.3	8.690480	3.049543	11.740023	21.373923
158.4	7.318490	4.425072	11.743562	21.499903
158.5	4.207764	7.535250	11.743014	21.569623
158.6	3.663557	8.075578	11.739135	21.584016
158.7	6.384384	5.353006	11.737390	21.561287
158.8	8.470558	3.269663	11.740221	21.529889
158.9	6.977477	4.766047	11.743524	21.518116
159	4.169182	7.573264	11.742446	21.543921
159.1	4.331512	7.406894	11.738407	21.608579
159.2	7.532352	4.204925	11.737277	21.696538
159.3	9.255282	2.485752	11.741034	21.781639
159.4	6.719619	5.025007	11.744626	21.837568
159.5	3.103709	8.639106	11.742815	21.848791
159.6	3.456722	8.280971	11.737693	21.817914
159.7	7.647849	4.088341	11.736190	21.766540
159.8	10.202454	1.538136	11.740590	21.728945
159.9	7.632607	4.112486	11.745093	21.740489
160	3.348507	8.395027	11.743535	21.824653
160.1	3.185018	8.552916	11.737934	21.983299
160.2	7.397037	4.338947	11.735984	22.193812
160.3	10.124193	1.616363	11.740557	22.414523
160.4	7.344624	4.400902	11.745526	22.596973
160.5	2.584143	9.159777	11.743921	22.701168
160.6	2.373745	9.363820	11.737566	22.708772
160.7	7.346872	4.388060	11.734933	22.629767
160.8	11.083822	0.655956	11.739779	22.500174
160.9	8.555801	3.190068	11.745869	22.371393
161	2.939714	8.805435	11.745149	22.294524
161.1	1.517812	10.220744	11.738556	22.304708
161.2	6.010085	5.724762	11.734847	22.410556
161.3	10.301736	1.437151	11.738887	22.591986
161.4	8.667129	3.078002	11.745131	22.807022
161.5	3.440101	8.305024	11.745125	23.005122
161.6	1.791101	9.947828	11.738929	23.142512
161.7	5.976625	5.758391	11.735016	23.194502
161.8	10.265122	1.473648	11.738770	23.160946
161.9	8.718193	3.026956	11.745149	23.063460
162	3.298672	8.446799	11.745470	22.935892
162.1	1.303621	10.435547	11.739167	22.811740
162.2	5.544512	6.190107	11.734619	22.713099
162.3	10.512014	1.225899	11.737913	22.644909
162.4	9.703385	2.041300	11.744685	22.596190
162.5	4.266006	7.479987	11.745993	22.547342
162.6	1.392406	10.347842	11.740248	22.480375
162.7	4.718611	7.016587	11.735199	22.387965
162.8	9.631382	2.106061	11.737444	22.277802
162.9	9.625241	2.118472	11.743713	22.170534
163	4.987807	6.757695	11.745502	22.092099
163.1	2.182774	9.557794	11.740568	22.063347
163.2	5.008627	6.727112	11.735740	22.090932
163.3	9.576607	2.160921	11.737528	22.162996
163.4	9.719436	2.023978	11.743414	22.251448
163.5	5.300936	6.444535	11.745472	22.320221
163.6	2.235034	9.506063	11.741097	22.336722
163.7	4.455551	7.280727	11.736278	22.282478
163.8	8.820969	2.916337	11.737307	22.159264
163.9	9.606706	2.135737	11.742443	21.988558
164	6.165918	5.578760	11.744678	21.804514
164.1	3.403019	8.338345	11.741365	21.642926
164.2	4.835469	6.901993	11.737462	21.529986
164.3	7.989319	3.749025	11.738345	21.474671
164.4	8.215991	3.526459	11.742450	21.467244
164.5	5.266637	6.477163	11.743801	21.484147
164.6	3.452937	8.287566	11.740504	21.497342
164.7	5.434735	6.302532	11.737267	21.484635
164.8	8.489850	3.248802	11.738652	21.437285
164.9	8.397578	3.345122	11.742699	21.362290
165	5.333543	6.410260	11.743802	21.278724
165.1	3.512056	8.228535	11.740592	21.209667
165.2	5.227926	6.509789	11.737715	21.172844
165.3	7.758333	3.980824	11.739157	21.173492
165.4	7.395099	4.347549	11.742648	21.202114
165.5	4.764844	6.978181	11.743025	21.237957
165.6	3.858837	7.880845	11.739682	21.256988
165.7	6.201725	5.535747	11.737472	21.241452
165.8	8.533749	3.205999	11.739748	21.187564
165.9	7.404799	4.338647	11.743445	21.108483
166	4.200208	7.543084	11.743292	21.031372
166.1	3.364806	8.374518	11.739324	20.989370
166.2	6.169673	5.567338	11.737011	21.011072
166.3	8.805333	2.934300	11.739634	21.110940
166.4	7.645279	4.098282	11.743561	21.283776
166.5	4.381133	7.362112	11.743244	21.505045
166.6	3.714887	8.024190	11.739077	21.736964
166.7	6.690883	5.046119	11.737002	21.938441
166.8	9.065020	2.675145	11.740165	22.075858
166.9	7.236891	4.507352	11.744243	22.131519
167	3.552025	8.191261	11.743286	22.107459
167.1	3.319056	8.419151	11.738208	22.023824
167.2	7.351349	4.384594	11.735942	21.912647
167.3	10.420340	1.319638	11.739977	21.809121
167.4	8.180142	3.565053	11.745195	21.742973
167.5	3.304630	8.439878	11.744507	21.732217
167.6	2.208288	9.530287	11.738575	21.780650
167.7	6.442240	5.293002	11.735242	21.879195
167.8	10.415183	1.323873	11.739056	22.010159
167.9	8.797459	2.947506	11.744965	22.152806
168	3.759434	7.985545	11.744979	22.288573
168.1	2.141129	9.597884	11.739013	22.404673
168.2	6.190909	5.544249	11.735158	22.495512
168.3	10.395423	1.343364	11.738787	22.562045
168.4	8.863207	2.881930	11.745137	22.609706
168.5	3.395966	8.349622	11.745587	22.645750
168.6	1.248863	10.490453	11.739316	22.676800
168.7	5.423324	6.311254	11.734578	22.707132
168.8	10.529836	1.207875	11.737710	22.737942
168.9	9.889447	1.855151	11.744599	22.767595
169	4.413388	7.332759	11.746147	22.792639
169.1	1.343368	10.397070	11.740439	22.809290
169.2	4.552751	7.182485	11.735236	22.814994
169.3	9.454663	2.282812	11.737475	22.809676
169.4	9.315390	2.428569	11.743960	22.796269
169.5	4.381255	7.364522	11.745777	22.780264
169.6	1.489591	10.250811	11.740402	22.768233
169.7	4.748498	6.986603	11.735101	22.765598
169.8	9.925693	1.811397	11.737091	22.774223
169.9	10.117982	1.625807	11.743789	22.790650
170	5.023657	6.722643	11.746300	22.805723
170.1	1.338874	10.402470	11.741345	22.806080
170.2	3.819944	7.915613	11.735557	22.777400
170.3	9.055344	2.681164	11.736508	22.708673
170.4	10.181898	1.560769	11.742667	22.596277
170.5	6.023172	5.722545	11.745717	22.446491
170.6	2.396340	9.345463	11.741803	22.275396
170.7	4.106738	7.629739	11.736477	22.105859
170.8	8.607368	3.129562	11.736930	21.962223
170.9	9.717024	2.025296	11.742320	21.864125
171	6.055624	5.689583	11.745207	21.821299
171.1	2.724802	9.016976	11.741778	21.830985
171.2	4.227048	7.509785	11.736833	21.878829
171.3	8.449242	3.287785	11.737026	21.943026
171.4	9.739847	2.002039	11.741886	22.000405
171.5	6.580344	5.164428	11.744772	22.032484
171.6	3.368227	8.373825	11.742053	22.029588
171.7	4.215211	7.522564	11.737775	21.991783
171.8	7.515801	4.221949	11.737750	21.926569
171.9	8.558342	3.183251	11.741593	21.844440
172	6.162800	5.580865	11.743665	21.754165
172.1	4.039239	7.701936	11.741175	21.659740
172.2	5.272585	6.465355	11.737939	21.560196
172.3	7.938505	3.800225	11.738730	21.452305
172.4	7.987318	3.755114	11.742433	21.334939
172.5	5.138138	6.605552	11.743690	21.213061
172.6	3.346784	8.393798	11.740582	21.099322
172.7	5.197577	6.539827	11.737403	21.012086
172.8	8.197447	3.541157	11.738604	20.970100
172.9	8.242826	3.499675	11.742501	20.985498
173	5.368394	6.375254	11.743648	21.057712
173.1	3.650154	8.090378	11.740532	21.170884
173.2	5.402969	6.334728	11.737697	21.296326
173.3	7.908133	3.831115	11.739249	21.399849
173.4	7.351100	4.391842	11.742942	21.451960
173.5	4.397234	7.346078	11.743311	21.437650
173.6	3.392920	8.346612	11.739532	21.362365
173.7	6.155090	5.581745	11.736835	21.251757
173.8	9.130242	2.608991	11.739233	21.144857
173.9	8.173858	3.569807	11.743665	21.082527
174	4.436729	7.307288	11.744017	21.094799
174.1	2.996475	8.743188	11.739663	21.191255
174.2	5.867469	5.869102	11.736571	21.357752
174.3	9.070644	2.668474	11.739118	21.560740
174.4	8.066941	3.676898	11.743839	21.757874
174.5	4.186923	7.557111	11.744033	21.911434
174.6	2.990011	8.749137	11.739149	22.000065
174.7	6.525546	5.210330	11.735877	22.024840
174.8	10.169362	1.569693	11.739055	22.007595
174.9	8.741895	3.002820	11.744715	21.982133
175	3.779526	7.965611	11.745137	21.981416
175.1	1.831997	9.907405	11.739402	22.025278
175.2	5.708444	6.026557	11.735001	22.113071
175.3	10.458385	1.279540	11.737925	22.223925
175.4	9.800076	1.944365	11.744440	22.324626
175.5	4.557681	7.188215	11.745896	22.382384
175.6	1.674631	10.065697	11.740328	22.377961
175.7	4.940156	6.795056	11.735212	22.314388
175.8	9.862892	1.874568	11.737460	22.217976
175.9	9.697333	2.046719	11.744052	22.130971
176	4.582505	7.163530	11.746035	22.098128
176.1	1.427779	10.312840	11.740619	22.151652
176.2	4.600287	7.134752	11.735039	22.299642
176.3	9.947098	1.789770	11.736868	22.522021
176.4	10.285138	1.458637	11.743775	22.775493
176.5	5.041079	6.705503	11.746583	23.006001
176.6	1.073309	10.668238	11.741548	23.164650
176.7	3.542758	8.192610	11.735368	23.221938
176.8	9.077923	2.658264	11.736187	23.175715
176.9	10.361891	1.380847	11.742738	23.050478
177	5.899609	5.846579	11.746188	22.888506
177.1	1.848701	9.893363	11.742064	22.736017
177.2	3.598429	8.137712	11.736141	22.629072
177.3	8.563005	3.173472	11.736477	22.583807
177.4	9.846786	1.895722	11.742508	22.593914
177.5	5.667349	6.078589	11.745939	22.635671
177.6	1.744114	9.997933	11.742046	22.678224
177.7	3.516416	8.219617	11.736033	22.695174
177.8	8.794419	2.941528	11.735947	22.673270
177.9	10.714655	1.027223	11.741878	22.615359
178	6.890867	4.855107	11.745975	22.536943
178.1	2.441945	9.301079	11.743024	22.458122
178.2	3.035670	8.701556	11.737225	22.394319
178.3	7.485827	4.250435	11.736262	22.349508
178.4	9.711154	2.029851	11.741006	22.314569
178.5	7.038753	4.705993	11.744745	22.271379
178.6	3.515236	8.227305	11.742541	22.200972
178.7	4.064272	7.673470	11.737742	22.092557
178.8	7.784532	3.952509	11.737042	21.949789
178.9	9.455945	2.285310	11.741255	21.791711
179	6.833129	4.911345	11.744474	21.647741
179.1	3.576215	8.166176	11.742391	21.548301
179.2	4.031247	7.706828	11.738075	21.514320
179.3	7.323221	4.414226	11.737448	21.549372
179.4	8.838487	2.902597	11.741084	21.637270
179.5	6.717894	5.025822	11.743716	21.746146
179.6	4.211178	7.530627	11.741805	21.837704
179.7	4.842166	6.896202	11.738368	21.878627
179.8	7.432454	4.305989	11.738444	21.850340
179.9	7.980147	3.761705	11.741852	21.753956
180	5.538766	6.204773	11.743540	21.608912
180.1	3.625415	8.115495	11.740910	21.445964
180.2	5.149636	6.587991	11.737627	21.297074
180.3	8.129127	3.609312	11.738439	21.185708
180.4	8.376873	3.365489	11.742362	21.120733
180.5	5.431993	6.311949	11.743942	21.095754
180.6	3.311868	8.429059	11.740928	21.093769
180.7	4.912508	6.825017	11.737525	21.095178
180.8	7.911581	3.826941	11.738521	21.086092
180.9	8.024907	3.717580	11.742487	21.063943
181	5.103496	6.640221	11.743717	21.038430
181.1	3.419104	8.321227	11.740331	21.027620
181.2	5.586804	6.150301	11.737105	21.050696
181.3	8.666045	3.072783	11.738828	21.120036
181.4	8.142429	3.600926	11.743355	21.235483
181.5	4.410969	7.333345	11.744315	21.382852
181.6	2.566227	9.173784	11.740012	21.537246
181.7	5.441604	6.294527	11.736131	21.670101
181.8	9.445097	2.293014	11.738111	21.757679
181.9	9.226414	2.517076	11.743490	21.788284
182	5.028824	6.716173	11.744997	21.765948
182.1	2.547772	9.192719	11.740491	21.709517
182.2	5.204239	6.531868	11.736107	21.647498
182.3	9.331197	2.406789	11.737986	21.610296
182.4	9.083558	2.660142	11.743700	21.622129
182.5	4.570404	7.174917	11.745321	21.694882
182.6	1.986441	9.753835	11.740275	21.825407
182.7	5.237289	6.497899	11.735187	21.996769
182.8	10.345320	1.391805	11.737126	22.182780
182.9	10.498171	1.245703	11.743875	22.354434
183	5.215560	6.531026	11.746586	22.486516
183.1	1.242430	10.499129	11.741560	22.562843
183.2	3.709193	8.026156	11.735349	22.579113
183.3	9.288744	2.447385	11.736129	22.543031
183.4	10.594053	1.148726	11.742779	22.471975
183.5	6.011629	5.734742	11.746371	22.388944
183.6	1.795715	9.946440	11.742156	22.317724
183.7	3.609841	8.126069	11.735910	22.278248
183.8	8.906522	2.829595	11.736117	22.283001
183.9	10.405113	1.337398	11.742511	22.335060
184	5.954755	5.791688	11.746443	22.428088
184.1	1.464623	10.277940	11.742562	22.548234
184.2	2.958882	8.777145	11.736026	22.677502
184.3	8.480611	3.254940	11.735551	22.797829
184.4	10.728857	1.012860	11.741716	22.894909
184.5	6.821938	4.924332	11.746270	22.960802
184.6	2.048530	9.694727	11.743257	22.994655
184.7	2.676746	9.060155	11.736901	23.001384
184.8	7.614821	4.120925	11.735745	22.988756
184.9	10.087043	1.654099	11.741142	22.963885
185	6.860851	4.884773	11.745623	22.930341
185.1	2.489908	9.253237	11.743144	22.886962
185.2	2.993292	8.743887	11.737179	22.828853
185.3	7.699795	4.036051	11.735846	22.750298
185.4	10.262329	1.478564	11.740893	22.648522
185.5	7.282759	4.462721	11.745480	22.526843
185.6	2.804728	8.938794	11.743522	22.395814
185.7	2.762660	8.975120	11.737780	22.271612
185.8	7.081351	4.654551	11.735903	22.171880
185.9	10.020115	1.720003	11.740118	22.110246
186	7.978964	3.765590	11.744553	22.091355
186.1	4.066823	7.676625	11.743448	22.108273
186.2	3.532806	8.205967	11.738772	22.143429
186.3	6.662697	5.074388	11.737085	22.173115
186.4	8.801133	2.939274	11.740406	22.174291
186.5	7.045894	4.697870	11.743764	22.131567
186.6	4.136682	7.605732	11.742414	22.042021
186.7	4.353383	7.385021	11.738404	21.916191
186.8	7.443470	4.293998	11.737468	21.774796
186.9	9.079041	2.661866	11.740907	21.642241
187	6.994009	4.749885	11.743895	21.539081
187.1	4.083394	7.658970	11.742365	21.476008
187.2	4.231237	7.507411	11.738648	21.451411
187.3	6.900190	4.837813	11.738004	21.453256
187.4	8.094237	3.646898	11.741135	21.464481
187.5	6.166974	5.576353	11.743327	21.469790
187.6	4.125216	7.616105	11.741321	21.461234
187.7	5.171531	6.566522	11.738053	21.440405
187.8	7.928792	3.809652	11.738445	21.416425
187.9	8.287712	3.454511	11.742223	21.400526
188	5.358654	6.385428	11.744082	21.399484
188.1	3.008507	8.732653	11.741160	21.410689
188.2	4.570746	7.166553	11.737299	21.421182
188.3	8.056390	3.681467	11.737857	21.411486
188.4	8.738016	3.004150	11.742166	21.363202
188.5	5.700555	6.043723	11.744278	21.267705
188.6	3.202946	8.538276	11.741222	21.132568
188.7	4.771554	6.965718	11.737272	20.982865
188.8	8.183731	3.554348	11.738079	20.856168
188.9	8.485976	3.256681	11.742656	20.792292
189	5.021687	6.722847	11.744534	20.820845
189.1	2.606943	9.133824	11.740767	20.950728
189.2	4.922391	6.813950	11.736342	21.165346
189.3	9.156161	2.581355	11.737516	21.425594
189.4	9.563928	2.179104	11.743032	21.680122
189.5	5.371693	6.373783	11.745476	21.879877
189.6	2.130303	9.611024	11.741327	21.992365
189.7	4.323424	7.412603	11.736027	22.010988
189.8	9.139882	2.596925	11.736808	21.956326
189.9	10.087866	1.654907	11.742772	21.868896
190	5.804906	5.940964	11.745870	21.795714
190.1	2.081267	9.660494	11.741761	21.775131
190.2	4.099344	7.636554	11.735898	21.824947
190.3	9.275267	2.461059	11.736325	21.937734
190.4	10.558304	1.184402	11.742706	22.084795
190.5	5.964534	5.781991	11.746525	22.227235
190.6	1.473787	10.268684	11.742470	22.330190
190.7	3.162302	8.573437	11.735739	22.375203
190.8	9.000916	2.734342	11.735257	22.366440
190.9	11.401301	0.340454	11.741755	22.328626
191	7.238252	4.508461	11.746714	22.297522
191.1	1.977086	9.766608	11.743694	22.306405
191.2	2.380799	9.356069	11.736869	22.373389
191.3	7.573676	4.161665	11.735341	22.494158
191.4	10.396727	1.344216	11.740943	22.642734
191.5	7.115313	4.630606	11.745919	22.780083
191.6	2.360329	9.383175	11.743503	22.867586
191.7	2.728836	9.008203	11.737038	22.880697
191.8	7.798524	3.936836	11.735360	22.818002
191.9	10.705918	1.034895	11.740813	22.702526
192	7.433734	4.312376	11.746110	22.574768
192.1	2.227067	9.517114	11.744180	22.479817
192.2	1.890374	9.847259	11.737633	22.452883
192.3	6.732136	5.003003	11.735139	22.508076
192.4	10.302535	1.437262	11.739797	22.634079
192.5	8.091615	3.653568	11.745183	22.797982
192.6	3.385943	8.358240	11.744183	22.955763
192.7	2.577240	9.161229	11.738470	23.065756
192.8	6.524202	5.211727	11.735929	23.100579
192.9	9.644152	2.095711	11.739863	23.053753
193	7.683426	4.061287	11.744714	22.939225
193.1	3.433672	8.310169	11.743841	22.784513
193.2	2.763963	8.974553	11.738516	22.620352
193.3	6.615422	5.120560	11.735982	22.470689
193.4	9.862278	1.877258	11.739535	22.346513
193.5	8.342501	3.401757	11.744259	22.245328
193.6	4.329479	7.414444	11.743922	22.155917
193.7	3.185625	8.553716	11.739341	22.066064
193.8	6.092646	5.644235	11.736881	21.969906
193.9	8.801803	2.937796	11.739599	21.871896
194	7.739428	4.003925	11.743353	21.785781
194.1	4.779486	6.963427	11.742913	21.728999
194.2	4.261616	7.477593	11.739208	21.714754
194.3	6.783373	4.954327	11.737700	21.744944
194.4	8.540688	3.199816	11.740504	21.806879
194.5	6.914456	4.829038	11.743494	21.875337
194.6	4.223248	7.519074	11.742322	21.919548
194.7	4.354146	7.384496	11.738642	21.912825
194.8	7.166411	4.571308	11.737719	21.841558
194.9	8.671421	3.069476	11.740897	21.710388
195	6.721116	5.022546	11.743662	21.541659
195.1	4.081901	7.660180	11.742081	21.369206
195.2	4.481823	7.256627	11.738449	21.228422
195.3	7.242659	4.495391	11.738050	21.145848
195.4	8.203954	3.537603	11.741557	21.131609
195.5	5.734234	6.009679	11.743913	21.177069
195.6	3.267303	8.474176	11.741479	21.258297
195.7	4.553189	7.184228	11.737417	21.344012
195.8	8.177112	3.560387	11.737498	21.405318
195.9	9.220077	2.521870	11.741947	21.424032
196	6.040598	5.704214	11.744812	21.397095
196.1	2.765717	8.976361	11.742078	21.335927
196.2	3.778060	7.959311	11.737371	21.261344
196.3	7.650841	4.086293	11.737134	21.196029
196.4	9.022264	2.719434	11.741698	21.157231
196.5	6.017069	5.727602	11.744671	21.152052
196.6	2.954416	8.787341	11.741757	21.176668
196.7	4.386988	7.349918	11.736906	21.219379
196.8	8.587767	3.149277	11.737044	21.266129
196.9	9.673620	2.068748	11.742368	21.306396
197	5.751087	5.994612	11.745698	21.337384
197.1	1.886082	9.856094	11.742176	21.365149
197.2	3.465258	8.270936	11.736194	21.402425
197.3	8.743645	2.992135	11.735780	21.463983
197.4	10.877372	0.864342	11.741714	21.561149
197.5	7.026583	4.719617	11.746200	21.697236
197.6	2.299012	9.444212	11.743224	21.865305
197.7	3.005079	8.731671	11.736750	22.048875
197.8	8.155711	3.579806	11.735517	22.225331
197.9	10.726222	1.015027	11.741248	22.371040
198	7.131961	4.614253	11.746214	22.466831
198.1	2.164643	9.578953	11.743597	22.502485
198.2	2.613300	9.123479	11.736779	22.479222
198.3	8.065385	3.669531	11.734916	22.409719
198.4	11.319349	0.421290	11.740639	22.315701
198.5	7.971642	3.774781	11.746423	22.223668
198.6	2.346288	9.398315	11.744603	22.159618
198.7	1.778948	9.958661	11.737609	22.143788
198.8	6.888907	4.845792	11.734700	22.186464
198.9	10.840315	0.899282	11.739598	22.285721
199	8.500331	3.245310	11.745641	22.427649
199.1	3.171380	8.573451	11.744831	22.589163
199.2	1.975838	9.762659	11.738496	22.742923
199.3	6.274107	5.461180	11.735287	22.863379
199.4	10.023026	1.716391	11.739417	22.932546
199.5	8.097317	3.647795	11.745111	22.944076
199.6	3.191032	8.553555	11.744587	22.904501
199.7	2.044904	9.693684	11.738588	22.831202
199.8	6.275644	5.459604	11.735248	22.747559
199.9	10.245664	1.493371	11.739035	22.676575
200	8.709054	3.035772	11.744827	22.634774
200.1	3.786756	7.958202	11.744957	22.628154
200.2	1.959857	9.779625	11.739483	22.651388
200.3	5.371337	6.364499	11.735836	22.690453
200.4	9.211306	2.527361	11.738667	22.727770
200.5	8.441026	3.302763	11.743789	22.748077
200.6	4.500217	7.243974	11.744191	22.743049
200.7	3.021349	8.718229	11.739578	22.713086
200.8	6.008097	5.728376	11.736474	22.665730
200.9	9.256541	2.482563	11.739104	22.611397
201	8.299356	3.444389	11.743745	22.558113
201.1	4.494475	7.249583	11.744058	22.507378
201.2	3.000310	8.739457	11.739767	22.452882
201.3	5.695770	6.041008	11.736778	22.382763
201.4	8.835054	2.903877	11.738931	22.284721
201.5	8.384878	3.358076	11.742953	22.152141
201.6	5.419062	6.324271	11.743333	21.988845
201.7	4.236779	7.503189	11.739968	21.810439
201.8	6.203620	5.534323	11.737944	21.641363
201.9	8.073119	3.666979	11.740098	21.508313
202	6.919939	4.823137	11.743076	21.432098
202.1	4.435223	7.307116	11.742339	21.420694
202.2	4.427389	7.311424	11.738813	21.466033
202.3	7.187769	4.549850	11.737618	21.545821
202.4	8.889787	2.850896	11.740683	21.629978
202.5	6.995530	4.748293	11.743824	21.689634
202.6	3.988439	7.754140	11.742579	21.705661
202.7	3.997420	7.741191	11.738611	21.673808
202.8	6.961300	4.776197	11.737497	21.604701
202.9	8.625825	3.115038	11.740863	21.518767
203	6.534398	5.209554	11.743952	21.437993
203.1	3.606924	8.135339	11.742263	21.377621
203.2	4.105768	7.632265	11.738033	21.340870
203.3	7.512170	4.225126	11.737296	21.318724
203.4	9.021095	2.720272	11.741367	21.294865
203.5	6.236611	5.508093	11.744703	21.253870
203.6	2.778752	8.963708	11.742459	21.189440
203.7	3.503335	8.234084	11.737419	21.109283
203.8	7.704422	4.032044	11.736466	21.034415
203.9	9.803314	1.937799	11.741113	20.992691
204	6.890389	4.854773	11.745163	21.008608
204.1	2.848287	8.894758	11.743044	21.093029
204.2	3.182900	8.554667	11.737567	21.236738
204.3	7.447747	4.288513	11.736260	21.410663
204.4	9.724520	2.016516	11.741036	21.573298
204.5	6.738758	5.006593	11.745351	21.683295
204.6	2.549108	9.193945	11.743053	21.713212
204.7	3.155744	8.581255	11.736999	21.659701
204.8	8.166077	3.569385	11.735462	21.546421
204.9	10.991137	0.749739	11.740876	21.418255
205	7.638028	4.108195	11.746224	21.328327
205.1	2.305027	9.439252	11.744279	21.321827
205.2	1.998752	9.738684	11.737436	21.421815
205.3	7.184797	4.549915	11.734713	21.621700
205.4	11.058243	0.681484	11.739727	21.886893
205.5	8.572471	3.173308	11.745779	22.165181
205.6	3.175631	8.569163	11.744794	22.402441
205.7	2.166219	9.571945	11.738163	22.558586
205.8	6.867009	4.867878	11.734887	22.618606
205.9	10.840799	0.898645	11.739444	22.595254
206	8.575295	3.170438	11.745733	22.522792
206.1	2.953678	8.791581	11.745259	22.444204
206.2	1.443141	10.295416	11.738556	22.396423
206.3	6.111854	5.622635	11.734489	22.398642
206.4	10.865273	0.873127	11.738400	22.447560
206.5	9.558012	2.187039	11.745051	22.520889
206.6	4.069567	7.676156	11.745724	22.587522
206.7	1.617917	10.121900	11.739818	22.620477
206.8	5.105062	6.630331	11.735394	22.607837
206.9	9.487691	2.250511	11.738202	22.557752
207	8.817792	2.926325	11.744116	22.495767
207.1	4.229665	7.515339	11.745004	22.455508
207.2	2.153110	9.586681	11.739791	22.466142
207.3	5.442256	6.293459	11.735715	22.541135
207.4	9.567438	2.170899	11.738337	22.672328
207.5	8.889647	2.854397	11.744044	22.831452
207.6	4.317383	7.427723	11.745106	22.978584
207.7	1.984539	9.755629	11.740168	23.074600
207.8	4.934229	6.801687	11.735917	23.093390
207.9	9.152678	2.585241	11.737919	23.029728
208	9.134078	2.609173	11.743250	22.900269
208.1	5.210524	6.534216	11.744740	22.737571
208.2	2.794101	8.946606	11.740707	22.579374
208.3	4.908650	6.828249	11.736899	22.456909
208.4	8.333411	3.404965	11.738375	22.386132
208.5	8.349913	3.392822	11.742735	22.364593
208.6	5.233719	6.510075	11.743794	22.374557
208.7	3.587483	8.152754	11.740237	22.390821
208.8	5.770166	5.967038	11.737203	22.390118
208.9	8.705569	3.033355	11.738924	22.358698
209	8.334303	3.408595	11.742898	22.295548
209.1	5.268407	6.475190	11.743596	22.210496
209.2	3.772141	7.968089	11.740230	22.118383
209.3	5.720821	6.016842	11.737663	22.031885
209.4	8.128612	3.610783	11.739395	21.955958
209.5	7.582505	4.160188	11.742693	21.886098
209.6	5.114596	6.628086	11.742682	21.811043
209.7	4.565202	7.174224	11.739426	21.718777
209.8	6.877408	4.860421	11.737829	21.603359
209.9	8.605698	3.134789	11.740487	21.469777
210	6.889144	4.854606	11.743749	21.334709
210.1	3.795094	7.947695	11.742789	21.222595
210.2	3.646540	8.092071	11.738612	21.158178
210.3	6.891396	4.845545	11.736941	21.158005
210.4	9.212202	2.528050	11.740252	21.223848
210.5	7.401861	4.342235	11.744096	21.340431
210.6	3.913699	7.829436	11.743135	21.478412
210.7	3.570770	8.167887	11.738657	21.601836
210.8	6.819493	4.917470	11.736963	21.677788
210.9	8.971230	2.769359	11.740589	21.685286
211	6.724828	5.019716	11.744544	21.620720
211.1	2.989209	8.753876	11.743085	21.498309
211.2	3.078014	8.659857	11.737871	21.345609
211.3	7.270803	4.465207	11.736010	21.195656
211.4	10.083922	1.656414	11.740336	21.078209
211.5	7.603045	4.142175	11.745220	21.012683
211.6	2.986011	8.758001	11.744012	21.004638
211.7	2.399737	9.338457	11.738193	21.046451
211.8	6.667255	5.068339	11.735594	21.121493
211.9	10.022269	1.717526	11.739796	21.210175
212	7.888244	3.856865	11.745109	21.295843
212.1	3.194458	8.549742	11.744200	21.368834
212.2	2.486531	9.251646	11.738177	21.427753
212.3	6.943379	4.791896	11.735276	21.478026
212.4	10.568230	1.171450	11.739679	21.528564
212.5	8.252832	3.492768	11.745600	21.587840
212.6	2.889347	8.855571	11.744918	21.660655
212.7	1.718673	10.019579	11.738253	21.746477
212.8	6.597246	5.137150	11.734397	21.839673
212.9	11.290307	0.448312	11.738620	21.931365
213	9.634141	2.111346	11.745487	22.012234
213.1	3.755149	7.990837	11.745987	22.075448
213.2	1.303776	10.435744	11.739521	22.118914
213.3	5.333187	6.401504	11.734691	22.146294
213.4	10.331583	1.406221	11.737804	22.166521
213.5	9.668359	2.076156	11.744516	22.191859
213.6	4.420007	7.325775	11.745782	22.234865
213.7	1.775631	9.964382	11.740013	22.304871
213.8	5.290459	6.444635	11.735094	22.404793
213.9	10.150912	1.586765	11.737677	22.529110
214	9.734372	2.009895	11.744267	22.663760
214.1	4.520148	7.225878	11.746026	22.788305
214.2	1.381360	10.359306	11.740666	22.880192
214.3	4.355008	7.380373	11.735380	22.920304
214.4	9.366552	2.370524	11.737076	22.898460
214.5	9.844617	1.898613	11.743230	22.817307
214.6	5.460476	6.285081	11.745557	22.693258
214.7	2.270343	9.470884	11.741227	22.553812
214.8	4.372885	7.363518	11.736403	22.431590
214.9	8.536908	3.200710	11.737618	22.356462
215	8.889075	2.853889	11.742963	22.347847
215.1	4.993316	6.751648	11.744964	22.409415
215.2	2.298695	9.442193	11.740888	22.527853
215.3	4.579406	7.156932	11.736338	22.676232
215.4	8.828233	2.909225	11.737458	22.821097
215.5	9.441908	2.300730	11.742639	22.931246
215.6	5.779450	5.965465	11.744916	22.985584
215.7	2.815350	8.926138	11.741489	22.977703
215.8	4.278791	7.458460	11.737251	22.915891
215.9	7.812954	3.924880	11.737834	22.818755
216	8.551069	3.190945	11.742014	22.708114
216.1	5.836810	5.906990	11.743800	22.601662
216.2	3.806169	7.934723	11.740892	22.507954
216.3	5.366417	6.371231	11.737648	22.425318
216.4	8.191553	3.547153	11.738706	22.344904
216.5	8.205669	3.536797	11.742467	22.256450
216.6	5.414315	6.329214	11.743529	22.154419
216.7	3.822719	7.917690	11.740409	22.041946
216.8	5.692978	6.044597	11.737575	21.930913
216.9	8.361198	3.377829	11.739027	21.837955
217	8.083259	3.659372	11.742631	21.777817
217.1	5.364371	6.378855	11.743226	21.756629
217.2	4.168664	7.571369	11.740034	21.767831
217.3	6.168723	5.569047	11.737770	21.792632
217.4	8.303355	3.436474	11.739829	21.805254
217.5	7.218951	4.524330	11.743281	21.781383
217.6	4.275551	7.467400	11.742952	21.706942
217.7	3.810984	7.927972	11.738956	21.583980
217.8	6.893069	4.843805	11.736874	21.431358
217.9	9.440945	2.299028	11.739972	21.279642
218	7.711094	4.033217	11.744311	21.161739
218.1	3.691050	8.052844	11.743894	21.102343
218.2	2.684967	9.054070	11.739037	21.109859
218.3	6.094340	5.641897	11.736237	21.173664
218.4	9.328712	2.410649	11.739361	21.267781
218.5	7.979574	3.764604	11.744178	21.359735
218.6	3.924991	7.819030	11.744021	21.421536
218.7	2.843784	8.895234	11.739018	21.438865
218.8	6.350808	5.385306	11.736114	21.415204
218.9	9.586729	2.152818	11.739547	21.369374
219	7.822667	3.922117	11.744784	21.327411
219.1	3.157662	8.586847	11.744509	21.311769
219.2	1.939965	9.798768	11.738734	21.331920
219.3	6.134016	5.601098	11.735115	21.379989
219.4	10.387761	1.350919	11.738681	21.433283
219.5	9.067778	2.677052	11.744830	21.463033
219.6	3.910859	7.834482	11.745341	21.446315
219.7	1.820700	9.918791	11.739491	21.376782
219.8	5.585400	6.149782	11.735182	21.270030
219.9	10.044795	1.693511	11.738305	21.161216
220	9.039868	2.704798	11.744666	21.095210
220.1	3.844051	7.901488	11.745539	21.112273
220.2	1.583444	10.156077	11.739521	21.234012
220.3	5.611039	6.123575	11.734614	21.454484
220.4	10.802675	0.934871	11.737546	21.739759
220.5	10.267527	1.477094	11.744621	22.036483
220.6	4.582508	7.164010	11.746518	22.286956
220.7	1.134502	10.606211	11.740713	22.445987
220.8	4.365448	7.369419	11.734867	22.494109
220.9	9.929809	1.806814	11.736622	22.442893
221	10.535168	1.208314	11.743482	22.330669
221.1	5.595969	6.150322	11.746291	22.210113
221.2	1.822153	9.919348	11.741501	22.131815
221.3	4.125504	7.610244	11.735747	22.129162
221.4	9.149512	2.587240	11.736751	22.209343
221.5	9.992445	1.750534	11.742979	22.353098
221.6	5.556153	6.189761	11.745914	22.522883
221.7	1.898560	9.843080	11.741640	22.676330
221.8	3.950901	7.785100	11.736001	22.780262
221.9	8.914391	2.822176	11.736567	22.820547
222	10.148155	1.594315	11.742469	22.804741
222.1	6.096043	5.649733	11.745776	22.757070
222.2	2.194169	9.548089	11.742258	22.708006
222.3	3.430356	8.306510	11.736866	22.682431
222.4	7.795457	3.941313	11.736771	22.690723
222.5	9.318638	2.423089	11.741727	22.725833
222.6	6.225937	5.518830	11.744767	22.767141
222.7	3.066991	8.674905	11.741896	22.789411
222.8	4.218967	7.518381	11.737348	22.773355
222.9	7.919975	3.817506	11.737481	22.713831
223	8.914470	2.827537	11.742007	22.622662
223.1	5.794975	5.949617	11.744592	22.525071
223.2	2.860144	8.881551	11.741695	22.451053
223.3	4.118305	7.619021	11.737326	22.424805
223.4	7.855673	3.881691	11.737364	22.455971
223.5	9.142074	2.599460	11.741535	22.535762
223.6	6.572999	5.171063	11.744063	22.639243
223.7	3.916316	7.825451	11.741767	22.732900
223.8	4.672463	7.065758	11.738221	22.784813
223.9	7.346888	4.391540	11.738428	22.773971
224	7.906826	3.834964	11.741790	22.695694
224.1	5.655898	6.087318	11.743216	22.561610
224.2	4.116282	7.624282	11.740564	22.394577
224.3	5.800368	5.937338	11.737706	22.220648
224.4	8.472598	3.266309	11.738907	22.061055
224.5	8.302750	3.439866	11.742616	21.926947
224.6	5.409540	6.334043	11.743583	21.818443
224.7	3.810496	7.929877	11.740373	21.727863
224.8	5.734800	6.002727	11.737528	21.645495
224.9	8.375777	3.363385	11.739162	21.565381
225	7.832918	3.910085	11.743003	21.488792
225.1	4.761944	6.981521	11.743465	21.424028
225.2	3.616135	8.123507	11.739641	21.382705
225.3	6.311769	5.425102	11.736871	21.374076
225.4	9.228105	2.511241	11.739347	21.399673
225.5	8.062896	3.681069	11.743965	21.450524
225.6	4.005379	7.738917	11.744297	21.508187
225.7	2.462699	9.276835	11.739534	21.549514
225.8	5.718390	6.017580	11.735970	21.553629
225.9	9.560025	2.178538	11.738563	21.508818
226	8.800861	2.943121	11.743981	21.416983
226.1	4.378791	7.366115	11.744906	21.294104
226.2	2.233753	9.506262	11.740014	21.166439
226.3	5.255481	6.480476	11.735957	21.063587
226.4	9.248664	2.489692	11.738356	21.010479
226.5	8.608140	3.135846	11.743986	21.020675
226.6	4.093408	7.651613	11.745022	21.092850
226.7	1.968950	9.770841	11.739792	21.211362
226.8	5.443847	6.291475	11.735323	21.350544
226.9	10.047298	1.690605	11.737902	21.481362
227	9.484914	2.259426	11.744340	21.578518
227.1	4.244420	7.501587	11.746008	21.626142
227.2	1.199973	10.540498	11.740471	21.620779
227.3	4.487051	7.247924	11.734975	21.571214
227.4	9.862588	1.874259	11.736847	21.495544
227.5	10.279677	1.463932	11.743609	21.416486
227.6	5.307179	6.439043	11.746222	21.356219
227.7	1.710474	10.030749	11.741224	21.331925
227.8	4.340774	7.394641	11.735416	21.352901
227.9	9.584650	2.152052	11.736702	21.419611
228	10.241365	1.502027	11.743392	21.524663
228.1	5.288359	6.458070	11.746428	21.655273
228.2	1.353080	10.388504	11.741585	21.796604
228.3	3.852196	7.883019	11.735215	21.935191
228.4	9.684531	2.051258	11.735789	22.061708
228.5	11.293468	0.449122	11.742590	22.172446
228.6	6.655402	5.091304	11.746706	22.269127
228.7	1.860192	9.882719	11.742910	22.357109
228.8	2.960152	8.776305	11.736457	22.442425
228.9	8.085551	3.650304	11.735856	22.528563
229	10.242955	1.498593	11.741548	22.614018
229.1	6.762602	4.983036	11.745638	22.691594
229.2	2.634449	9.108268	11.742717	22.749935
229.3	3.505173	8.231828	11.737001	22.777093
229.4	8.052203	3.684133	11.736335	22.765155
229.5	9.980718	1.760805	11.741523	22.714439
229.6	6.659644	5.085800	11.745444	22.635658
229.7	2.579465	9.163400	11.742865	22.548930
229.8	3.134676	8.602734	11.737410	22.479450
229.9	7.387133	4.349280	11.736414	22.450751
230	9.560362	2.180606	11.740968	22.477468
230.1	6.941783	4.802941	11.744725	22.559924
230.2	3.333619	8.409122	11.742742	22.682489
230.3	3.604991	8.133061	11.738052	22.816652
230.4	7.082276	4.654898	11.737174	22.928246
230.5	8.770006	2.971088	11.741095	22.986872
230.6	6.399560	5.344605	11.744165	22.974698
230.7	3.442290	8.299833	11.742124	22.891866
230.8	4.110746	7.627172	11.737918	22.756683
230.9	7.498820	4.238598	11.737418	22.600385
231	8.958869	2.782364	11.741234	22.458055
231.1	6.594519	5.149517	11.744037	22.358487
231.2	3.763363	7.978717	11.742081	22.316225
231.3	4.274696	7.463593	11.738289	22.328235
231.4	7.168269	4.569669	11.737938	22.376151
231.5	8.313189	3.428053	11.741241	22.433146
231.6	6.338665	5.404615	11.743280	22.472947
231.7	4.420188	7.320984	11.741172	22.477837
231.8	5.512104	6.226061	11.738165	22.442965
231.9	7.986812	3.752038	11.738850	22.375673
232	7.999921	3.742482	11.742403	22.290409
232.1	5.202805	6.540820	11.743625	22.201444
232.2	3.508177	8.232254	11.740431	22.116356
232.3	5.589739	6.147366	11.737105	22.032946
232.4	8.860115	2.878319	11.738434	21.940856
232.5	8.844393	2.898432	11.742825	21.827301
232.6	5.451769	6.292492	11.744261	21.684629
232.7	3.292333	8.448339	11.740672	21.516588
232.8	5.328760	6.408265	11.737025	21.340506
232.9	8.625896	3.112641	11.738537	21.184050
233	8.329972	3.413271	11.743244	21.077263
233.1	4.560999	7.183478	11.744477	21.042470
233.2	2.536307	9.203838	11.740145	21.085639
233.3	5.413668	6.322318	11.735986	21.192511
233.4	9.627395	2.110515	11.737910	21.331282
233.5	9.439111	2.304579	11.743690	21.461347
233.6	4.794571	6.951065	11.745636	21.545410
233.7	1.690553	10.050416	11.740968	21.560977
233.8	4.226025	7.509794	11.735819	21.507253
233.9	8.991680	2.745422	11.737103	21.405010
234	9.568462	2.174633	11.743095	21.289319
234.1	5.217176	6.528463	11.745639	21.197597
234.2	1.943717	9.797490	11.741208	21.157045
234.3	4.335777	7.400048	11.735824	21.175858
234.4	9.205382	2.531572	11.736954	21.241273
234.5	9.814362	1.928883	11.743246	21.325123
234.6	5.101626	6.644537	11.746163	21.394906
234.7	1.341454	10.400078	11.741532	21.426361
234.8	3.769792	7.965593	11.735385	21.412964
234.9	9.397402	2.338595	11.735997	21.368830
235	10.838794	0.903907	11.742702	21.323826
235.1	6.171294	5.575342	11.746636	21.312536
235.2	1.577582	10.164988	11.742569	21.360966
235.3	3.127753	8.608190	11.735943	21.475835
235.4	8.683679	3.051916	11.735595	21.640440
235.5	10.799130	0.942785	11.741915	21.818891
235.6	6.716933	5.029431	11.746364	21.967515
235.7	2.027195	9.715778	11.742973	22.049698
235.8	3.105438	8.630905	11.736342	22.049072
235.9	8.540063	3.195342	11.735405	21.976422
236	11.054498	0.686930	11.741428	21.867720
236.1	7.270403	4.475969	11.746373	21.773689
236.2	2.183169	9.560541	11.743709	21.744174
236.3	2.445086	9.291976	11.737062	21.812367
236.4	7.571361	4.163845	11.735206	21.984049
236.5	10.776426	0.963932	11.740358	22.235319
236.6	8.074636	3.670852	11.745488	22.519505
236.7	3.344796	8.399164	11.743960	22.780926
236.8	2.815514	8.922745	11.738258	22.970998
236.9	6.726287	5.009949	11.736237	23.061559
237	9.380851	2.359514	11.740365	23.051333
237.1	7.143260	4.601409	11.744669	22.963890
237.2	3.287026	8.456149	11.743176	22.838272
237.3	3.270225	8.467816	11.738041	22.715802
237.4	7.181654	4.554720	11.736375	22.627622
237.5	9.711632	2.028797	11.740429	22.586952
237.6	7.466935	4.277731	11.744666	22.588189
237.7	3.493370	8.250100	11.743470	22.612475
237.8	2.978600	8.760099	11.738699	22.637164
237.9	6.257126	5.479733	11.736860	22.645417
238	8.662609	3.077523	11.740131	22.632426
238.1	7.109703	4.633967	11.743670	22.606200
238.2	4.152991	7.589604	11.742595	22.582985
238.3	4.113725	7.624966	11.738691	22.579393
238.4	6.967484	4.770140	11.737624	22.604443
238.5	8.546979	3.193892	11.740872	22.654641
238.6	6.555531	5.188229	11.743761	22.713989
238.7	3.804310	7.937867	11.742177	22.758923
238.8	4.186130	7.552231	11.738361	22.766357
238.9	7.181002	4.556661	11.737663	22.721858
239	8.650507	3.090463	11.740970	22.625010
239.1	6.707076	5.036460	11.743536	22.490038
239.2	4.301981	7.439807	11.741788	22.341492
239.3	4.911351	6.827039	11.738390	22.206558
239.4	7.533151	4.205207	11.738357	22.106661
239.5	8.175613	3.566172	11.741785	22.051201
239.6	5.726630	6.016987	11.743617	22.035450
239.7	3.738176	8.002752	11.740928	22.043070
239.8	5.384849	6.352509	11.737358	22.052165
239.9	8.685734	3.052421	11.738154	22.042593
240	8.992372	2.750222	11.742593	22.002016
240.1	5.547360	6.197258	11.744618	21.928755
240.2	2.876365	8.864824	11.741189	21.830767
240.3	4.709574	7.027226	11.736800	21.721503
240.4	8.677870	3.059660	11.737530	21.614416
240.5	9.337243	2.405321	11.742564	21.518277
240.6	5.652156	6.092880	11.745036	21.434953
240.7	2.615689	9.125709	11.741399	21.360320
240.8	4.489370	7.247160	11.736530	21.287716
240.9	8.793515	2.943728	11.737243	21.212450
241	9.489724	2.253105	11.742829	21.135473
241.1	5.285032	6.460681	11.745713	21.064746
241.2	1.689040	10.052657	11.741697	21.013652
241.3	3.708520	8.027405	11.735925	20.996933
241.4	8.924628	2.811545	11.736173	21.025521
241.5	10.502322	1.239972	11.742294	21.101994
241.6	6.315953	5.430256	11.746209	21.218246
241.7	1.891697	9.851009	11.742706	21.356178
241.8	3.040342	8.696186	11.736529	21.491322
241.9	8.037814	3.698211	11.736025	21.598388
242	9.975546	1.766282	11.741828	21.657233
242.1	6.180335	5.565604	11.745939	21.657660
242.2	1.923058	9.819529	11.742587	21.601873
242.3	3.274603	8.461592	11.736195	21.504073
242.4	8.726385	3.009129	11.735514	21.387401
242.5	11.023731	0.718005	11.741736	21.279053
242.6	6.904547	4.842139	11.746686	21.204692
242.7	1.638614	10.105089	11.743702	21.183344
242.8	2.133941	9.602683	11.736625	21.223781
242.9	7.760715	3.974031	11.734746	21.323018
243	11.182626	0.557824	11.740450	21.467179
243.1	8.088743	3.657354	11.746097	21.634528
243.2	2.811249	8.933037	11.744287	21.800103
243.3	2.400701	9.336964	11.737665	21.941042
243.4	7.217109	4.518086	11.735195	22.041498
243.5	10.629675	1.110402	11.740077	22.096051
243.6	8.046323	3.699276	11.745599	22.110722
243.7	3.023811	8.720513	11.744324	22.101212
243.8	2.350305	9.387747	11.738051	22.088666
243.9	6.905963	4.829260	11.735223	22.093939
244	10.604470	1.135047	11.739518	22.131888
244.1	8.631918	3.113170	11.745088	22.207294
244.2	3.757562	7.987052	11.744614	22.313705
244.3	2.389122	9.349922	11.739043	22.435643
244.4	5.984370	5.751600	11.735970	22.553587
244.5	9.415533	2.323718	11.739251	22.650226
244.6	8.148313	3.595764	11.744078	22.715940
244.7	4.237007	7.506865	11.743872	22.751643
244.8	3.162375	8.576853	11.739228	22.767891
244.9	6.212719	5.524029	11.736748	22.780457
245	8.927764	2.812012	11.739776	22.803783
245.1	7.465151	4.278795	11.743946	22.844633
245.2	3.887488	7.855949	11.743437	22.898288
245.3	3.165169	8.573850	11.739019	22.948922
245.4	6.270141	5.466664	11.736805	22.974362
245.5	8.950821	2.788902	11.739723	22.953860
245.6	7.684991	4.058636	11.743626	22.876324
245.7	4.415900	7.327332	11.743233	22.746080
245.8	3.632012	8.107376	11.739388	22.583908
245.9	6.106047	5.631563	11.737610	22.422571
246	8.063657	3.676567	11.740224	22.297949
246.1	6.720121	5.023121	11.743242	22.238445
246.2	4.211310	7.530901	11.742211	22.256077
246.3	4.408918	7.329681	11.738599	22.342246
246.4	7.270734	4.466925	11.737659	22.469703
246.5	8.824190	2.916691	11.740881	22.600227
246.6	6.819374	4.924421	11.743795	22.695601
246.7	3.993927	7.748361	11.742288	22.728364
246.8	4.252433	7.486049	11.738482	22.688894
246.9	7.140377	4.597386	11.737763	22.586645
247	8.491463	3.249652	11.741115	22.445344
247.1	6.402732	5.340913	11.743644	22.294058
247.2	4.033323	7.708234	11.741558	22.157363
247.3	5.098337	6.639411	11.737747	22.048092
247.4	8.354211	3.383660	11.737871	21.965068
247.5	9.073442	2.668757	11.742200	21.896349
247.6	5.753382	5.991437	11.744819	21.826435
247.7	2.642071	9.099665	11.741736	21.744423
247.8	4.148136	7.588632	11.736768	21.649789
247.9	8.591711	3.144974	11.736685	21.553399
248	10.121717	1.620170	11.741887	21.473272
248.1	6.573357	5.172154	11.745511	21.426670
248.2	2.595377	9.147229	11.742606	21.421664
248.3	3.502353	8.234670	11.737023	21.451660
248.4	8.014911	3.721462	11.736373	21.495395
248.5	9.876342	1.865300	11.741642	21.522926
248.6	6.373635	5.372021	11.745656	21.505819
248.7	2.192495	9.550273	11.742768	21.428031
248.8	3.151144	8.585572	11.736716	21.293461
248.9	8.173699	3.562053	11.735752	21.127113
249	10.521527	1.219886	11.741413	20.968950
249.1	6.856068	4.890137	11.746204	20.862110
249.2	1.913160	9.830437	11.743596	20.839243
249.3	2.284558	9.452379	11.736937	20.911562
249.4	7.542272	4.192830	11.735102	21.064441
249.5	10.717983	1.022585	11.740568	21.261280
249.6	7.620962	4.125047	11.746009	21.454498
249.7	2.476747	9.267379	11.744126	21.600131
249.8	2.233081	9.504421	11.737502	21.671157
249.9	7.174780	4.560353	11.735133	21.665110
250	10.535798	1.204458	11.740256	21.603468
250.1	7.673646	4.072283	11.745929	21.523133
250.2	2.417706	9.326674	11.744380	21.463041
250.3	1.969461	9.768083	11.737544	21.450609
250.4	7.182210	4.552328	11.734538	21.492760
250.5	11.315941	0.423506	11.739447	21.574596
250.6	8.974314	2.771525	11.745839	21.666105
250.7	3.253344	8.492017	11.745362	21.734393
250.8	1.577220	10.161596	11.738815	21.757014
250.9	5.883426	5.851496	11.734922	21.731513
251	10.267774	1.470843	11.738618	21.677698
251.1	9.034360	2.710296	11.744656	21.631652
251.2	4.192514	7.552403	11.744917	21.633477
251.3	2.462927	9.276374	11.739301	21.712972
251.4	6.114358	5.621232	11.735590	21.878220
251.5	10.061169	1.677601	11.738770	22.111129
251.6	8.909707	2.834724	11.744431	22.371595
251.7	4.212083	7.532866	11.744949	22.609025
251.8	2.207544	9.532234	11.739778	22.777491
251.9	5.382005	6.353928	11.735933	22.849546
252	9.337368	2.400989	11.738358	22.824246
252.1	8.931934	2.811535	11.743468	22.726868
252.2	5.088003	6.656372	11.744375	22.600596
252.3	3.147375	8.592883	11.740258	22.493043
252.4	5.428538	6.308554	11.737092	22.442067
252.5	8.324840	3.414301	11.739141	22.465357
252.6	7.635604	4.107621	11.743225	22.556854
252.7	4.436419	7.307039	11.743458	22.690656
252.8	3.380496	8.359045	11.739541	22.830616
252.9	6.054627	5.682407	11.737034	22.942100
253	8.772998	2.966470	11.739468	23.001934
253.1	7.779107	3.964342	11.743449	23.003533
253.2	4.464239	7.279256	11.743495	22.956052
253.3	3.350959	8.388708	11.739667	22.878564
253.4	5.797628	5.939710	11.737338	22.791881
253.5	8.257818	3.481782	11.739599	22.711188
253.6	7.386596	4.356451	11.743047	22.642072
253.7	4.684070	7.058693	11.742763	22.581027
253.8	4.179800	7.559503	11.739304	22.519732
253.9	6.586384	5.151410	11.737794	22.451021
254	8.304505	3.435993	11.740498	22.373930
254.1	6.685145	5.058357	11.743502	22.295701
254.2	3.982501	7.759805	11.742306	22.229909
254.3	4.234094	7.504296	11.738390	22.191437
254.4	7.404515	4.332795	11.737311	22.190238
254.5	9.198716	2.542098	11.740814	22.226328
254.6	7.039452	4.704687	11.744139	22.287972
254.7	3.844745	7.897826	11.742571	22.353888
254.8	4.087119	7.651077	11.738196	22.398821
254.9	7.465058	4.272137	11.737195	22.400656
255	9.147686	2.593474	11.741161	22.346717
255.1	6.531078	5.213513	11.744591	22.237221
255.2	3.140820	8.601592	11.742412	22.084862
255.3	3.947340	7.789948	11.737288	21.910810
255.4	8.304646	3.431679	11.736325	21.738588
255.5	10.418709	1.322566	11.741275	21.587861
255.6	7.126099	4.619634	11.745733	21.470071
255.7	2.472850	9.270736	11.743586	21.387068
255.8	2.548197	9.189271	11.737468	21.332818
255.9	7.282463	4.453024	11.735488	21.297222
256	10.375653	1.364683	11.740335	21.270514
256.1	7.704141	4.041360	11.745501	21.246660
256.2	2.927226	8.816752	11.743978	21.224711
256.3	2.577838	9.159978	11.737817	21.207920
256.4	7.154615	4.580845	11.735461	21.201206
256.5	10.336236	1.404040	11.740276	21.208107
256.6	7.547727	4.198094	11.745821	21.228433
256.7	2.324687	9.419765	11.744452	21.257483
256.8	1.711207	10.026557	11.737764	21.287060
256.9	6.746502	4.988129	11.734632	21.307915
257	10.901981	0.837342	11.739322	21.312767
257.1	8.725527	3.020141	11.745668	21.298934
257.2	3.138487	8.606780	11.745267	21.269760
257.3	1.539987	10.198754	11.738740	21.234430
257.4	5.918226	5.816648	11.734874	21.206213
257.5	10.259393	1.479394	11.738787	21.199543
257.6	8.713028	3.032054	11.745082	21.226624
257.7	3.474880	8.270308	11.745187	21.294266
257.8	1.765960	9.972990	11.738950	21.401647
257.9	6.030702	5.704119	11.734821	21.539497
258	10.607328	1.131099	11.738427	21.691023
258.1	9.344791	2.400194	11.744986	21.834577
258.2	3.877745	7.867998	11.745743	21.947762
258.3	1.444265	10.295436	11.739701	22.012306
258.4	5.241472	6.493405	11.734877	22.018709
258.5	10.260445	1.477096	11.737540	21.969525
258.6	10.040847	1.703140	11.743986	21.880207
258.7	5.153465	6.592248	11.745713	21.776929
258.8	2.152943	9.587833	11.740776	21.691458
258.9	4.718656	7.017392	11.736048	21.654049
259	9.005018	2.732701	11.737719	21.686025
259.1	9.173540	2.569589	11.743129	21.794038
259.2	5.281819	6.462948	11.744767	21.967790
259.3	2.886074	8.854512	11.740585	22.182104
259.4	5.264869	6.471648	11.736517	22.403076
259.5	9.053120	2.685005	11.738125	22.596720
259.6	9.042629	2.700454	11.743083	22.737693
259.7	5.295409	6.449217	11.744626	22.815486
259.8	2.856104	8.884760	11.740864	22.836192
259.9	4.757743	6.979366	11.737109	22.819260
260	8.078636	3.659708	11.738344	22.790281
260.1	8.251475	3.491015	11.742490	22.772155
260.2	5.362008	6.381631	11.743639	22.777572
260.3	3.725662	8.014722	11.740384	22.805345
260.4	5.633975	6.103596	11.737571	22.841832
260.5	8.190932	3.548340	11.739272	22.866928
260.6	7.566004	4.177032	11.743036	22.862483
260.7	4.501961	7.241490	11.743452	22.820091
260.8	3.280307	8.459535	11.739842	22.745344
260.9	5.670854	6.066357	11.737211	22.656853
261	8.437518	3.301664	11.739182	22.580177
261.1	7.886399	3.856529	11.742928	22.538693
261.2	5.000014	6.743213	11.743227	22.544612
261.3	3.931894	7.807942	11.739836	22.593449
261.4	6.064204	5.673546	11.737750	22.664129
261.5	8.101102	3.638898	11.740000	22.725008
261.6	6.907264	4.836000	11.743264	22.743953
261.7	4.155469	7.587143	11.742613	22.699149
261.8	4.032676	7.706030	11.738705	22.586907
261.9	7.137386	4.599711	11.737097	22.423694
262	9.316737	2.423642	11.740379	22.241551
262.1	7.381111	4.363111	11.744222	22.078313
262.2	3.785761	7.957438	11.743199	21.965888
262.3	3.482518	8.255971	11.738489	21.920507
262.4	7.035444	4.701103	11.736547	21.938213
262.5	9.614686	2.125530	11.740216	21.997006
262.6	7.571121	4.173426	11.744546	22.064760
262.7	3.633725	8.109720	11.743445	22.110034
262.8	3.330125	8.408102	11.738228	22.111929
262.9	7.292064	4.444039	11.736103	22.065597
263	10.103481	1.636814	11.740294	21.981654
263.1	7.618719	4.126575	11.745293	21.880017
263.2	2.885066	8.859056	11.744122	21.780761
263.3	2.318235	9.419755	11.737990	21.695641
263.4	6.993139	4.741887	11.735026	21.623641
263.5	10.887258	0.852151	11.739409	21.552326
263.6	8.771951	2.973565	11.745517	21.464509
263.7	3.289338	8.455927	11.745265	21.347584
263.8	1.562957	10.176014	11.738970	21.201782
263.9	5.718322	6.016707	11.735029	21.043805
264	10.043920	1.694742	11.738662	20.903941
264.1	8.695315	3.049551	11.744866	20.817201
264.2	3.591142	8.154022	11.745164	20.811308
264.3	1.800066	9.939043	11.739109	20.895790
264.4	5.904422	5.830530	11.734952	21.056274
264.5	10.398424	1.340049	11.738473	21.256453
264.6	9.081916	2.663150	11.745066	21.447589
264.7	3.508082	8.237772	11.745854	21.582751
264.8	1.026220	10.713437	11.739657	21.631196
264.9	4.971123	6.763531	11.734654	21.588082
265	10.181071	1.556374	11.737445	21.476158
265.1	9.882295	1.861941	11.744236	21.338698
265.2	4.687204	7.058778	11.745982	21.225890
265.3	1.651011	10.089504	11.740515	21.179146
265.4	4.750518	6.984815	11.735333	21.218454
265.5	9.635996	2.101404	11.737400	21.336922
265.6	9.626714	2.117103	11.743817	21.504185
265.7	4.747286	6.998564	11.745851	21.677357
265.8	1.633630	10.107113	11.740743	21.815672
265.9	4.560550	7.174789	11.735339	21.893806
266	9.739325	1.997486	11.736811	21.909389
266.1	10.449370	1.293743	11.743113	21.882348
266.2	5.949589	5.796330	11.745918	21.846549
266.3	2.247293	9.494497	11.741790	21.836892
266.4	3.968041	7.768459	11.736500	21.876497
266.5	8.412242	3.324745	11.736987	21.968497
266.6	9.555746	2.186408	11.742154	22.095251
266.7	6.204265	5.540526	11.744791	22.225121
266.8	3.242605	8.498945	11.741551	22.324314
266.9	4.678760	7.058462	11.737222	22.369536
267	8.263814	3.473997	11.737812	22.356969
267.1	8.884434	2.857874	11.742309	22.304438
267.2	5.712070	6.032295	11.744365	22.245985
267.3	3.191314	8.549891	11.741206	22.220740
267.4	4.753027	6.984289	11.737315	22.259864
267.5	8.137296	3.600733	11.738029	22.375952
267.6	8.685803	3.056387	11.742190	22.558379
267.7	5.795825	5.948163	11.743988	22.775998
267.8	3.548283	8.192851	11.741134	22.986169
267.9	4.870454	6.867404	11.737858	23.147036
268	7.559778	4.178971	11.738750	23.229080
268.1	7.633876	4.108432	11.742308	23.222404
268.2	5.070613	6.672638	11.743251	23.137788
268.3	3.759978	7.980171	11.740148	23.001701
268.4	5.820735	5.916744	11.737479	22.847371
268.5	8.449483	3.289731	11.739214	22.705075
268.6	7.846963	3.896104	11.743067	22.594778
268.7	4.676268	7.067360	11.743628	22.523107
268.8	3.258419	8.481603	11.740023	22.484979
268.9	5.540720	6.196517	11.737237	22.468589
269	8.334305	3.404829	11.739134	22.461454
269.1	7.792256	3.950712	11.742969	22.455145
269.2	4.858037	6.885197	11.743234	22.447129
269.3	3.928530	7.810990	11.739520	22.439450
269.4	6.518808	5.218417	11.737225	22.435267
269.5	8.923917	2.815991	11.739908	22.435022
269.6	7.405914	4.338080	11.743994	22.434087
269.7	3.730518	8.013030	11.743547	22.423002
269.8	3.050509	8.688224	11.738733	22.390302
269.9	6.730575	5.005439	11.736014	22.326890
270	10.088644	1.650723	11.739367	22.230206
270.1	8.564149	3.180370	11.744519	22.106530
270.2	4.075179	7.669305	11.744484	21.970395
270.3	2.653975	9.085193	11.739167	21.841135
270.4	6.264837	5.470936	11.735773	21.737628
270.5	9.953240	1.785837	11.739077	21.672910
270.6	8.491848	3.252864	11.744712	21.650396
270.7	3.649791	8.095095	11.744887	21.662873
270.8	2.027243	9.711822	11.739065	21.694518
270.9	6.105623	5.629373	11.734995	21.725236
271	10.625970	1.112391	11.738361	21.735947
271.1	9.467152	2.277760	11.744912	21.713259
271.2	3.941019	7.804927	11.745946	21.652295
271.3	1.232536	10.507443	11.739980	21.557102
271.4	4.872365	6.862520	11.734885	21.438832
271.5	9.985461	1.751951	11.737412	21.312496
271.6	9.781644	1.962484	11.744129	21.193338
271.7	4.628311	7.117710	11.746021	21.093822
271.8	1.500658	10.239965	11.740623	21.021847
271.9	4.547697	7.187614	11.735310	20.980360
272	9.512325	2.224975	11.737299	20.968122
272.1	9.543547	2.200320	11.743867	20.981175
272.2	4.527464	7.218573	11.746037	21.014488
272.3	1.290202	10.450547	11.740749	21.063359
272.4	4.369980	7.365074	11.735054	21.124314
272.5	9.822286	1.914358	11.736644	21.195375
272.6	10.442433	1.301052	11.743484	21.275699
272.7	5.391836	6.354695	11.746531	21.364693
272.8	1.303043	10.438782	11.741824	21.460816
272.9	3.436549	8.299144	11.735693	21.560411
273	8.787259	2.948924	11.736183	21.656992
273.1	10.277011	1.465353	11.742364	21.741441
273.2	6.223585	5.522239	11.745824	21.803387
273.3	2.361774	9.380305	11.742079	21.833725
273.4	3.930245	7.806181	11.736426	21.827791
273.5	8.670346	3.066218	11.736564	21.788268
273.6	10.075715	1.666481	11.742196	21.726747
273.7	6.254030	5.491612	11.745642	21.662960
273.8	2.371058	9.371262	11.742320	21.621334
273.9	3.585304	8.151479	11.736783	21.625307
274	8.202836	3.533525	11.736361	21.690738
274.1	10.168706	1.572639	11.741345	21.820339
274.2	7.212278	4.532660	11.744938	22.001053
274.3	3.570244	8.172386	11.742630	22.205674
274.4	3.951799	7.786225	11.738024	22.398792
274.5	7.287292	4.450183	11.737475	22.545782
274.6	8.646878	3.094476	11.741353	22.622379
274.7	6.248489	5.495438	11.743927	22.621972
274.8	3.723820	8.017775	11.741595	22.558194
274.9	4.770456	6.967344	11.737800	22.461700
275	7.922281	3.815693	11.737974	22.371801
275.1	8.714943	3.026923	11.741866	22.325307
275.2	6.010258	5.733755	11.744013	22.345935
275.3	3.535411	8.206078	11.741489	22.437566
275.4	4.590453	7.147483	11.737936	22.583500
275.5	7.475281	4.263034	11.738315	22.751964
275.6	8.027158	3.714760	11.741918	22.906071
275.7	5.558520	6.184974	11.743494	23.014991
275.8	3.752287	7.988498	11.740785	23.062675
275.9	5.304442	6.433304	11.737745	23.051329
276	7.997190	3.741667	11.738857	22.998639
276.1	7.846362	3.896285	11.742647	22.929919
276.2	4.878980	6.864692	11.743672	22.868106
276.3	3.261846	8.478430	11.740276	22.825243
276.4	5.446432	6.290680	11.737112	22.798541
276.5	8.567695	3.170996	11.738691	22.772423
276.6	8.327054	3.415880	11.742934	22.725744
276.7	5.044284	6.699647	11.743931	22.641482
276.8	3.319322	8.420912	11.740233	22.515205
276.9	5.600953	6.136083	11.737036	22.359025
277	8.645050	3.093904	11.738953	22.199328
277.1	8.009208	3.734174	11.743382	22.068847
277.2	4.443309	7.300634	11.743943	21.995715
277.3	3.091348	8.648142	11.739490	21.993358
277.4	6.297143	5.438945	11.736088	22.054889
277.5	9.974394	1.764384	11.738778	22.154153
277.6	8.937592	2.806728	11.744320	22.253275
277.7	4.168591	7.576619	11.745210	22.314242
277.8	1.889596	9.850323	11.739918	22.310624
277.9	5.286912	6.448413	11.735326	22.235437
278	10.012598	1.725042	11.737641	22.102486
278.1	9.827223	1.916664	11.743887	21.940835
278.2	4.997030	6.748677	11.745707	21.784445
278.3	2.037862	9.702766	11.740627	21.660710
278.4	4.944956	6.790579	11.735536	21.581947
278.5	9.705545	2.031900	11.737445	21.542786
278.6	9.660258	2.083638	11.743896	21.524181
278.7	4.601971	7.144145	11.746116	21.502362
278.8	1.249783	10.491091	11.740874	21.459195
278.9	4.267155	7.467866	11.735021	21.389953
279	9.862084	1.874332	11.736416	21.305471
279.1	10.701190	1.042141	11.743331	21.227801
279.2	5.662109	6.084559	11.746668	21.180977
279.3	1.343835	10.398258	11.742092	21.180420
279.4	3.275331	8.460467	11.735797	21.225146
279.5	8.610603	3.125546	11.736149	21.296018
279.6	10.081297	1.661182	11.742479	21.361121
279.7	5.809867	5.936239	11.746106	21.386679
279.8	1.745993	9.996129	11.742122	21.349795
279.9	3.520517	8.215464	11.735981	21.248402
280	8.796351	2.939707	11.736058	21.104624
280.1	10.442049	1.300251	11.742300	20.959890
280.2	6.180816	5.565510	11.746325	20.863012
280.3	1.667779	10.074955	11.742733	20.854951
280.4	2.897218	8.839110	11.736327	20.955270
280.5	8.217541	3.518052	11.735593	21.154854
280.6	10.635155	1.106198	11.741354	21.417472
280.7	7.162517	4.583335	11.745853	21.689855
280.8	2.622956	9.120306	11.743262	21.917109
280.9	3.005461	8.731870	11.737331	22.058549
281	7.518605	4.217451	11.736056	22.098889
281.1	9.950564	1.790324	11.740888	22.051340
281.2	7.181312	4.563756	11.745068	21.951848
281.3	3.214995	8.528005	11.742999	21.846646
281.4	3.512761	8.224940	11.737701	21.777414
281.5	7.595426	4.140994	11.736420	21.768960
281.6	9.906749	1.833993	11.740741	21.823312
281.7	7.449325	4.295375	11.744700	21.921781
281.8	3.665029	8.078071	11.743100	22.033810
281.9	3.525865	8.212555	11.738420	22.129175
282	6.852419	4.884634	11.737053	22.189126
282.1	8.928767	2.811731	11.740497	22.212620
282.2	7.166191	4.577470	11.743661	22.215712
282.3	4.424288	7.317958	11.742247	22.224601
282.4	4.646962	7.091663	11.738625	22.265071
282.5	7.255603	4.482560	11.738163	22.352225
282.6	8.183733	3.557762	11.741495	22.484158
282.7	5.861237	5.882478	11.743715	22.641755
282.8	3.527400	8.214076	11.741477	22.794573
282.9	4.605530	7.132295	11.737825	22.910661
283	7.761141	3.976767	11.737908	22.966909
283.1	8.694909	3.046763	11.741672	22.956404
283.2	6.159648	5.584257	11.743905	22.890454
283.3	3.694876	8.046696	11.741572	22.794762
283.4	4.619711	7.118374	11.738085	22.701256
283.5	7.370479	4.367953	11.738432	22.638373
283.6	7.802969	3.939081	11.742050	22.622962
283.7	5.203157	6.540438	11.743595	22.656239
283.8	3.413740	8.326864	11.740605	22.724714
283.9	5.342343	6.394857	11.737200	22.805344
284	8.597746	3.140640	11.738386	22.872884
284.1	8.623026	3.119801	11.742828	22.906919
284.2	5.145217	6.599202	11.744419	22.896458
284.3	2.829813	8.910956	11.740769	22.841045
284.4	4.929377	6.807396	11.736773	22.748648
284.5	8.644407	3.093597	11.738004	22.631619
284.6	8.841490	2.901383	11.742873	22.502484
284.7	5.205178	6.539424	11.744601	22.371063
284.8	2.854752	8.885853	11.740606	22.243678
284.9	5.295431	6.440896	11.736327	22.124215
285	9.345026	2.392868	11.737895	22.016107
285.1	9.292084	2.451396	11.743480	21.923975
285.2	4.856479	6.888967	11.745446	21.853960
285.3	1.938368	9.802393	11.740761	21.812431
285.4	4.744666	6.990817	11.735483	21.803496
285.5	9.848088	1.888737	11.736825	21.826353
285.6	10.500638	1.242641	11.743279	21.873621
285.7	5.683496	6.062846	11.746342	21.931511
285.8	1.666698	10.075163	11.741861	21.982046
285.9	3.730442	8.005312	11.735754	22.006816
286	9.059963	2.676225	11.736188	21.991234
286.1	10.465178	1.277400	11.742579	21.928070
286.2	6.045330	5.700969	11.746299	21.819287
286.3	1.784819	9.957467	11.742286	21.675711
286.4	3.494956	8.240971	11.735927	21.514700
286.5	8.919560	2.816297	11.735857	21.356499
286.6	10.699550	1.042738	11.742288	21.220211
286.7	6.277188	5.469454	11.746642	21.120297
286.8	1.409101	10.333943	11.743044	21.064291
286.9	2.515266	9.220962	11.736227	21.052001
287	8.118000	3.617200	11.735200	21.076201
287.1	10.847077	0.894134	11.741212	21.124506
287.2	7.268213	4.477970	11.746184	21.182035
287.3	2.330233	9.413386	11.743618	21.234398
287.4	2.574274	9.162941	11.737215	21.270514
287.5	7.379041	4.356651	11.735691	21.284775
287.6	10.004598	1.736366	11.740964	21.278117
287.7	6.846622	4.899077	11.745698	21.257678
287.8	2.293692	9.449676	11.743368	21.234979
287.9	2.695931	9.041157	11.737088	21.222921
288	7.723879	4.011457	11.735335	21.232292
288.1	10.800894	0.939598	11.740492	21.268713
288.2	7.921527	3.824195	11.745722	21.331008
288.3	2.924999	8.819219	11.744218	21.411628
288.4	2.263887	9.474314	11.738201	21.499184
288.5	6.487068	5.248611	11.735679	21.582395
288.6	9.822187	1.917476	11.739663	21.654180
288.7	8.086563	3.657896	11.744459	21.714411
288.8	4.072525	7.671151	11.743676	21.770135
288.9	3.381458	8.357309	11.738767	21.832905
289	6.753494	4.983145	11.736639	21.913874
289.1	9.353189	2.386868	11.740057	22.018275
289.2	7.625274	4.118831	11.744105	22.141330
289.3	4.082487	7.660736	11.743223	22.267420
289.4	3.618869	8.119940	11.738808	22.373330
289.5	6.739431	4.997578	11.737009	22.435022
289.6	9.071964	2.668161	11.740125	22.435997
289.7	7.552416	4.191237	11.743653	22.374488
289.8	4.518181	7.224608	11.742789	22.266812
289.9	4.182686	7.556369	11.739055	22.145215
290	6.703734	5.034137	11.737871	22.050287
290.1	8.195931	3.544851	11.740783	22.019883
290.2	6.446198	5.297202	11.743401	22.077808
290.3	4.075453	7.666376	11.741829	22.225892
290.4	4.679228	7.059072	11.738300	22.442178
290.5	7.540726	4.197262	11.737988	22.686131
290.6	8.541188	3.200352	11.741540	22.909525
290.7	6.044122	5.699885	11.744007	23.069755
290.8	3.371429	8.370380	11.741809	23.141499
290.9	4.228734	7.509167	11.737900	23.123055
291	7.453539	4.284192	11.737731	23.035424
291.1	8.562071	3.179483	11.741555	22.914541
291.2	6.041190	5.702786	11.743975	22.799311
291.3	3.530268	8.211255	11.741523	22.719446
291.4	4.693203	7.044457	11.737660	22.687104
291.5	7.927144	3.810862	11.738006	22.694940
291.6	8.489912	3.252387	11.742300	22.720923
291.7	5.263964	6.480536	11.744500	22.737929
291.8	2.633032	9.108152	11.741184	22.724486
291.9	4.535102	7.201527	11.736628	22.672742
292	8.784929	2.952243	11.737172	22.590822
292.1	9.754781	1.987590	11.742371	22.498854
292.2	6.047515	5.697768	11.745283	22.420294
292.3	2.613171	9.128700	11.741870	22.371920
292.4	4.117302	7.619418	11.736720	22.356398
292.5	8.481395	3.255551	11.736946	22.360315
292.6	9.600122	2.142240	11.742362	22.358621
292.7	5.761864	5.983629	11.745493	22.323941
292.8	2.230708	9.511047	11.741754	22.237408
292.9	4.167772	7.568217	11.735989	22.096968
293	9.368213	2.367947	11.736160	21.919952
293.1	10.902237	0.840204	11.742442	21.738712
293.2	6.421168	5.325460	11.746628	21.590638
293.3	1.587640	10.155366	11.743006	21.505920
293.4	2.730935	9.005250	11.736184	21.497331
293.5	8.389790	3.345348	11.735138	21.555635
293.6	11.147589	0.593653	11.741242	21.652329
293.7	7.451284	4.295097	11.746381	21.748794
293.8	2.307639	9.436138	11.743778	21.808712
293.9	2.541879	9.195167	11.737047	21.809436
294	7.662922	4.072366	11.735288	21.748381
294.1	10.605286	1.135537	11.740823	21.642321
294.2	7.310216	4.435893	11.746109	21.520012
294.3	2.205838	9.538113	11.743951	21.410972
294.4	2.211466	9.525756	11.737222	21.334585
294.5	7.386374	4.348595	11.734969	21.293585
294.6	10.836164	0.904065	11.740229	21.274267
294.7	7.966167	3.779804	11.745971	21.253321
294.8	2.600609	9.143978	11.744588	21.208675
294.9	1.797255	9.940794	11.738048	21.130175
295	6.432296	5.302814	11.735111	21.025946
295.1	10.196297	1.543222	11.739519	20.921763
295.2	8.174685	3.570459	11.745145	20.853318
295.3	3.339292	8.405140	11.744432	20.853878
295.4	2.324234	9.414313	11.738547	20.941640
295.5	6.414159	5.321418	11.735577	21.111366
295.6	9.954663	1.784819	11.739482	21.333523
295.7	8.137220	3.607646	11.744866	21.561629
295.8	3.469903	8.274536	11.744438	21.745676
295.9	2.272331	9.466515	11.738846	21.847334
296	6.145818	5.589787	11.735605	21.851970
296.1	9.970156	1.768734	11.738890	21.773459
296.2	8.891406	2.852716	11.744122	21.650144
296.3	4.665712	7.078713	11.744425	21.533218
296.4	2.959870	8.779958	11.739827	21.471241
296.5	5.650119	6.086677	11.736796	21.495766
296.6	8.654607	3.084590	11.739196	21.612556
296.7	7.874935	3.868340	11.743275	21.800987
296.8	4.758749	6.984496	11.743245	22.021502
296.9	3.947099	7.792245	11.739344	22.228397
297	6.638471	5.098753	11.737224	22.383626
297.1	9.018088	2.721788	11.739876	22.467211
297.2	7.734672	4.008869	11.743541	22.481205
297.3	4.570984	7.172158	11.743142	22.446437
297.4	3.828246	7.911146	11.739392	22.393690
297.5	6.286971	5.450644	11.737614	22.352685
297.6	8.280163	3.459985	11.740147	22.342723
297.7	7.029635	4.713521	11.743155	22.367949
297.8	4.553586	7.188666	11.742251	22.418439
297.9	4.618463	7.120360	11.738823	22.476167
298	7.184979	4.553030	11.738009	22.523308
298.1	8.380570	3.360649	11.741219	22.549686
298.2	6.122072	5.621857	11.743929	22.556709
298.3	3.340675	8.401373	11.742049	22.556548
298.4	4.018597	7.719323	11.737920	22.567096
298.5	7.476680	4.260593	11.737272	22.604719
298.6	9.069560	2.671626	11.741185	22.677489
298.7	6.567498	5.176862	11.744359	22.781315
298.8	3.366018	8.376361	11.742379	22.900226
298.9	3.868854	7.869103	11.737956	23.010621
299	7.330877	4.406411	11.737288	23.087934
299.1	8.816809	2.924572	11.741381	23.113465
299.2	6.122274	5.622200	11.744474	23.079239
299.3	3.025378	8.716637	11.742015	22.989521
299.4	4.115978	7.621244	11.737222	22.858861
299.5	8.221798	3.515067	11.736865	22.707598
299.6	9.723184	2.018618	11.741803	22.556475
299.7	6.276900	5.468528	11.745428	22.422050
299.8	2.348029	9.394537	11.742566	22.314084
299.9	3.365735	8.371067	11.736802	22.235250
300	8.230295	3.505622	11.735916	22.182693
300.1	10.530750	1.210551	11.741301	22.150463
300.2	7.140122	4.605683	11.745804	22.131776
300.3	2.591319	9.151965	11.743284	22.120384
300.4	3.073600	8.663459	11.737059	22.110890
300.5	7.995264	3.740344	11.735608	22.098343
300.6	10.629524	1.111545	11.741069	22.077745
300.7	7.199229	4.546902	11.746131	22.044017
300.8	2.170388	9.573400	11.743788	21.992691
300.9	2.410399	9.326527	11.736927	21.921173
301	7.899242	3.835430	11.734671	21.830097
301.1	11.541773	0.198413	11.740186	21.724155
301.2	8.517579	3.228733	11.746313	21.611965
301.3	2.717996	9.027040	11.745036	21.504849
301.4	1.611898	10.126248	11.738146	21.414746
301.5	6.374030	5.360772	11.734802	21.351793
301.6	10.462370	1.276906	11.739276	21.322163
301.7	8.467488	3.277862	11.745350	21.326639
301.8	3.290638	8.454174	11.744812	21.360215
301.9	2.065808	9.672703	11.738510	21.412713
302	6.454495	5.280589	11.735084	21.470274
302.1	10.442225	1.296992	11.739217	21.517463
302.2	8.525625	3.219718	11.745343	21.539740
302.3	3.157600	8.587613	11.745213	21.526027
302.4	1.434113	10.304886	11.738999	21.471054
302.5	5.583711	6.151265	11.734977	21.377106
302.6	10.078329	1.660035	11.738364	21.254667
302.7	9.111048	2.633416	11.744464	21.121554
302.8	4.251387	7.493786	11.745173	21.000309
302.9	2.084822	9.655020	11.739842	20.914071
303	5.285508	6.450351	11.735859	20.881628
303.1	9.243650	2.494829	11.738480	20.912836
303.2	8.558965	3.184906	11.743871	21.005712
303.3	4.348054	7.396544	11.744597	21.146287
303.4	2.514677	9.225094	11.739772	21.311606
303.5	5.609316	6.126739	11.736055	21.475340
303.6	9.457917	2.280527	11.738444	21.614555
303.7	8.955684	2.787914	11.743598	21.715672
303.8	4.927736	6.816864	11.744599	21.777701
303.9	2.801559	8.938787	11.740346	21.811595
304	5.198982	6.537761	11.736743	21.835788
304.1	8.645341	3.093111	11.738452	21.869259
304.2	8.593836	3.148909	11.742746	21.924446
304.3	5.550720	6.192944	11.743664	22.002482
304.4	3.971013	7.769291	11.740304	22.092563
304.5	5.864187	5.873525	11.737712	22.175882
304.6	8.190976	3.548548	11.739524	22.232923
304.7	7.460553	4.282368	11.742922	22.251605
304.8	4.768529	6.974340	11.742870	22.233295
304.9	4.130862	7.608527	11.739389	22.194241
305	6.628435	5.109063	11.737498	22.161515
305.1	8.789046	2.950947	11.739993	22.164452
305.2	7.519767	4.223644	11.743411	22.224290
305.3	4.542304	7.200629	11.742934	22.345590
305.4	3.975841	7.763427	11.739268	22.512605
305.5	6.471009	5.266673	11.737681	22.692298
305.6	8.267618	3.472857	11.740476	22.843456
305.7	6.602001	5.141604	11.743605	22.929238
305.8	3.793368	7.949012	11.742380	22.929142
305.9	4.055694	7.682591	11.738286	22.846389
306	7.386436	4.350703	11.737138	22.708061
306.1	9.254834	2.486054	11.740889	22.557692
306.2	6.828212	4.916370	11.744581	22.442488
306.3	3.135290	8.607745	11.743035	22.399184
306.4	3.130118	8.608040	11.738158	22.443081
306.5	6.863266	4.873299	11.736565	22.563748
306.6	9.262844	2.477636	11.740480	22.728733
306.7	7.065025	4.679483	11.744508	22.893931
306.8	3.401874	8.341111	11.742985	23.017102
306.9	3.537040	8.200897	11.737937	23.070055
307	7.466673	4.269803	11.736476	23.045588
307.1	9.703695	2.037235	11.740929	22.957157
307.2	6.830996	4.914317	11.745313	22.831855
307.3	2.504862	9.238499	11.743361	22.699513
307.4	2.744113	8.993217	11.737329	22.582039
307.5	7.641282	4.094018	11.735300	22.486810
307.6	10.886845	0.853422	11.740267	22.406330
307.7	8.112766	3.633026	11.745792	22.323962
307.8	2.908486	8.835986	11.744471	22.223250
307.9	2.183903	9.554080	11.737983	22.097039
308	6.906075	4.828934	11.735009	21.952673
308.1	10.712039	1.027551	11.739591	21.811099
308.2	8.436229	3.309345	11.745573	21.699996
308.3	3.132716	8.612109	11.744825	21.643409
308.4	2.030572	9.707682	11.738255	21.651764
308.5	6.757848	4.976864	11.734711	21.716137
308.6	11.025694	0.713397	11.739091	21.809197
308.7	9.012845	2.732808	11.745652	21.892850
308.8	3.238109	8.507513	11.745622	21.930151
308.9	1.293999	10.444963	11.738962	21.897409
309	5.752762	5.981697	11.734458	21.792250
309.1	10.747922	0.990093	11.738015	21.634708
309.2	9.783321	1.961517	11.744838	21.460839
309.3	4.287806	7.458133	11.745939	21.310986
309.4	1.534727	10.205388	11.740115	21.216701
309.5	4.882001	6.853336	11.735337	21.190812
309.6	9.480136	2.257759	11.737895	21.224051
309.7	9.034365	2.709684	11.744049	21.289303
309.8	4.303003	7.442321	11.745324	21.351892
309.9	1.890734	9.849305	11.740039	21.382164
310	5.175650	6.559798	11.735448	21.365877
310.1	9.753696	1.984102	11.737798	21.308720
310.2	9.460012	2.283905	11.743918	21.233420
310.3	4.673241	7.072387	11.745628	21.170588
310.4	1.706214	10.034566	11.740780	21.146696
310.5	4.297672	7.438282	11.735954	21.173639
310.6	8.778747	2.958688	11.737435	21.243748
310.7	9.240608	2.502276	11.742883	21.332170
310.8	5.449843	6.294992	11.744836	21.405876
310.9	2.838405	8.902497	11.740903	21.436143
311	4.920174	6.816559	11.736733	21.410047
311.1	8.644444	3.093590	11.738034	21.336804
311.2	8.824187	2.918654	11.742841	21.246497
311.3	5.281764	6.462720	11.744484	21.181394
311.4	2.923837	8.816977	11.740814	21.182586
311.5	4.917245	6.819699	11.736944	21.276352
311.6	8.490310	3.247721	11.738030	21.464776
311.7	8.936764	2.805555	11.742319	21.723753
311.8	6.018371	5.725517	11.743888	22.009096
311.9	3.957891	7.783031	11.740922	22.268799
312	5.379228	6.358694	11.737922	22.457574
312.1	7.841769	3.897319	11.739088	22.549111
312.2	7.631279	4.111173	11.742452	22.542401
312.3	5.157485	6.585454	11.742939	22.460457
312.4	4.241754	7.498025	11.739779	22.342227
312.5	6.446780	5.290837	11.737617	22.230602
312.6	8.682993	3.056783	11.739776	22.160405
312.7	7.597516	4.145831	11.743347	22.150015
312.8	4.492648	7.250574	11.743222	22.198777
312.9	3.651793	8.087621	11.739414	22.290364
313	6.296582	5.440636	11.737218	22.400326
313.1	8.737593	3.002195	11.739788	22.504906
313.2	7.495302	4.248268	11.743570	22.588127
313.3	4.266704	7.476484	11.743188	22.645072
313.4	3.631240	8.107847	11.739087	22.680803
313.5	6.554316	5.182770	11.737086	22.705939
313.6	8.851734	2.888484	11.740217	22.730939
313.7	7.008491	4.735738	11.744229	22.761352
313.8	3.325745	8.417575	11.743320	22.795696
313.9	2.990710	8.747666	11.738375	22.826500
314	6.840337	4.895759	11.736096	22.843796
314.1	9.877772	1.862080	11.739851	22.839544
314.2	7.926842	3.817935	11.744777	22.811216
314.3	3.461876	8.282315	11.744191	22.763247
314.4	2.439153	9.299632	11.738784	22.705884
314.5	6.209716	5.526170	11.735887	22.651971
314.6	9.576661	2.162838	11.739499	22.612874
314.7	7.865682	3.878987	11.744669	22.594943
314.8	3.444476	8.299665	11.744142	22.597630
314.9	2.612686	9.125728	11.738414	22.613726
315	6.890797	4.844526	11.735323	22.631440
315.1	10.645411	1.093996	11.739407	22.637512
315.2	8.589511	3.155936	11.745447	22.620365
315.3	3.139928	8.605329	11.745257	22.572445
315.4	1.473153	10.265653	11.738807	22.491319
315.5	5.958987	5.775551	11.734539	22.379570
315.6	10.823706	0.914462	11.738168	22.243825
315.7	9.727175	2.017755	11.744930	22.093417
315.8	4.217221	7.528634	11.745855	21.939038
315.9	1.677337	10.062436	11.739773	21.791583
316	5.441004	6.293901	11.734905	21.661152
316.1	10.333029	1.404790	11.737819	21.556139
316.2	9.653679	2.090907	11.744587	21.482342
316.3	4.223003	7.523058	11.746062	21.442185
316.4	1.310518	10.429669	11.740187	21.434263
316.5	4.883385	6.851386	11.734771	21.453393
316.6	10.276502	1.460518	11.737020	21.491304
316.7	10.412828	1.331102	11.743930	21.537851
316.8	5.189181	6.557199	11.746380	21.582492
316.9	1.489034	10.252285	11.741318	21.615662
317	3.956048	7.779606	11.735654	21.629756
317.1	8.973547	2.763286	11.736833	21.619618
317.2	9.761524	1.981428	11.742952	21.582690
317.3	5.491126	6.254496	11.745621	21.519084
317.4	2.142874	9.598523	11.741397	21.431817
317.5	4.220512	7.515724	11.736236	21.327261
317.6	8.717889	3.019300	11.737189	21.215509
317.7	9.394690	2.348150	11.742841	21.110177
317.8	5.322287	6.423134	11.745421	21.027112
317.9	2.056621	9.684826	11.741446	20.981787
318	4.025401	7.710928	11.736330	20.985675
318.1	8.594788	3.142116	11.736904	21.042480
318.2	9.748437	1.993807	11.742244	21.145503
318.3	6.168337	5.576821	11.745158	21.277377
318.4	2.765840	8.976164	11.742004	21.412876
318.5	3.881607	7.855736	11.737343	21.524580
318.6	7.608590	4.128827	11.737417	21.590106
318.7	8.770951	2.970753	11.741704	21.598876
318.8	6.097466	5.646573	11.744038	21.556177
318.9	3.677673	8.063641	11.741314	21.482914
319	5.019423	6.718160	11.737583	21.410629
319.1	8.197335	3.540808	11.738144	21.372952
319.2	8.724431	3.017712	11.742144	21.395878
319.3	5.882514	5.861451	11.743966	21.489895
319.4	3.619120	8.122052	11.741172	21.646568
319.5	4.945084	6.792694	11.737778	21.840856
319.6	7.828093	3.910354	11.738447	22.038629
319.7	8.247857	3.494114	11.741972	22.207048
319.8	5.900225	5.842976	11.743201	22.324472
319.9	4.437415	7.303076	11.740491	22.386556
320	6.043462	5.694527	11.737989	22.406466
320.1	8.223547	3.516004	11.739551	22.409102
320.2	7.462709	4.280326	11.743035	22.421280
320.3	4.501221	7.242044	11.743265	22.461347
320.4	3.528323	8.211219	11.739542	22.531931
320.5	6.223142	5.513805	11.736947	22.618555
320.6	9.094502	2.644796	11.739298	22.694780
320.7	8.149856	3.593719	11.743575	22.732231
320.8	4.541191	7.202695	11.743886	22.712027
320.9	3.160948	8.578753	11.739701	22.633488
321	5.885503	5.851303	11.736805	22.516797
321.1	8.839821	2.899517	11.739337	22.398314
321.2	7.709402	4.034461	11.743863	22.319787
321.3	3.876807	7.867144	11.743951	22.314892
321.4	2.717465	9.021720	11.739185	22.397615
321.5	6.138011	5.598032	11.736043	22.556494
321.6	9.657862	2.081222	11.739084	22.756852
321.7	8.361086	3.383341	11.744426	22.950509
321.8	3.759547	7.985232	11.744779	23.089913
321.9	2.005153	9.734283	11.739437	23.142118
322	5.587031	6.148483	11.735514	23.098092
322.1	9.787100	1.951293	11.738393	22.974385
322.2	8.950254	2.794015	11.744268	22.806785
322.3	4.209244	7.535904	11.745148	22.638275
322.4	2.061682	9.678068	11.739750	22.505424
322.5	5.533015	6.202404	11.735420	22.427807
322.6	9.921244	1.816960	11.738204	22.403781
322.7	9.104111	2.640353	11.744464	22.413704
322.8	3.991050	7.754560	11.745610	22.428984
322.9	1.532662	10.207126	11.739788	22.423424
323	5.372263	6.362395	11.734658	22.382620
323.1	10.710371	1.026866	11.737237	22.308095
323.2	10.509457	1.234893	11.744350	22.214900
323.3	4.893036	6.853643	11.746678	22.123928
323.4	1.111170	10.629975	11.741145	22.052138
323.5	3.994202	7.740850	11.735053	22.004675
323.6	9.602696	2.133673	11.736369	21.972050
323.7	10.542958	1.200193	11.743151	21.933646
323.8	5.796864	5.949402	11.746266	21.866287
323.9	1.919725	9.821947	11.741673	21.754658
324	4.120500	7.615229	11.735729	21.599502
324.1	9.296355	2.440153	11.736508	21.420231
324.2	10.327200	1.415726	11.742926	21.250586
324.3	5.716638	6.029671	11.746309	21.128488
324.4	1.571065	10.171052	11.742116	21.083466
324.5	3.364737	8.371233	11.735969	21.126018
324.6	8.663095	3.072894	11.735990	21.242765
324.7	10.500670	1.241292	11.741962	21.399313
324.8	6.678685	5.067170	11.745855	21.550094
324.9	2.462109	9.280609	11.742717	21.652017
325	3.303725	8.433385	11.737110	21.677419
325.1	7.632221	4.104410	11.736631	21.622000
325.2	9.319661	2.421966	11.741627	21.505148
325.3	6.146192	5.598839	11.745031	21.362667
325.4	2.654721	9.087473	11.742194	21.234497
325.5	3.741901	7.995214	11.737114	21.151704
325.6	7.960116	3.776646	11.736762	21.127158
325.7	9.614510	2.127038	11.741548	21.152972
325.8	6.558713	5.186234	11.744946	21.205341
325.9	2.977821	8.764680	11.742501	21.254819
326	3.568844	8.168884	11.737728	21.278222
326.1	7.273399	4.463657	11.737057	21.267820
326.2	9.013300	2.727765	11.741065	21.234545
326.3	6.719319	5.024714	11.744033	21.204108
326.4	3.897994	7.844045	11.742039	21.207441
326.5	4.488318	7.249875	11.738193	21.268917
326.6	7.429088	4.308885	11.737973	21.396544
326.7	8.420775	3.320734	11.741508	21.577650
326.8	6.119122	5.624500	11.743621	21.781648
326.9	3.944334	7.796963	11.741297	21.969036
327	5.099940	6.637965	11.737904	22.103640
327.1	7.996497	3.741810	11.738307	22.164054
327.2	8.555886	3.186038	11.741924	22.150509
327.3	6.034280	5.709329	11.743609	22.084977
327.4	4.045154	7.695869	11.741023	22.004542
327.5	5.352391	6.385575	11.737966	21.950255
327.6	7.904282	3.834617	11.738899	21.955053
327.7	7.823707	3.918763	11.742470	22.034462
327.8	5.108033	6.635334	11.743367	22.182773
327.9	3.794008	7.945997	11.740005	22.375541
328	6.148450	5.588628	11.737077	22.577226
328.1	9.115788	2.623258	11.739046	22.751355
328.2	8.347337	3.396253	11.743590	22.870014
328.3	4.427910	7.316546	11.744457	22.920005
328.4	2.458077	9.282062	11.740139	22.904296
328.5	5.184506	6.551789	11.736295	22.838968
328.6	9.052952	2.685233	11.738185	22.747204
328.7	8.871608	2.871724	11.743332	22.652521
328.8	4.913697	6.831021	11.744718	22.573337
328.9	2.642246	9.098156	11.740402	22.520173
329	5.215674	6.520680	11.736354	22.495718
329.1	9.017213	2.721111	11.738324	22.497019
329.2	8.547102	3.196661	11.743764	22.518490
329.3	4.136756	7.608334	11.745090	22.554484
329.4	1.780687	9.959436	11.740123	22.600576
329.5	5.010735	6.724652	11.735387	22.653444
329.6	9.825949	1.911480	11.737429	22.709805
329.7	9.844892	1.898876	11.743768	22.765207
329.8	4.942012	6.803966	11.745979	22.813395
329.9	1.605082	10.135941	11.741023	22.846671
330	4.287442	7.448074	11.735515	22.857151
330.1	9.351424	2.385477	11.736900	22.838490
330.2	9.915047	1.828288	11.743335	22.787459
330.3	5.187795	6.558267	11.746062	22.704875
330.4	1.640743	10.100507	11.741250	22.595621
330.5	4.280930	7.454383	11.735314	22.467854
330.6	9.760511	1.975847	11.736358	22.331665
330.7	10.738020	1.005160	11.743180	22.197565
330.8	5.754277	5.992448	11.746726	22.075085
330.9	1.326212	10.415973	11.742185	21.971627
331	3.331891	8.403613	11.735504	21.891615
331.1	9.173249	2.562248	11.735497	21.835932
331.2	11.215877	0.526241	11.742118	21.801715
331.3	6.901925	4.844659	11.746585	21.782632
331.4	2.030073	9.713056	11.743129	21.769785
331.5	2.926872	8.809698	11.736570	21.753265
331.6	8.095155	3.640520	11.735675	21.724196
331.7	10.450188	1.291226	11.741414	21.676816
331.8	6.923345	4.822534	11.745879	21.610025
331.9	2.444674	9.298415	11.743088	21.527842
332	3.117318	8.619635	11.736953	21.438513
332.1	7.981245	3.754561	11.735806	21.352400
332.2	10.437413	1.303711	11.741124	21.279283
332.3	7.196803	4.548911	11.745714	21.225913
332.4	2.589655	9.153880	11.743535	21.194680
332.5	2.602961	9.134743	11.737704	21.183818
332.6	6.918050	4.817969	11.736019	21.189046
332.7	9.630037	2.110379	11.740416	21.205915
332.8	7.346573	4.398097	11.744670	21.231808
332.9	3.534951	8.208172	11.743123	21.266656
333	3.464914	8.273337	11.738251	21.311896
333.1	6.980137	4.756785	11.736922	21.368008
333.2	8.971903	2.768949	11.740852	21.431676
333.3	6.603038	5.141401	11.744439	21.493992
333.4	3.179790	8.562883	11.742672	21.540931
333.5	3.479191	8.258802	11.737993	21.556555
333.6	7.171774	4.565001	11.736776	21.528332
333.7	9.377227	2.363317	11.740544	21.452924
333.8	7.372084	4.372001	11.744085	21.340276
333.9	4.114976	7.627807	11.742782	21.214078
334	3.941281	7.797530	11.738810	21.107685
334.1	6.654724	5.083046	11.737770	21.056093
334.2	8.167037	3.573764	11.740801	21.086076
334.3	6.461987	5.281270	11.743257	21.207504
334.4	4.325678	7.415870	11.741548	21.408821
334.5	5.125739	6.612511	11.738250	21.658573
334.6	7.846450	3.891842	11.738291	21.913019
334.7	8.530362	3.211410	11.741772	22.127836
334.8	6.037907	5.705831	11.743737	22.270449
334.9	3.818633	7.922639	11.741272	22.329114
335	5.052817	6.684972	11.737789	22.315774
335.1	8.040780	3.697497	11.738277	22.261642
335.2	8.509182	3.232959	11.742141	22.206841
335.3	5.706935	6.036949	11.743884	22.187422
335.4	3.615444	8.125437	11.740880	22.224012
335.5	5.351858	6.385442	11.737299	22.315834
335.6	8.574388	3.163996	11.738384	22.442060
335.7	8.571652	3.171256	11.742908	22.569945
335.8	4.968205	6.776354	11.744559	22.666882
335.9	2.595927	9.144767	11.740694	22.712140
336	4.949555	6.786800	11.736356	22.704154
336.1	9.124041	2.613557	11.737598	22.660790
336.2	9.480246	2.262788	11.743034	22.612495
336.3	5.333586	6.411820	11.745406	22.590757
336.4	2.110045	9.631354	11.741399	22.616025
336.5	4.101835	7.634511	11.736347	22.689448
336.6	8.565836	3.171289	11.737126	22.791522
336.7	9.361419	2.381293	11.742712	22.888280
336.8	5.356483	6.388935	11.745418	22.942993
336.9	2.100284	9.641091	11.741375	22.929355
337	4.271262	7.464752	11.736013	22.841506
337.1	9.109496	2.627313	11.736809	22.697310
337.2	9.966769	1.776204	11.742973	22.533585
337.3	5.382019	6.364221	11.746240	22.394776
337.4	1.330080	10.411904	11.741984	22.318838
337.5	3.334086	8.401590	11.735676	22.325065
337.6	8.948307	2.787409	11.735717	22.407949
337.7	10.866832	0.875294	11.742127	22.539051
337.8	6.651642	5.094754	11.746396	22.676137
337.9	2.015430	9.727437	11.742867	22.776386
338	3.158659	8.577704	11.736364	22.809155
338.1	8.431478	3.304227	11.735705	22.764087
338.2	10.580398	1.161394	11.741792	22.652104
338.3	6.587366	5.158987	11.746353	22.499377
338.4	1.821927	9.921169	11.743096	22.336819
338.5	2.853197	8.883055	11.736252	22.189121
338.6	8.564828	3.170137	11.734965	22.067306
338.7	11.539955	0.201090	11.741044	21.967327
338.8	7.889629	3.856905	11.746534	21.874850
338.9	2.379864	9.364452	11.744316	21.774042
339	2.067846	9.669647	11.737493	21.656669
339.1	7.037643	4.697437	11.735080	21.527763
339.2	10.544371	1.195603	11.739973	21.405452
339.3	8.127202	3.618161	11.745363	21.314826
339.4	3.358803	8.385306	11.744109	21.278075
339.5	2.728582	9.009650	11.738232	21.304630
339.6	6.859742	4.876105	11.735847	21.385211
339.7	9.916175	1.823885	11.740060	21.492360
339.8	7.703905	4.041060	11.744966	21.587730
339.9	3.291504	8.452387	11.743891	21.633893
340	2.664270	9.074148	11.738417	21.606743
340.1	6.574618	5.161387	11.736005	21.504148
340.2	9.681980	2.057796	11.739776	21.347734
340.3	7.903883	3.840593	11.744476	21.176941
340.4	3.810492	7.933347	11.743840	21.037158
340.5	2.888020	8.851007	11.739027	20.965780
340.6	6.069010	5.667704	11.736714	20.980752
340.7	8.750892	2.988934	11.739826	21.075351
340.8	7.332601	4.411166	11.743768	21.220850
340.9	4.060513	7.682537	11.743050	21.376054
341	3.653651	8.085204	11.738855	21.500458
341.1	6.668937	5.068213	11.737149	21.566613
341.2	8.855080	2.885193	11.740273	21.567705
341.3	7.184898	4.558907	11.743804	21.518076
341.4	4.021652	7.721218	11.742870	21.446835
341.5	3.713580	8.025310	11.738890	21.387062
341.6	6.556715	5.180693	11.737408	21.364449
341.7	8.565250	3.175029	11.740279	21.389285
341.8	7.169462	4.573790	11.743252	21.454336
341.9	4.696347	7.045821	11.742168	21.539069
342	4.824463	6.914376	11.738839	21.618430
342.1	7.233116	4.505177	11.738293	21.672898
342.2	8.143576	3.597837	11.741413	21.696197
342.3	5.940239	5.803349	11.743588	21.697999
342.4	3.718212	8.023157	11.741369	21.700748
342.5	4.936350	6.801293	11.737643	21.731806
342.6	8.283293	3.454460	11.737753	21.813670
342.7	9.224985	2.516869	11.741855	21.955594
342.8	6.323979	5.420416	11.744395	22.149409
342.9	3.453315	8.288459	11.741774	22.370828
343	4.538976	7.198580	11.737556	22.585757
343.1	8.009863	3.727824	11.737687	22.759518
343.2	8.848905	2.893218	11.742123	22.866102
343.3	5.640735	6.103901	11.744636	22.894712
343.4	2.794065	8.947356	11.741421	22.851869
343.5	4.544138	7.192528	11.736666	22.758793
343.6	8.851156	2.885910	11.737066	22.645202
343.7	9.845703	1.896785	11.742488	22.541558
343.8	5.832270	5.913484	11.745753	22.472024
343.9	1.912424	9.829840	11.742264	22.449871
344	3.310833	8.425644	11.736477	22.476149
344.1	8.247933	3.488194	11.736127	22.541398
344.2	10.159079	1.582675	11.741754	22.629403
344.3	6.497526	5.248278	11.745805	22.721654
344.4	2.235989	9.506796	11.742785	22.801312
344.5	3.170966	8.565825	11.736791	22.855907
344.6	8.009132	3.726907	11.736039	22.878563
344.7	10.056390	1.685262	11.741651	22.867963
344.8	6.360234	5.385745	11.745979	22.827485
344.9	1.887791	9.855152	11.742943	22.763947
345	2.891798	8.844645	11.736443	22.686240
345.1	8.328041	3.407235	11.735276	22.603971
345.2	11.040299	0.700931	11.741230	22.526169
345.3	7.317333	4.429151	11.746483	22.460104
345.4	1.991436	9.752565	11.744000	22.410357
345.5	2.093685	9.643333	11.737018	22.378304
345.6	7.482154	4.252637	11.734791	22.362167
345.7	11.025477	0.714743	11.740220	22.357620
345.8	8.127442	3.618552	11.745994	22.358780
345.9	2.821140	8.923281	11.744421	22.359279
346	2.283450	9.454270	11.737720	22.353076
346.1	7.191601	4.543361	11.734961	22.334846
346.2	10.877509	0.862335	11.739844	22.299985
346.3	8.338279	3.407504	11.745783	22.244485
346.4	2.938885	8.805934	11.744819	22.165080
346.5	1.861739	9.876520	11.738259	22.059899
346.6	6.521017	5.213797	11.734814	21.929625
346.7	10.787401	0.951510	11.738911	21.778788
346.8	9.220825	2.524143	11.744968	21.616565
346.9	4.147020	7.598058	11.745078	21.456449
347	2.256947	9.482557	11.739504	21.314430
347.1	5.620754	6.115191	11.735945	21.205859
347.2	9.256268	2.482687	11.738955	21.141741
347.3	8.189944	3.554094	11.744038	21.125593
347.4	4.144866	7.599257	11.744124	21.152006
347.5	2.886224	8.853024	11.739248	21.207628
347.6	6.184119	5.552129	11.736248	21.274517
347.7	9.483453	2.255785	11.739239	21.334935
347.8	8.260289	3.483797	11.744086	21.376111
347.9	4.165231	7.579014	11.744245	21.393349
348	2.628867	9.110812	11.739679	21.390379
348.1	5.455288	6.281374	11.736662	21.376798
348.2	8.598569	3.140493	11.739062	21.363509
348.3	7.908883	3.834371	11.743254	21.357891
348.4	4.708465	7.034971	11.743436	21.360599
348.5	3.631619	8.108031	11.739650	21.365383
348.6	6.051819	5.685607	11.737425	21.362163
348.7	8.340446	3.399407	11.739853	21.342327
348.8	7.175664	4.567681	11.743345	21.304180
348.9	4.253608	7.489259	11.742867	21.256238
349	3.806879	7.932202	11.739081	21.216630
349.1	6.568305	5.169036	11.737341	21.208274
349.2	8.746131	2.993953	11.740084	21.251091
349.3	7.394857	4.348567	11.743423	21.353847
349.4	4.533460	7.209243	11.742703	21.508676
349.5	4.210161	7.528920	11.739081	21.690700
349.6	6.741262	4.996543	11.737805	21.863558
349.7	8.337717	3.402955	11.740673	21.989619
349.8	6.636076	5.107355	11.743431	22.041849
349.9	4.189213	7.552693	11.741906	22.013452
350	4.814958	6.923190	11.738148	21.921830
350.1	7.931768	3.805924	11.737692	21.805105
350.2	9.097270	2.644317	11.741588	21.711832
350.3	6.284555	5.459990	11.744545	21.686845
350.4	3.081208	8.660971	11.742178	21.757636
350.5	3.979209	7.758191	11.737399	21.925647
350.6	8.033782	3.702963	11.736745	22.165400
350.7	9.841684	1.899662	11.741346	22.431863
350.8	6.854811	4.890249	11.745060	22.673777
350.9	3.044394	8.698347	11.742741	22.848669
351	3.615635	8.121823	11.737458	22.934725
351.1	7.800743	3.935775	11.736519	22.935752
351.2	9.725086	2.016331	11.741418	22.877792
351.3	6.445813	5.299705	11.745518	22.798780
351.4	2.223825	9.519153	11.742977	22.734947
351.5	2.927194	8.809728	11.736923	22.708721
351.6	7.950169	3.785336	11.735505	22.722236
351.7	10.736780	1.004088	11.740868	22.758528
351.8	7.493562	4.252450	11.746012	22.789726
351.9	2.402639	9.341433	11.744071	22.789102
352	2.131017	9.606608	11.737625	22.742450
352.1	6.893619	4.841703	11.735322	22.654608
352.2	10.159436	1.580780	11.740216	22.548679
352.3	7.499465	4.246120	11.745585	22.458189
352.4	2.628982	9.115039	11.744021	22.414976
352.5	2.378439	9.359119	11.737558	22.437168
352.6	7.331260	4.403764	11.735024	22.521632
352.7	10.867773	0.872297	11.740071	22.643672
352.8	8.059397	3.686668	11.746065	22.764239
352.9	2.451676	9.293229	11.744905	22.842232
353	1.477620	10.260344	11.737964	22.847671
353.1	6.543435	5.190941	11.734377	22.771244
353.2	11.088479	0.650393	11.738872	22.626979
353.3	9.268454	2.477017	11.745471	22.447234
353.4	3.658815	8.086684	11.745499	22.271835
353.5	1.717137	10.021982	11.739119	22.135197
353.6	5.834682	5.900274	11.734956	22.055867
353.7	10.310077	1.428385	11.738462	22.031935
353.8	9.147578	2.597152	11.744730	22.043633
353.9	4.065099	7.680182	11.745281	22.061839
354	2.015651	9.723828	11.739480	22.059172
354.1	5.758733	5.976485	11.735218	22.019578
354.2	10.240361	1.497820	11.738182	21.942994
354.3	9.491645	2.252663	11.744308	21.843627
354.4	4.584475	7.160968	11.745443	21.742809
354.5	2.013520	9.726765	11.740285	21.659384
354.6	4.948702	6.787157	11.735859	21.601489
354.7	9.226347	2.511536	11.737883	21.562989
354.8	9.208883	2.534388	11.743270	21.526025
354.9	5.287032	6.457665	11.744697	21.468773
355	2.958992	8.781599	11.740591	21.375492
355.1	5.149328	6.587575	11.736903	21.244952
355.2	8.435025	3.303628	11.738654	21.093844
355.3	8.084707	3.658431	11.743138	20.953530
355.4	4.649407	7.094565	11.743972	20.860889
355.5	3.025031	8.714988	11.740020	20.846205
355.6	5.541933	6.194884	11.736817	20.922239
355.7	8.777409	2.961357	11.738766	21.078330
355.8	8.370213	3.372903	11.743116	21.281773
355.9	4.990611	6.753331	11.743942	21.486279
356	3.239425	8.500925	11.740349	21.644945
356.1	5.229965	6.507516	11.737481	21.723630
356.2	7.867021	3.872157	11.739178	21.710500
356.3	7.426882	4.315844	11.742726	21.618776
356.4	4.799633	6.943295	11.742929	21.481958
356.5	4.035912	7.703630	11.739542	21.343245
356.6	6.427999	5.309536	11.737535	21.242652
356.7	8.619062	3.120854	11.739916	21.205943
356.8	7.415600	4.327782	11.743382	21.238714
356.9	4.414899	7.328096	11.742995	21.327119
357	3.811857	7.927384	11.739241	21.444528
357.1	6.453862	5.283547	11.737408	21.561503
357.2	8.605909	3.134175	11.740084	21.655609
357.3	7.256807	4.486608	11.743415	21.717856
357.4	4.456830	7.285722	11.742552	21.753944
357.5	4.422149	7.316511	11.738660	21.780343
357.6	7.398835	4.338596	11.737431	21.816962
357.7	9.081185	2.659777	11.740962	21.879188
357.8	6.687509	5.056941	11.744449	21.972097
357.9	3.217110	8.525613	11.742723	22.088672
358	3.596546	8.141175	11.737721	22.212416
358.1	7.738180	3.998064	11.736245	22.323212
358.2	10.243255	1.497386	11.740641	22.404274
358.3	7.589929	4.155294	11.745223	22.447810
358.4	3.122317	8.621440	11.743757	22.457588
358.5	2.760661	8.977404	11.738065	22.447734
358.6	6.983953	4.751855	11.735808	22.438313
358.7	10.034562	1.705562	11.740123	22.449226
358.8	7.676584	4.068602	11.745186	22.494347
358.9	3.058118	8.685890	11.744008	22.577563
359	2.541222	9.196828	11.738050	22.691701
359.1	6.981840	4.753598	11.735438	22.820380
359.2	10.366286	1.373651	11.739937	22.942046
359.3	7.892062	3.853559	11.745622	23.034981
359.4	2.637106	9.107616	11.744722	23.082003
359.5	1.619023	10.119188	11.738210	23.073857
359.6	6.358875	5.375831	11.734706	23.010777
359.7	10.687335	1.051613	11.738948	22.902123
359.8	8.912977	2.832360	11.745337	22.764433
359.9	3.445729	8.299651	11.745379	22.618348
360	1.572662	10.166438	11.739100	22.485015
360.1	5.673016	6.061990	11.735006	22.382524
360.2	10.058276	1.680323	11.738599	22.322918
360.3	8.715285	3.029648	11.744933	22.310252
360.4	3.488479	8.256832	11.745311	22.340073
360.5	1.613134	10.125952	11.739086	22.400462
360.6	5.899593	5.835017	11.734610	22.474524
360.7	10.828955	0.909049	11.738004	22.543820
360.8	9.873116	1.871767	11.744882	22.592004
360.9	4.224900	7.521289	11.746189	22.607788
361	1.229930	10.510338	11.740268	22.586523
361.1	4.657733	7.077252	11.734985	22.530043
361.2	9.835666	1.901504	11.737171	22.444981
361.3	10.019582	1.724058	11.743640	22.340194
361.4	5.311005	6.434700	11.745705	22.224246
361.5	2.237237	9.503620	11.740857	22.103775
361.6	4.836003	6.899872	11.735875	21.983227
361.7	9.374900	2.362563	11.737463	21.865794
361.8	9.625063	2.118231	11.743293	21.754925
361.9	5.297471	6.447948	11.745419	21.655458
362	2.254615	9.486475	11.741090	21.573577
362.1	4.487041	7.249216	11.736256	21.515326
362.2	8.869373	2.867937	11.737310	21.484064
362.3	9.597377	2.145186	11.742564	21.477895
362.4	5.984674	5.760204	11.744878	21.488310
362.5	3.058957	8.682497	11.741455	21.501017
362.6	4.518378	7.218937	11.737315	21.499185
362.7	7.897044	3.841037	11.738081	21.468375
362.8	8.336431	3.405894	11.742325	21.401635
362.9	5.389396	6.354517	11.743913	21.302913
363	3.405548	8.335144	11.740692	21.187315
363.1	5.247036	6.490304	11.737341	21.077714
363.2	8.287565	3.451065	11.738630	20.998469
363.3	8.195972	3.546770	11.742742	20.968143
363.4	5.041966	6.701952	11.743917	20.993651
363.5	3.160116	8.580435	11.740551	21.067902
363.6	5.078627	6.658720	11.737347	21.171956
363.7	8.074291	3.664368	11.738660	21.281112
363.8	8.083174	3.659299	11.742474	21.372962
363.9	5.349182	6.394221	11.743403	21.434595
364	3.889795	7.850530	11.740325	21.466357
364.1	5.688576	6.049257	11.737833	21.480717
364.2	7.934011	3.805547	11.739558	21.496528
364.3	7.192645	4.550285	11.742930	21.530714
364.4	4.483095	7.259786	11.742880	21.590480
364.5	3.905751	7.833473	11.739224	21.669119
364.6	6.686733	5.050395	11.737127	21.747286
364.7	9.169213	2.570592	11.739805	21.799683
364.8	7.830307	3.913442	11.743749	21.805024
364.9	4.365741	7.377709	11.743450	21.755755
365	3.522515	8.216684	11.739199	21.663812
365.1	6.479268	5.257636	11.736905	21.559883
365.2	9.054864	2.685023	11.739887	21.485773
365.3	7.497328	4.246698	11.744027	21.481942
365.4	3.901561	7.841778	11.743339	21.574160
365.5	3.494792	8.243676	11.738469	21.763754
365.6	7.266212	4.469948	11.736160	22.025025
365.7	10.211710	1.528291	11.740001	22.311096
365.8	8.015153	3.729960	11.745113	22.566724
365.9	3.203922	8.540558	11.744479	22.744185
366	2.096078	9.642532	11.738610	22.817201
366.1	6.314066	5.421151	11.735217	22.788424
366.2	10.367073	1.371857	11.738930	22.688009
366.3	8.870897	2.873983	11.744880	22.563751
366.4	3.826893	7.918194	11.745088	22.465989
366.5	2.015574	9.723686	11.739260	22.432215
366.6	5.845042	5.890268	11.735310	22.476338
366.7	10.020560	1.718126	11.738686	22.585949
366.8	8.687327	3.057546	11.744874	22.728160
366.9	3.466228	8.279167	11.745396	22.861753
367	1.408829	10.330506	11.739335	22.951267
367.1	5.475902	6.258850	11.734752	22.978198
367.2	10.391653	1.346240	11.737893	22.945595
367.3	9.611431	2.133253	11.744683	22.874827
367.4	4.118105	7.627988	11.746093	22.796046
367.5	1.170898	10.569352	11.740250	22.736075
367.6	4.615014	7.119957	11.734972	22.708253
367.7	9.764283	1.972988	11.737271	22.707915
367.8	9.738941	2.005009	11.743951	22.715047
367.9	4.707119	7.038848	11.745967	22.702987
368	1.584656	10.155986	11.740642	22.649806
368.1	4.647675	7.087560	11.735235	22.548061
368.2	9.759226	1.977870	11.737096	22.409200
368.3	9.980786	1.762950	11.743736	22.260892
368.4	4.956245	6.789961	11.746206	22.138114
368.5	1.413880	10.327263	11.741143	22.071148
368.6	4.152606	7.582655	11.735261	22.074734
368.7	9.651450	2.084872	11.736322	22.142275
368.8	10.801366	0.941465	11.742831	22.247176
368.9	6.296713	5.449496	11.746209	22.350890
369	2.150120	9.592156	11.742277	22.414894
369.1	3.558926	8.177638	11.736564	22.412465
369.2	8.195555	3.541044	11.736600	22.336288
369.3	9.718474	2.023415	11.741890	22.199428
369.4	6.389497	5.355513	11.745009	22.029599
369.5	3.101183	8.640692	11.741875	21.859005
369.6	4.421161	7.315906	11.737067	21.713506
369.7	8.404699	3.332556	11.737255	21.604954
369.8	9.486510	2.255563	11.742073	21.529276
369.9	6.176107	5.568766	11.744873	21.470696
370	2.950746	8.791214	11.741960	21.410196
370.1	4.004350	7.733119	11.737468	21.334830
370.2	7.639209	4.098230	11.737439	21.244218
370.3	8.863862	2.877716	11.741578	21.151690
370.4	6.298833	5.445161	11.743994	21.079581
370.5	3.793389	7.948151	11.741539	21.050404
370.6	4.802721	6.935263	11.737984	21.077219
370.7	7.605074	4.133374	11.738448	21.156887
370.8	7.962680	3.779482	11.742162	21.268901
370.9	5.250252	6.493452	11.743703	21.380555
371	3.332284	8.408491	11.740775	21.456878
371.1	5.033607	6.703856	11.737464	21.472094
371.2	8.095802	3.642633	11.738434	21.418670
371.3	8.335357	3.406979	11.742336	21.310831
371.4	5.512717	6.231009	11.743726	21.181191
371.5	3.620116	8.120640	11.740756	21.071465
371.6	5.215830	6.521905	11.737735	21.020168
371.7	7.850402	3.888561	11.738962	21.051184
371.8	7.646502	4.096086	11.742588	21.166757
371.9	4.920029	6.823227	11.743256	21.346998
372	3.778681	7.961154	11.739835	21.555873
372.1	6.174046	5.563155	11.737202	21.751647
372.2	8.888278	2.851078	11.739356	21.898439
372.3	7.949374	3.794154	11.743528	21.975410
372.4	4.401658	7.342151	11.743809	21.981035
372.5	3.146590	8.592916	11.739506	21.931607
372.6	6.156552	5.579887	11.736439	21.854932
372.7	9.486824	2.252181	11.739005	21.781566
372.8	8.537364	3.206507	11.743871	21.736439
372.9	4.499382	7.244939	11.744320	21.733292
373	2.927170	8.812399	11.739569	21.773194
373.1	6.101370	5.634756	11.736127	21.847001
373.2	9.670698	2.068249	11.738947	21.940378
373.3	8.487874	3.256504	11.744377	22.039424
373.4	3.854138	7.890724	11.744863	22.134995
373.5	2.072807	9.666541	11.739348	22.224536
373.6	5.917023	5.818073	11.735095	22.311194
373.7	10.554694	1.183349	11.738043	22.400917
373.8	9.773439	1.971138	11.744577	22.498795
373.9	4.363127	7.382969	11.746096	22.605992
374	1.274189	10.466323	11.740512	22.718221
374.1	4.441729	7.293464	11.735193	22.826162
374.2	9.526236	2.210928	11.737164	22.917531
374.3	9.725429	2.018239	11.743668	22.980119
374.4	4.906330	6.839542	11.745872	23.004901
374.5	1.736473	10.004335	11.740808	22.988451
374.6	4.602106	7.133311	11.735417	22.934118
374.7	9.600194	2.136948	11.737142	22.851774
374.8	9.795786	1.947989	11.743775	22.756206
374.9	4.681654	7.064689	11.746343	22.664481
375	1.008350	10.732878	11.741228	22.592702
375.1	3.765283	7.969854	11.735137	22.552762
375.2	9.432743	2.303422	11.736164	22.549674
375.3	10.624620	1.118313	11.742933	22.580120
375.4	5.911894	5.834563	11.746457	22.632650
375.5	1.651555	10.090621	11.742176	22.689735
375.6	3.427809	8.308166	11.735974	22.731421
375.7	8.654077	3.082084	11.736161	22.739866
375.8	10.209109	1.533216	11.742325	22.703713
375.9	6.072467	5.673570	11.746037	22.621121
376	1.955099	9.787196	11.742295	22.500520
376.1	3.509624	8.226560	11.736184	22.358742
376.2	8.731082	3.004833	11.735915	22.216916
376.3	10.724343	1.017450	11.741794	22.095215
376.4	6.949945	4.796023	11.745968	22.007949
376.5	2.483184	9.259858	11.743042	21.960427
376.6	3.106591	8.630540	11.737131	21.948480
376.7	7.710544	4.025527	11.736071	21.960650
376.8	10.089639	1.651290	11.740929	21.982209
376.9	7.360405	4.384538	11.744943	21.999552
377	3.533957	8.208952	11.742909	22.003447
377.1	3.744140	7.993866	11.738006	21.990132
377.2	7.327986	4.409058	11.737044	21.960084
377.3	9.098804	2.642276	11.741080	21.915262
377.4	6.667225	5.077061	11.744286	21.856231
377.5	3.580014	8.162222	11.742236	21.780627
377.6	4.185282	7.552646	11.737928	21.683876
377.7	7.595523	4.141859	11.737381	21.562088
377.8	9.069165	2.672090	11.741255	21.416012
377.9	6.644406	5.099722	11.744128	21.254293
378	3.714911	8.027262	11.742173	21.094312
378.1	4.152132	7.586215	11.738347	20.959605
378.2	6.985528	4.752485	11.738013	20.874191
378.3	8.023352	3.718029	11.741381	20.855347
378.4	5.899456	5.843960	11.743416	20.907295
378.5	3.911005	7.830145	11.741149	21.018176
378.6	5.143283	6.594627	11.737910	21.161841
378.7	7.933587	3.804930	11.738516	21.304360
378.8	8.191316	3.550981	11.742297	21.413502
378.9	5.295428	6.448504	11.743933	21.468214
379	3.142100	8.598880	11.740980	21.464929
379.1	4.741380	6.996059	11.737439	21.418437
379.2	7.945288	3.792920	11.738208	21.356800
379.3	8.402515	3.339656	11.742171	21.311861
379.4	5.656843	6.086879	11.743722	21.308485
379.5	3.774571	7.966121	11.740692	21.356215
379.6	5.532379	6.205113	11.737493	21.446313
379.7	8.368425	3.370464	11.738889	21.555294
379.8	7.968847	3.774228	11.743076	21.653824
379.9	4.568644	7.175345	11.743989	21.717854
380	2.951775	8.788131	11.739906	21.737985
380.1	5.807931	5.928324	11.736255	21.723579
380.2	9.637959	2.100346	11.738305	21.699899
380.3	9.242865	2.500773	11.743638	21.699088
380.4	4.930032	6.815046	11.745078	21.748013
380.5	2.409191	9.331290	11.740481	21.857336
380.6	5.141928	6.594031	11.735959	22.015863
380.7	9.472188	2.265561	11.737748	22.192525
380.8	9.428450	2.315120	11.743570	22.345728
380.9	4.908385	6.837096	11.745481	22.437136
381	2.029545	9.711125	11.740670	22.445286
381.1	4.884317	6.851211	11.735528	22.374290
381.2	9.794340	1.942817	11.737157	22.254390
381.3	10.072299	1.671322	11.743621	22.133818
381.4	5.086897	6.659393	11.746290	22.064383
381.5	1.339179	10.402242	11.741421	22.085350
381.6	3.858787	7.876579	11.735366	22.210858
381.7	9.389310	2.346884	11.736194	22.425035
381.8	10.629308	1.113539	11.742847	22.686399
381.9	5.958362	5.788126	11.746488	22.940124
382	1.594923	10.147403	11.742326	23.134146
382.1	3.248636	8.487401	11.736038	23.233898
382.2	8.489297	3.246791	11.736087	23.231033
382.3	10.107439	1.634871	11.742310	23.143595
382.4	5.904641	5.841529	11.746171	23.008029
382.5	1.666411	10.075940	11.742351	22.866112
382.6	3.298440	8.437535	11.735974	22.751438
382.7	8.771415	2.964286	11.735701	22.680030
382.8	10.782516	0.959505	11.742021	22.647940
382.9	6.561331	5.185223	11.746555	22.636162
383	1.613165	10.130123	11.743288	22.620530
383.1	2.386288	9.350299	11.736587	22.582630
383.2	7.741678	3.993600	11.735277	22.517574
383.3	10.612081	1.128787	11.740868	22.435801
383.4	7.469569	4.276165	11.745734	22.358432
383.5	2.844251	8.899244	11.743494	22.308117
383.6	3.010448	8.727007	11.737455	22.299014
383.7	7.557373	4.178512	11.735886	22.329833
383.8	10.164478	1.576316	11.740794	22.382697
383.9	7.281855	4.463547	11.745402	22.428409
384	2.858651	8.884827	11.743477	22.436305
384.1	2.882917	8.854763	11.737680	22.385159
384.2	7.328003	4.407765	11.735769	22.271187
384.3	10.349573	1.390544	11.740117	22.110183
384.4	8.193219	3.551562	11.744781	21.932949
384.5	3.995669	7.748076	11.743745	21.775526
384.6	3.248687	8.490174	11.738862	21.667605
384.7	6.439615	5.297273	11.736888	21.623105
384.8	8.832144	2.908003	11.740148	21.636132
384.9	7.244137	4.499582	11.743718	21.683596
385	4.249683	7.492925	11.742608	21.733446
385.1	4.236123	7.502506	11.738629	21.755543
385.2	7.161370	4.576190	11.737560	21.731347
385.3	8.763323	2.977577	11.740900	21.659145
385.4	6.694449	5.049428	11.743876	21.553180
385.5	3.819880	7.922411	11.742291	21.437295
385.6	4.115937	7.622479	11.738416	21.335601
385.7	7.071988	4.665710	11.737698	21.263671
385.8	8.485742	3.255312	11.741055	21.223480
385.9	6.430451	5.313214	11.743665	21.203829
386	3.913440	7.828423	11.741863	21.185972
386.1	4.515993	7.222329	11.738321	21.152250
386.2	7.268105	4.470080	11.738185	21.094427
386.3	8.066716	3.674962	11.741678	21.018577
386.4	5.621419	6.122309	11.743729	20.944594
386.5	3.421609	8.319599	11.741208	20.900320
386.6	4.811203	6.926335	11.737538	20.912237
386.7	8.097627	3.640354	11.737981	20.995873
386.8	8.744568	2.997563	11.742132	21.149225
386.9	5.741775	6.002501	11.744276	21.351507
387	3.180060	8.561285	11.741345	21.567764
387.1	4.623188	7.114171	11.737359	21.757991
387.2	8.055764	3.682169	11.737932	21.887943
387.3	8.613205	3.129121	11.742326	21.938358
387.4	5.460178	6.284113	11.744291	21.909872
387.5	3.149561	8.591252	11.740814	21.822320
387.6	5.291567	6.445044	11.736611	21.708863
387.7	9.235150	2.502641	11.737792	21.606875
387.8	9.425866	2.317315	11.743181	21.548352
387.9	5.149620	6.595881	11.745501	21.552508
388	1.934728	9.806519	11.741247	21.622367
388.1	4.266519	7.469308	11.735827	21.745845
388.2	9.327975	2.408563	11.736538	21.900507
388.3	10.503699	1.238925	11.742624	22.060257
388.4	6.224661	5.521365	11.746026	22.201961
388.5	2.204581	9.537582	11.742163	22.310297
388.6	3.818592	7.917654	11.736245	22.379902
388.7	8.796334	2.940015	11.736350	22.414755
388.8	10.217106	1.525333	11.742439	22.425472
388.9	5.923422	5.822823	11.746245	22.425583
389	1.612318	10.130094	11.742412	22.427886
389.1	3.243400	8.492490	11.735891	22.441711
389.2	8.896140	2.839306	11.735446	22.471521
389.3	11.148822	0.593027	11.741850	22.516878
389.4	6.945272	4.801432	11.746704	22.573521
389.5	1.732589	10.011022	11.743610	22.635127
389.6	2.251398	9.485327	11.736724	22.695270
389.7	7.603965	4.131214	11.735178	22.749139
389.8	10.556235	1.184632	11.740867	22.794602
389.9	7.267867	4.478147	11.746014	22.832353
390	2.345707	9.398015	11.743722	22.865067
390.1	2.498887	9.238335	11.737222	22.895727
390.2	7.456937	4.278452	11.735389	22.925587
390.3	10.411974	1.328725	11.740698	22.952418
390.4	7.295708	4.450215	11.745923	22.969767
390.5	2.294297	9.449662	11.743959	22.967728
390.6	2.185092	9.552318	11.737410	22.935321
390.7	7.205963	4.529069	11.735031	22.863994
390.8	10.759776	0.980180	11.739956	22.751276
390.9	8.253982	3.491604	11.745587	22.603336
391	3.134322	8.610222	11.744544	22.435358
391.1	2.133091	9.605364	11.738454	22.269225
391.2	6.313122	5.422387	11.735509	22.128813
391.3	9.919305	1.820081	11.739386	22.034066
391.4	8.292646	3.451922	11.744567	21.995558
391.5	3.984571	7.759507	11.744077	22.011265
391.6	2.998410	8.740444	11.738854	22.066705
391.7	6.582493	5.153661	11.736154	22.138572
391.8	9.748127	1.991421	11.739548	22.200883
391.9	8.227943	3.516327	11.744270	22.231783
392	4.181925	7.562039	11.743964	22.218921
392.1	3.035670	8.703609	11.739279	22.161732
392.2	6.092048	5.644606	11.736654	22.070034
392.3	9.045512	2.693870	11.739381	21.959594
392.4	8.090196	3.653188	11.743384	21.846344
392.5	4.959422	6.783776	11.743199	21.741390
392.6	4.126355	7.613149	11.739504	21.648564
392.7	6.445368	5.292426	11.737794	21.565284
392.8	8.202465	3.537971	11.740437	21.486144
392.9	6.649241	5.094197	11.743438	21.407585
393	3.986545	7.755762	11.742307	21.331516
393.1	4.166455	7.572080	11.738535	21.266134
393.2	7.157073	4.580412	11.737485	21.223326
393.3	8.877938	2.862812	11.740749	21.213459
393.4	6.924017	4.819820	11.743837	21.239586
393.5	3.969471	7.773016	11.742487	21.293548
393.6	4.013925	7.724756	11.738680	21.355994
393.7	6.767327	4.970494	11.737821	21.400956
393.8	8.127282	3.613777	11.741059	21.403909
393.9	6.085010	5.658625	11.743635	21.350749
394	3.655430	8.086254	11.741684	21.244453
394.1	4.576424	7.161444	11.737869	21.106733
394.2	7.818343	3.919402	11.737745	20.973498
394.3	8.814227	2.927572	11.741799	20.885096
394.4	5.905351	5.839120	11.744472	20.874204
394.5	2.939855	8.801980	11.741835	20.955280
394.6	4.104932	7.632367	11.737300	21.119209
394.7	8.004438	3.732695	11.737133	21.335176
394.8	9.366345	2.375378	11.741724	21.559448
394.9	6.290073	5.454729	11.744803	21.748377
395	3.027090	8.714923	11.742013	21.871406
395.1	4.205803	7.531314	11.737117	21.919782
395.2	8.313097	3.423899	11.736996	21.908039
395.3	9.588710	2.153351	11.742061	21.867774
395.4	6.007086	5.738288	11.745373	21.835862
395.5	2.366433	9.375644	11.742078	21.841226
395.6	3.910238	7.826109	11.736347	21.894787
395.7	8.970386	2.765648	11.736034	21.986130
395.8	10.859067	0.882870	11.741938	22.088090
395.9	6.815972	4.930389	11.746361	22.167616
396	1.967302	9.775994	11.743297	22.199041
396.1	2.676570	9.060088	11.736657	22.174937
396.2	8.018594	3.716641	11.735236	22.110531
396.3	10.906303	0.834633	11.740935	22.039872
396.4	7.531948	4.214177	11.746125	22.004847
396.5	2.482933	9.260911	11.743844	22.040709
396.6	2.576999	9.160195	11.737194	22.163109
396.7	7.655642	4.079561	11.735203	22.361206
396.8	10.763614	0.977024	11.740638	22.599430
396.9	7.534218	4.211996	11.746214	22.827531
397	2.145858	9.598507	11.744365	22.995715
397.1	1.779727	9.957727	11.737453	23.069918
397.2	6.996214	4.738426	11.734641	23.042185
397.3	10.962531	0.777094	11.739625	22.932775
397.4	8.555235	3.190508	11.745743	22.783379
397.5	3.105945	8.639011	11.744956	22.643801
397.6	1.809162	9.929399	11.738561	22.556561
397.7	6.090704	5.644554	11.735258	22.544467
397.8	9.895166	1.844182	11.739348	22.605019
397.9	8.029361	3.715704	11.745065	22.713143
398	3.162945	8.581599	11.744544	22.830861
398.1	2.083934	9.654559	11.738492	22.920285
398.2	6.426376	5.308762	11.735138	22.955386
398.3	10.457759	1.281286	11.739045	22.928669
398.4	8.821602	2.923404	11.745006	22.850917
398.5	3.697776	8.047360	11.745136	22.744673
398.6	1.802750	9.936657	11.739408	22.634343
398.7	5.440524	6.294960	11.735484	22.536829
398.8	9.653205	2.085136	11.738340	22.456171
398.9	9.044428	2.699402	11.743830	22.383987
399	4.857716	6.886889	11.744605	22.305232
399.1	2.919342	8.820666	11.740008	22.206742
399.2	5.628223	6.108339	11.736562	22.085004
399.3	8.981193	2.757643	11.738836	21.949962
399.4	8.357100	3.386301	11.743401	21.823170
399.5	4.822238	6.921647	11.743885	21.730816
399.6	3.397029	8.342760	11.739789	21.694109
399.7	6.010940	5.725966	11.736906	21.720578
399.8	8.983433	2.755706	11.739139	21.799596
399.9	8.280893	3.462350	11.743243	21.903963
400	5.029295	6.714285	11.743580	21.997238