#time	ekin		epot		etot		chain_length
0	11.740600	0.000000	11.740600	2.200000
1e-05	11.702417	0.038569	11.740986	2.203169
2e-05	11.587280	0.153707	11.740987	2.206331
3e-05	11.397279	0.343710	11.740989	2.209481
4e-05	11.135224	0.605768	11.740992	2.212612
5e-05	10.804991	0.936004	11.740995	2.215719
6e-05	10.411461	1.329538	11.740998	2.218795
7e-05	9.960448	1.780554	11.741003	2.221834
8e-05	9.458612	2.282395	11.741007	2.224831
9e-05	8.913357	2.827655	11.741012	2.227780
0.0001	8.332720	3.408298	11.741018	2.230675
0.00011	7.725250	4.015773	11.741023	2.233511
0.00012	7.099879	4.641150	11.741029	2.236283
0.00013	6.465791	5.275244	11.741035	2.238985
0.00014	5.832276	5.908764	11.741040	2.241613
0.00015	5.208601	6.532445	11.741046	2.244162
0.00016	4.603863	7.137188	11.741052	2.246628
0.00017	4.026855	7.714201	11.741057	2.249007
0.00018	3.485937	8.255125	11.741062	2.251294
0.00019	2.988906	8.752161	11.741066	2.253487
0.0002	2.542885	9.198185	11.741070	2.255581
0.00021	2.154215	9.586858	11.741074	2.257574
0.00022	1.828362	9.912714	11.741076	2.259463
0.00023	1.569835	10.171244	11.741079	2.261246
0.00024	1.382120	10.358960	11.741080	2.262919
0.00025	1.267633	10.473448	11.741081	2.264483
0.00026	1.227683	10.513398	11.741081	2.265934
0.00027	1.262456	10.478624	11.741080	2.267272
0.00028	1.371016	10.370063	11.741079	2.268495
0.00029	1.551320	10.189758	11.741077	2.269604
0.0003	1.800251	9.940824	11.741075	2.270598
0.00031	2.113673	9.627398	11.741071	2.271477
0.00032	2.486491	9.254576	11.741068	2.272242
0.00033	2.912734	8.828329	11.741064	2.272893
0.00034	3.385646	8.355413	11.741059	2.273430
0.00035	3.897790	7.843263	11.741054	2.273857
0.00036	4.441169	7.299880	11.741049	2.274173
0.00037	5.007340	6.733703	11.741043	2.274382
0.00038	5.587550	6.153488	11.741038	2.274485
0.00039	6.172868	5.568164	11.741032	2.274484
0.0004	6.754322	4.986704	11.741026	2.274384
0.00041	7.323035	4.417985	11.741021	2.274185
0.00042	7.870362	3.870654	11.741016	2.273893
0.00043	8.388016	3.352995	11.741011	2.273509
0.00044	8.868201	2.872805	11.741006	2.273039
0.00045	9.303724	2.437278	11.741002	2.272485
0.00046	9.688106	2.052893	11.740999	2.271853
0.00047	10.015675	1.725320	11.740996	2.271146
0.00048	10.281657	1.459336	11.740993	2.270369
0.00049	10.482239	1.258752	11.740992	2.269526
0.0005	10.614631	1.126360	11.740991	2.268622
0.00051	10.677100	1.063890	11.740990	2.267663
0.00052	10.668999	1.071991	11.740990	2.266652
0.00053	10.590770	1.150221	11.740991	2.265596
0.00054	10.443934	1.297059	11.740993	2.264499
0.00055	10.231068	1.509928	11.740995	2.263366
0.00056	9.955756	1.785242	11.740998	2.262202
0.00057	9.622539	2.118462	11.741001	2.261014
0.00058	9.236836	2.504169	11.741005	2.259806
0.00059	8.804862	2.936148	11.741010	2.258583
0.0006	8.333525	3.407489	11.741014	2.257351
0.00061	7.830326	3.910693	11.741019	2.256114
0.00062	7.303234	4.437791	11.741025	2.254878
0.00063	6.760564	4.980466	11.741030	2.253647
0.00064	6.210851	5.530184	11.741035	2.252428
0.00065	5.662714	6.078327	11.741041	2.251223
0.00066	5.124723	6.616323	11.741046	2.250039
0.00067	4.605270	7.135781	11.741051	2.248879
0.00068	4.112434	7.628621	11.741056	2.247749
0.00069	3.653865	8.087195	11.741060	2.246651
0.0007	3.236657	8.504407	11.741064	2.245590
0.00071	2.867249	8.873818	11.741068	2.244571
0.00072	2.551320	9.189750	11.741071	2.243596
0.00073	2.293707	9.447366	11.741073	2.242669
0.00074	2.098329	9.642747	11.741075	2.241794
0.00075	1.968129	9.772947	11.741076	2.240972
0.00076	1.905035	9.836042	11.741077	2.240208
0.00077	1.909923	9.831154	11.741077	2.239503
0.00078	1.982615	9.758461	11.741076	2.238859
0.00079	2.121878	9.619197	11.741075	2.238279
0.0008	2.325445	9.415627	11.741073	2.237765
0.00081	2.590057	9.151013	11.741070	2.237317
0.00082	2.911508	8.829559	11.741067	2.236938
0.00083	3.284717	8.456346	11.741063	2.236628
0.00084	3.703807	8.037252	11.741059	2.236387
0.00085	4.162195	7.578860	11.741054	2.236216
0.00086	4.652696	7.088354	11.741050	2.236116
0.00087	5.167637	6.573407	11.741045	2.236086
0.00088	5.698973	6.042066	11.741039	2.236126
0.00089	6.238415	5.502619	11.741034	2.236235
0.0009	6.777555	4.963474	11.741029	2.236412
0.00091	7.307997	4.433027	11.741024	2.236657
0.00092	7.821490	3.919528	11.741019	2.236967
0.00093	8.310051	3.430963	11.741014	2.237343
0.00094	8.766086	2.974923	11.741010	2.237780
0.00095	9.182514	2.558491	11.741005	2.238279
0.00096	9.552868	2.188134	11.741002	2.238836
0.00097	9.871396	1.869603	11.740999	2.239449
0.00098	10.133151	1.607845	11.740996	2.240116
0.00099	10.334062	1.406932	11.740994	2.240834
0.001	10.470998	1.269995	11.740993	2.241600
0.00101	10.541815	1.199178	11.740992	2.242410
0.00102	10.545383	1.195609	11.740992	2.243263
0.00103	10.481610	1.259383	11.740993	2.244155
0.00104	10.351434	1.389560	11.740994	2.245082
0.00105	10.156810	1.584186	11.740996	2.246041
0.00106	9.900680	1.840318	11.740998	2.247028
0.00107	9.586923	2.154078	11.741001	2.248040
0.00108	9.220297	2.520707	11.741005	2.249074
0.00109	8.806362	2.934646	11.741009	2.250125
0.0011	8.351395	3.389618	11.741013	2.251190
0.00111	7.862290	3.878728	11.741018	2.252265
0.00112	7.346456	4.394567	11.741022	2.253347
0.00113	6.811697	4.929330	11.741028	2.254432
0.00114	6.266096	5.474936	11.741033	2.255516
0.00115	5.717888	6.023150	11.741038	2.256596
0.00116	5.175335	6.565708	11.741043	2.257668
0.00117	4.646597	7.094451	11.741048	2.258729
0.00118	4.139613	7.601440	11.741053	2.259776
0.00119	3.661973	8.079085	11.741057	2.260805
0.0012	3.220806	8.520255	11.741061	2.261813
0.00121	2.822674	8.918391	11.741065	2.262798
0.00122	2.473470	9.267599	11.741068	2.263756
0.00123	2.178328	9.562743	11.741071	2.264685
0.00124	1.941551	9.799522	11.741073	2.265582
0.00125	1.766545	9.974530	11.741075	2.266445
0.00126	1.655767	10.085308	11.741075	2.267271
0.00127	1.610694	10.130381	11.741076	2.268059
0.00128	1.631800	10.109275	11.741075	2.268806
0.00129	1.718554	10.022521	11.741074	2.269511
0.0013	1.869426	9.871647	11.741073	2.270173
0.00131	2.081921	9.659150	11.741071	2.270790
0.00132	2.352613	9.388455	11.741068	2.271361
0.00133	2.677205	9.063860	11.741065	2.271885
0.00134	3.050594	8.690468	11.741061	2.272361
0.00135	3.466952	8.274105	11.741057	2.272790
0.00136	3.919822	7.821231	11.741053	2.273170
0.00137	4.402212	7.338836	11.741048	2.273502
0.00138	4.906708	6.834335	11.741043	2.273786
0.00139	5.425589	6.315449	11.741038	2.274022
0.0014	5.950944	5.790089	11.741033	2.274210
0.00141	6.474795	5.266233	11.741028	2.274352
0.00142	6.989220	4.751803	11.741024	2.274448
0.00143	7.486474	4.254544	11.741019	2.274499
0.00144	7.959106	3.781908	11.741015	2.274507
0.00145	8.400072	3.340939	11.741010	2.274473
0.00146	8.802842	2.938164	11.741007	2.274398
0.00147	9.161500	2.579503	11.741003	2.274285
0.00148	9.470828	2.270172	11.741001	2.274135
0.00149	9.726388	2.014610	11.740998	2.273951
0.0015	9.924582	1.816414	11.740997	2.273734
0.00151	10.062709	1.678286	11.740996	2.273486
0.00152	10.138998	1.601997	11.740995	2.273211
0.00153	10.152635	1.588360	11.740995	2.272911
0.00154	10.103768	1.637228	11.740996	2.272587
0.00155	9.993503	1.747494	11.740997	2.272244
0.00156	9.823883	1.917116	11.740999	2.271883
0.00157	9.597849	2.143153	11.741001	2.271508
0.00158	9.319195	2.421810	11.741004	2.271121
0.00159	8.992501	2.748506	11.741008	2.270724
0.0016	8.623065	3.117946	11.741011	2.270322
0.00161	8.216811	3.524204	11.741015	2.269916
0.00162	7.780199	3.960821	11.741020	2.269510
0.00163	7.320121	4.420903	11.741024	2.269106
0.00164	6.843792	4.897237	11.741029	2.268708
0.00165	6.358639	5.382394	11.741034	2.268317
0.00166	5.872184	5.868854	11.741038	2.267936
0.00167	5.391925	6.349118	11.741043	2.267569
0.00168	4.925221	6.815826	11.741047	2.267218
0.00169	4.479183	7.261869	11.741051	2.266885
0.0017	4.060556	7.680500	11.741055	2.266572
0.00171	3.675624	8.065435	11.741059	2.266283
0.00172	3.330111	8.410951	11.741062	2.266018
0.00173	3.029095	8.711970	11.741065	2.265780
0.00174	2.776933	8.964134	11.741067	2.265571
0.00175	2.577196	9.163873	11.741069	2.265392
0.00176	2.432617	9.308453	11.741070	2.265245
0.00177	2.345052	9.396018	11.741071	2.265132
0.00178	2.315459	9.425611	11.741071	2.265054
0.00179	2.343882	9.397188	11.741070	2.265011
0.0018	2.429459	9.311610	11.741069	2.265006
0.00181	2.570436	9.170631	11.741067	2.265037
0.00182	2.764204	8.976861	11.741065	2.265107
0.00183	3.007339	8.733723	11.741063	2.265215
0.00184	3.295661	8.445398	11.741060	2.265362
0.00185	3.624305	8.116751	11.741056	2.265548
0.00186	3.987797	7.753256	11.741052	2.265771
0.00187	4.380145	7.360903	11.741048	2.266033
0.00188	4.794937	6.946107	11.741044	2.266333
0.00189	5.225440	6.515600	11.741040	2.266669
0.0019	5.664707	6.076329	11.741035	2.267041
0.00191	6.105692	5.635339	11.741031	2.267448
0.00192	6.541356	5.199670	11.741027	2.267889
0.00193	6.964782	4.776241	11.741022	2.268362
0.00194	7.369278	4.371740	11.741018	2.268866
0.00195	7.748487	3.992528	11.741015	2.269398
0.00196	8.096482	3.644530	11.741011	2.269957
0.00197	8.407858	3.333150	11.741008	2.270542
0.00198	8.677817	3.063189	11.741006	2.271149
0.00199	8.902239	2.838765	11.741004	2.271777
0.002	9.077744	2.663258	11.741002	2.272423
0.00201	9.201744	2.539257	11.741001	2.273084
0.00202	9.272481	2.468519	11.741000	2.273759
0.00203	9.289049	2.451952	11.741000	2.274444
0.00204	9.251405	2.489596	11.741001	2.275137
0.00205	9.160370	2.580632	11.741002	2.275835
0.00206	9.017610	2.723394	11.741004	2.276534
0.00207	8.825606	2.915399	11.741006	2.277233
0.00208	8.587614	3.153394	11.741008	2.277928
0.00209	8.307609	3.433402	11.741011	2.278615
0.0021	7.990221	3.750793	11.741014	2.279293
0.00211	7.640658	4.100360	11.741018	2.279958
0.00212	7.264623	4.476398	11.741022	2.280607
0.00213	6.868223	4.872802	11.741026	2.281237
0.00214	6.457870	5.283159	11.741030	2.281845
0.00215	6.040178	5.700856	11.741034	2.282428
0.00216	5.621860	6.119178	11.741038	2.282985
0.00217	5.209619	6.531423	11.741042	2.283510
0.00218	4.810047	6.931000	11.741046	2.284003
0.00219	4.429515	7.311535	11.741050	2.284461
0.0022	4.074078	7.666976	11.741054	2.284881
0.00221	3.749379	7.991677	11.741057	2.285260
0.00222	3.460562	8.280497	11.741060	2.285597
0.00223	3.212190	8.528872	11.741062	2.285889
0.00224	3.008177	8.732887	11.741064	2.286135
0.00225	2.851729	8.889337	11.741066	2.286332
0.00226	2.745291	8.995775	11.741067	2.286479
0.00227	2.690519	9.050548	11.741067	2.286574
0.00228	2.688248	9.052819	11.741067	2.286616
0.00229	2.738484	9.002582	11.741067	2.286604
0.0023	2.840410	8.900655	11.741066	2.286537
0.00231	2.992396	8.748668	11.741064	2.286414
0.00232	3.192029	8.549033	11.741062	2.286234
0.00233	3.436156	8.304904	11.741060	2.285997
0.00234	3.720929	8.020128	11.741057	2.285703
0.00235	4.041875	7.699178	11.741054	2.285351
0.00236	4.393965	7.347086	11.741050	2.284941
0.00237	4.771691	6.969356	11.741047	2.284475
0.00238	5.169161	6.571882	11.741043	2.283952
0.00239	5.580185	6.160854	11.741039	2.283373
0.0024	5.998381	5.742654	11.741035	2.282739
0.00241	6.417267	5.323763	11.741031	2.282051
0.00242	6.830372	4.910655	11.741027	2.281310
0.00243	7.231327	4.509696	11.741023	2.280518
0.00244	7.613976	4.127044	11.741019	2.279677
0.00245	7.972460	3.768555	11.741016	2.278787
0.00246	8.301319	3.439694	11.741013	2.277852
0.00247	8.595565	3.145445	11.741010	2.276872
0.00248	8.850769	2.890239	11.741008	2.275851
0.00249	9.063119	2.677887	11.741006	2.274790
0.0025	9.229485	2.511519	11.741004	2.273693
0.00251	9.347460	2.393543	11.741003	2.272562
0.00252	9.415398	2.325604	11.741002	2.271399
0.00253	9.432437	2.308566	11.741002	2.270208
0.00254	9.398506	2.342497	11.741003	2.268991
0.00255	9.314327	2.426677	11.741004	2.267751
0.00256	9.181400	2.559605	11.741005	2.266492
0.00257	9.001975	2.739032	11.741007	2.265218
0.00258	8.779012	2.961997	11.741009	2.263930
0.00259	8.516137	3.224875	11.741012	2.262632
0.0026	8.217578	3.523437	11.741015	2.261328
0.00261	7.888097	3.852921	11.741018	2.260022
0.00262	7.532917	4.208105	11.741022	2.258715
0.00263	7.157630	4.583395	11.741025	2.257413
0.00264	6.768119	4.972911	11.741029	2.256118
0.00265	6.370453	5.370580	11.741033	2.254833
0.00266	5.970800	5.770237	11.741037	2.253562
0.00267	5.575327	6.165714	11.741041	2.252307
0.00268	5.190100	6.550944	11.741044	2.251074
0.00269	4.820996	6.920052	11.741048	2.249863
0.0027	4.473607	7.267444	11.741051	2.248679
0.00271	4.153155	7.587899	11.741054	2.247524
0.00272	3.864414	7.876643	11.741057	2.246401
0.00273	3.611634	8.129425	11.741059	2.245314
0.00274	3.398481	8.342580	11.741061	2.244264
0.00275	3.227979	8.513083	11.741062	2.243254
0.00276	3.102470	8.638593	11.741063	2.242286
0.00277	3.023578	8.717486	11.741064	2.241363
0.00278	2.992187	8.748877	11.741064	2.240487
0.00279	3.008437	8.732627	11.741064	2.239659
0.0028	3.071719	8.669344	11.741063	2.238882
0.00281	3.180693	8.560368	11.741062	2.238157
0.00282	3.333315	8.407745	11.741060	2.237485
0.00283	3.526870	8.214188	11.741058	2.236868
0.00284	3.758020	7.983035	11.741055	2.236307
0.00285	4.022865	7.718187	11.741053	2.235802
0.00286	4.317002	7.424048	11.741050	2.235354
0.00287	4.635601	7.105445	11.741046	2.234964
0.00288	4.973487	6.767556	11.741043	2.234632
0.00289	5.325218	6.415821	11.741039	2.234359
0.0029	5.685181	6.055855	11.741036	2.234143
0.00291	6.047676	5.693356	11.741032	2.233984
0.00292	6.407011	5.334018	11.741029	2.233884
0.00293	6.757590	4.983435	11.741025	2.233839
0.00294	7.094007	4.647015	11.741022	2.233851
0.00295	7.411123	4.329896	11.741019	2.233917
0.00296	7.704154	4.036863	11.741017	2.234036
0.00297	7.968740	3.772274	11.741014	2.234208
0.00298	8.201016	3.539996	11.741012	2.234430
0.00299	8.397668	3.343342	11.741010	2.234701
0.003	8.555982	3.185027	11.741009	2.235018
0.00301	8.673886	3.067122	11.741008	2.235381
0.00302	8.749977	2.991030	11.741008	2.235786
0.00303	8.783541	2.957466	11.741008	2.236232
0.00304	8.774558	2.966451	11.741008	2.236716
0.00305	8.723695	3.017314	11.741009	2.237235
0.00306	8.632299	3.108711	11.741010	2.237787
0.00307	8.502361	3.238651	11.741012	2.238369
0.00308	8.336485	3.404529	11.741014	2.238977
0.00309	8.137839	3.603177	11.741016	2.239610
0.0031	7.910100	3.830919	11.741019	2.240264
0.00311	7.657393	4.083629	11.741022	2.240937
0.00312	7.384216	4.356809	11.741025	2.241624
0.00313	7.095368	4.645659	11.741028	2.242322
0.00314	6.795868	4.945163	11.741031	2.243029
0.00315	6.490867	5.250167	11.741034	2.243742
0.00316	6.185570	5.555468	11.741037	2.244456
0.00317	5.885141	5.855899	11.741041	2.245169
0.00318	5.594628	6.146416	11.741044	2.245878
0.00319	5.318871	6.422176	11.741046	2.246579
0.0032	5.062430	6.678619	11.741049	2.247269
0.00321	4.829508	6.911544	11.741051	2.247945
0.00322	4.623884	7.117169	11.741053	2.248604
0.00323	4.448854	7.292201	11.741055	2.249243
0.00324	4.307175	7.433881	11.741057	2.249858
0.00325	4.201029	7.540029	11.741058	2.250448
0.00326	4.131979	7.609079	11.741058	2.251008
0.00327	4.100958	7.640100	11.741058	2.251538
0.00328	4.108247	7.632811	11.741058	2.252033
0.00329	4.153478	7.587580	11.741057	2.252491
0.0033	4.235640	7.505417	11.741056	2.252911
0.00331	4.353101	7.387954	11.741055	2.253289
0.00332	4.503638	7.237415	11.741053	2.253623
0.00333	4.684474	7.056577	11.741051	2.253913
0.00334	4.892326	6.848722	11.741049	2.254155
0.00335	5.123467	6.617579	11.741046	2.254348
0.00336	5.373783	6.367260	11.741044	2.254491
0.00337	5.638848	6.102192	11.741041	2.254582
0.00338	5.913997	5.827041	11.741038	2.254619
0.00339	6.194405	5.546630	11.741035	2.254603
0.0034	6.475168	5.265864	11.741031	2.254531
0.00341	6.751388	4.989641	11.741028	2.254404
0.00342	7.018252	4.722774	11.741026	2.254220
0.00343	7.271115	4.469908	11.741023	2.253979
0.00344	7.505576	4.235445	11.741020	2.253681
0.00345	7.717553	4.023465	11.741018	2.253325
0.00346	7.903350	3.837666	11.741016	2.252913
0.00347	8.059720	3.681294	11.741014	2.252443
0.00348	8.183918	3.557094	11.741013	2.251916
0.00349	8.273748	3.467264	11.741012	2.251333
0.0035	8.327596	3.413415	11.741011	2.250695
0.00351	8.344462	3.396549	11.741011	2.250002
0.00352	8.323974	3.417037	11.741011	2.249254
0.00353	8.266395	3.474617	11.741012	2.248454
0.00354	8.172616	3.568397	11.741013	2.247603
0.00355	8.044145	3.696869	11.741014	2.246701
0.00356	7.883081	3.857935	11.741016	2.245750
0.00357	7.692077	4.048940	11.741018	2.244751
0.00358	7.474301	4.266719	11.741020	2.243707
0.00359	7.233377	4.507646	11.741022	2.242619
0.0036	6.973330	4.767695	11.741025	2.241488
0.00361	6.698518	5.042510	11.741028	2.240318
0.00362	6.413558	5.327473	11.741031	2.239109
0.00363	6.123252	5.617782	11.741034	2.237863
0.00364	5.832506	5.908531	11.741037	2.236583
0.00365	5.546249	6.194791	11.741040	2.235272
0.00366	5.269350	6.471693	11.741043	2.233930
0.00367	5.006538	6.734508	11.741046	2.232560
0.00368	4.762324	6.978725	11.741049	2.231165
0.00369	4.540924	7.200127	11.741051	2.229747
0.0037	4.346190	7.394863	11.741053	2.228307
0.00371	4.181545	7.559510	11.741055	2.226849
0.00372	4.049926	7.691131	11.741056	2.225374
0.00373	3.953733	7.787325	11.741058	2.223885
0.00374	3.894790	7.846269	11.741058	2.222384
0.00375	3.874312	7.866747	11.741059	2.220872
0.00376	3.892886	7.848173	11.741059	2.219353
0.00377	3.950456	7.790602	11.741058	2.217828
0.00378	4.046328	7.694730	11.741057	2.216299
0.00379	4.179173	7.561883	11.741056	2.214768
0.0038	4.347055	7.393999	11.741055	2.213237
0.00381	4.547456	7.193597	11.741053	2.211708
0.00382	4.777315	6.963735	11.741051	2.210183
0.00383	5.033084	6.707964	11.741048	2.208663
0.00384	5.310777	6.430268	11.741045	2.207149
0.00385	5.606040	6.135002	11.741042	2.205644
0.00386	5.914218	5.826822	11.741039	2.204149
0.00387	6.230431	5.510605	11.741036	2.202665
0.00388	6.549655	5.191378	11.741033	2.201192
0.00389	6.866803	4.874227	11.741030	2.199733
0.0039	7.176807	4.564220	11.741027	2.198289
0.00391	7.474699	4.266324	11.741024	2.196859
0.00392	7.755699	3.985322	11.741021	2.195446
0.00393	8.015285	3.725733	11.741018	2.194049
0.00394	8.249273	3.491743	11.741016	2.192669
0.00395	8.453882	3.287132	11.741014	2.191307
0.00396	8.625801	3.115211	11.741012	2.189963
0.00397	8.762238	2.978773	11.741011	2.188638
0.00398	8.860971	2.880039	11.741010	2.187331
0.00399	8.920383	2.820626	11.741009	2.186042
0.004	8.939491	2.801518	11.741009	2.184772
0.00401	8.917959	2.823050	11.741009	2.183520
0.00402	8.856111	2.884899	11.741010	2.182287
0.00403	8.754919	2.986091	11.741011	2.181071
0.00404	8.615997	3.125015	11.741012	2.179873
0.00405	8.441566	3.299448	11.741014	2.178692
0.00406	8.234427	3.506589	11.741016	2.177528
0.00407	7.997911	3.743107	11.741018	2.176380
0.00408	7.735828	4.005193	11.741021	2.175247
0.00409	7.452402	4.288622	11.741024	2.174129
0.0041	7.152209	4.588818	11.741027	2.173025
0.00411	6.840094	4.900936	11.741030	2.171934
0.00412	6.521102	5.219931	11.741033	2.170855
0.00413	6.200387	5.540649	11.741036	2.169788
0.00414	5.883133	5.857907	11.741040	2.168732
0.00415	5.574467	6.166576	11.741043	2.167685
0.00416	5.279375	6.461671	11.741046	2.166647
0.00417	5.002622	6.738426	11.741049	2.165618
0.00418	4.748672	6.992379	11.741051	2.164595
0.00419	4.521613	7.219441	11.741053	2.163579
0.0042	4.325091	7.415964	11.741055	2.162568
0.00421	4.162251	7.578806	11.741057	2.161561
0.00422	4.035680	7.705379	11.741058	2.160559
0.00423	3.947366	7.793693	11.741059	2.159559
0.00424	3.898664	7.842395	11.741060	2.158561
0.00425	3.890275	7.850784	11.741060	2.157565
0.00426	3.922227	7.818832	11.741059	2.156570
0.00427	3.993878	7.747181	11.741058	2.155575
0.00428	4.103923	7.637134	11.741057	2.154580
0.00429	4.250417	7.490639	11.741056	2.153585
0.0043	4.430800	7.310254	11.741054	2.152588
0.00431	4.641942	7.099109	11.741051	2.151589
0.00432	4.880194	6.860855	11.741049	2.150589
0.00433	5.141441	6.599605	11.741046	2.149588
0.00434	5.421177	6.319866	11.741043	2.148584
0.00435	5.714570	6.026470	11.741040	2.147579
0.00436	6.016548	5.724488	11.741036	2.146571
0.00437	6.321878	5.419155	11.741033	2.145562
0.00438	6.625252	5.115777	11.741030	2.144552
0.00439	6.921378	4.819649	11.741027	2.143541
0.0044	7.205063	4.535961	11.741023	2.142530
0.00441	7.471303	4.269717	11.741020	2.141518
0.00442	7.715368	4.025650	11.741018	2.140507
0.00443	7.932874	3.808141	11.741015	2.139498
0.00444	8.119868	3.621145	11.741013	2.138491
0.00445	8.272887	3.468124	11.741011	2.137487
0.00446	8.389020	3.351989	11.741010	2.136487
0.00447	8.465962	3.275047	11.741009	2.135492
0.00448	8.502050	3.238958	11.741008	2.134504
0.00449	8.496300	3.244708	11.741008	2.133523
0.0045	8.448422	3.292586	11.741008	2.132551
0.00451	8.358832	3.382177	11.741009	2.131590
0.00452	8.228647	3.512363	11.741010	2.130640
0.00453	8.059674	3.681338	11.741012	2.129703
0.00454	7.854379	3.886635	11.741014	2.128780
0.00455	7.615858	4.125158	11.741016	2.127874
0.00456	7.347785	4.393234	11.741018	2.126985
0.00457	7.054356	4.686665	11.741021	2.126116
0.00458	6.740227	5.000798	11.741025	2.125268
0.00459	6.410435	5.330593	11.741028	2.124443
0.0046	6.070326	5.670705	11.741031	2.123642
0.00461	5.725463	6.015572	11.741035	2.122868
0.00462	5.381539	6.359499	11.741038	2.122121
0.00463	5.044288	6.696755	11.741042	2.121404
0.00464	4.719385	7.021660	11.741046	2.120718
0.00465	4.412363	7.328686	11.741049	2.120065
0.00466	4.128511	7.612541	11.741052	2.119447
0.00467	3.872797	7.868257	11.741055	2.118864
0.00468	3.649777	8.091280	11.741057	2.118320
0.00469	3.463522	8.277537	11.741060	2.117815
0.0047	3.317547	8.423514	11.741061	2.117350
0.00471	3.214751	8.526312	11.741063	2.116928
0.00472	3.157365	8.583699	11.741064	2.116548
0.00473	3.146910	8.594154	11.741064	2.116214
0.00474	3.184168	8.556896	11.741064	2.115925
0.00475	3.269164	8.471900	11.741064	2.115684
0.00476	3.401158	8.339904	11.741063	2.115490
0.00477	3.578653	8.162408	11.741061	2.115345
0.00478	3.799409	7.941650	11.741060	2.115249
0.00479	4.060478	7.680579	11.741057	2.115204
0.0048	4.358241	7.382814	11.741055	2.115209
0.00481	4.688463	7.052589	11.741052	2.115265
0.00482	5.046354	6.694694	11.741048	2.115373
0.00483	5.426641	6.314404	11.741045	2.115533
0.00484	5.823648	5.917393	11.741041	2.115744
0.00485	6.231383	5.509654	11.741037	2.116007
0.00486	6.643627	5.097406	11.741033	2.116321
0.00487	7.054037	4.686992	11.741029	2.116686
0.00488	7.456237	4.284789	11.741025	2.117102
0.00489	7.843923	3.897098	11.741021	2.117567
0.0049	8.210964	3.530054	11.741018	2.118082
0.00491	8.551492	3.189523	11.741014	2.118645
0.00492	8.860004	2.881008	11.741011	2.119255
0.00493	9.131445	2.609563	11.741008	2.119911
0.00494	9.361295	2.379711	11.741006	2.120612
0.00495	9.545638	2.195366	11.741004	2.121356
0.00496	9.681229	2.059773	11.741002	2.122141
0.00497	9.765552	1.975449	11.741001	2.122967
0.00498	9.796859	1.944141	11.741001	2.123831
0.00499	9.774206	1.966795	11.741000	2.124730
0.005	9.697469	2.043532	11.741001	2.125664
0.00501	9.567355	2.173647	11.741002	2.126630
0.00502	9.385392	2.355611	11.741003	2.127626
0.00503	9.153913	2.587092	11.741005	2.128648
0.00504	8.876022	2.864985	11.741008	2.129696
0.00505	8.555554	3.185456	11.741010	2.130765
0.00506	8.197014	3.543999	11.741014	2.131854
0.00507	7.805516	3.935501	11.741017	2.132960
0.00508	7.386705	4.354316	11.741021	2.134080
0.00509	6.946671	4.794354	11.741025	2.135211
0.0051	6.491861	5.249168	11.741029	2.136350
0.00511	6.028976	5.712057	11.741034	2.137494
0.00512	5.564875	6.176163	11.741038	2.138640
0.00513	5.106462	6.634580	11.741042	2.139786
0.00514	4.660589	7.080458	11.741046	2.140928
0.00515	4.233941	7.507110	11.741050	2.142063
0.00516	3.832939	7.908116	11.741054	2.143188
0.00517	3.463636	8.277422	11.741058	2.144300
0.00518	3.131625	8.609436	11.741061	2.145396
0.00519	2.841948	8.899115	11.741064	2.146473
0.0052	2.599020	9.142046	11.741066	2.147528
0.00521	2.406554	9.334514	11.741068	2.148558
0.00522	2.267505	9.473564	11.741069	2.149559
0.00523	2.184022	9.557048	11.741070	2.150530
0.00524	2.157409	9.583661	11.741070	2.151468
0.00525	2.188106	9.552964	11.741070	2.152369
0.00526	2.275678	9.465391	11.741069	2.153232
0.00527	2.418818	9.322250	11.741068	2.154053
0.00528	2.615366	9.125700	11.741066	2.154830
0.00529	2.862340	8.878723	11.741064	2.155561
0.0053	3.155982	8.585078	11.741061	2.156243
0.00531	3.491809	8.249248	11.741058	2.156876
0.00532	3.864685	7.876369	11.741054	2.157455
0.00533	4.268897	7.472153	11.741050	2.157981
0.00534	4.698243	7.042803	11.741046	2.158450
0.00535	5.146124	6.594917	11.741042	2.158862
0.00536	5.605652	6.135385	11.741037	2.159214
0.00537	6.069748	5.671285	11.741033	2.159507
0.00538	6.531257	5.209771	11.741028	2.159738
0.00539	6.983058	4.757966	11.741024	2.159906
0.0054	7.418172	4.322848	11.741020	2.160012
0.00541	7.829873	3.911143	11.741016	2.160054
0.00542	8.211793	3.529219	11.741012	2.160031
0.00543	8.558020	3.182988	11.741009	2.159944
0.00544	8.863195	2.877810	11.741006	2.159792
0.00545	9.122590	2.618413	11.741003	2.159576
0.00546	9.332188	2.408813	11.741001	2.159295
0.00547	9.488745	2.252254	11.741000	2.158950
0.00548	9.589843	2.151156	11.740999	2.158542
0.00549	9.633925	2.107073	11.740998	2.158071
0.0055	9.620330	2.120668	11.740998	2.157538
0.00551	9.549294	2.191705	11.740999	2.156944
0.00552	9.421956	2.319045	11.741000	2.156291
0.00553	9.240337	2.500665	11.741002	2.155579
0.00554	9.007315	2.733689	11.741004	2.154811
0.00555	8.726576	3.014431	11.741007	2.153987
0.00556	8.402561	3.338449	11.741010	2.153111
0.00557	8.040397	3.700617	11.741014	2.152183
0.00558	7.645818	4.095200	11.741018	2.151206
0.00559	7.225077	4.515945	11.741022	2.150182
0.0056	6.784847	4.956179	11.741026	2.149113
0.00561	6.332121	5.408910	11.741031	2.148002
0.00562	5.874096	5.866939	11.741036	2.146852
0.00563	5.418068	6.322972	11.741040	2.145665
0.00564	4.971313	6.769732	11.741045	2.144444
0.00565	4.540973	7.200076	11.741049	2.143192
0.00566	4.133944	7.607109	11.741053	2.141912
0.00567	3.756768	7.984289	11.741057	2.140606
0.00568	3.415526	8.325534	11.741060	2.139278
0.00569	3.115746	8.625318	11.741063	2.137932
0.0057	2.862309	8.878757	11.741066	2.136569
0.00571	2.659375	9.081693	11.741068	2.135194
0.00572	2.510313	9.230756	11.741070	2.133810
0.00573	2.417648	9.323423	11.741071	2.132420
0.00574	2.383015	9.358056	11.741071	2.131028
0.00575	2.407135	9.333936	11.741071	2.129636
0.00576	2.489799	9.251271	11.741070	2.128248
0.00577	2.629868	9.111201	11.741069	2.126868
0.00578	2.825290	8.915777	11.741067	2.125498
0.00579	3.073128	8.667937	11.741065	2.124142
0.0058	3.369602	8.371460	11.741062	2.122803
0.00581	3.710150	8.030908	11.741059	2.121485
0.00582	4.089495	7.651560	11.741055	2.120190
0.00583	4.501723	7.239328	11.741051	2.118921
0.00584	4.940379	6.800667	11.741047	2.117682
0.00585	5.398564	6.342478	11.741042	2.116475
0.00586	5.869042	5.871996	11.741037	2.115303
0.00587	6.344351	5.396682	11.741033	2.114169
0.00588	6.816924	4.924104	11.741028	2.113076
0.00589	7.279205	4.461819	11.741023	2.112026
0.0059	7.723765	4.017253	11.741019	2.111021
0.00591	8.143427	3.597588	11.741014	2.110064
0.00592	8.531370	3.209641	11.741010	2.109157
0.00593	8.881244	2.859763	11.741007	2.108303
0.00594	9.187271	2.553732	11.741004	2.107502
0.00595	9.444337	2.296664	11.741001	2.106757
0.00596	9.648071	2.092927	11.740999	2.106069
0.00597	9.794926	1.946071	11.740997	2.105440
0.00598	9.882227	1.858769	11.740996	2.104872
0.00599	9.908226	1.832769	11.740995	2.104365
0.006	9.872127	1.868869	11.740996	2.103921
0.00601	9.774105	1.966892	11.740996	2.103540
0.00602	9.615306	2.125691	11.740998	2.103223
0.00603	9.397838	2.343162	11.741000	2.102972
0.00604	9.124735	2.616267	11.741002	2.102786
0.00605	8.799919	2.941086	11.741005	2.102665
0.00606	8.428142	3.312866	11.741008	2.102610
0.00607	8.014914	3.726099	11.741012	2.102621
0.00608	7.566420	4.174597	11.741016	2.102697
0.00609	7.089431	4.651590	11.741021	2.102839
0.0061	6.591197	5.149829	11.741026	2.103046
0.00611	6.079337	5.661693	11.741031	2.103317
0.00612	5.561726	6.179310	11.741036	2.103651
0.00613	5.046368	6.694672	11.741041	2.104048
0.00614	4.541278	7.199767	11.741046	2.104506
0.00615	4.054355	7.686696	11.741050	2.105025
0.00616	3.593258	8.147797	11.741055	2.105603
0.00617	3.165290	8.575769	11.741059	2.106238
0.00618	2.777282	8.963781	11.741063	2.106929
0.00619	2.435483	9.305584	11.741067	2.107675
0.0062	2.145464	9.595605	11.741070	2.108474
0.00621	1.912029	9.829043	11.741072	2.109323
0.00622	1.739136	10.001938	11.741074	2.110221
0.00623	1.629832	10.111244	11.741075	2.111166
0.00624	1.586205	10.154871	11.741076	2.112156
0.00625	1.609347	10.131729	11.741076	2.113187
0.00626	1.699331	10.041744	11.741076	2.114259
0.00627	1.855209	9.885865	11.741074	2.115369
0.00628	2.075019	9.666054	11.741072	2.116513
0.00629	2.355814	9.385256	11.741070	2.117690
0.0063	2.693703	9.047364	11.741067	2.118898
0.00631	3.083906	8.657157	11.741064	2.120133
0.00632	3.520824	8.220235	11.741060	2.121393
0.00633	3.998124	7.742931	11.741055	2.122675
0.00634	4.508829	7.232222	11.741051	2.123976
0.00635	5.045428	6.695618	11.741046	2.125295
0.00636	5.599984	6.141057	11.741040	2.126628
0.00637	6.164257	5.576778	11.741035	2.127972
0.00638	6.729830	5.011200	11.741030	2.129325
0.00639	7.288232	4.452793	11.741025	2.130684
0.0064	7.831072	3.909947	11.741019	2.132047
0.00641	8.350167	3.390848	11.741015	2.133411
0.00642	8.837665	2.903345	11.741010	2.134773
0.00643	9.286169	2.454837	11.741006	2.136130
0.00644	9.688847	2.052155	11.741002	2.137481
0.00645	10.039543	1.701455	11.740998	2.138823
0.00646	10.332870	1.408125	11.740996	2.140152
0.00647	10.564294	1.176699	11.740993	2.141468
0.00648	10.730206	1.010786	11.740992	2.142768
0.00649	10.827979	0.913012	11.740991	2.144049
0.0065	10.856012	0.884979	11.740990	2.145309
0.00651	10.813755	0.927235	11.740991	2.146547
0.00652	10.701723	1.039268	11.740992	2.147760
0.00653	10.521486	1.219507	11.740993	2.148946
0.00654	10.275651	1.465344	11.740996	2.150104
0.00655	9.967824	1.773175	11.740998	2.151232
0.00656	9.602556	2.138446	11.741002	2.152328
0.00657	9.185276	2.555729	11.741006	2.153391
0.00658	8.722214	3.018796	11.741010	2.154420
0.00659	8.220299	3.520715	11.741015	2.155413
0.0066	7.687065	4.053955	11.741020	2.156369
0.00661	7.130528	4.610497	11.741025	2.157287
0.00662	6.559073	5.181957	11.741030	2.158165
0.00663	5.981321	5.759715	11.741036	2.159004
0.00664	5.406000	6.335042	11.741041	2.159802
0.00665	4.841812	6.899235	11.741047	2.160560
0.00666	4.297303	7.443749	11.741052	2.161275
0.00667	3.780727	7.960330	11.741057	2.161948
0.00668	3.299926	8.441135	11.741061	2.162579
0.00669	2.862204	8.878861	11.741065	2.163167
0.0067	2.474221	9.266848	11.741069	2.163712
0.00671	2.141885	9.599188	11.741072	2.164215
0.00672	1.870263	9.870812	11.741075	2.164676
0.00673	1.663506	10.077571	11.741077	2.165094
0.00674	1.524778	10.216300	11.741078	2.165471
0.00675	1.456213	10.284866	11.741079	2.165806
0.00676	1.458878	10.282201	11.741079	2.166100
0.00677	1.532754	10.208324	11.741078	2.166354
0.00678	1.676741	10.064336	11.741077	2.166569
0.00679	1.888666	9.852409	11.741075	2.166745
0.0068	2.165322	9.575750	11.741072	2.166884
0.00681	2.502512	9.238557	11.741069	2.166986
0.00682	2.895113	8.845953	11.741065	2.167053
0.00683	3.337154	8.403907	11.741061	2.167086
0.00684	3.821906	7.919150	11.741056	2.167085
0.00685	4.341986	7.399066	11.741051	2.167053
0.00686	4.889465	6.851581	11.741046	2.166991
0.00687	5.455995	6.285046	11.741041	2.166900
0.00688	6.032930	5.708106	11.741035	2.166782
0.00689	6.611462	5.129568	11.741030	2.166638
0.0069	7.182755	4.558269	11.741024	2.166470
0.00691	7.738082	4.002937	11.741019	2.166279
0.00692	8.268952	3.472062	11.741014	2.166068
0.00693	8.767248	2.973761	11.741009	2.165838
0.00694	9.225350	2.515655	11.741005	2.165591
0.00695	9.636246	2.104755	11.741001	2.165328
0.00696	9.993648	1.747349	11.740997	2.165052
0.00697	10.292086	1.448909	11.740995	2.164764
0.00698	10.526988	1.214005	11.740992	2.164467
0.00699	10.694758	1.046233	11.740991	2.164161
0.007	10.792828	0.948162	11.740990	2.163849
0.00701	10.819697	0.921292	11.740990	2.163533
0.00702	10.774960	0.966030	11.740990	2.163215
0.00703	10.659307	1.081684	11.740991	2.162896
0.00704	10.474522	1.266470	11.740993	2.162578
0.00705	10.223451	1.517544	11.740995	2.162264
0.00706	9.909961	1.831037	11.740998	2.161955
0.00707	9.538880	2.202122	11.741002	2.161652
0.00708	9.115927	2.625079	11.741006	2.161358
0.00709	8.647621	3.093390	11.741010	2.161074
0.0071	8.141186	3.599830	11.741015	2.160802
0.00711	7.604437	4.136584	11.741021	2.160544
0.00712	7.045662	4.695364	11.741026	2.160300
0.00713	6.473498	5.267533	11.741031	2.160074
0.00714	5.896793	5.844244	11.741037	2.159866
0.00715	5.324477	6.416566	11.741043	2.159677
0.00716	4.765419	6.975629	11.741048	2.159509
0.00717	4.228297	7.512756	11.741053	2.159364
0.00718	3.721459	8.019599	11.741058	2.159243
0.00719	3.252800	8.488263	11.741063	2.159147
0.0072	2.829635	8.911432	11.741067	2.159076
0.00721	2.458592	9.282479	11.741071	2.159033
0.00722	2.145506	9.595568	11.741074	2.159018
0.00723	1.895328	9.845748	11.741076	2.159033
0.00724	1.712054	10.029024	11.741078	2.159077
0.00725	1.598655	10.142424	11.741079	2.159152
0.00726	1.557036	10.184044	11.741080	2.159259
0.00727	1.588004	10.153076	11.741080	2.159398
0.00728	1.691253	10.049825	11.741079	2.159570
0.00729	1.865372	9.875705	11.741077	2.159775
0.0073	2.107860	9.633215	11.741075	2.160015
0.00731	2.415165	9.325907	11.741072	2.160288
0.00732	2.782739	8.958329	11.741069	2.160596
0.00733	3.205105	8.535959	11.741065	2.160939
0.00734	3.675940	8.065120	11.741060	2.161316
0.00735	4.188169	7.552887	11.741055	2.161728
0.00736	4.734074	7.006976	11.741050	2.162176
0.00737	5.305413	6.435632	11.741045	2.162658
0.00738	5.893541	5.847498	11.741039	2.163174
0.00739	6.489543	5.251490	11.741034	2.163726
0.0074	7.084373	4.656655	11.741028	2.164311
0.00741	7.668985	4.072037	11.741022	2.164930
0.00742	8.234478	3.506539	11.741017	2.165582
0.00743	8.772227	2.968785	11.741012	2.166268
0.00744	9.274016	2.466991	11.741007	2.166985
0.00745	9.732163	2.008839	11.741003	2.167734
0.00746	10.139640	1.601359	11.740999	2.168515
0.00747	10.490175	1.250820	11.740995	2.169325
0.00748	10.778353	0.962640	11.740992	2.170165
0.00749	10.999696	0.741294	11.740990	2.171034
0.0075	11.150734	0.590255	11.740989	2.171931
0.00751	11.229057	0.511931	11.740988	2.172854
0.00752	11.233351	0.507637	11.740988	2.173803
0.00753	11.163422	0.577567	11.740988	2.174777
0.00754	11.020196	0.720794	11.740990	2.175775
0.00755	10.805709	0.935283	11.740992	2.176796
0.00756	10.523073	1.217921	11.740994	2.177839
0.00757	10.176433	1.564565	11.740997	2.178901
0.00758	9.770902	1.970099	11.741001	2.179984
0.00759	9.312486	2.428520	11.741005	2.181084
0.0076	8.807990	2.933020	11.741010	2.182201
0.00761	8.264920	3.476096	11.741015	2.183334
0.00762	7.691364	4.049656	11.741021	2.184482
0.00763	7.095877	4.645149	11.741026	2.185643
0.00764	6.487344	5.253688	11.741032	2.186816
0.00765	5.874850	5.866188	11.741038	2.187999
0.00766	5.267543	6.473500	11.741043	2.189193
0.00767	4.674494	7.066555	11.741049	2.190394
0.00768	4.104560	7.636494	11.741054	2.191603
0.00769	3.566254	8.174805	11.741059	2.192817
0.0077	3.067611	8.673453	11.741064	2.194036
0.00771	2.616070	9.124998	11.741068	2.195259
0.00772	2.218363	9.522709	11.741072	2.196484
0.00773	1.880412	9.860663	11.741075	2.197710
0.00774	1.607240	10.133837	11.741077	2.198936
0.00775	1.402899	10.338180	11.741079	2.200162
0.00776	1.270404	10.470677	11.741080	2.201385
0.00777	1.211693	10.529388	11.741081	2.202605
0.00778	1.227599	10.513482	11.741081	2.203821
0.00779	1.317835	10.423245	11.741080	2.205032
0.0078	1.481001	10.260077	11.741078	2.206237
0.00781	1.714609	10.026467	11.741076	2.207436
0.00782	2.015117	9.725956	11.741073	2.208627
0.00783	2.377989	9.363081	11.741070	2.209810
0.00784	2.797760	8.943306	11.741066	2.210984
0.00785	3.268123	8.472939	11.741062	2.212148
0.00786	3.782022	7.959035	11.741057	2.213302
0.00787	4.331764	7.409288	11.741052	2.214445
0.00788	4.909132	6.831914	11.741046	2.215577
0.00789	5.505512	6.235528	11.741041	2.216697
0.0079	6.112023	5.629012	11.741035	2.217805
0.00791	6.719651	5.021379	11.741029	2.218901
0.00792	7.319384	4.421640	11.741024	2.219984
0.00793	7.902352	3.838666	11.741018	2.221054
0.00794	8.459955	3.281058	11.741013	2.222111
0.00795	8.983997	2.757011	11.741009	2.223154
0.00796	9.466804	2.274200	11.741004	2.224185
0.00797	9.901344	1.839657	11.741000	2.225202
0.00798	10.281324	1.459672	11.740997	2.226205
0.00799	10.601292	1.139701	11.740994	2.227196
0.008	10.856711	0.884281	11.740992	2.228174
0.00801	11.044024	0.696967	11.740990	2.229139
0.00802	11.160710	0.580279	11.740989	2.230092
0.00803	11.205317	0.535672	11.740989	2.231032
0.00804	11.177477	0.563512	11.740989	2.231961
0.00805	11.077916	0.663075	11.740991	2.232878
0.00806	10.908430	0.832562	11.740992	2.233784
0.00807	10.671864	1.069131	11.740995	2.234680
0.00808	10.372056	1.368942	11.740998	2.235566
0.00809	10.013783	1.727218	11.741001	2.236442
0.0081	9.602682	2.138323	11.741005	2.237309
0.00811	9.145163	2.595847	11.741010	2.238168
0.00812	8.648304	3.092710	11.741014	2.239019
0.00813	8.119749	3.621270	11.741020	2.239863
0.00814	7.567584	4.173441	11.741025	2.240701
0.00815	7.000213	4.740818	11.741030	2.241533
0.00816	6.426230	5.314806	11.741036	2.242360
0.00817	5.854288	5.886753	11.741041	2.243182
0.00818	5.292966	6.448080	11.741046	2.244001
0.00819	4.750638	6.990413	11.741051	2.244816
0.0082	4.235346	7.505710	11.741056	2.245630
0.00821	3.754680	7.986380	11.741060	2.246441
0.00822	3.315663	8.425402	11.741064	2.247252
0.00823	2.924643	8.816425	11.741068	2.248062
0.00824	2.587206	9.153865	11.741071	2.248872
0.00825	2.308084	9.432989	11.741073	2.249684
0.00826	2.091095	9.649980	11.741075	2.250496
0.00827	1.939081	9.801995	11.741076	2.251311
0.00828	1.853874	9.887203	11.741077	2.252128
0.00829	1.836268	9.904809	11.741076	2.252948
0.0083	1.886012	9.855064	11.741076	2.253772
0.00831	2.001822	9.739253	11.741074	2.254599
0.00832	2.181398	9.559674	11.741072	2.255430
0.00833	2.421471	9.319598	11.741070	2.256266
0.00834	2.717853	9.023213	11.741066	2.257107
0.00835	3.065506	8.675557	11.741063	2.257952
0.00836	3.458623	8.282436	11.741059	2.258802
0.00837	3.890723	7.850331	11.741054	2.259658
0.00838	4.354752	7.386297	11.741050	2.260518
0.00839	4.843196	6.897848	11.741045	2.261384
0.0084	5.348196	6.392843	11.741040	2.262254
0.00841	5.861676	5.879359	11.741035	2.263129
0.00842	6.375463	5.365567	11.741029	2.264009
0.00843	6.881420	4.859605	11.741024	2.264892
0.00844	7.371568	4.369452	11.741020	2.265780
0.00845	7.838213	3.902802	11.741015	2.266671
0.00846	8.274060	3.466950	11.741011	2.267564
0.00847	8.672330	3.068677	11.741007	2.268460
0.00848	9.026857	2.714147	11.741004	2.269357
0.00849	9.332188	2.408812	11.741001	2.270255
0.0085	9.583664	2.157334	11.740998	2.271152
0.00851	9.777487	1.963510	11.740996	2.272049
0.00852	9.910778	1.830218	11.740995	2.272944
0.00853	9.981619	1.759375	11.740995	2.273836
0.00854	9.989081	1.751913	11.740995	2.274724
0.00855	9.933233	1.807762	11.740995	2.275607
0.00856	9.815138	1.925858	11.740997	2.276484
0.00857	9.636836	2.104162	11.740999	2.277353
0.00858	9.401306	2.339695	11.741001	2.278214
0.00859	9.112418	2.628586	11.741004	2.279064
0.0086	8.774873	2.966135	11.741007	2.279902
0.00861	8.394122	3.346890	11.741011	2.280728
0.00862	7.976282	3.764733	11.741015	2.281539
0.00863	7.528042	4.212978	11.741020	2.282334
0.00864	7.056549	4.684475	11.741024	2.283112
0.00865	6.569304	5.171725	11.741029	2.283870
0.00866	6.074038	5.666996	11.741034	2.284608
0.00867	5.578594	6.162445	11.741039	2.285324
0.00868	5.090805	6.650239	11.741044	2.286016
0.00869	4.618368	7.122680	11.741049	2.286682
0.0087	4.168730	7.572323	11.741053	2.287321
0.00871	3.748968	7.992089	11.741057	2.287932
0.00872	3.365682	8.375379	11.741061	2.288512
0.00873	3.024892	8.716172	11.741064	2.289061
0.00874	2.731948	9.009119	11.741067	2.289576
0.00875	2.491443	9.249626	11.741069	2.290056
0.00876	2.307150	9.433921	11.741071	2.290500
0.00877	2.181960	9.559113	11.741073	2.290906
0.00878	2.117839	9.623234	11.741073	2.291273
0.00879	2.115804	9.625270	11.741073	2.291599
0.0088	2.175902	9.565171	11.741073	2.291883
0.00881	2.297217	9.443854	11.741071	2.292125
0.00882	2.477884	9.263185	11.741070	2.292322
0.00883	2.715120	9.025947	11.741067	2.292473
0.00884	3.005268	8.735796	11.741065	2.292578
0.00885	3.343856	8.397205	11.741061	2.292637
0.00886	3.725668	8.015390	11.741058	2.292646
0.00887	4.144826	7.596228	11.741054	2.292607
0.00888	4.594882	7.146167	11.741049	2.292519
0.00889	5.068921	6.672124	11.741045	2.292380
0.0089	5.559664	6.181376	11.741040	2.292192
0.00891	6.059585	5.681451	11.741035	2.291952
0.00892	6.561027	5.180003	11.741030	2.291661
0.00893	7.056320	4.684706	11.741026	2.291319
0.00894	7.537900	4.203122	11.741021	2.290926
0.00895	7.998422	3.742595	11.741017	2.290482
0.00896	8.430877	3.310135	11.741013	2.289988
0.00897	8.828699	2.912310	11.741009	2.289443
0.00898	9.185859	2.555146	11.741005	2.288849
0.00899	9.496966	2.244037	11.741003	2.288205
0.009	9.757338	1.983662	11.741000	2.287513
0.00901	9.963080	1.777919	11.740998	2.286774
0.00902	10.111137	1.629860	11.740997	2.285988
0.00903	10.199343	1.541653	11.740996	2.285158
0.00904	10.226447	1.514549	11.740996	2.284283
0.00905	10.192132	1.548864	11.740996	2.283366
0.00906	10.097016	1.643981	11.740997	2.282409
0.00907	9.942642	1.798357	11.740999	2.281412
0.00908	9.731447	2.009554	11.741001	2.280377
0.00909	9.466727	2.274276	11.741003	2.279307
0.0091	9.152579	2.588428	11.741006	2.278204
0.00911	8.793837	2.947173	11.741010	2.277070
0.00912	8.395996	3.345018	11.741014	2.275906
0.00913	7.965124	3.775894	11.741018	2.274716
0.00914	7.507768	4.233254	11.741022	2.273501
0.00915	7.030849	4.710178	11.741027	2.272265
0.00916	6.541558	5.199473	11.741031	2.271010
0.00917	6.047242	5.693794	11.741036	2.269738
0.00918	5.555292	6.185749	11.741040	2.268453
0.00919	5.073027	6.668018	11.741045	2.267157
0.0092	4.607584	7.133465	11.741049	2.265853
0.00921	4.165810	7.575243	11.741053	2.264545
0.00922	3.754156	7.986901	11.741057	2.263234
0.00923	3.378578	8.362482	11.741060	2.261925
0.00924	3.044453	8.696610	11.741063	2.260620
0.00925	2.756495	8.984570	11.741066	2.259322
0.00926	2.518688	9.222380	11.741068	2.258035
0.00927	2.334224	9.406845	11.741069	2.256761
0.00928	2.205465	9.535605	11.741070	2.255504
0.00929	2.133903	9.607167	11.741070	2.254267
0.0093	2.120149	9.620921	11.741070	2.253053
0.00931	2.163922	9.577147	11.741070	2.251865
0.00932	2.264063	9.477005	11.741068	2.250706
0.00933	2.418554	9.322513	11.741067	2.249578
0.00934	2.624557	9.116508	11.741064	2.248486
0.00935	2.878460	8.862602	11.741062	2.247431
0.00936	3.175940	8.565118	11.741058	2.246417
0.00937	3.512033	8.229022	11.741055	2.245446
0.00938	3.881214	7.859837	11.741051	2.244521
0.00939	4.277488	7.463559	11.741047	2.243644
0.0094	4.694484	7.046559	11.741043	2.242818
0.00941	5.125558	6.615481	11.741039	2.242045
0.00942	5.563897	6.177138	11.741035	2.241327
0.00943	6.002627	5.738403	11.741030	2.240667
0.00944	6.434922	5.306104	11.741026	2.240065
0.00945	6.854108	4.886914	11.741022	2.239525
0.00946	7.253768	4.487251	11.741018	2.239047
0.00947	7.627839	4.113176	11.741015	2.238633
0.00948	7.970708	3.770304	11.741012	2.238285
0.00949	8.277295	3.463714	11.741009	2.238004
0.0095	8.543129	3.197877	11.741006	2.237790
0.00951	8.764419	2.976585	11.741005	2.237644
0.00952	8.938103	2.802900	11.741003	2.237568
0.00953	9.061895	2.679107	11.741002	2.237561
0.00954	9.134319	2.606683	11.741002	2.237624
0.00955	9.154722	2.586280	11.741002	2.237757
0.00956	9.123283	2.617720	11.741003	2.237959
0.00957	9.041004	2.700000	11.741004	2.238232
0.00958	8.909690	2.831315	11.741005	2.238574
0.00959	8.731915	3.009093	11.741007	2.238984
0.0096	8.510975	3.230035	11.741010	2.239462
0.00961	8.250836	3.490177	11.741013	2.240007
0.00962	7.956062	3.784954	11.741016	2.240617
0.00963	7.631742	4.109277	11.741019	2.241292
0.00964	7.283406	4.457617	11.741023	2.242030
0.00965	6.916933	4.824093	11.741027	2.242829
0.00966	6.538458	5.202573	11.741031	2.243686
0.00967	6.154268	5.586767	11.741035	2.244602
0.00968	5.770705	5.970333	11.741039	2.245572
0.00969	5.394065	6.346977	11.741043	2.246594
0.0097	5.030493	6.710553	11.741046	2.247667
0.00971	4.685891	7.055159	11.741050	2.248788
0.00972	4.365819	7.375234	11.741053	2.249953
0.00973	4.075413	7.665643	11.741056	2.251160
0.00974	3.819301	7.921757	11.741058	2.252406
0.00975	3.601533	8.139527	11.741060	2.253687
0.00976	3.425520	8.315542	11.741062	2.255001
0.00977	3.293978	8.447086	11.741063	2.256344
0.00978	3.208890	8.532174	11.741064	2.257713
0.00979	3.171480	8.569585	11.741064	2.259104
0.0098	3.182191	8.558874	11.741064	2.260514
0.00981	3.240684	8.500379	11.741064	2.261938
0.00982	3.345850	8.395213	11.741062	2.263374
0.00983	3.495822	8.245239	11.741061	2.264818
0.00984	3.688017	8.053042	11.741059	2.266265
0.00985	3.919175	7.821882	11.741056	2.267713
0.00986	4.185415	7.555639	11.741053	2.269157
0.00987	4.482300	7.258750	11.741050	2.270593
0.00988	4.804910	6.936137	11.741047	2.272018
0.00989	5.147921	6.593122	11.741044	2.273429
0.0099	5.505696	6.235344	11.741040	2.274820
0.00991	5.872371	5.868665	11.741036	2.276190
0.00992	6.241955	5.499077	11.741032	2.277533
0.00993	6.608422	5.132606	11.741029	2.278848
0.00994	6.965812	4.775213	11.741025	2.280129
0.00995	7.308322	4.432700	11.741022	2.281374
0.00996	7.630403	4.110615	11.741018	2.282580
0.00997	7.926847	3.814168	11.741015	2.283743
0.00998	8.192866	3.548147	11.741013	2.284860
0.00999	8.424172	3.316838	11.741010	2.285929
0.01	8.617044	3.123965	11.741008	2.286947
0.01001	8.768382	2.972625	11.741007	2.287910
0.01002	8.875761	2.865245	11.741006	2.288816
0.01003	8.937462	2.803543	11.741005	2.289664
0.01004	8.952505	2.788500	11.741005	2.290450
0.01005	8.920653	2.820352	11.741005	2.291173
0.01006	8.842425	2.898581	11.741006	2.291831
0.01007	8.719078	3.021929	11.741007	2.292422
0.01008	8.552589	3.188420	11.741009	2.292944
0.01009	8.345618	3.395393	11.741011	2.293397
0.0101	8.101471	3.639543	11.741013	2.293779
0.01011	7.824037	3.916979	11.741016	2.294089
0.01012	7.517733	4.223287	11.741019	2.294326
0.01013	7.187426	4.553597	11.741023	2.294490
0.01014	6.838358	4.902668	11.741026	2.294580
0.01015	6.476061	5.264968	11.741030	2.294596
0.01016	6.106270	5.634763	11.741033	2.294538
0.01017	5.734826	6.006211	11.741037	2.294407
0.01018	5.367591	6.373450	11.741041	2.294202
0.01019	5.010347	6.730697	11.741044	2.293924
0.0102	4.668712	7.072336	11.741047	2.293574
0.01021	4.348044	7.393007	11.741051	2.293153
0.01022	4.053362	7.687691	11.741053	2.292662
0.01023	3.789268	7.951788	11.741056	2.292102
0.01024	3.559869	8.181189	11.741058	2.291475
0.01025	3.368720	8.372340	11.741060	2.290782
0.01026	3.218768	8.522294	11.741062	2.290025
0.01027	3.112303	8.628759	11.741063	2.289206
0.01028	3.050930	8.690133	11.741063	2.288327
0.01029	3.035541	8.705522	11.741063	2.287391
0.0103	3.066306	8.674757	11.741063	2.286399
0.01031	3.142670	8.598392	11.741062	2.285354
0.01032	3.263367	8.477694	11.741061	2.284258
0.01033	3.426442	8.314617	11.741059	2.283115
0.01034	3.629284	8.111773	11.741057	2.281928
0.01035	3.868668	7.872387	11.741055	2.280698
0.01036	4.140810	7.600242	11.741052	2.279429
0.01037	4.441430	7.299619	11.741049	2.278124
0.01038	4.765821	6.975225	11.741046	2.276786
0.01039	5.108922	6.632121	11.741043	2.275419
0.0104	5.465405	6.275634	11.741039	2.274025
0.01041	5.829757	5.911279	11.741036	2.272607
0.01042	6.196367	5.544665	11.741032	2.271169
0.01043	6.559619	5.181409	11.741029	2.269715
0.01044	6.913979	4.827046	11.741025	2.268246
0.01045	7.254082	4.486940	11.741022	2.266767
0.01046	7.574815	4.166204	11.741019	2.265281
0.01047	7.871402	3.869615	11.741016	2.263791
0.01048	8.139471	3.601544	11.741014	2.262299
0.01049	8.375127	3.365885	11.741012	2.260810
0.0105	8.575010	3.166001	11.741010	2.259326
0.01051	8.736343	3.004666	11.741009	2.257850
0.01052	8.856978	2.884029	11.741008	2.256384
0.01053	8.935423	2.805585	11.741007	2.254933
0.01054	8.970861	2.770146	11.741007	2.253498
0.01055	8.963165	2.777843	11.741008	2.252082
0.01056	8.912889	2.828119	11.741008	2.250687
0.01057	8.821263	2.919747	11.741010	2.249316
0.01058	8.690160	3.050851	11.741011	2.247971
0.01059	8.522072	3.218941	11.741013	2.246655
0.0106	8.320058	3.420957	11.741015	2.245368
0.01061	8.087698	3.653320	11.741018	2.244114
0.01062	7.829026	3.911995	11.741021	2.242893
0.01063	7.548468	4.192556	11.741024	2.241708
0.01064	7.250765	4.490262	11.741027	2.240560
0.01065	6.940893	4.800137	11.741030	2.239449
0.01066	6.623987	5.117047	11.741033	2.238378
0.01067	6.305248	5.435788	11.741036	2.237346
0.01068	5.989868	5.751171	11.741040	2.236356
0.01069	5.682938	6.058105	11.741043	2.235407
0.0107	5.389367	6.351679	11.741046	2.234499
0.01071	5.113808	6.627240	11.741048	2.233634
0.01072	4.860578	6.880473	11.741051	2.232812
0.01073	4.633592	7.107461	11.741053	2.232032
0.01074	4.436303	7.304752	11.741055	2.231294
0.01075	4.271642	7.469414	11.741056	2.230598
0.01076	4.141981	7.599076	11.741057	2.229944
0.01077	4.049093	7.691965	11.741058	2.229331
0.01078	3.994124	7.746934	11.741058	2.228757
0.01079	3.977584	7.763474	11.741058	2.228224
0.0108	3.999337	7.741721	11.741058	2.227728
0.01081	4.058609	7.682448	11.741057	2.227270
0.01082	4.154003	7.587053	11.741056	2.226849
0.01083	4.283529	7.457525	11.741054	2.226461
0.01084	4.444634	7.296418	11.741052	2.226107
0.01085	4.634256	7.106794	11.741050	2.225785
0.01086	4.848870	6.892178	11.741048	2.225493
0.01087	5.084551	6.656494	11.741045	2.225230
0.01088	5.337045	6.403997	11.741042	2.224993
0.01089	5.601838	6.139201	11.741039	2.224780
0.0109	5.874236	5.866800	11.741036	2.224591
0.01091	6.149440	5.591593	11.741033	2.224423
0.01092	6.422632	5.318398	11.741030	2.224273
0.01093	6.689054	5.051973	11.741027	2.224141
0.01094	6.944087	4.796937	11.741024	2.224023
0.01095	7.183331	4.557691	11.741022	2.223918
0.01096	7.402676	4.338343	11.741020	2.223824
0.01097	7.598373	4.142645	11.741017	2.223738
0.01098	7.767094	3.973922	11.741016	2.223659
0.01099	7.905990	3.835024	11.741014	2.223584
0.011	8.012735	3.728278	11.741013	2.223512
0.01101	8.085567	3.655445	11.741012	2.223441
0.01102	8.123318	3.617694	11.741012	2.223367
0.01103	8.125426	3.615586	11.741012	2.223291
0.01104	8.091953	3.649060	11.741012	2.223209
0.01105	8.023576	3.717438	11.741013	2.223121
0.01106	7.921579	3.819435	11.741014	2.223023
0.01107	7.787830	3.953186	11.741016	2.222916
0.01108	7.624747	4.116271	11.741018	2.222796
0.01109	7.435258	4.305762	11.741020	2.222664
0.0111	7.222754	4.518269	11.741022	2.222516
0.01111	6.991025	4.750000	11.741025	2.222352
0.01112	6.744202	4.996825	11.741028	2.222172
0.01113	6.486685	5.254345	11.741031	2.221973
0.01114	6.223067	5.517966	11.741033	2.221755
0.01115	5.958057	5.782979	11.741036	2.221517
0.01116	5.696401	6.044639	11.741039	2.221258
0.01117	5.442798	6.298244	11.741042	2.220978
0.01118	5.201828	6.539217	11.741045	2.220675
0.01119	4.977863	6.763184	11.741048	2.220351
0.0112	4.775002	6.966048	11.741050	2.220004
0.01121	4.596995	7.144057	11.741052	2.219634
0.01122	4.447181	7.293872	11.741054	2.219242
0.01123	4.328429	7.412626	11.741055	2.218826
0.01124	4.243088	7.497968	11.741056	2.218389
0.01125	4.192948	7.548109	11.741057	2.217929
0.01126	4.179202	7.561855	11.741057	2.217447
0.01127	4.202432	7.538626	11.741057	2.216944
0.01128	4.262588	7.478469	11.741057	2.216420
0.01129	4.358992	7.382064	11.741056	2.215876
0.0113	4.490347	7.250708	11.741055	2.215313
0.01131	4.654750	7.086303	11.741053	2.214731
0.01132	4.849729	6.891322	11.741052	2.214132
0.01133	5.072277	6.668772	11.741049	2.213517
0.01134	5.318900	6.422146	11.741047	2.212886
0.01135	5.585676	6.155369	11.741044	2.212241
0.01136	5.868313	5.872728	11.741041	2.211584
0.01137	6.162226	5.578813	11.741038	2.210914
0.01138	6.462604	5.278431	11.741035	2.210235
0.01139	6.764497	4.976535	11.741032	2.209546
0.0114	7.062889	4.678140	11.741029	2.208850
0.01141	7.352787	4.388239	11.741026	2.208147
0.01142	7.629304	4.111719	11.741023	2.207440
0.01143	7.887734	3.853287	11.741020	2.206729
0.01144	8.123638	3.617380	11.741018	2.206016
0.01145	8.332917	3.408099	11.741015	2.205303
0.01146	8.511878	3.229136	11.741013	2.204590
0.01147	8.657300	3.083711	11.741012	2.203880
0.01148	8.766492	2.974518	11.741010	2.203173
0.01149	8.837335	2.903675	11.741009	2.202470
0.0115	8.868321	2.872687	11.741009	2.201774
0.01151	8.858587	2.882421	11.741009	2.201084
0.01152	8.807926	2.933083	11.741009	2.200403
0.01153	8.716796	3.024214	11.741010	2.199731
0.01154	8.586317	3.154694	11.741011	2.199070
0.01155	8.418259	3.322754	11.741012	2.198419
0.01156	8.215010	3.526004	11.741014	2.197781
0.01157	7.979548	3.761468	11.741016	2.197155
0.01158	7.715392	4.025627	11.741019	2.196542
0.01159	7.426546	4.314476	11.741022	2.195943
0.0116	7.117441	4.623583	11.741025	2.195359
0.01161	6.792864	4.948164	11.741028	2.194789
0.01162	6.457879	5.283152	11.741031	2.194234
0.01163	6.117752	5.623283	11.741034	2.193693
0.01164	5.777861	5.963177	11.741038	2.193168
0.01165	5.443616	6.297426	11.741041	2.192657
0.01166	5.120364	6.620680	11.741044	2.192161
0.01167	4.813310	6.927737	11.741048	2.191679
0.01168	4.527428	7.213623	11.741050	2.191211
0.01169	4.267378	7.473675	11.741053	2.190755
0.0117	4.037433	7.703623	11.741056	2.190312
0.01171	3.841407	7.899650	11.741058	2.189881
0.01172	3.682590	8.058469	11.741059	2.189460
0.01173	3.563694	8.177367	11.741061	2.189049
0.01174	3.486804	8.254257	11.741062	2.188647
0.01175	3.453345	8.287717	11.741062	2.188252
0.01176	3.464052	8.277010	11.741062	2.187862
0.01177	3.518958	8.222103	11.741062	2.187478
0.01178	3.617389	8.123672	11.741061	2.187096
0.01179	3.757970	7.983089	11.741059	2.186716
0.0118	3.938647	7.802411	11.741058	2.186336
0.01181	4.156712	7.584343	11.741056	2.185954
0.01182	4.408849	7.332204	11.741053	2.185568
0.01183	4.691181	7.049869	11.741050	2.185177
0.01184	4.999329	6.741718	11.741047	2.184779
0.01185	5.328483	6.412561	11.741044	2.184371
0.01186	5.673474	6.067567	11.741041	2.183953
0.01187	6.028858	5.712180	11.741037	2.183521
0.01188	6.388999	5.352035	11.741034	2.183075
0.01189	6.748161	4.992869	11.741030	2.182611
0.0119	7.100600	4.640426	11.741027	2.182129
0.01191	7.440653	4.300370	11.741023	2.181626
0.01192	7.762831	3.978189	11.741020	2.181100
0.01193	8.061908	3.679109	11.741017	2.180549
0.01194	8.333004	3.408010	11.741014	2.179972
0.01195	8.571667	3.169344	11.741012	2.179367
0.01196	8.773945	2.967064	11.741009	2.178732
0.01197	8.936452	2.804556	11.741008	2.178066
0.01198	9.056422	2.684585	11.741006	2.177366
0.01199	9.131759	2.609247	11.741006	2.176632
0.012	9.161073	2.579932	11.741005	2.175862
0.01201	9.143704	2.597301	11.741005	2.175055
0.01202	9.079738	2.661268	11.741006	2.174209
0.01203	8.970004	2.771003	11.741007	2.173324
0.01204	8.816068	2.924940	11.741008	2.172399
0.01205	8.620213	3.120797	11.741010	2.171432
0.01206	8.385398	3.355614	11.741012	2.170424
0.01207	8.115221	3.625793	11.741015	2.169374
0.01208	7.813861	3.927157	11.741018	2.168280
0.01209	7.486011	4.255010	11.741021	2.167144
0.0121	7.136811	4.604213	11.741024	2.165965
0.01211	6.771763	4.969265	11.741028	2.164744
0.01212	6.396646	5.344386	11.741032	2.163479
0.01213	6.017423	5.723612	11.741036	2.162173
0.01214	5.640151	6.100888	11.741039	2.160825
0.01215	5.270878	6.470165	11.741043	2.159437
0.01216	4.915552	6.825494	11.741047	2.158009
0.01217	4.579921	7.161129	11.741050	2.156542
0.01218	4.269441	7.471612	11.741053	2.155038
0.01219	3.989191	7.751865	11.741056	2.153498
0.0122	3.743784	7.997275	11.741059	2.151924
0.01221	3.537295	8.203766	11.741061	2.150317
0.01222	3.373193	8.367870	11.741063	2.148680
0.01223	3.254280	8.486784	11.741064	2.147015
0.01224	3.182647	8.558418	11.741065	2.145324
0.01225	3.159634	8.581432	11.741065	2.143609
0.01226	3.185804	8.555261	11.741065	2.141872
0.01227	3.260935	8.480129	11.741064	2.140118
0.01228	3.384015	8.357048	11.741063	2.138347
0.01229	3.553256	8.187805	11.741062	2.136564
0.0123	3.766119	7.974940	11.741060	2.134772
0.01231	4.019350	7.721707	11.741057	2.132972
0.01232	4.309028	7.432027	11.741054	2.131170
0.01233	4.630625	7.110426	11.741051	2.129367
0.01234	4.979076	6.761972	11.741048	2.127568
0.01235	5.348853	6.392191	11.741044	2.125776
0.01236	5.734057	6.006984	11.741040	2.123995
0.01237	6.128503	5.612533	11.741036	2.122227
0.01238	6.525823	5.215210	11.741032	2.120477
0.01239	6.919562	4.821466	11.741028	2.118748
0.0124	7.303285	4.437739	11.741024	2.117044
0.01241	7.670673	4.070347	11.741020	2.115369
0.01242	8.015632	3.725385	11.741017	2.113726
0.01243	8.332384	3.408630	11.741013	2.112118
0.01244	8.615564	3.125446	11.741010	2.110550
0.01245	8.860310	2.880698	11.741008	2.109024
0.01246	9.062336	2.678669	11.741005	2.107545
0.01247	9.218012	2.522992	11.741003	2.106116
0.01248	9.324418	2.416584	11.741002	2.104739
0.01249	9.379400	2.361602	11.741001	2.103418
0.0125	9.381603	2.359398	11.741001	2.102157
0.01251	9.330503	2.410499	11.741001	2.100958
0.01252	9.226416	2.514586	11.741002	2.099824
0.01253	9.070501	2.670502	11.741003	2.098758
0.01254	8.864744	2.876261	11.741005	2.097762
0.01255	8.611934	3.129073	11.741007	2.096838
0.01256	8.315623	3.425387	11.741010	2.095990
0.01257	7.980072	3.760941	11.741013	2.095219
0.01258	7.610195	4.130821	11.741016	2.094526
0.01259	7.211479	4.529541	11.741020	2.093914
0.0126	6.789904	4.951120	11.741024	2.093385
0.01261	6.351852	5.389176	11.741028	2.092938
0.01262	5.904012	5.837021	11.741033	2.092576
0.01263	5.453270	6.287767	11.741037	2.092299
0.01264	5.006611	6.734430	11.741041	2.092108
0.01265	4.571004	7.170042	11.741046	2.092004
0.01266	4.153295	7.587755	11.741050	2.091986
0.01267	3.760102	7.980952	11.741054	2.092054
0.01268	3.397707	8.343351	11.741057	2.092208
0.01269	3.071957	8.669104	11.741061	2.092449
0.0127	2.788171	8.952892	11.741064	2.092774
0.01271	2.551057	9.190009	11.741066	2.093183
0.01272	2.364628	9.376440	11.741068	2.093675
0.01273	2.232144	9.508925	11.741070	2.094248
0.01274	2.156054	9.585017	11.741071	2.094902
0.01275	2.137950	9.603121	11.741071	2.095633
0.01276	2.178545	9.562526	11.741071	2.096440
0.01277	2.277652	9.463419	11.741070	2.097320
0.01278	2.434182	9.306887	11.741069	2.098272
0.01279	2.646160	9.094907	11.741067	2.099292
0.0128	2.910750	8.830315	11.741065	2.100378
0.01281	3.224290	8.516772	11.741062	2.101526
0.01282	3.582351	8.158708	11.741059	2.102734
0.01283	3.979796	7.761259	11.741055	2.103997
0.01284	4.410862	7.330190	11.741051	2.105313
0.01285	4.869238	6.871809	11.741047	2.106678
0.01286	5.348167	6.392876	11.741043	2.108088
0.01287	5.840544	5.900494	11.741038	2.109539
0.01288	6.339025	5.402009	11.741033	2.111027
0.01289	6.836138	4.904891	11.741029	2.112548
0.0129	7.324399	4.416626	11.741024	2.114098
0.01291	7.796425	3.944595	11.741020	2.115673
0.01292	8.245050	3.495966	11.741015	2.117267
0.01293	8.663433	3.077578	11.741011	2.118878
0.01294	9.045168	2.695840	11.741008	2.120500
0.01295	9.384379	2.356625	11.741004	2.122129
0.01296	9.675818	2.065184	11.741002	2.123761
0.01297	9.914941	1.826058	11.740999	2.125391
0.01298	10.097988	1.643010	11.740997	2.127015
0.01299	10.222034	1.518962	11.740996	2.128628
0.013	10.285044	1.455951	11.740995	2.130227
0.01301	10.285905	1.455090	11.740995	2.131807
0.01302	10.224443	1.516553	11.740996	2.133364
0.01303	10.101432	1.639565	11.740997	2.134894
0.01304	9.918581	1.822418	11.740999	2.136393
0.01305	9.678514	2.062487	11.741001	2.137857
0.01306	9.384732	2.356272	11.741003	2.139283
0.01307	9.041556	2.699450	11.741007	2.140666
0.01308	8.654071	3.086939	11.741010	2.142004
0.01309	8.228043	3.512971	11.741014	2.143294
0.0131	7.769834	3.971184	11.741018	2.144532
0.01311	7.286308	4.454715	11.741023	2.145715
0.01312	6.784722	4.956305	11.741028	2.146841
0.01313	6.272621	5.468412	11.741033	2.147907
0.01314	5.757716	5.983322	11.741037	2.148912
0.01315	5.247771	6.493271	11.741042	2.149852
0.01316	4.750482	6.990565	11.741047	2.150726
0.01317	4.273358	7.467693	11.741051	2.151533
0.01318	3.823605	7.917451	11.741056	2.152271
0.01319	3.408013	8.333046	11.741060	2.152939
0.0132	3.032857	8.708206	11.741063	2.153535
0.01321	2.703790	9.037276	11.741066	2.154060
0.01322	2.425763	9.315305	11.741069	2.154513
0.01323	2.202943	9.538127	11.741071	2.154894
0.01324	2.038650	9.702423	11.741072	2.155202
0.01325	1.935301	9.805772	11.741073	2.155438
0.01326	1.894376	9.846697	11.741074	2.155602
0.01327	1.916392	9.824681	11.741073	2.155696
0.01328	2.000892	9.740181	11.741073	2.155720
0.01329	2.146452	9.594619	11.741071	2.155674
0.0133	2.350704	9.390365	11.741069	2.155562
0.01331	2.610369	9.130698	11.741066	2.155384
0.01332	2.921305	8.819758	11.741063	2.155142
0.01333	3.278576	8.462484	11.741060	2.154838
0.01334	3.676522	8.064533	11.741056	2.154475
0.01335	4.108850	7.632202	11.741052	2.154054
0.01336	4.568727	7.172320	11.741047	2.153579
0.01337	5.048890	6.692152	11.741042	2.153052
0.01338	5.541755	6.199282	11.741037	2.152475
0.01339	6.039538	5.701495	11.741032	2.151853
0.0134	6.534371	5.206656	11.741028	2.151188
0.01341	7.018432	4.722591	11.741023	2.150483
0.01342	7.484059	4.256959	11.741018	2.149742
0.01343	7.923876	3.817137	11.741014	2.148968
0.01344	8.330907	3.410103	11.741010	2.148165
0.01345	8.698682	3.042324	11.741006	2.147337
0.01346	9.021345	2.719658	11.741003	2.146487
0.01347	9.293743	2.447257	11.741000	2.145618
0.01348	9.511508	2.229490	11.740998	2.144735
0.01349	9.671127	2.069869	11.740996	2.143842
0.0135	9.770001	1.970994	11.740995	2.142941
0.01351	9.806484	1.934511	11.740995	2.142038
0.01352	9.779913	1.961082	11.740995	2.141135
0.01353	9.690621	2.050375	11.740996	2.140236
0.01354	9.539930	2.201068	11.740997	2.139345
0.01355	9.330138	2.410861	11.740999	2.138465
0.01356	9.064484	2.676518	11.741002	2.137601
0.01357	8.747095	2.993910	11.741005	2.136754
0.01358	8.382931	3.358078	11.741009	2.135929
0.01359	7.977703	3.763310	11.741013	2.135129
0.0136	7.537789	4.203228	11.741017	2.134356
0.01361	7.070136	4.670885	11.741022	2.133614
0.01362	6.582153	5.158874	11.741026	2.132905
0.01363	6.081592	5.659439	11.741031	2.132233
0.01364	5.576435	6.164602	11.741037	2.131598
0.01365	5.074764	6.666277	11.741042	2.131004
0.01366	4.584639	7.156408	11.741046	2.130452
0.01367	4.113967	7.627084	11.741051	2.129945
0.01368	3.670383	8.070673	11.741056	2.129484
0.01369	3.261128	8.479932	11.741060	2.129070
0.0137	2.892932	8.848132	11.741064	2.128706
0.01371	2.571911	9.169156	11.741067	2.128391
0.01372	2.303469	9.437601	11.741070	2.128127
0.01373	2.092207	9.648865	11.741072	2.127914
0.01374	1.941854	9.799221	11.741074	2.127753
0.01375	1.855201	9.885874	11.741075	2.127643
0.01376	1.834058	9.907017	11.741076	2.127586
0.01377	1.879221	9.861855	11.741076	2.127580
0.01378	1.990451	9.750623	11.741075	2.127625
0.01379	2.166484	9.574590	11.741073	2.127721
0.0138	2.405035	9.336037	11.741071	2.127866
0.01381	2.702838	9.038231	11.741069	2.128060
0.01382	3.055690	8.685376	11.741066	2.128301
0.01383	3.458511	8.282551	11.741062	2.128588
0.01384	3.905421	7.835636	11.741058	2.128918
0.01385	4.389829	7.351224	11.741053	2.129291
0.01386	4.904529	6.836520	11.741048	2.129705
0.01387	5.441809	6.299234	11.741043	2.130156
0.01388	5.993573	5.747465	11.741038	2.130643
0.01389	6.551457	5.189576	11.741033	2.131163
0.0139	7.106964	4.634064	11.741028	2.131714
0.01391	7.651588	4.089434	11.741022	2.132293
0.01392	8.176951	3.564066	11.741017	2.132897
0.01393	8.674926	3.066087	11.741012	2.133523
0.01394	9.137768	2.603240	11.741008	2.134169
0.01395	9.558231	2.182772	11.741004	2.134830
0.01396	9.929685	1.811315	11.741000	2.135505
0.01397	10.246214	1.494783	11.740997	2.136189
0.01398	10.502714	1.238280	11.740994	2.136881
0.01399	10.694974	1.046018	11.740992	2.137575
0.014	10.819739	0.921251	11.740991	2.138270
0.01401	10.874771	0.866219	11.740990	2.138961
0.01402	10.858878	0.882112	11.740990	2.139647
0.01403	10.771941	0.969049	11.740990	2.140322
0.01404	10.614920	1.126071	11.740992	2.140986
0.01405	10.389840	1.351153	11.740994	2.141634
0.01406	10.099765	1.641231	11.740996	2.142263
0.01407	9.748755	1.992245	11.740999	2.142870
0.01408	9.341805	2.399198	11.741003	2.143454
0.01409	8.884777	2.856230	11.741007	2.144010
0.0141	8.384306	3.356705	11.741012	2.144537
0.01411	7.847710	3.893307	11.741017	2.145033
0.01412	7.282873	4.458149	11.741022	2.145494
0.01413	6.698131	5.042897	11.741027	2.145918
0.01414	6.102146	5.638887	11.741033	2.146305
0.01415	5.503776	6.237263	11.741038	2.146652
0.01416	4.911939	6.829105	11.741044	2.146957
0.01417	4.335481	7.405568	11.741049	2.147219
0.01418	3.783040	7.958014	11.741055	2.147437
0.01419	3.262914	8.478145	11.741059	2.147610
0.0142	2.782937	8.958127	11.741064	2.147737
0.01421	2.350357	9.390712	11.741068	2.147818
0.01422	1.971726	9.769346	11.741072	2.147851
0.01423	1.652801	10.088273	11.741075	2.147839
0.01424	1.398455	10.342622	11.741077	2.147779
0.01425	1.212598	10.528481	11.741079	2.147673
0.01426	1.098123	10.642957	11.741080	2.147521
0.01427	1.056854	10.684226	11.741081	2.147324
0.01428	1.089523	10.651558	11.741080	2.147083
0.01429	1.195751	10.545328	11.741079	2.146799
0.0143	1.374060	10.367018	11.741078	2.146474
0.01431	1.621885	10.119190	11.741076	2.146109
0.01432	1.935621	9.805452	11.741073	2.145706
0.01433	2.310668	9.430401	11.741069	2.145267
0.01434	2.741506	8.999559	11.741065	2.144795
0.01435	3.221774	8.519287	11.741061	2.144292
0.01436	3.744366	7.996690	11.741056	2.143761
0.01437	4.301539	7.439511	11.741051	2.143204
0.01438	4.885030	6.856015	11.741045	2.142625
0.01439	5.486179	6.254861	11.741040	2.142026
0.0144	6.096060	5.644974	11.741034	2.141411
0.01441	6.705618	5.035410	11.741028	2.140784
0.01442	7.305804	4.435219	11.741023	2.140147
0.01443	7.887711	3.853306	11.741017	2.139505
0.01444	8.442714	3.298299	11.741012	2.138861
0.01445	8.962592	2.778415	11.741008	2.138220
0.01446	9.439663	2.301340	11.741003	2.137584
0.01447	9.866890	1.874109	11.740999	2.136958
0.01448	10.237997	1.502999	11.740996	2.136346
0.01449	10.547555	1.193438	11.740993	2.135752
0.0145	10.791071	0.949919	11.740991	2.135180
0.01451	10.965056	0.775933	11.740989	2.134634
0.01452	11.067071	0.673917	11.740988	2.134118
0.01453	11.095770	0.645218	11.740988	2.133636
0.01454	11.050920	0.690069	11.740989	2.133191
0.01455	10.933397	0.807593	11.740990	2.132788
0.01456	10.745183	0.995809	11.740992	2.132431
0.01457	10.489326	1.251669	11.740995	2.132122
0.01458	10.169897	1.571101	11.740998	2.131866
0.01459	9.791928	1.949073	11.741001	2.131667
0.0146	9.361334	2.379671	11.741006	2.131526
0.01461	8.884822	2.856188	11.741010	2.131448
0.01462	8.369788	3.371227	11.741015	2.131435
0.01463	7.824205	3.916815	11.741020	2.131491
0.01464	7.256501	4.484525	11.741026	2.131618
0.01465	6.675427	5.065604	11.741032	2.131817
0.01466	6.089929	5.651108	11.741037	2.132093
0.01467	5.509006	6.232037	11.741043	2.132445
0.01468	4.941575	6.799473	11.741048	2.132877
0.01469	4.396335	7.344719	11.741053	2.133390
0.0147	3.881631	7.859427	11.741058	2.133985
0.01471	3.405332	8.335731	11.741063	2.134663
0.01472	2.974707	8.766360	11.741067	2.135424
0.01473	2.596315	9.144756	11.741071	2.136270
0.01474	2.275905	9.465169	11.741074	2.137201
0.01475	2.018329	9.722747	11.741076	2.138216
0.01476	1.827469	9.913609	11.741078	2.139315
0.01477	1.706177	10.034902	11.741079	2.140498
0.01478	1.656231	10.084848	11.741079	2.141764
0.01479	1.678311	10.062768	11.741079	2.143112
0.0148	1.771987	9.969091	11.741078	2.144540
0.01481	1.935728	9.805348	11.741077	2.146047
0.01482	2.166924	9.574150	11.741074	2.147631
0.01483	2.461929	9.279142	11.741071	2.149289
0.01484	2.816116	8.924952	11.741068	2.151019
0.01485	3.223948	8.517115	11.741064	2.152819
0.01486	3.679066	8.061993	11.741059	2.154686
0.01487	4.174384	7.566671	11.741055	2.156616
0.01488	4.702198	7.038851	11.741050	2.158606
0.01489	5.254310	6.486734	11.741044	2.160653
0.0149	5.822146	5.918893	11.741039	2.162752
0.01491	6.396894	5.344139	11.741033	2.164900
0.01492	6.969636	4.771391	11.741028	2.167093
0.01493	7.531488	4.209534	11.741022	2.169325
0.01494	8.073732	3.667285	11.741017	2.171594
0.01495	8.587955	3.153057	11.741012	2.173893
0.01496	9.066174	2.674833	11.741007	2.176219
0.01497	9.500961	2.240042	11.741003	2.178566
0.01498	9.885557	1.855443	11.740999	2.180929
0.01499	10.213972	1.527024	11.740996	2.183304
0.015	10.481082	1.259911	11.740993	2.185685
0.01501	10.682705	1.058286	11.740991	2.188067
0.01502	10.815665	0.925325	11.740990	2.190445
0.01503	10.877842	0.863147	11.740989	2.192813
0.01504	10.868202	0.872787	11.740989	2.195167
0.01505	10.786816	0.954174	11.740990	2.197501
0.01506	10.634857	1.106134	11.740992	2.199809
0.01507	10.414582	1.326411	11.740994	2.202088
0.01508	10.129299	1.611697	11.740996	2.204332
0.01509	9.783315	1.957684	11.741000	2.206535
0.0151	9.381871	2.359133	11.741003	2.208694
0.01511	8.931059	2.809948	11.741008	2.210803
0.01512	8.437736	3.303276	11.741012	2.212857
0.01513	7.909411	3.831607	11.741017	2.214853
0.01514	7.354133	4.386890	11.741023	2.216785
0.01515	6.780373	4.960656	11.741028	2.218650
0.01516	6.196885	5.544149	11.741034	2.220444
0.01517	5.612583	6.128457	11.741039	2.222164
0.01518	5.036395	6.704650	11.741045	2.223805
0.01519	4.477135	7.263915	11.741050	2.225364
0.0152	3.943363	7.797692	11.741055	2.226839
0.01521	3.443257	8.297803	11.741060	2.228226
0.01522	2.984488	8.756577	11.741065	2.229523
0.01523	2.574102	9.166967	11.741069	2.230728
0.01524	2.218415	9.522657	11.741072	2.231839
0.01525	1.922915	9.818160	11.741075	2.232854
0.01526	1.692180	10.048897	11.741077	2.233772
0.01527	1.529806	10.211273	11.741079	2.234592
0.01528	1.438357	10.302723	11.741080	2.235313
0.01529	1.419321	10.321759	11.741080	2.235934
0.0153	1.473091	10.267988	11.741079	2.236455
0.01531	1.598961	10.142117	11.741078	2.236877
0.01532	1.795131	9.945946	11.741077	2.237200
0.01533	2.058741	9.682334	11.741074	2.237425
0.01534	2.385911	9.355160	11.741071	2.237552
0.01535	2.771803	8.969265	11.741067	2.237583
0.01536	3.210693	8.530371	11.741063	2.237520
0.01537	3.696058	8.045001	11.741059	2.237365
0.01538	4.220678	7.520376	11.741054	2.237120
0.01539	4.776742	6.964307	11.741049	2.236787
0.0154	5.355970	6.385074	11.741043	2.236369
0.01541	5.949736	5.791302	11.741038	2.235870
0.01542	6.549201	5.191831	11.741032	2.235293
0.01543	7.145446	4.595581	11.741027	2.234641
0.01544	7.729606	4.011415	11.741021	2.233918
0.01545	8.293005	3.448011	11.741016	2.233128
0.01546	8.827285	2.913726	11.741011	2.232276
0.01547	9.324536	2.416470	11.741007	2.231365
0.01548	9.777410	1.963593	11.741002	2.230401
0.01549	10.179232	1.561767	11.740999	2.229389
0.0155	10.524102	1.216893	11.740996	2.228332
0.01551	10.806983	0.934010	11.740993	2.227237
0.01552	11.023770	0.717221	11.740991	2.226108
0.01553	11.171357	0.569633	11.740990	2.224951
0.01554	11.247678	0.493311	11.740989	2.223772
0.01555	11.251736	0.489253	11.740989	2.222575
0.01556	11.183618	0.557372	11.740990	2.221366
0.01557	11.044490	0.696502	11.740991	2.220152
0.01558	10.836575	0.904419	11.740993	2.218936
0.01559	10.563121	1.177875	11.740996	2.217726
0.0156	10.228345	1.512654	11.740999	2.216526
0.01561	9.837372	1.903631	11.741003	2.215343
0.01562	9.396149	2.344858	11.741007	2.214181
0.01563	8.911358	2.829653	11.741012	2.213046
0.01564	8.390311	3.350705	11.741017	2.211944
0.01565	7.840838	3.900184	11.741022	2.210879
0.01566	7.271166	4.469861	11.741027	2.209857
0.01567	6.689796	5.051237	11.741032	2.208883
0.01568	6.105371	5.635667	11.741038	2.207961
0.01569	5.526546	6.214497	11.741043	2.207097
0.0157	4.961860	6.779188	11.741048	2.206294
0.01571	4.419601	7.321452	11.741053	2.205557
0.01572	3.907686	7.833372	11.741058	2.204891
0.01573	3.433542	8.307520	11.741062	2.204298
0.01574	3.003995	8.737071	11.741066	2.203783
0.01575	2.625168	9.115901	11.741069	2.203349
0.01576	2.302392	9.438680	11.741072	2.202999
0.01577	2.040128	9.700946	11.741074	2.202736
0.01578	1.841903	9.899173	11.741076	2.202563
0.01579	1.710259	10.030818	11.741077	2.202481
0.0158	1.646722	10.094356	11.741077	2.202494
0.01581	1.651778	10.089299	11.741077	2.202602
0.01582	1.724876	10.016200	11.741076	2.202807
0.01583	1.864435	9.876639	11.741074	2.203111
0.01584	2.067877	9.673195	11.741072	2.203514
0.01585	2.331670	9.409400	11.741069	2.204016
0.01586	2.651383	9.089683	11.741066	2.204619
0.01587	3.021763	8.719300	11.741062	2.205321
0.01588	3.436814	8.304244	11.741058	2.206123
0.01589	3.889896	7.851158	11.741054	2.207023
0.0159	4.373826	7.367223	11.741049	2.208021
0.01591	4.880995	6.860049	11.741044	2.209116
0.01592	5.403480	6.337559	11.741039	2.210306
0.01593	5.933174	5.807859	11.741034	2.211588
0.01594	6.461906	5.279122	11.741029	2.212962
0.01595	6.981569	4.759454	11.741024	2.214424
0.01596	7.484243	4.256776	11.741019	2.215973
0.01597	7.962316	3.778699	11.741014	2.217604
0.01598	8.408600	3.332410	11.741010	2.219314
0.01599	8.816438	2.924568	11.741006	2.221101
0.016	9.179807	2.561196	11.741003	2.222961
0.01601	9.493403	2.247597	11.741000	2.224890
0.01602	9.752721	1.988277	11.740998	2.226884
0.01603	9.954123	1.786873	11.740996	2.228938
0.01604	10.094886	1.646110	11.740995	2.231049
0.01605	10.173239	1.567756	11.740995	2.233211
0.01606	10.188391	1.552604	11.740995	2.235420
0.01607	10.140532	1.600464	11.740996	2.237671
0.01608	10.030827	1.710170	11.740997	2.239960
0.01609	9.861395	1.879603	11.740999	2.242281
0.0161	9.635270	2.105731	11.741001	2.244629
0.01611	9.356348	2.384657	11.741004	2.246999
0.01612	9.029322	2.711686	11.741008	2.249386
0.01613	8.659608	3.081403	11.741011	2.251785
0.01614	8.253256	3.487760	11.741016	2.254189
0.01615	7.816850	3.924170	11.741020	2.256595
0.01616	7.357405	4.383619	11.741024	2.258997
0.01617	6.882258	4.858771	11.741029	2.261389
0.01618	6.398947	5.342087	11.741034	2.263767
0.01619	5.915096	5.825943	11.741039	2.266125
0.0162	5.438294	6.302749	11.741043	2.268458
0.01621	4.975979	6.765068	11.741048	2.270762
0.01622	4.535320	7.205732	11.741052	2.273032
0.01623	4.123105	7.617951	11.741056	2.275263
0.01624	3.745642	7.995418	11.741060	2.277450
0.01625	3.408656	8.332406	11.741063	2.279589
0.01626	3.117210	8.623856	11.741066	2.281676
0.01627	2.875618	8.865450	11.741068	2.283707
0.01628	2.687392	9.053678	11.741069	2.285678
0.01629	2.555182	9.185888	11.741070	2.287585
0.0163	2.480744	9.260327	11.741071	2.289425
0.01631	2.464913	9.276158	11.741071	2.291194
0.01632	2.507594	9.233476	11.741070	2.292890
0.01633	2.607770	9.133299	11.741069	2.294510
0.01634	2.763519	8.977548	11.741067	2.296051
0.01635	2.972051	8.769014	11.741065	2.297510
0.01636	3.229751	8.511311	11.741062	2.298887
0.01637	3.532244	8.208815	11.741059	2.300178
0.01638	3.874463	7.866592	11.741056	2.301383
0.01639	4.250736	7.490316	11.741052	2.302499
0.0164	4.654871	7.086176	11.741048	2.303527
0.01641	5.080263	6.660781	11.741043	2.304464
0.01642	5.519992	6.221047	11.741039	2.305312
0.01643	5.966940	5.774095	11.741034	2.306068
0.01644	6.413898	5.327132	11.741030	2.306734
0.01645	6.853685	4.887340	11.741025	2.307309
0.01646	7.279257	4.461764	11.741021	2.307794
0.01647	7.683820	4.057197	11.741017	2.308190
0.01648	8.060935	3.680079	11.741013	2.308497
0.01649	8.404616	3.336394	11.741010	2.308717
0.0165	8.709429	3.031578	11.741007	2.308851
0.01651	8.970571	2.770434	11.741004	2.308901
0.01652	9.183942	2.557061	11.741002	2.308868
0.01653	9.346213	2.394787	11.741001	2.308754
0.01654	9.454873	2.286126	11.741000	2.308562
0.01655	9.508265	2.232734	11.740999	2.308295
0.01656	9.505611	2.235388	11.740999	2.307954
0.01657	9.447022	2.293978	11.741000	2.307542
0.01658	9.333492	2.407510	11.741001	2.307062
0.01659	9.166881	2.574122	11.741003	2.306518
0.0166	8.949886	2.791119	11.741005	2.305912
0.01661	8.685989	3.055019	11.741008	2.305247
0.01662	8.379408	3.361603	11.741011	2.304527
0.01663	8.035024	3.705990	11.741014	2.303756
0.01664	7.658304	4.082714	11.741018	2.302936
0.01665	7.255214	4.485808	11.741022	2.302071
0.01666	6.832122	4.908904	11.741026	2.301166
0.01667	6.395700	5.345331	11.741030	2.300223
0.01668	5.952815	5.788219	11.741035	2.299246
0.01669	5.510426	6.230613	11.741039	2.298239
0.0167	5.075467	6.665576	11.741043	2.297205
0.01671	4.654746	7.086301	11.741047	2.296149
0.01672	4.254835	7.486217	11.741051	2.295074
0.01673	3.881966	7.859089	11.741055	2.293983
0.01674	3.541939	8.199120	11.741058	2.292879
0.01675	3.240028	8.501033	11.741061	2.291768
0.01676	2.980903	8.760161	11.741064	2.290651
0.01677	2.768556	8.972510	11.741066	2.289532
0.01678	2.606242	9.134825	11.741067	2.288414
0.01679	2.496431	9.244637	11.741068	2.287301
0.0168	2.440769	9.300300	11.741069	2.286195
0.01681	2.440056	9.301012	11.741069	2.285099
0.01682	2.494237	9.246831	11.741068	2.284016
0.01683	2.602402	9.138665	11.741067	2.282949
0.01684	2.762806	8.978259	11.741065	2.281900
0.01685	2.972898	8.768165	11.741063	2.280871
0.01686	3.229362	8.511699	11.741061	2.279864
0.01687	3.528171	8.212887	11.741058	2.278882
0.01688	3.864653	7.876401	11.741055	2.277927
0.01689	4.233566	7.507485	11.741051	2.276999
0.0169	4.629179	7.111869	11.741047	2.276100
0.01691	5.045365	6.695678	11.741043	2.275232
0.01692	5.475698	6.265341	11.741039	2.274396
0.01693	5.913554	5.827481	11.741035	2.273593
0.01694	6.352212	5.388819	11.741031	2.272823
0.01695	6.784961	4.956065	11.741026	2.272088
0.01696	7.205207	4.535816	11.741023	2.271387
0.01697	7.606569	4.134450	11.741019	2.270720
0.01698	7.982983	3.758033	11.741015	2.270089
0.01699	8.328792	3.412220	11.741012	2.269492
0.017	8.638835	3.102174	11.741009	2.268930
0.01701	8.908522	2.832484	11.741007	2.268402
0.01702	9.133906	2.607098	11.741005	2.267908
0.01703	9.311740	2.429263	11.741003	2.267446
0.01704	9.439525	2.301477	11.741002	2.267017
0.01705	9.515547	2.225454	11.741001	2.266619
0.01706	9.538897	2.202104	11.741001	2.266250
0.01707	9.509486	2.231516	11.741002	2.265911
0.01708	9.428037	2.312966	11.741003	2.265599
0.01709	9.296077	2.444927	11.741004	2.265313
0.0171	9.115903	2.625103	11.741006	2.265051
0.01711	8.890545	2.850463	11.741008	2.264813
0.01712	8.623716	3.117295	11.741011	2.264595
0.01713	8.319750	3.421264	11.741014	2.264398
0.01714	7.983530	3.757488	11.741017	2.264217
0.01715	7.620409	4.120612	11.741021	2.264053
0.01716	7.236127	4.504898	11.741025	2.263903
0.01717	6.836716	4.904313	11.741029	2.263765
0.01718	6.428403	5.312630	11.741033	2.263637
0.01719	6.017516	5.723521	11.741037	2.263517
0.0172	5.610379	6.130661	11.741041	2.263403
0.01721	5.213219	6.527826	11.741044	2.263294
0.01722	4.832061	6.908987	11.741048	2.263188
0.01723	4.472641	7.268411	11.741051	2.263082
0.01724	4.140315	7.600739	11.741054	2.262974
0.01725	3.839979	7.901078	11.741057	2.262864
0.01726	3.575989	8.165070	11.741059	2.262750
0.01727	3.352103	8.388958	11.741061	2.262629
0.01728	3.171420	8.569643	11.741063	2.262500
0.01729	3.036337	8.704727	11.741064	2.262362
0.0173	2.948516	8.792549	11.741064	2.262213
0.01731	2.908859	8.832205	11.741065	2.262052
0.01732	2.917505	8.823559	11.741064	2.261878
0.01733	2.973824	8.767240	11.741063	2.261690
0.01734	3.076437	8.664625	11.741062	2.261487
0.01735	3.223244	8.517816	11.741060	2.261267
0.01736	3.411456	8.329602	11.741058	2.261030
0.01737	3.637648	8.103407	11.741056	2.260776
0.01738	3.897818	7.843234	11.741053	2.260504
0.01739	4.187451	7.553598	11.741050	2.260214
0.0174	4.501597	7.239449	11.741046	2.259905
0.01741	4.834952	6.906091	11.741043	2.259578
0.01742	5.181944	6.559095	11.741039	2.259232
0.01743	5.536826	6.204210	11.741036	2.258867
0.01744	5.893768	5.847264	11.741032	2.258485
0.01745	6.246950	5.494078	11.741028	2.258085
0.01746	6.590660	5.150365	11.741025	2.257667
0.01747	6.919378	4.821644	11.741022	2.257233
0.01748	7.227871	4.513148	11.741019	2.256784
0.01749	7.511270	4.229746	11.741016	2.256320
0.0175	7.765152	3.975861	11.741013	2.255842
0.01751	7.985605	3.755406	11.741011	2.255352
0.01752	8.169289	3.571721	11.741010	2.254851
0.01753	8.313488	3.427521	11.741008	2.254340
0.01754	8.416151	3.324857	11.741007	2.253821
0.01755	8.475920	3.265087	11.741007	2.253294
0.01756	8.492151	3.248856	11.741007	2.252763
0.01757	8.464919	3.276089	11.741008	2.252228
0.01758	8.395014	3.345994	11.741009	2.251692
0.01759	8.283925	3.457085	11.741010	2.251156
0.0176	8.133811	3.607201	11.741012	2.250622
0.01761	7.947465	3.793549	11.741014	2.250092
0.01762	7.728266	4.012750	11.741016	2.249568
0.01763	7.480118	4.260901	11.741019	2.249051
0.01764	7.207387	4.533635	11.741022	2.248545
0.01765	6.914828	4.826197	11.741025	2.248051
0.01766	6.607506	5.133522	11.741028	2.247571
0.01767	6.290710	5.450322	11.741032	2.247106
0.01768	5.969867	5.771168	11.741035	2.246660
0.01769	5.650455	6.090583	11.741039	2.246234
0.0177	5.337911	6.403131	11.741042	2.245829
0.01771	5.037541	6.703504	11.741045	2.245449
0.01772	4.754439	6.986609	11.741048	2.245093
0.01773	4.493399	7.247652	11.741051	2.244765
0.01774	4.258840	7.482213	11.741053	2.244466
0.01775	4.054736	7.686319	11.741056	2.244198
0.01776	3.884550	7.856507	11.741057	2.243961
0.01777	3.751179	7.989879	11.741059	2.243758
0.01778	3.656912	8.084148	11.741060	2.243590
0.01779	3.603387	8.137674	11.741060	2.243458
0.0178	3.591573	8.149488	11.741061	2.243363
0.01781	3.621752	8.119309	11.741060	2.243305
0.01782	3.693515	8.047545	11.741060	2.243287
0.01783	3.805774	7.935285	11.741059	2.243308
0.01784	3.956776	7.784281	11.741057	2.243370
0.01785	4.144138	7.596917	11.741055	2.243472
0.01786	4.364882	7.376171	11.741053	2.243614
0.01787	4.615489	7.125562	11.741051	2.243798
0.01788	4.891953	6.849095	11.741048	2.244023
0.01789	5.189850	6.551195	11.741045	2.244288
0.0179	5.504410	6.236632	11.741042	2.244594
0.01791	5.830593	5.910445	11.741038	2.244940
0.01792	6.163175	5.577860	11.741035	2.245325
0.01793	6.496827	5.244204	11.741032	2.245749
0.01794	6.826209	4.914819	11.741028	2.246211
0.01795	7.146050	4.594975	11.741025	2.246709
0.01796	7.451236	4.289786	11.741022	2.247243
0.01797	7.736894	4.004125	11.741019	2.247811
0.01798	7.998467	3.742550	11.741017	2.248411
0.01799	8.231789	3.509226	11.741014	2.249042
0.018	8.433152	3.307860	11.741012	2.249702
0.01801	8.599365	3.141646	11.741011	2.250390
0.01802	8.727803	3.013206	11.741009	2.251102
0.01803	8.816451	2.924558	11.741009	2.251838
0.01804	8.863932	2.877076	11.741008	2.252594
0.01805	8.869532	2.871476	11.741008	2.253369
0.01806	8.833207	2.907802	11.741008	2.254160
0.01807	8.755584	2.985425	11.741009	2.254964
0.01808	8.637951	3.103060	11.741010	2.255779
0.01809	8.482229	3.258783	11.741012	2.256602
0.0181	8.290948	3.450066	11.741014	2.257430
0.01811	8.067198	3.673818	11.741016	2.258260
0.01812	7.814583	3.926436	11.741019	2.259091
0.01813	7.537157	4.203865	11.741022	2.259918
0.01814	7.239361	4.501663	11.741025	2.260738
0.01815	6.925951	4.815077	11.741028	2.261550
0.01816	6.601917	5.139114	11.741031	2.262349
0.01817	6.272405	5.468629	11.741034	2.263133
0.01818	5.942632	5.798405	11.741037	2.263899
0.01819	5.617803	6.123237	11.741041	2.264644
0.0182	5.303027	6.438017	11.741044	2.265365
0.01821	5.003232	6.737815	11.741047	2.266059
0.01822	4.723089	7.017960	11.741049	2.266724
0.01823	4.466938	7.274114	11.741052	2.267356
0.01824	4.238715	7.502339	11.741054	2.267953
0.01825	4.041892	7.699164	11.741056	2.268512
0.01826	3.879423	7.861634	11.741057	2.269031
0.01827	3.753697	7.987361	11.741058	2.269508
0.01828	3.666501	8.074559	11.741059	2.269939
0.01829	3.618990	8.122069	11.741059	2.270323
0.0183	3.611678	8.129381	11.741059	2.270657
0.01831	3.644425	8.096634	11.741059	2.270940
0.01832	3.716443	8.024615	11.741058	2.271169
0.01833	3.826314	7.914743	11.741057	2.271343
0.01834	3.972010	7.769045	11.741055	2.271461
0.01835	4.150936	7.590117	11.741053	2.271521
0.01836	4.359965	7.381085	11.741051	2.271521
0.01837	4.595501	7.145548	11.741048	2.271460
0.01838	4.853529	6.887517	11.741046	2.271338
0.01839	5.129692	6.611350	11.741043	2.271153
0.0184	5.419359	6.321681	11.741040	2.270905
0.01841	5.717701	6.023336	11.741037	2.270593
0.01842	6.019774	5.721260	11.741034	2.270218
0.01843	6.320598	5.420432	11.741030	2.269778
0.01844	6.615245	5.125782	11.741027	2.269274
0.01845	6.898912	4.842113	11.741025	2.268706
0.01846	7.167006	4.574016	11.741022	2.268074
0.01847	7.415218	4.325801	11.741019	2.267380
0.01848	7.639593	4.101424	11.741017	2.266622
0.01849	7.836596	3.904420	11.741015	2.265803
0.0185	8.003165	3.737849	11.741014	2.264924
0.01851	8.136769	3.604244	11.741012	2.263984
0.01852	8.235440	3.505571	11.741012	2.262987
0.01853	8.297811	3.443200	11.741011	2.261932
0.01854	8.323134	3.417877	11.741011	2.260823
0.01855	8.311290	3.429722	11.741011	2.259660
0.01856	8.262793	3.478219	11.741012	2.258445
0.01857	8.178780	3.562233	11.741013	2.257181
0.01858	8.060986	3.680028	11.741015	2.255869
0.01859	7.911720	3.829297	11.741016	2.254511
0.0186	7.733820	4.007199	11.741018	2.253111
0.01861	7.530608	4.210413	11.741021	2.251670
0.01862	7.305832	4.435191	11.741023	2.250190
0.01863	7.063603	4.677423	11.741026	2.248676
0.01864	6.808325	4.932704	11.741029	2.247128
0.01865	6.544618	5.196414	11.741032	2.245550
0.01866	6.277245	5.463790	11.741035	2.243945
0.01867	6.011025	5.730013	11.741038	2.242315
0.01868	5.750757	5.990284	11.741041	2.240663
0.01869	5.501134	6.239910	11.741044	2.238992
0.0187	5.266667	6.474380	11.741046	2.237306
0.01871	5.051605	6.689444	11.741049	2.235606
0.01872	4.859865	6.881186	11.741051	2.233897
0.01873	4.694964	7.046089	11.741053	2.232180
0.01874	4.559958	7.181097	11.741055	2.230458
0.01875	4.457389	7.283667	11.741056	2.228736
0.01876	4.389242	7.351815	11.741057	2.227014
0.01877	4.356908	7.384149	11.741057	2.225297
0.01878	4.361163	7.379894	11.741057	2.223587
0.01879	4.402146	7.338911	11.741057	2.221886
0.0188	4.479359	7.261698	11.741056	2.220198
0.01881	4.591673	7.149382	11.741055	2.218524
0.01882	4.737345	7.003709	11.741054	2.216867
0.01883	4.914043	6.827009	11.741052	2.215230
0.01884	5.118884	6.622165	11.741050	2.213615
0.01885	5.348482	6.392566	11.741047	2.212024
0.01886	5.598999	6.142046	11.741045	2.210459
0.01887	5.866211	5.874831	11.741042	2.208921
0.01888	6.145578	5.595461	11.741039	2.207414
0.01889	6.432314	5.308722	11.741036	2.205938
0.0189	6.721472	5.019560	11.741033	2.204496
0.01891	7.008022	4.733007	11.741030	2.203088
0.01892	7.286938	4.454088	11.741026	2.201716
0.01893	7.553280	4.187744	11.741023	2.200381
0.01894	7.802278	3.938743	11.741021	2.199084
0.01895	8.029415	3.711603	11.741018	2.197827
0.01896	8.230501	3.510515	11.741016	2.196609
0.01897	8.401748	3.339265	11.741014	2.195432
0.01898	8.539835	3.201177	11.741012	2.194296
0.01899	8.641963	3.099047	11.741010	2.193202
0.019	8.705913	3.035097	11.741009	2.192149
0.01901	8.730078	3.010930	11.741009	2.191137
0.01902	8.713502	3.027506	11.741009	2.190168
0.01903	8.655896	3.085113	11.741009	2.189240
0.01904	8.557647	3.183362	11.741010	2.188353
0.01905	8.419822	3.321188	11.741011	2.187507
0.01906	8.244150	3.496862	11.741012	2.186701
0.01907	8.033002	3.708012	11.741014	2.185935
0.01908	7.789356	3.951660	11.741016	2.185207
0.01909	7.516753	4.224266	11.741019	2.184517
0.0191	7.219241	4.521780	11.741022	2.183864
0.01911	6.901320	4.839704	11.741025	2.183247
0.01912	6.567865	5.173163	11.741028	2.182664
0.01913	6.224050	5.516981	11.741031	2.182115
0.01914	5.875273	5.865762	11.741035	2.181597
0.01915	5.527062	6.213976	11.741038	2.181110
0.01916	5.184991	6.556050	11.741042	2.180651
0.01917	4.854591	6.886454	11.741045	2.180220
0.01918	4.541255	7.199793	11.741048	2.179814
0.01919	4.250158	7.490893	11.741051	2.179432
0.0192	3.986164	7.754890	11.741054	2.179073
0.01921	3.753752	7.987305	11.741057	2.178734
0.01922	3.556936	8.184123	11.741059	2.178413
0.01923	3.399201	8.341860	11.741061	2.178110
0.01924	3.283441	8.457621	11.741062	2.177821
0.01925	3.211910	8.529153	11.741063	2.177546
0.01926	3.186180	8.554884	11.741064	2.177282
0.01927	3.207112	8.533952	11.741064	2.177027
0.01928	3.274837	8.466227	11.741063	2.176781
0.01929	3.388747	8.352315	11.741062	2.176540
0.0193	3.547505	8.193556	11.741061	2.176303
0.01931	3.749054	7.992005	11.741059	2.176069
0.01932	3.990650	7.750407	11.741057	2.175836
0.01933	4.268899	7.472156	11.741055	2.175602
0.01934	4.579807	7.161245	11.741052	2.175366
0.01935	4.918839	6.822210	11.741049	2.175125
0.01936	5.280988	6.460057	11.741045	2.174880
0.01937	5.660851	6.080191	11.741042	2.174627
0.01938	6.052710	5.688328	11.741038	2.174367
0.01939	6.450624	5.290410	11.741034	2.174097
0.0194	6.848518	4.892513	11.741030	2.173817
0.01941	7.240279	4.500748	11.741027	2.173526
0.01942	7.619854	4.121169	11.741023	2.173222
0.01943	7.981342	3.759677	11.741019	2.172904
0.01944	8.319091	3.421925	11.741016	2.172573
0.01945	8.627787	3.113226	11.741013	2.172226
0.01946	8.902537	2.838473	11.741010	2.171865
0.01947	9.138953	2.602055	11.741008	2.171487
0.01948	9.333219	2.407787	11.741006	2.171092
0.01949	9.482156	2.258848	11.741004	2.170681
0.0195	9.583275	2.157728	11.741003	2.170253
0.01951	9.634819	2.106184	11.741003	2.169808
0.01952	9.635792	2.105210	11.741003	2.169346
0.01953	9.585983	2.155020	11.741003	2.168866
0.01954	9.485967	2.255037	11.741004	2.168370
0.01955	9.337105	2.403900	11.741005	2.167857
0.01956	9.141521	2.599486	11.741007	2.167327
0.01957	8.902075	2.838934	11.741009	2.166782
0.01958	8.622321	3.118691	11.741012	2.166220
0.01959	8.306453	3.434561	11.741015	2.165645
0.0196	7.959243	3.781775	11.741018	2.165054
0.01961	7.585965	4.155056	11.741022	2.164450
0.01962	7.192320	4.548706	11.741025	2.163834
0.01963	6.784341	4.956688	11.741029	2.163205
0.01964	6.368306	5.372727	11.741033	2.162565
0.01965	5.950637	5.790401	11.741037	2.161916
0.01966	5.537798	6.203243	11.741041	2.161257
0.01967	5.136198	6.604847	11.741045	2.160589
0.01968	4.752086	6.988963	11.741049	2.159915
0.01969	4.391453	7.349599	11.741053	2.159235
0.0197	4.059939	7.681116	11.741056	2.158550
0.01971	3.762741	7.978318	11.741059	2.157862
0.01972	3.504528	8.236533	11.741061	2.157171
0.01973	3.289370	8.451694	11.741063	2.156478
0.01974	3.120667	8.620398	11.741065	2.155785
0.01975	3.001099	8.739967	11.741066	2.155094
0.01976	2.932574	8.808493	11.741067	2.154404
0.01977	2.916200	8.824867	11.741067	2.153718
0.01978	2.952265	8.788801	11.741067	2.153036
0.01979	3.040228	8.700838	11.741066	2.152360
0.0198	3.178723	8.562341	11.741065	2.151690
0.01981	3.365583	8.375480	11.741063	2.151027
0.01982	3.597865	8.143195	11.741060	2.150374
0.01983	3.871900	7.869158	11.741058	2.149729
0.01984	4.183343	7.557712	11.741055	2.149096
0.01985	4.527242	7.213809	11.741051	2.148473
0.01986	4.898115	6.842932	11.741047	2.147863
0.01987	5.290034	6.451010	11.741044	2.147265
0.01988	5.696714	6.044326	11.741039	2.146681
0.01989	6.111616	5.629419	11.741035	2.146110
0.0199	6.528047	5.212984	11.741031	2.145555
0.01991	6.939267	4.801760	11.741027	2.145014
0.01992	7.338592	4.402431	11.741023	2.144489
0.01993	7.719503	4.021516	11.741019	2.143979
0.01994	8.075750	3.665265	11.741015	2.143485
0.01995	8.401450	3.339562	11.741012	2.143008
0.01996	8.691183	3.049826	11.741009	2.142546
0.01997	8.940080	2.800926	11.741006	2.142101
0.01998	9.143902	2.597102	11.741004	2.141671
0.01999	9.299107	2.441895	11.741002	2.141258
0.02	9.402916	2.338085	11.741001	2.140860
0.02001	9.453350	2.287650	11.741000	2.140478
0.02002	9.449276	2.291724	11.741000	2.140110
0.02003	9.390420	2.350580	11.741000	2.139757
0.02004	9.277380	2.463622	11.741001	2.139417
0.02005	9.111616	2.629386	11.741003	2.139091
0.02006	8.895438	2.845567	11.741005	2.138778
0.02007	8.631965	3.109042	11.741007	2.138476
0.02008	8.325087	3.415924	11.741010	2.138185
0.02009	7.979401	3.761613	11.741013	2.137905
0.0201	7.600147	4.140870	11.741017	2.137633
0.02011	7.193125	4.547896	11.741021	2.137370
0.02012	6.764607	4.976418	11.741025	2.137115
0.02013	6.321243	5.419786	11.741029	2.136865
0.02014	5.869954	5.871080	11.741034	2.136621
0.02015	5.417825	6.323213	11.741038	2.136380
0.02016	4.972000	6.769042	11.741043	2.136142
0.02017	4.539563	7.201484	11.741047	2.135906
0.02018	4.127427	7.613624	11.741051	2.135671
0.02019	3.742232	7.998823	11.741055	2.135435
0.0202	3.390228	8.350830	11.741059	2.135197
0.02021	3.077186	8.663876	11.741062	2.134955
0.02022	2.808296	8.932769	11.741065	2.134710
0.02023	2.588090	9.152978	11.741067	2.134459
0.02024	2.420361	9.320708	11.741069	2.134201
0.02025	2.308106	9.432964	11.741070	2.133935
0.02026	2.253471	9.487600	11.741071	2.133661
0.02027	2.257715	9.483356	11.741071	2.133376
0.02028	2.321184	9.419887	11.741071	2.133081
0.02029	2.443302	9.297768	11.741070	2.132773
0.0203	2.622577	9.118492	11.741069	2.132453
0.02031	2.856615	8.884451	11.741067	2.132118
0.02032	3.142160	8.598904	11.741064	2.131769
0.02033	3.475130	8.265931	11.741061	2.131404
0.02034	3.850687	7.890370	11.741058	2.131023
0.02035	4.263302	7.477752	11.741054	2.130625
0.02036	4.706838	7.034212	11.741050	2.130210
0.02037	5.174644	6.566401	11.741045	2.129776
0.02038	5.659655	6.081385	11.741040	2.129325
0.02039	6.154500	5.586535	11.741036	2.128855
0.0204	6.651614	5.089417	11.741031	2.128365
0.02041	7.143352	4.597674	11.741026	2.127857
0.02042	7.622113	4.118909	11.741022	2.127330
0.02043	8.080451	3.660566	11.741017	2.126783
0.02044	8.511197	3.229816	11.741013	2.126218
0.02045	8.907564	2.833445	11.741009	2.125634
0.02046	9.263262	2.477744	11.741005	2.125032
0.02047	9.572589	2.168413	11.741002	2.124412
0.02048	9.830528	1.910472	11.741000	2.123774
0.02049	10.032824	1.708173	11.740997	2.123120
0.0205	10.176054	1.564942	11.740996	2.122450
0.02051	10.257684	1.483311	11.740995	2.121764
0.02052	10.276109	1.464885	11.740994	2.121064
0.02053	10.230686	1.510309	11.740995	2.120351
0.02054	10.121744	1.619252	11.740995	2.119625
0.02055	9.950585	1.790412	11.740997	2.118889
0.02056	9.719469	2.021530	11.740999	2.118142
0.02057	9.431579	2.309422	11.741001	2.117387
0.02058	9.090981	2.650023	11.741004	2.116626
0.02059	8.702561	3.038447	11.741008	2.115858
0.0206	8.271956	3.469056	11.741012	2.115087
0.02061	7.805467	3.935550	11.741016	2.114314
0.02062	7.309968	4.431052	11.741021	2.113539
0.02063	6.792804	4.948222	11.741026	2.112766
0.02064	6.261674	5.479357	11.741031	2.111996
0.02065	5.724521	6.016515	11.741036	2.111231
0.02066	5.189406	6.551634	11.741041	2.110473
0.02067	4.664392	7.076654	11.741046	2.109723
0.02068	4.157410	7.583640	11.741050	2.108984
0.02069	3.676149	8.064906	11.741055	2.108258
0.0207	3.227928	8.513131	11.741059	2.107546
0.02071	2.819591	8.921472	11.741063	2.106851
0.02072	2.457393	9.283674	11.741067	2.106175
0.02073	2.146910	9.594160	11.741070	2.105520
0.02074	1.892946	9.848126	11.741072	2.104887
0.02075	1.699463	10.041611	11.741074	2.104280
0.02076	1.569515	10.171561	11.741075	2.103699
0.02077	1.505196	10.235880	11.741076	2.103147
0.02078	1.507613	10.233463	11.741076	2.102626
0.02079	1.576862	10.164214	11.741076	2.102138
0.0208	1.712023	10.029052	11.741074	2.101684
0.02081	1.911176	9.829897	11.741073	2.101267
0.02082	2.171424	9.569646	11.741070	2.100888
0.02083	2.488939	9.252128	11.741067	2.100549
0.02084	2.859014	8.882049	11.741064	2.100251
0.02085	3.276139	8.464921	11.741060	2.099997
0.02086	3.734077	8.006979	11.741056	2.099787
0.02087	4.225963	7.515088	11.741051	2.099624
0.02088	4.744407	6.996639	11.741046	2.099507
0.02089	5.281603	6.459438	11.741041	2.099440
0.0209	5.829452	5.911584	11.741036	2.099422
0.02091	6.379683	5.361348	11.741031	2.099455
0.02092	6.923978	4.817047	11.741025	2.099539
0.02093	7.454103	4.286918	11.741020	2.099677
0.02094	7.962029	3.778986	11.741016	2.099867
0.02095	8.440061	3.300950	11.741011	2.100111
0.02096	8.880952	2.860055	11.741007	2.100410
0.02097	9.278015	2.462988	11.741003	2.100764
0.02098	9.625229	2.115771	11.741000	2.101172
0.02099	9.917328	1.823669	11.740997	2.101635
0.021	10.149886	1.591109	11.740995	2.102154
0.02101	10.319385	1.421609	11.740993	2.102727
0.02102	10.423267	1.317725	11.740992	2.103355
0.02103	10.459981	1.281011	11.740992	2.104038
0.02104	10.428998	1.311994	11.740992	2.104774
0.02105	10.330830	1.410163	11.740993	2.105563
0.02106	10.167018	1.573977	11.740995	2.106405
0.02107	9.940107	1.800890	11.740997	2.107298
0.02108	9.653615	2.087385	11.741000	2.108242
0.02109	9.311973	2.429030	11.741003	2.109235
0.0211	8.920461	2.820545	11.741007	2.110276
0.02111	8.485127	3.255884	11.741011	2.111364
0.02112	8.012692	3.728323	11.741016	2.112497
0.02113	7.510453	4.230568	11.741021	2.113673
0.02114	6.986163	4.754863	11.741026	2.114892
0.02115	6.447919	5.293112	11.741031	2.116151
0.02116	5.904034	5.837002	11.741036	2.117448
0.02117	5.362909	6.378132	11.741041	2.118781
0.02118	4.832904	6.908142	11.741046	2.120148
0.02119	4.322209	7.418842	11.741051	2.121547
0.0212	3.838717	7.902339	11.741056	2.122975
0.02121	3.389902	8.351159	11.741060	2.124431
0.02122	2.982703	8.758361	11.741064	2.125912
0.02123	2.623417	9.117650	11.741068	2.127415
0.02124	2.317601	9.423469	11.741071	2.128938
0.02125	2.069984	9.671089	11.741073	2.130478
0.02126	1.884394	9.856681	11.741075	2.132033
0.02127	1.763698	9.977378	11.741076	2.133600
0.02128	1.709757	10.031319	11.741077	2.135175
0.02129	1.723397	10.017680	11.741076	2.136758
0.0213	1.804392	9.936684	11.741076	2.138343
0.02131	1.951469	9.789605	11.741074	2.139930
0.02132	2.162328	9.578744	11.741072	2.141514
0.02133	2.433672	9.307397	11.741070	2.143094
0.02134	2.761263	8.979804	11.741066	2.144665
0.02135	3.139980	8.601083	11.741063	2.146227
0.02136	3.563902	8.177156	11.741058	2.147775
0.02137	4.026400	7.714654	11.741054	2.149307
0.02138	4.520234	7.220815	11.741049	2.150820
0.02139	5.037669	6.703375	11.741044	2.152312
0.0214	5.570591	6.170448	11.741039	2.153779
0.02141	6.110637	5.630397	11.741033	2.155220
0.02142	6.649319	5.091710	11.741028	2.156631
0.02143	7.178160	4.562863	11.741023	2.158010
0.02144	7.688824	4.052194	11.741018	2.159355
0.02145	8.173247	3.567766	11.741013	2.160664
0.02146	8.623758	3.117250	11.741009	2.161933
0.02147	9.033207	2.707798	11.741005	2.163161
0.02148	9.395068	2.345933	11.741001	2.164345
0.02149	9.703550	2.037448	11.740998	2.165484
0.0215	9.953680	1.787315	11.740995	2.166576
0.02151	10.141391	1.599603	11.740993	2.167619
0.02152	10.263576	1.477416	11.740992	2.168610
0.02153	10.318150	1.422841	11.740991	2.169549
0.02154	10.304074	1.436917	11.740991	2.170434
0.02155	10.221381	1.519611	11.740992	2.171263
0.02156	10.071174	1.669819	11.740993	2.172035
0.02157	9.855612	1.885384	11.740995	2.172749
0.02158	9.577878	2.163120	11.740998	2.173404
0.02159	9.242135	2.498866	11.741001	2.173999
0.0216	8.853462	2.887543	11.741005	2.174533
0.02161	8.417777	3.323232	11.741009	2.175006
0.02162	7.941749	3.799265	11.741014	2.175416
0.02163	7.432694	4.308324	11.741019	2.175764
0.02164	6.898468	4.842555	11.741024	2.176050
0.02165	6.347344	5.393685	11.741029	2.176272
0.02166	5.787884	5.953151	11.741035	2.176432
0.02167	5.228811	6.512229	11.741040	2.176528
0.02168	4.678874	7.062171	11.741045	2.176562
0.02169	4.146711	7.594340	11.741051	2.176534
0.0217	3.640718	8.100338	11.741056	2.176445
0.02171	3.168917	8.572143	11.741060	2.176294
0.02172	2.738835	9.002230	11.741065	2.176083
0.02173	2.357382	9.383686	11.741069	2.175813
0.02174	2.030749	9.710323	11.741072	2.175484
0.02175	1.764304	9.976771	11.741075	2.175098
0.02176	1.562514	10.178563	11.741077	2.174657
0.02177	1.428869	10.312209	11.741079	2.174160
0.02178	1.365831	10.375249	11.741079	2.173611
0.02179	1.374787	10.366293	11.741080	2.173010
0.0218	1.456031	10.285048	11.741079	2.172360
0.02181	1.608754	10.132324	11.741078	2.171662
0.02182	1.831051	9.910025	11.741076	2.170917
0.02183	2.119954	9.621119	11.741074	2.170129
0.02184	2.471467	9.269603	11.741070	2.169299
0.02185	2.880630	8.860437	11.741067	2.168429
0.02186	3.341587	8.399476	11.741063	2.167522
0.02187	3.847680	7.893378	11.741058	2.166579
0.02188	4.391542	7.349511	11.741053	2.165604
0.02189	4.965210	6.775838	11.741048	2.164599
0.0219	5.560245	6.180797	11.741042	2.163567
0.02191	6.167860	5.573176	11.741037	2.162509
0.02192	6.779049	4.961982	11.741031	2.161429
0.02193	7.384727	4.356298	11.741025	2.160329
0.02194	7.975867	3.765153	11.741020	2.159212
0.02195	8.543633	3.197381	11.741014	2.158081
0.02196	9.079522	2.661487	11.741009	2.156939
0.02197	9.575485	2.165520	11.741005	2.155789
0.02198	10.024055	1.716946	11.741000	2.154633
0.02199	10.418458	1.322538	11.740997	2.153473
0.022	10.752720	0.988273	11.740994	2.152315
0.02201	11.021754	0.719237	11.740991	2.151159
0.02202	11.221442	0.519547	11.740989	2.150008
0.02203	11.348695	0.392293	11.740988	2.148867
0.02204	11.401504	0.339483	11.740987	2.147737
0.02205	11.378970	0.362017	11.740987	2.146621
0.02206	11.281320	0.459668	11.740988	2.145522
0.02207	11.109902	0.631087	11.740990	2.144444
0.02208	10.867169	0.873823	11.740992	2.143387
0.02209	10.556640	1.184355	11.740995	2.142356
0.0221	10.182850	1.558148	11.740998	2.141353
0.02211	9.751281	1.989721	11.741002	2.140380
0.02212	9.268281	2.472726	11.741007	2.139440
0.02213	8.740967	3.000045	11.741011	2.138536
0.02214	8.177119	3.563897	11.741017	2.137669
0.02215	7.585066	4.155956	11.741022	2.136842
0.02216	6.973555	4.767473	11.741028	2.136057
0.02217	6.351623	5.389411	11.741034	2.135317
0.02218	5.728460	6.012579	11.741039	2.134623
0.02219	5.113272	6.627773	11.741045	2.133977
0.0222	4.515139	7.225912	11.741051	2.133382
0.02221	3.942883	7.798173	11.741056	2.132838
0.02222	3.404931	8.336129	11.741061	2.132349
0.02223	2.909192	8.831873	11.741065	2.131914
0.02224	2.462933	9.278136	11.741069	2.131536
0.02225	2.072677	9.668396	11.741073	2.131216
0.02226	1.744099	9.996977	11.741076	2.130955
0.02227	1.481945	10.259133	11.741078	2.130755
0.02228	1.289958	10.451122	11.741080	2.130616
0.02229	1.170828	10.570253	11.741081	2.130539
0.0223	1.126145	10.614936	11.741081	2.130525
0.02231	1.156385	10.584696	11.741081	2.130575
0.02232	1.260895	10.480185	11.741080	2.130688
0.02233	1.437912	10.303166	11.741078	2.130867
0.02234	1.684586	10.056489	11.741075	2.131110
0.02235	1.997030	9.744043	11.741072	2.131418
0.02236	2.370372	9.370696	11.741069	2.131791
0.02237	2.798840	8.942224	11.741065	2.132229
0.02238	3.275843	8.465217	11.741060	2.132731
0.02239	3.794076	7.946979	11.741055	2.133298
0.0224	4.345631	7.395419	11.741050	2.133929
0.02241	4.922116	6.818929	11.741044	2.134623
0.02242	5.514787	6.226252	11.741039	2.135379
0.02243	6.114678	5.626355	11.741033	2.136197
0.02244	6.712738	5.028290	11.741028	2.137076
0.02245	7.299970	4.441052	11.741022	2.138015
0.02246	7.867564	3.873452	11.741017	2.139012
0.02247	8.407037	3.333975	11.741012	2.140067
0.02248	8.910351	2.830656	11.741007	2.141178
0.02249	9.370047	2.370956	11.741003	2.142343
0.0225	9.779345	1.961654	11.740999	2.143560
0.02251	10.132254	1.608742	11.740996	2.144830
0.02252	10.423658	1.317335	11.740993	2.146148
0.02253	10.649394	1.091597	11.740991	2.147514
0.02254	10.806311	0.934679	11.740990	2.148926
0.02255	10.892318	0.848672	11.740989	2.150382
0.02256	10.906411	0.834578	11.740989	2.151879
0.02257	10.848690	0.892301	11.740990	2.153416
0.02258	10.720350	1.020642	11.740992	2.154990
0.02259	10.523665	1.217328	11.740994	2.156599
0.0226	10.261949	1.479047	11.740996	2.158241
0.02261	9.939501	1.801499	11.741000	2.159913
0.02262	9.561540	2.179464	11.741003	2.161613
0.02263	9.134122	2.606886	11.741008	2.163338
0.02264	8.664046	3.076966	11.741012	2.165087
0.02265	8.158748	3.582269	11.741017	2.166855
0.02266	7.626184	4.114839	11.741022	2.168642
0.02267	7.074709	4.666318	11.741028	2.170444
0.02268	6.512950	5.228083	11.741033	2.172259
0.02269	5.949668	5.791371	11.741039	2.174083
0.0227	5.393627	6.347417	11.741044	2.175916
0.02271	4.853458	6.887592	11.741049	2.177754
0.02272	4.337529	7.403526	11.741054	2.179594
0.02273	3.853813	7.887246	11.741059	2.181434
0.02274	3.409772	8.331291	11.741063	2.183272
0.02275	3.012238	8.728829	11.741067	2.185105
0.02276	2.667312	9.073759	11.741071	2.186930
0.02277	2.380271	9.360803	11.741073	2.188745
0.02278	2.155488	9.585587	11.741075	2.190549
0.02279	1.996370	9.744707	11.741077	2.192338
0.0228	1.905301	9.835777	11.741078	2.194110
0.02281	1.883611	9.857466	11.741078	2.195863
0.02282	1.931560	9.809517	11.741077	2.197596
0.02283	2.048330	9.692746	11.741076	2.199305
0.02284	2.232043	9.509031	11.741074	2.200989
0.02285	2.479791	9.261281	11.741072	2.202647
0.02286	2.787681	8.953388	11.741069	2.204275
0.02287	3.150900	8.590166	11.741065	2.205874
0.02288	3.563785	8.177276	11.741061	2.207440
0.02289	4.019917	7.721140	11.741057	2.208973
0.0229	4.512215	7.228837	11.741052	2.210470
0.02291	5.033052	6.707995	11.741047	2.211932
0.02292	5.574366	6.166676	11.741042	2.213356
0.02293	6.127791	5.613246	11.741037	2.214741
0.02294	6.684780	5.056251	11.741031	2.216086
0.02295	7.236740	4.504285	11.741026	2.217391
0.02296	7.775165	3.965856	11.741021	2.218655
0.02297	8.291760	3.449256	11.741016	2.219876
0.02298	8.778575	2.962436	11.741011	2.221055
0.02299	9.228122	2.512885	11.741007	2.222191
0.023	9.633489	2.107514	11.741003	2.223284
0.02301	9.988449	1.752551	11.740999	2.224333
0.02302	10.287547	1.453449	11.740996	2.225338
0.02303	10.526191	1.214803	11.740994	2.226300
0.02304	10.700714	1.040278	11.740993	2.227218
0.02305	10.808431	0.932561	11.740991	2.228093
0.02306	10.847678	0.893313	11.740991	2.228924
0.02307	10.817839	0.923152	11.740991	2.229714
0.02308	10.719347	1.021645	11.740992	2.230461
0.02309	10.553683	1.187311	11.740994	2.231168
0.0231	10.323346	1.417650	11.740996	2.231834
0.02311	10.031816	1.709183	11.740999	2.232460
0.02312	9.683498	2.057504	11.741002	2.233048
0.02313	9.283653	2.457353	11.741006	2.233598
0.02314	8.838318	2.902692	11.741010	2.234112
0.02315	8.354211	3.386804	11.741015	2.234590
0.02316	7.838624	3.902395	11.741019	2.235035
0.02317	7.299320	4.441704	11.741025	2.235448
0.02318	6.744404	4.996626	11.741030	2.235829
0.02319	6.182203	5.558832	11.741035	2.236182
0.0232	5.621142	6.119899	11.741040	2.236506
0.02321	5.069607	6.671438	11.741045	2.236804
0.02322	4.535829	7.205222	11.741050	2.237078
0.02323	4.027748	7.713307	11.741055	2.237329
0.02324	3.552901	8.188158	11.741060	2.237559
0.02325	3.118305	8.622758	11.741064	2.237770
0.02326	2.730353	9.010714	11.741067	2.237964
0.02327	2.394716	9.346354	11.741070	2.238142
0.02328	2.116263	9.624810	11.741073	2.238307
0.02329	1.898985	9.842089	11.741075	2.238460
0.0233	1.745942	9.995134	11.741076	2.238604
0.02331	1.659214	10.081863	11.741076	2.238739
0.02332	1.639876	10.101201	11.741077	2.238869
0.02333	1.687983	10.053093	11.741076	2.238994
0.02334	1.802575	9.938499	11.741075	2.239118
0.02335	1.981694	9.759379	11.741073	2.239241
0.02336	2.222413	9.518657	11.741070	2.239365
0.02337	2.520892	9.220175	11.741068	2.239493
0.02338	2.872434	8.868630	11.741064	2.239625
0.02339	3.271559	8.469501	11.741060	2.239764
0.0234	3.712095	8.028961	11.741056	2.239911
0.02341	4.187270	7.553781	11.741051	2.240068
0.02342	4.689821	7.051225	11.741047	2.240235
0.02343	5.212104	6.528938	11.741042	2.240416
0.02344	5.746211	5.994825	11.741037	2.240610
0.02345	6.284097	5.456935	11.741032	2.240819
0.02346	6.817695	4.923331	11.741027	2.241044
0.02347	7.339047	4.401975	11.741022	2.241287
0.02348	7.840417	3.900600	11.741017	2.241549
0.02349	8.314417	3.426596	11.741013	2.241829
0.0235	8.754107	2.986902	11.741009	2.242130
0.02351	9.153110	2.587895	11.741005	2.242451
0.02352	9.505697	2.235305	11.741002	2.242794
0.02353	9.806878	1.934121	11.741000	2.243158
0.02354	10.052472	1.688526	11.740997	2.243545
0.02355	10.239163	1.501833	11.740996	2.243955
0.02356	10.364555	1.376440	11.740995	2.244387
0.02357	10.427196	1.313799	11.740995	2.244842
0.02358	10.426597	1.314398	11.740995	2.245321
0.02359	10.363237	1.377759	11.740996	2.245821
0.0236	10.238547	1.502451	11.740997	2.246345
0.02361	10.054884	1.686115	11.740999	2.246891
0.02362	9.815492	1.925510	11.741002	2.247458
0.02363	9.524441	2.216564	11.741005	2.248047
0.02364	9.186566	2.554442	11.741008	2.248656
0.02365	8.807384	2.933628	11.741012	2.249285
0.02366	8.393007	3.348009	11.741016	2.249933
0.02367	7.950043	3.790978	11.741021	2.250600
0.02368	7.485491	4.255534	11.741025	2.251283
0.02369	7.006632	4.734398	11.741030	2.251983
0.0237	6.520912	5.220122	11.741035	2.252698
0.02371	6.035830	5.705210	11.741039	2.253426
0.02372	5.558815	6.182229	11.741044	2.254167
0.02373	5.097118	6.643930	11.741048	2.254919
0.02374	4.657696	7.083356	11.741052	2.255681
0.02375	4.247107	7.493949	11.741056	2.256450
0.02376	3.871410	7.869650	11.741060	2.257227
0.02377	3.536075	8.204988	11.741063	2.258008
0.02378	3.245900	8.495165	11.741065	2.258793
0.02379	3.004940	8.736127	11.741067	2.259580
0.0238	2.816451	8.924618	11.741069	2.260367
0.02381	2.682839	9.058231	11.741070	2.261153
0.02382	2.605633	9.135437	11.741070	2.261936
0.02383	2.585461	9.155608	11.741070	2.262713
0.02384	2.622052	9.119017	11.741069	2.263485
0.02385	2.714239	9.026829	11.741068	2.264248
0.02386	2.859986	8.881080	11.741066	2.265001
0.02387	3.056427	8.684637	11.741064	2.265743
0.02388	3.299912	8.441149	11.741061	2.266471
0.02389	3.586071	8.154987	11.741058	2.267185
0.0239	3.909889	7.831166	11.741054	2.267883
0.02391	4.265784	7.475266	11.741051	2.268563
0.02392	4.647704	7.093342	11.741047	2.269224
0.02393	5.049222	6.691820	11.741042	2.269864
0.02394	5.463639	6.277399	11.741038	2.270483
0.02395	5.884095	5.856939	11.741034	2.271078
0.02396	6.303675	5.437354	11.741029	2.271649
0.02397	6.715521	5.025504	11.741025	2.272195
0.02398	7.112940	4.628081	11.741021	2.272715
0.02399	7.489509	4.251508	11.741017	2.273207
0.024	7.839178	3.901836	11.741014	2.273671
0.02401	8.156360	3.584651	11.741011	2.274106
0.02402	8.436021	3.304987	11.741008	2.274511
0.02403	8.673758	3.067248	11.741006	2.274887
0.02404	8.865862	2.875142	11.741004	2.275232
0.02405	9.009379	2.731623	11.741003	2.275546
0.02406	9.102151	2.638851	11.741002	2.275829
0.02407	9.142846	2.598155	11.741001	2.276081
0.02408	9.130978	2.610023	11.741002	2.276302
0.02409	9.066911	2.674091	11.741002	2.276492
0.0241	8.951849	2.789155	11.741004	2.276652
0.02411	8.787812	2.953194	11.741005	2.276780
0.02412	8.577603	3.163404	11.741008	2.276879
0.02413	8.324762	3.416248	11.741010	2.276949
0.02414	8.033502	3.707511	11.741013	2.276989
0.02415	7.708642	4.032374	11.741017	2.277002
0.02416	7.355530	4.385490	11.741020	2.276988
0.02417	6.979953	4.761071	11.741024	2.276948
0.02418	6.588043	5.152985	11.741028	2.276883
0.02419	6.186181	5.554851	11.741032	2.276794
0.0242	5.780894	5.960142	11.741036	2.276682
0.02421	5.378747	6.362293	11.741040	2.276550
0.02422	4.986243	6.754802	11.741044	2.276397
0.02423	4.609716	7.131332	11.741048	2.276227
0.02424	4.255233	7.485819	11.741052	2.276040
0.02425	3.928497	7.812558	11.741055	2.275838
0.02426	3.634759	8.106299	11.741058	2.275623
0.02427	3.378731	8.362330	11.741060	2.275396
0.02428	3.164519	8.576544	11.741063	2.275160
0.02429	2.995554	8.745510	11.741064	2.274917
0.0243	2.874542	8.866523	11.741066	2.274667
0.02431	2.803423	8.937643	11.741066	2.274414
0.02432	2.783339	8.957728	11.741066	2.274159
0.02433	2.814621	8.926445	11.741066	2.273904
0.02434	2.896784	8.844281	11.741065	2.273651
0.02435	3.028538	8.712526	11.741064	2.273402
0.02436	3.207809	8.533253	11.741062	2.273159
0.02437	3.431774	8.309286	11.741060	2.272923
0.02438	3.696906	8.044151	11.741057	2.272698
0.02439	3.999036	7.742019	11.741055	2.272484
0.0244	4.333413	7.407638	11.741051	2.272284
0.02441	4.694787	7.046260	11.741048	2.272099
0.02442	5.077491	6.663553	11.741044	2.271931
0.02443	5.475528	6.265512	11.741040	2.271782
0.02444	5.882672	5.858364	11.741036	2.271654
0.02445	6.292562	5.448470	11.741032	2.271547
0.02446	6.698805	5.042223	11.741028	2.271463
0.02447	7.095077	4.645948	11.741024	2.271404
0.02448	7.475218	4.265803	11.741021	2.271371
0.02449	7.833335	3.907682	11.741017	2.271365
0.0245	8.163891	3.577123	11.741014	2.271387
0.02451	8.461788	3.279223	11.741011	2.271438
0.02452	8.722452	3.018557	11.741009	2.271519
0.02453	8.941897	2.799109	11.741006	2.271631
0.02454	9.116792	2.624213	11.741005	2.271773
0.02455	9.244507	2.496497	11.741004	2.271947
0.02456	9.323153	2.417849	11.741003	2.272153
0.02457	9.351613	2.389389	11.741003	2.272390
0.02458	9.329552	2.411451	11.741003	2.272660
0.02459	9.257422	2.483582	11.741004	2.272961
0.0246	9.136454	2.604551	11.741005	2.273294
0.02461	8.968633	2.772374	11.741007	2.273658
0.02462	8.756668	2.984340	11.741009	2.274053
0.02463	8.503945	3.237067	11.741011	2.274477
0.02464	8.214469	3.526545	11.741014	2.274931
0.02465	7.892806	3.848212	11.741017	2.275412
0.02466	7.544001	4.197020	11.741021	2.275921
0.02467	7.173504	4.567520	11.741024	2.276455
0.02468	6.787081	4.953948	11.741028	2.277014
0.02469	6.390718	5.350314	11.741032	2.277595
0.0247	5.990535	5.750501	11.741036	2.278197
0.02471	5.592680	6.148359	11.741040	2.278819
0.02472	5.203241	6.537803	11.741043	2.279458
0.02473	4.828144	6.912903	11.741047	2.280112
0.02474	4.473065	7.267985	11.741050	2.280780
0.02475	4.143340	7.597713	11.741053	2.281459
0.02476	3.843884	7.897172	11.741056	2.282146
0.02477	3.579115	8.161943	11.741058	2.282840
0.02478	3.352888	8.388173	11.741060	2.283538
0.02479	3.168433	8.572629	11.741062	2.284237
0.0248	3.028314	8.712749	11.741063	2.284934
0.02481	2.934387	8.806677	11.741064	2.285628
0.02482	2.887776	8.853288	11.741064	2.286315
0.02483	2.888859	8.852205	11.741064	2.286992
0.02484	2.937264	8.803799	11.741063	2.287658
0.02485	3.031883	8.709179	11.741062	2.288308
0.02486	3.170889	8.570172	11.741061	2.288940
0.02487	3.351771	8.389288	11.741059	2.289551
0.02488	3.571378	8.169679	11.741056	2.290139
0.02489	3.825969	7.915084	11.741054	2.290700
0.0249	4.111282	7.629769	11.741051	2.291232
0.02491	4.422595	7.318452	11.741047	2.291732
0.02492	4.754813	6.986231	11.741044	2.292198
0.02493	5.102545	6.638496	11.741041	2.292626
0.02494	5.460192	6.280845	11.741037	2.293014
0.02495	5.822042	5.918992	11.741033	2.293360
0.02496	6.182353	5.558677	11.741030	2.293661
0.02497	6.535453	5.205573	11.741026	2.293916
0.02498	6.875825	4.865198	11.741023	2.294120
0.02499	7.198197	4.542823	11.741020	2.294274
0.025	7.497621	4.243396	11.741017	2.294374
0.02501	7.769554	3.971460	11.741015	2.294418
0.02502	8.009928	3.731084	11.741012	2.294406
0.02503	8.215210	3.525801	11.741011	2.294335
0.02504	8.382455	3.358554	11.741009	2.294204
0.02505	8.509355	3.231653	11.741008	2.294011
0.02506	8.594265	3.146742	11.741007	2.293757
0.02507	8.636234	3.104774	11.741007	2.293438
0.02508	8.635006	3.106001	11.741008	2.293056
0.02509	8.591029	3.149979	11.741008	2.292609
0.0251	8.505440	3.235569	11.741009	2.292096
0.02511	8.380041	3.360970	11.741011	2.291518
0.02512	8.217267	3.523746	11.741013	2.290875
0.02513	8.020146	3.720869	11.741015	2.290166
0.02514	7.792243	3.948775	11.741018	2.289392
0.02515	7.537598	4.203423	11.741020	2.288554
0.02516	7.260661	4.480362	11.741023	2.287652
0.02517	6.966216	4.774810	11.741027	2.286686
0.02518	6.659302	5.081728	11.741030	2.285659
0.02519	6.345126	5.395907	11.741033	2.284571
0.0252	6.028980	5.712056	11.741036	2.283424
0.02521	5.716157	6.024883	11.741040	2.282219
0.02522	5.411856	6.329186	11.741043	2.280959
0.02523	5.121107	6.619939	11.741046	2.279645
0.02524	4.848682	6.892367	11.741049	2.278279
0.02525	4.599021	7.142030	11.741051	2.276863
0.02526	4.376162	7.364891	11.741053	2.275401
0.02527	4.183675	7.557380	11.741055	2.273895
0.02528	4.024604	7.716453	11.741057	2.272347
0.02529	3.901422	7.839636	11.741058	2.270761
0.0253	3.815991	7.925068	11.741059	2.269139
0.02531	3.769536	7.971523	11.741059	2.267485
0.02532	3.762625	7.978434	11.741059	2.265802
0.02533	3.795164	7.945895	11.741059	2.264093
0.02534	3.866398	7.874659	11.741058	2.262362
0.02535	3.974933	7.766124	11.741056	2.260613
0.02536	4.118753	7.622302	11.741055	2.258848
0.02537	4.295261	7.445792	11.741053	2.257072
0.02538	4.501324	7.239727	11.741051	2.255289
0.02539	4.733322	7.007726	11.741048	2.253502
0.0254	4.987217	6.753829	11.741045	2.251715
0.02541	5.258613	6.482430	11.741042	2.249932
0.02542	5.542837	6.198203	11.741039	2.248156
0.02543	5.835013	5.906023	11.741036	2.246393
0.02544	6.130145	5.610888	11.741033	2.244645
0.02545	6.423202	5.317828	11.741030	2.242916
0.02546	6.709198	5.031829	11.741027	2.241210
0.02547	6.983277	4.757747	11.741024	2.239531
0.02548	7.240795	4.500227	11.741021	2.237882
0.02549	7.477392	4.263626	11.741019	2.236268
0.0255	7.689071	4.051945	11.741016	2.234691
0.02551	7.872258	3.868757	11.741015	2.233155
0.02552	8.023863	3.717150	11.741013	2.231663
0.02553	8.141330	3.599681	11.741012	2.230219
0.02554	8.222683	3.518328	11.741011	2.228825
0.02555	8.266552	3.474459	11.741010	2.227484
0.02556	8.272199	3.468811	11.741010	2.226200
0.02557	8.239530	3.501480	11.741011	2.224975
0.02558	8.169095	3.571916	11.741011	2.223811
0.02559	8.062080	3.678933	11.741013	2.222711
0.0256	7.920283	3.820731	11.741014	2.221677
0.02561	7.746092	3.994924	11.741016	2.220710
0.02562	7.542436	4.198582	11.741018	2.219813
0.02563	7.312744	4.428276	11.741020	2.218987
0.02564	7.060884	4.680139	11.741023	2.218234
0.02565	6.791101	4.949925	11.741026	2.217554
0.02566	6.507945	5.233084	11.741029	2.216949
0.02567	6.216198	5.524834	11.741032	2.216419
0.02568	5.920792	5.820243	11.741035	2.215966
0.02569	5.626732	6.114306	11.741038	2.215589
0.0257	5.339008	6.402033	11.741041	2.215288
0.02571	5.062518	6.678527	11.741044	2.215063
0.02572	4.801980	6.939067	11.741047	2.214915
0.02573	4.561862	7.179187	11.741050	2.214842
0.02574	4.346303	7.394749	11.741052	2.214845
0.02575	4.159045	7.582009	11.741054	2.214921
0.02576	4.003371	7.737685	11.741056	2.215070
0.02577	3.882052	7.859006	11.741057	2.215290
0.02578	3.797298	7.943760	11.741058	2.215580
0.02579	3.750725	7.990334	11.741059	2.215939
0.0258	3.743323	7.997736	11.741059	2.216363
0.02581	3.775441	7.965618	11.741059	2.216852
0.02582	3.846781	7.894278	11.741058	2.217403
0.02583	3.956400	7.784657	11.741057	2.218014
0.02584	4.102729	7.638327	11.741056	2.218681
0.02585	4.283591	7.457464	11.741054	2.219403
0.02586	4.496240	7.244812	11.741052	2.220176
0.02587	4.737406	7.003643	11.741050	2.220997
0.02588	5.003345	6.737702	11.741047	2.221863
0.02589	5.289901	6.451143	11.741044	2.222771
0.0259	5.592572	6.148470	11.741041	2.223718
0.02591	5.906584	5.834454	11.741038	2.224700
0.02592	6.226969	5.514066	11.741035	2.225713
0.02593	6.548645	5.192387	11.741032	2.226754
0.02594	6.866498	4.874531	11.741029	2.227820
0.02595	7.175467	4.565559	11.741026	2.228906
0.02596	7.470625	4.270398	11.741023	2.230008
0.02597	7.747261	3.993759	11.741020	2.231124
0.02598	8.000953	3.740064	11.741017	2.232249
0.02599	8.227648	3.513367	11.741015	2.233380
0.026	8.423720	3.317293	11.741013	2.234512
0.02601	8.586034	3.154977	11.741012	2.235642
0.02602	8.711998	3.029012	11.741010	2.236766
0.02603	8.799603	2.941407	11.741009	2.237881
0.02604	8.847458	2.893551	11.741009	2.238983
0.02605	8.854813	2.886196	11.741009	2.240067
0.02606	8.821572	2.919438	11.741009	2.241132
0.02607	8.748294	2.992716	11.741010	2.242173
0.02608	8.636187	3.104824	11.741011	2.243187
0.02609	8.487085	3.253927	11.741013	2.244170
0.0261	8.303423	3.437592	11.741015	2.245121
0.02611	8.088193	3.652824	11.741017	2.246035
0.02612	7.844900	3.896119	11.741019	2.246910
0.02613	7.577502	4.163520	11.741022	2.247743
0.02614	7.290350	4.450675	11.741025	2.248531
0.02615	6.988110	4.752918	11.741028	2.249273
0.02616	6.675695	5.065337	11.741031	2.249965
0.02617	6.358179	5.382855	11.741034	2.250607
0.02618	6.040720	5.700318	11.741038	2.251195
0.02619	5.728468	6.012573	11.741041	2.251728
0.0262	5.426488	6.314556	11.741044	2.252204
0.02621	5.139673	6.601374	11.741047	2.252623
0.02622	4.872664	6.868385	11.741049	2.252982
0.02623	4.629778	7.111274	11.741052	2.253281
0.02624	4.414929	7.326125	11.741054	2.253519
0.02625	4.231572	7.509484	11.741056	2.253695
0.02626	4.082638	7.658419	11.741057	2.253809
0.02627	3.970494	7.770564	11.741058	2.253860
0.02628	3.896895	7.844164	11.741059	2.253848
0.02629	3.862960	7.878099	11.741059	2.253773
0.0263	3.869151	7.871908	11.741059	2.253635
0.02631	3.915266	7.825792	11.741059	2.253436
0.02632	4.000440	7.740618	11.741058	2.253174
0.02633	4.123158	7.617899	11.741056	2.252852
0.02634	4.281280	7.459774	11.741055	2.252469
0.02635	4.472079	7.268974	11.741053	2.252028
0.02636	4.692278	7.048773	11.741050	2.251528
0.02637	4.938108	6.802940	11.741048	2.250972
0.02638	5.205370	6.535675	11.741045	2.250360
0.02639	5.489501	6.251541	11.741042	2.249695
0.0264	5.785650	5.955388	11.741039	2.248978
0.02641	6.088761	5.652275	11.741035	2.248210
0.02642	6.393649	5.347384	11.741032	2.247395
0.02643	6.695093	5.045936	11.741029	2.246532
0.02644	6.987920	4.753105	11.741026	2.245626
0.02645	7.267091	4.473932	11.741023	2.244678
0.02646	7.527783	4.213236	11.741020	2.243690
0.02647	7.765475	3.975542	11.741017	2.242664
0.02648	7.976019	3.764996	11.741015	2.241603
0.02649	8.155713	3.585300	11.741013	2.240509
0.0265	8.301363	3.439649	11.741011	2.239384
0.02651	8.410340	3.330671	11.741010	2.238232
0.02652	8.480623	3.260387	11.741009	2.237053
0.02653	8.510838	3.230171	11.741009	2.235851
0.02654	8.500281	3.240728	11.741009	2.234629
0.02655	8.448936	3.292074	11.741009	2.233388
0.02656	8.357474	3.383536	11.741010	2.232130
0.02657	8.227250	3.513761	11.741011	2.230859
0.02658	8.060281	3.680732	11.741013	2.229577
0.02659	7.859216	3.881799	11.741015	2.228284
0.0266	7.627297	4.113721	11.741017	2.226985
0.02661	7.368306	4.372714	11.741020	2.225681
0.02662	7.086508	4.654515	11.741023	2.224373
0.02663	6.786583	4.954443	11.741026	2.223064
0.02664	6.473550	5.267480	11.741029	2.221756
0.02665	6.152684	5.588349	11.741033	2.220450
0.02666	5.829436	5.911601	11.741036	2.219149
0.02667	5.509338	6.231702	11.741040	2.217852
0.02668	5.197917	6.543126	11.741043	2.216563
0.02669	4.900601	6.840445	11.741046	2.215282
0.0267	4.622632	7.118418	11.741050	2.214011
0.02671	4.368972	7.372080	11.741052	2.212750
0.02672	4.144229	7.596827	11.741055	2.211500
0.02673	3.952569	7.788488	11.741057	2.210263
0.02674	3.797653	7.943407	11.741059	2.209039
0.02675	3.682566	8.058495	11.741061	2.207828
0.02676	3.609767	8.131295	11.741062	2.206631
0.02677	3.581044	8.160019	11.741063	2.205449
0.02678	3.597474	8.143589	11.741063	2.204281
0.02679	3.659407	8.081656	11.741063	2.203128
0.0268	3.766450	7.974612	11.741062	2.201989
0.02681	3.917470	7.823591	11.741061	2.200864
0.02682	4.110602	7.630457	11.741059	2.199754
0.02683	4.343280	7.397778	11.741057	2.198657
0.02684	4.612265	7.128789	11.741055	2.197574
0.02685	4.913700	6.827352	11.741052	2.196503
0.02686	5.243159	6.497890	11.741049	2.195444
0.02687	5.595718	6.145327	11.741045	2.194396
0.02688	5.966030	5.775012	11.741042	2.193358
0.02689	6.348406	5.392632	11.741038	2.192330
0.0269	6.736904	5.004130	11.741034	2.191310
0.02691	7.125420	4.615611	11.741030	2.190297
0.02692	7.507786	4.233241	11.741027	2.189290
0.02693	7.877869	3.863154	11.741023	2.188288
0.02694	8.229667	3.511353	11.741019	2.187290
0.02695	8.557403	3.183613	11.741016	2.186294
0.02696	8.855625	2.885387	11.741013	2.185300
0.02697	9.119290	2.621719	11.741010	2.184305
0.02698	9.343849	2.397159	11.741007	2.183309
0.02699	9.525319	2.215686	11.741005	2.182311
0.027	9.660359	2.080644	11.741004	2.181308
0.02701	9.746320	1.994683	11.741002	2.180300
0.02702	9.781292	1.959710	11.741002	2.179286
0.02703	9.764145	1.976856	11.741001	2.178264
0.02704	9.694550	2.046452	11.741002	2.177234
0.02705	9.572989	2.168014	11.741003	2.176194
0.02706	9.400753	2.340251	11.741004	2.175142
0.02707	9.179931	2.561074	11.741006	2.174079
0.02708	8.913382	2.827626	11.741008	2.173004
0.02709	8.604691	3.136320	11.741011	2.171914
0.0271	8.258126	3.482888	11.741014	2.170811
0.02711	7.878571	3.862446	11.741017	2.169693
0.02712	7.471454	4.269567	11.741021	2.168559
0.02713	7.042669	4.698356	11.741025	2.167409
0.02714	6.598486	5.142543	11.741029	2.166244
0.02715	6.145455	5.595578	11.741033	2.165062
0.02716	5.690308	6.050730	11.741037	2.163864
0.02717	5.239853	6.501189	11.741041	2.162649
0.02718	4.800872	6.940174	11.741046	2.161418
0.02719	4.380014	7.361036	11.741050	2.160172
0.0272	3.983692	7.757361	11.741053	2.158910
0.02721	3.617982	8.123075	11.741057	2.157633
0.02722	3.288526	8.452534	11.741060	2.156342
0.02723	3.000446	8.740617	11.741063	2.155038
0.02724	2.758257	8.982808	11.741065	2.153722
0.02725	2.565799	9.175268	11.741067	2.152394
0.02726	2.426171	9.314898	11.741069	2.151056
0.02727	2.341679	9.399391	11.741070	2.149709
0.02728	2.313802	9.427269	11.741070	2.148355
0.02729	2.343157	9.397913	11.741070	2.146996
0.0273	2.429493	9.311577	11.741069	2.145632
0.02731	2.571685	9.169383	11.741068	2.144266
0.02732	2.767754	8.973313	11.741066	2.142900
0.02733	3.014885	8.726179	11.741064	2.141535
0.02734	3.309477	8.431585	11.741061	2.140175
0.02735	3.647186	8.093872	11.741058	2.138820
0.02736	4.022997	7.718057	11.741055	2.137473
0.02737	4.431293	7.309758	11.741051	2.136137
0.02738	4.865941	6.875106	11.741047	2.134813
0.02739	5.320387	6.420656	11.741042	2.133505
0.0274	5.787751	5.953286	11.741038	2.132215
0.02741	6.260939	5.480095	11.741033	2.130945
0.02742	6.732743	5.008286	11.741029	2.129697
0.02743	7.195958	4.545066	11.741025	2.128475
0.02744	7.643494	4.097527	11.741020	2.127281
0.02745	8.068480	3.672537	11.741016	2.126117
0.02746	8.464376	3.276636	11.741012	2.124987
0.02747	8.825075	2.915934	11.741009	2.123891
0.02748	9.144994	2.596011	11.741006	2.122834
0.02749	9.419169	2.321834	11.741003	2.121816
0.0275	9.643328	2.097673	11.741001	2.120842
0.02751	9.813959	1.927040	11.740999	2.119912
0.02752	9.928372	1.812626	11.740998	2.119030
0.02753	9.984738	1.756260	11.740997	2.118197
0.02754	9.982120	1.758878	11.740997	2.117415
0.02755	9.920492	1.820506	11.740998	2.116687
0.02756	9.800742	1.940258	11.740999	2.116013
0.02757	9.624657	2.116343	11.741001	2.115397
0.02758	9.394904	2.346099	11.741003	2.114839
0.02759	9.114984	2.626022	11.741006	2.114340
0.0276	8.789184	2.951825	11.741009	2.113903
0.02761	8.422511	3.318502	11.741012	2.113528
0.02762	8.020617	3.720399	11.741016	2.113215
0.02763	7.589713	4.151307	11.741020	2.112967
0.02764	7.136472	4.604553	11.741025	2.112783
0.02765	6.667927	5.073102	11.741029	2.112664
0.02766	6.191363	5.549671	11.741034	2.112611
0.02767	5.714206	6.026832	11.741039	2.112622
0.02768	5.243904	6.497140	11.741043	2.112698
0.02769	4.787812	6.953236	11.741048	2.112840
0.0277	4.353081	7.387971	11.741052	2.113045
0.02771	3.946539	7.794517	11.741056	2.113314
0.02772	3.574592	8.166468	11.741060	2.113646
0.02773	3.243115	8.497948	11.741063	2.114039
0.02774	2.957363	8.783703	11.741066	2.114492
0.02775	2.721889	9.019179	11.741068	2.115003
0.02776	2.540465	9.200605	11.741070	2.115572
0.02777	2.416029	9.325042	11.741071	2.116196
0.02778	2.350628	9.390444	11.741072	2.116872
0.02779	2.345391	9.395681	11.741072	2.117600
0.0278	2.400503	9.340568	11.741072	2.118376
0.02781	2.515205	9.225866	11.741071	2.119197
0.02782	2.687796	9.053273	11.741069	2.120062
0.02783	2.915663	8.825404	11.741067	2.120966
0.02784	3.195317	8.545747	11.741064	2.121908
0.02785	3.522442	8.218619	11.741061	2.122883
0.02786	3.891963	7.849094	11.741057	2.123889
0.02787	4.298124	7.442929	11.741053	2.124922
0.02788	4.734571	7.006478	11.741049	2.125978
0.02789	5.194453	6.546591	11.741044	2.127054
0.0279	5.670526	6.070513	11.741040	2.128147
0.02791	6.155265	5.585770	11.741035	2.129251
0.02792	6.640980	5.100050	11.741030	2.130364
0.02793	7.119937	4.621088	11.741025	2.131481
0.02794	7.584476	4.156544	11.741021	2.132599
0.02795	8.027134	3.713882	11.741016	2.133714
0.02796	8.440758	3.300254	11.741012	2.134820
0.02797	8.818623	2.922385	11.741008	2.135916
0.02798	9.154531	2.586473	11.741005	2.136996
0.02799	9.442919	2.298083	11.741002	2.138056
0.028	9.678938	2.062061	11.740999	2.139093
0.02801	9.858539	1.882459	11.740997	2.140102
0.02802	9.978534	1.762461	11.740996	2.141080
0.02803	10.036654	1.704340	11.740995	2.142024
0.02804	10.031582	1.709412	11.740995	2.142929
0.02805	9.962981	1.778014	11.740995	2.143792
0.02806	9.831500	1.909496	11.740996	2.144609
0.02807	9.638773	2.102225	11.740998	2.145377
0.02808	9.387392	2.353608	11.741000	2.146094
0.02809	9.080873	2.660130	11.741003	2.146755
0.0281	8.723606	3.017400	11.741006	2.147359
0.02811	8.320788	3.420222	11.741010	2.147902
0.02812	7.878348	3.862666	11.741014	2.148383
0.02813	7.402857	4.338161	11.741018	2.148798
0.02814	6.901430	4.839593	11.741023	2.149146
0.02815	6.381616	5.359411	11.741028	2.149424
0.02816	5.851287	5.889746	11.741033	2.149632
0.02817	5.318513	6.422524	11.741038	2.149767
0.02818	4.791443	6.949600	11.741043	2.149829
0.02819	4.278174	7.462874	11.741048	2.149817
0.0282	3.786634	7.954418	11.741053	2.149729
0.02821	3.324453	8.416605	11.741057	2.149566
0.02822	2.898845	8.842217	11.741061	2.149327
0.02823	2.516499	9.224566	11.741065	2.149012
0.02824	2.183472	9.557596	11.741069	2.148621
0.02825	1.905095	9.835977	11.741071	2.148156
0.02826	1.685885	10.055188	11.741074	2.147616
0.02827	1.529479	10.211596	11.741075	2.147003
0.02828	1.438570	10.302507	11.741076	2.146318
0.02829	1.414864	10.326213	11.741077	2.145562
0.0283	1.459052	10.282025	11.741077	2.144738
0.02831	1.570795	10.170281	11.741076	2.143848
0.02832	1.748726	9.992348	11.741074	2.142893
0.02833	1.990467	9.750606	11.741072	2.141875
0.02834	2.292663	9.448407	11.741069	2.140799
0.02835	2.651031	9.090035	11.741066	2.139666
0.02836	3.060421	8.680641	11.741063	2.138480
0.02837	3.514895	8.226164	11.741058	2.137245
0.02838	4.007810	7.733244	11.741054	2.135962
0.02839	4.531923	7.209126	11.741049	2.134637
0.0284	5.079499	6.661545	11.741044	2.133273
0.02841	5.642424	6.098614	11.741039	2.131873
0.02842	6.212332	5.528702	11.741033	2.130443
0.02843	6.780728	4.960300	11.741028	2.128986
0.02844	7.339121	4.401901	11.741023	2.127507
0.02845	7.879152	3.861866	11.741018	2.126009
0.02846	8.392719	3.348293	11.741013	2.124499
0.02847	8.872105	2.868903	11.741008	2.122979
0.02848	9.310094	2.430910	11.741004	2.121455
0.02849	9.700081	2.040920	11.741001	2.119932
0.0285	10.036175	1.704822	11.740997	2.118414
0.02851	10.313293	1.427702	11.740995	2.116906
0.02852	10.527231	1.213762	11.740993	2.115413
0.02853	10.674736	1.066255	11.740991	2.113939
0.02854	10.753557	0.987433	11.740991	2.112489
0.02855	10.762476	0.978514	11.740990	2.111068
0.02856	10.701332	1.039659	11.740991	2.109680
0.02857	10.571022	1.169970	11.740992	2.108330
0.02858	10.373493	1.367501	11.740994	2.107022
0.02859	10.111708	1.629289	11.740997	2.105760
0.0286	9.789607	1.951393	11.741000	2.104549
0.02861	9.412044	2.328959	11.741003	2.103392
0.02862	8.984717	2.756291	11.741007	2.102294
0.02863	8.514079	3.226933	11.741012	2.101257
0.02864	8.007244	3.733773	11.741016	2.100286
0.02865	7.471875	4.269147	11.741022	2.099384
0.02866	6.916069	4.824958	11.741027	2.098554
0.02867	6.348236	5.392796	11.741032	2.097799
0.02868	5.776967	5.964071	11.741038	2.097121
0.02869	5.210904	6.530139	11.741043	2.096523
0.0287	4.658611	7.082438	11.741048	2.096008
0.02871	4.128438	7.612615	11.741053	2.095577
0.02872	3.628398	8.112660	11.741058	2.095232
0.02873	3.166041	8.575021	11.741062	2.094975
0.02874	2.748340	8.992726	11.741066	2.094806
0.02875	2.381583	9.359487	11.741070	2.094727
0.02876	2.071276	9.669796	11.741073	2.094738
0.02877	1.822062	9.919012	11.741075	2.094840
0.02878	1.637646	10.103431	11.741077	2.095033
0.02879	1.520736	10.220342	11.741078	2.095317
0.0288	1.473008	10.268070	11.741078	2.095691
0.02881	1.495074	10.246004	11.741078	2.096155
0.02882	1.586476	10.154601	11.741077	2.096708
0.02883	1.745690	9.995386	11.741075	2.097349
0.02884	1.970151	9.770922	11.741073	2.098075
0.02885	2.256292	9.484778	11.741070	2.098886
0.02886	2.599599	9.141467	11.741067	2.099780
0.02887	2.994680	8.746383	11.741063	2.100754
0.02888	3.435346	8.305712	11.741059	2.101805
0.02889	3.914709	7.826344	11.741054	2.102932
0.0289	4.425288	7.315761	11.741049	2.104131
0.02891	4.959119	6.781924	11.741044	2.105399
0.02892	5.507887	6.233151	11.741038	2.106733
0.02893	6.063044	5.677989	11.741033	2.108130
0.02894	6.615949	5.125078	11.741028	2.109585
0.02895	7.157996	4.583026	11.741022	2.111095
0.02896	7.680751	4.060267	11.741017	2.112656
0.02897	8.176076	3.564936	11.741012	2.114263
0.02898	8.636265	3.104743	11.741008	2.115913
0.02899	9.054152	2.686852	11.741004	2.117602
0.029	9.423231	2.317769	11.741000	2.119324
0.02901	9.737751	2.003246	11.740997	2.121075
0.02902	9.992809	1.748185	11.740995	2.122851
0.02903	10.184425	1.556567	11.740993	2.124648
0.02904	10.309604	1.431388	11.740992	2.126459
0.02905	10.366382	1.374609	11.740991	2.128281
0.02906	10.353859	1.387132	11.740991	2.130109
0.02907	10.272215	1.468777	11.740992	2.131939
0.02908	10.122703	1.618291	11.740993	2.133765
0.02909	9.907635	1.833361	11.740995	2.135583
0.0291	9.630346	2.110653	11.740998	2.137389
0.02911	9.295142	2.445859	11.741001	2.139178
0.02912	8.907238	2.833767	11.741005	2.140946
0.02913	8.472672	3.268337	11.741009	2.142688
0.02914	7.998219	3.742795	11.741014	2.144401
0.02915	7.491282	4.249737	11.741019	2.146079
0.02916	6.959782	4.781242	11.741024	2.147721
0.02917	6.412032	5.328997	11.741030	2.149321
0.02918	5.856614	5.884421	11.741035	2.150876
0.02919	5.302241	6.438800	11.741040	2.152383
0.0292	4.757626	6.983420	11.741046	2.153839
0.02921	4.231348	7.509703	11.741051	2.155240
0.02922	3.731715	8.009341	11.741056	2.156585
0.02923	3.266641	8.474420	11.741061	2.157870
0.02924	2.843517	8.897548	11.741065	2.159093
0.02925	2.469101	9.271968	11.741069	2.160252
0.02926	2.149410	9.591662	11.741072	2.161345
0.02927	1.889628	9.851447	11.741074	2.162370
0.02928	1.694021	10.047055	11.741077	2.163327
0.02929	1.565876	10.175202	11.741078	2.164214
0.0293	1.507441	10.233638	11.741079	2.165031
0.02931	1.519894	10.221184	11.741079	2.165776
0.02932	1.603323	10.137755	11.741078	2.166449
0.02933	1.756720	9.984357	11.741077	2.167051
0.02934	1.977996	9.763079	11.741075	2.167581
0.02935	2.264010	9.477062	11.741072	2.168040
0.02936	2.610620	9.130449	11.741069	2.168429
0.02937	3.012739	8.728326	11.741065	2.168749
0.02938	3.464415	8.276646	11.741061	2.169000
0.02939	3.958920	7.782137	11.741056	2.169184
0.0294	4.488851	7.252201	11.741052	2.169303
0.02941	5.046244	6.694802	11.741046	2.169359
0.02942	5.622695	6.118345	11.741041	2.169354
0.02943	6.209487	5.531549	11.741035	2.169290
0.02944	6.797721	4.943309	11.741030	2.169169
0.02945	7.378458	4.362566	11.741024	2.168995
0.02946	7.942849	3.798170	11.741019	2.168770
0.02947	8.482274	3.258739	11.741014	2.168496
0.02948	8.988475	2.752534	11.741009	2.168179
0.02949	9.453680	2.287324	11.741004	2.167819
0.0295	9.870723	1.870277	11.741000	2.167422
0.02951	10.233156	1.507840	11.740997	2.166990
0.02952	10.535348	1.205646	11.740994	2.166527
0.02953	10.772570	0.968421	11.740991	2.166038
0.02954	10.941071	0.799918	11.740990	2.165525
0.02955	11.038136	0.702853	11.740989	2.164993
0.02956	11.062126	0.678862	11.740988	2.164445
0.02957	11.012510	0.728479	11.740989	2.163885
0.02958	10.889869	0.851121	11.740990	2.163318
0.02959	10.695891	1.045100	11.740991	2.162747
0.0296	10.433350	1.307644	11.740994	2.162177
0.02961	10.106057	1.634940	11.740997	2.161610
0.02962	9.718812	2.022189	11.741000	2.161052
0.02963	9.277326	2.463678	11.741004	2.160505
0.02964	8.788141	2.952868	11.741009	2.159973
0.02965	8.258527	3.482487	11.741014	2.159460
0.02966	7.696372	4.044647	11.741019	2.158970
0.02967	7.110070	4.630954	11.741025	2.158506
0.02968	6.508386	5.232644	11.741030	2.158071
0.02969	5.900329	5.840707	11.741036	2.157668
0.0297	5.295013	6.446028	11.741042	2.157300
0.02971	4.701522	7.039525	11.741047	2.156970
0.02972	4.128771	7.612282	11.741053	2.156681
0.02973	3.585370	8.155688	11.741058	2.156435
0.02974	3.079496	8.661567	11.741063	2.156234
0.02975	2.618769	9.122298	11.741067	2.156080
0.02976	2.210136	9.530935	11.741071	2.155976
0.02977	1.859767	9.881307	11.741074	2.155922
0.02978	1.572961	10.168116	11.741077	2.155921
0.02979	1.354065	10.387014	11.741079	2.155973
0.0298	1.206411	10.534670	11.741080	2.156079
0.02981	1.132264	10.608817	11.741081	2.156240
0.02982	1.132789	10.608292	11.741081	2.156457
0.02983	1.208032	10.533048	11.741080	2.156730
0.02984	1.356923	10.384156	11.741079	2.157058
0.02985	1.577289	10.163788	11.741077	2.157442
0.02986	1.865887	9.875187	11.741074	2.157881
0.02987	2.218459	9.522612	11.741071	2.158374
0.02988	2.629789	9.111279	11.741067	2.158921
0.02989	3.093788	8.647275	11.741063	2.159520
0.0299	3.603583	8.137475	11.741058	2.160170
0.02991	4.151625	7.589428	11.741053	2.160869
0.02992	4.729797	7.011250	11.741048	2.161616
0.02993	5.329544	6.411498	11.741042	2.162409
0.02994	5.941996	5.799040	11.741037	2.163244
0.02995	6.558106	5.182925	11.741031	2.164121
0.02996	7.168784	4.572241	11.741025	2.165036
0.02997	7.765035	3.975984	11.741020	2.165987
0.02998	8.338096	3.402919	11.741015	2.166971
0.02999	8.879561	2.861449	11.741010	2.167984
0.03	9.381515	2.359490	11.741005	2.169024
0.03001	9.836649	1.904352	11.741001	2.170088
0.03002	10.238366	1.502631	11.740997	2.171172
0.03003	10.580884	1.160110	11.740994	2.172272
0.03004	10.859317	0.881675	11.740992	2.173385
0.03005	11.069751	0.671239	11.740990	2.174508
0.03006	11.209297	0.531691	11.740989	2.175637
0.03007	11.276135	0.464853	11.740988	2.176768
0.03008	11.269537	0.471451	11.740989	2.177898
0.03009	11.189877	0.551113	11.740990	2.179022
0.0301	11.038620	0.702371	11.740991	2.180137
0.03011	10.818301	0.922693	11.740993	2.181240
0.03012	10.532481	1.208516	11.740996	2.182326
0.03013	10.185690	1.555309	11.741000	2.183393
0.03014	9.783360	1.957643	11.741003	2.184437
0.03015	9.331734	2.409273	11.741008	2.185454
0.03016	8.837776	2.903237	11.741013	2.186440
0.03017	8.309056	3.431962	11.741018	2.187394
0.03018	7.753641	3.987382	11.741023	2.188311
0.03019	7.179967	4.561061	11.741028	2.189189
0.0302	6.596712	5.144322	11.741034	2.190025
0.03021	6.012661	5.728378	11.741039	2.190817
0.03022	5.436576	6.304469	11.741045	2.191561
0.03023	4.877059	6.863990	11.741050	2.192255
0.03024	4.342429	7.398626	11.741055	2.192898
0.03025	3.840587	7.900473	11.741059	2.193488
0.03026	3.378905	8.362159	11.741064	2.194023
0.03027	2.964114	8.776953	11.741067	2.194501
0.03028	2.602202	9.138868	11.741071	2.194921
0.03029	2.298328	9.442745	11.741073	2.195282
0.0303	2.056744	9.684331	11.741075	2.195584
0.03031	1.880736	9.860341	11.741077	2.195826
0.03032	1.772576	9.968501	11.741078	2.196007
0.03033	1.733493	10.007585	11.741078	2.196128
0.03034	1.763655	9.977422	11.741077	2.196189
0.03035	1.862173	9.878902	11.741076	2.196190
0.03036	2.027120	9.713954	11.741074	2.196133
0.03037	2.255561	9.485511	11.741072	2.196017
0.03038	2.543602	9.197466	11.741069	2.195845
0.03039	2.886459	8.854606	11.741065	2.195617
0.0304	3.278527	8.462534	11.741061	2.195336
0.03041	3.713475	8.027582	11.741057	2.195003
0.03042	4.184342	7.556710	11.741052	2.194621
0.03043	4.683651	7.057397	11.741047	2.194191
0.03044	5.203520	6.537522	11.741042	2.193718
0.03045	5.735791	6.005246	11.741037	2.193203
0.03046	6.272151	5.468881	11.741032	2.192649
0.03047	6.804263	4.936763	11.741027	2.192060
0.03048	7.323897	4.417124	11.741022	2.191439
0.03049	7.823052	3.917965	11.741017	2.190791
0.0305	8.294079	3.446933	11.741012	2.190117
0.03051	8.729801	3.011207	11.741008	2.189423
0.03052	9.123619	2.617386	11.741004	2.188713
0.03053	9.469612	2.271389	11.741001	2.187990
0.03054	9.762628	1.978370	11.740998	2.187258
0.03055	9.998358	1.742638	11.740996	2.186523
0.03056	10.173401	1.567594	11.740995	2.185789
0.03057	10.285311	1.455682	11.740994	2.185060
0.03058	10.332637	1.408356	11.740994	2.184340
0.03059	10.314936	1.426058	11.740994	2.183635
0.0306	10.232778	1.508217	11.740995	2.182948
0.03061	10.087735	1.653262	11.740997	2.182285
0.03062	9.882352	1.858647	11.740999	2.181650
0.03063	9.620104	2.120898	11.741001	2.181047
0.03064	9.305340	2.435665	11.741005	2.180482
0.03065	8.943213	2.797796	11.741008	2.179958
0.03066	8.539593	3.201419	11.741012	2.179479
0.03067	8.100982	3.640034	11.741017	2.179051
0.03068	7.634403	4.106619	11.741021	2.178676
0.03069	7.147292	4.593734	11.741026	2.178360
0.0307	6.647385	5.093647	11.741031	2.178107
0.03071	6.142590	5.598446	11.741036	2.177918
0.03072	5.640871	6.100170	11.741041	2.177800
0.03073	5.150120	6.590926	11.741046	2.177754
0.03074	4.678035	7.063016	11.741051	2.177784
0.03075	4.232001	7.509054	11.741055	2.177893
0.03076	3.818980	7.922079	11.741059	2.178083
0.03077	3.445397	8.295665	11.741063	2.178358
0.03078	3.117051	8.624015	11.741066	2.178720
0.03079	2.839018	8.902051	11.741068	2.179170
0.0308	2.615579	9.125492	11.741071	2.179711
0.03081	2.450156	9.290916	11.741072	2.180344
0.03082	2.345259	9.395814	11.741073	2.181070
0.03083	2.302453	9.438621	11.741074	2.181890
0.03084	2.322330	9.418743	11.741073	2.182805
0.03085	2.404510	9.336562	11.741072	2.183816
0.03086	2.547645	9.193426	11.741071	2.184922
0.03087	2.749441	8.991628	11.741069	2.186124
0.03088	3.006701	8.734365	11.741066	2.187422
0.03089	3.315374	8.425690	11.741063	2.188813
0.0309	3.670617	8.070443	11.741060	2.190298
0.03091	4.066878	7.674178	11.741056	2.191875
0.03092	4.497980	7.243071	11.741052	2.193543
0.03093	4.957219	6.783829	11.741047	2.195299
0.03094	5.437466	6.303577	11.741043	2.197142
0.03095	5.931284	5.809754	11.741038	2.199070
0.03096	6.431040	5.309993	11.741033	2.201079
0.03097	6.929024	4.812004	11.741028	2.203167
0.03098	7.417567	4.323457	11.741024	2.205330
0.03099	7.889161	3.851858	11.741019	2.207565
0.031	8.336574	3.404441	11.741015	2.209869
0.03101	8.752959	2.988052	11.741011	2.212238
0.03102	9.131961	2.609046	11.741007	2.214667
0.03103	9.467813	2.273191	11.741004	2.217153
0.03104	9.755419	1.985582	11.741001	2.219690
0.03105	9.990437	1.750562	11.740999	2.222276
0.03106	10.169338	1.571660	11.740998	2.224903
0.03107	10.289461	1.451536	11.740996	2.227568
0.03108	10.349049	1.391947	11.740996	2.230266
0.03109	10.347277	1.393719	11.740996	2.232992
0.0311	10.284255	1.456742	11.740997	2.235740
0.03111	10.161030	1.579968	11.740998	2.238504
0.03112	9.979562	1.761438	11.741000	2.241280
0.03113	9.742693	1.998309	11.741002	2.244063
0.03114	9.454100	2.286905	11.741005	2.246845
0.03115	9.118234	2.622774	11.741008	2.249623
0.03116	8.740251	3.000761	11.741012	2.252391
0.03117	8.325928	3.415088	11.741016	2.255142
0.03118	7.881573	3.859447	11.741020	2.257872
0.03119	7.413925	4.327099	11.741024	2.260576
0.0312	6.930052	4.810977	11.741029	2.263247
0.03121	6.437235	5.303798	11.741033	2.265881
0.03122	5.942862	5.798176	11.741038	2.268472
0.03123	5.454309	6.286733	11.741043	2.271016
0.03124	4.978830	6.762217	11.741047	2.273507
0.03125	4.523444	7.217608	11.741051	2.275941
0.03126	4.094828	7.646227	11.741055	2.278312
0.03127	3.699219	8.041840	11.741059	2.280617
0.03128	3.342317	8.398745	11.741062	2.282851
0.03129	3.029202	8.711863	11.741064	2.285011
0.0313	2.764256	8.976810	11.741067	2.287091
0.03131	2.551105	9.189964	11.741068	2.289089
0.03132	2.392559	9.348510	11.741070	2.291001
0.03133	2.290582	9.450489	11.741070	2.292824
0.03134	2.246257	9.494814	11.741071	2.294555
0.03135	2.259782	9.481288	11.741070	2.296191
0.03136	2.330468	9.410601	11.741069	2.297729
0.03137	2.456756	9.284312	11.741068	2.299168
0.03138	2.636244	9.104822	11.741066	2.300505
0.03139	2.865732	8.875331	11.741063	2.301739
0.0314	3.141274	8.599787	11.741060	2.302869
0.03141	3.458244	8.282813	11.741057	2.303892
0.03142	3.811415	7.929639	11.741053	2.304810
0.03143	4.195036	7.546013	11.741050	2.305620
0.03144	4.602935	7.138110	11.741045	2.306323
0.03145	5.028608	6.712433	11.741041	2.306919
0.03146	5.465328	6.275709	11.741037	2.307408
0.03147	5.906248	5.834784	11.741033	2.307791
0.03148	6.344513	5.396516	11.741028	2.308068
0.03149	6.773359	4.967665	11.741024	2.308241
0.0315	7.186226	4.554794	11.741020	2.308311
0.03151	7.576856	4.164161	11.741017	2.308280
0.03152	7.939387	3.801627	11.741013	2.308150
0.03153	8.268444	3.472566	11.741010	2.307923
0.03154	8.559222	3.181786	11.741008	2.307601
0.03155	8.807553	2.933453	11.741006	2.307187
0.03156	9.009970	2.731033	11.741004	2.306684
0.03157	9.163759	2.577244	11.741003	2.306096
0.03158	9.266989	2.474013	11.741002	2.305424
0.03159	9.318548	2.422454	11.741002	2.304673
0.0316	9.318144	2.422858	11.741002	2.303847
0.03161	9.266313	2.474690	11.741003	2.302949
0.03162	9.164400	2.576604	11.741004	2.301983
0.03163	9.014533	2.726473	11.741006	2.300953
0.03164	8.819586	2.921423	11.741008	2.299864
0.03165	8.583125	3.157886	11.741011	2.298720
0.03166	8.309351	3.431663	11.741014	2.297525
0.03167	8.003026	3.737992	11.741017	2.296284
0.03168	7.669393	4.071627	11.741021	2.295001
0.03169	7.314095	4.426930	11.741024	2.293681
0.0317	6.943073	4.797956	11.741028	2.292328
0.03171	6.562478	5.178555	11.741032	2.290949
0.03172	6.178566	5.562470	11.741036	2.289546
0.03173	5.797601	5.943439	11.741040	2.288125
0.03174	5.425750	6.315293	11.741044	2.286690
0.03175	5.068991	6.672056	11.741047	2.285246
0.03176	4.733011	7.008040	11.741051	2.283798
0.03177	4.423122	7.317931	11.741054	2.282350
0.03178	4.144177	7.596880	11.741056	2.280907
0.03179	3.900490	7.840569	11.741059	2.279473
0.0318	3.695775	8.045285	11.741061	2.278052
0.03181	3.533089	8.207973	11.741062	2.276648
0.03182	3.414781	8.326282	11.741063	2.275266
0.03183	3.342465	8.398599	11.741064	2.273910
0.03184	3.316992	8.424072	11.741064	2.272582
0.03185	3.338442	8.402621	11.741063	2.271287
0.03186	3.406129	8.334934	11.741062	2.270028
0.03187	3.518611	8.222450	11.741061	2.268809
0.03188	3.673723	8.067336	11.741059	2.267632
0.03189	3.868608	7.872449	11.741057	2.266500
0.0319	4.099772	7.641283	11.741054	2.265417
0.03191	4.363141	7.377910	11.741052	2.264383
0.03192	4.654132	7.086916	11.741048	2.263403
0.03193	4.967725	6.773321	11.741045	2.262478
0.03194	5.298548	6.442494	11.741042	2.261609
0.03195	5.640969	6.100069	11.741038	2.260799
0.03196	5.989182	5.751853	11.741034	2.260048
0.03197	6.337306	5.403724	11.741031	2.259359
0.03198	6.679483	5.061544	11.741027	2.258731
0.03199	7.009963	4.731060	11.741024	2.258166
0.032	7.323211	4.417809	11.741020	2.257665
0.03201	7.613983	4.127035	11.741017	2.257226
0.03202	7.877418	3.863596	11.741014	2.256852
0.03203	8.109115	3.631897	11.741012	2.256541
0.03204	8.305200	3.435810	11.741010	2.256293
0.03205	8.462389	3.278619	11.741008	2.256108
0.03206	8.578042	3.162965	11.741007	2.255985
0.03207	8.650199	3.090807	11.741006	2.255923
0.03208	8.677617	3.063389	11.741006	2.255921
0.03209	8.659782	3.081224	11.741006	2.255978
0.0321	8.596919	3.144088	11.741007	2.256092
0.03211	8.489988	3.251020	11.741008	2.256261
0.03212	8.340664	3.400345	11.741009	2.256484
0.03213	8.151312	3.589700	11.741011	2.256758
0.03214	7.924943	3.816071	11.741013	2.257082
0.03215	7.665169	4.075847	11.741016	2.257454
0.03216	7.376142	4.364876	11.741019	2.257871
0.03217	7.062486	4.678536	11.741022	2.258330
0.03218	6.729221	5.011804	11.741025	2.258830
0.03219	6.381683	5.359346	11.741029	2.259367
0.0322	6.025438	5.715595	11.741032	2.259938
0.03221	5.666190	6.074846	11.741036	2.260542
0.03222	5.309692	6.431348	11.741040	2.261175
0.03223	4.961653	6.779390	11.741043	2.261834
0.03224	4.627644	7.113402	11.741046	2.262516
0.03225	4.313014	7.428035	11.741050	2.263218
0.03226	4.022800	7.718253	11.741053	2.263938
0.03227	3.761647	7.979408	11.741055	2.264672
0.03228	3.533740	8.207318	11.741057	2.265418
0.03229	3.342730	8.398329	11.741059	2.266172
0.0323	3.191683	8.549377	11.741061	2.266932
0.03231	3.083030	8.658032	11.741062	2.267694
0.03232	3.018527	8.722536	11.741063	2.268456
0.03233	2.999230	8.741833	11.741063	2.269215
0.03234	3.025482	8.715581	11.741063	2.269969
0.03235	3.096904	8.644158	11.741062	2.270714
0.03236	3.212405	8.528655	11.741061	2.271449
0.03237	3.370203	8.370856	11.741059	2.272170
0.03238	3.567849	8.173208	11.741057	2.272875
0.03239	3.802273	7.938782	11.741055	2.273563
0.0324	4.069831	7.671222	11.741052	2.274231
0.03241	4.366364	7.374686	11.741050	2.274876
0.03242	4.687267	7.053779	11.741046	2.275498
0.03243	5.027564	6.713479	11.741043	2.276094
0.03244	5.381983	6.359057	11.741040	2.276663
0.03245	5.745047	5.995989	11.741036	2.277202
0.03246	6.111155	5.629878	11.741033	2.277712
0.03247	6.474677	5.266352	11.741029	2.278190
0.03248	6.830040	4.910986	11.741026	2.278635
0.03249	7.171815	4.569207	11.741023	2.279047
0.0325	7.494809	4.246211	11.741020	2.279424
0.03251	7.794138	3.946879	11.741017	2.279767
0.03252	8.065310	3.675705	11.741014	2.280073
0.03253	8.304292	3.436719	11.741012	2.280344
0.03254	8.507576	3.233434	11.741010	2.280579
0.03255	8.672225	3.068783	11.741009	2.280778
0.03256	8.795928	2.945080	11.741008	2.280940
0.03257	8.877024	2.863983	11.741007	2.281066
0.03258	8.914536	2.826471	11.741007	2.281156
0.03259	8.908174	2.832833	11.741007	2.281211
0.0326	8.858345	2.882663	11.741008	2.281232
0.03261	8.766137	2.974872	11.741009	2.281218
0.03262	8.633305	3.107705	11.741010	2.281170
0.03263	8.462235	3.278777	11.741012	2.281090
0.03264	8.255906	3.485109	11.741014	2.280978
0.03265	8.017837	3.723180	11.741017	2.280836
0.03266	7.752032	3.988988	11.741020	2.280664
0.03267	7.462909	4.278113	11.741023	2.280464
0.03268	7.155234	4.585792	11.741026	2.280237
0.03269	6.834033	4.906996	11.741029	2.279985
0.0327	6.504521	5.236512	11.741032	2.279708
0.03271	6.172007	5.569029	11.741036	2.279408
0.03272	5.841817	5.899222	11.741039	2.279087
0.03273	5.519201	6.221842	11.741042	2.278746
0.03274	5.209252	6.531793	11.741045	2.278387
0.03275	4.916825	6.824223	11.741048	2.278011
0.03276	4.646458	7.094592	11.741051	2.277620
0.03277	4.402301	7.338752	11.741053	2.277215
0.03278	4.188049	7.553006	11.741055	2.276798
0.03279	4.006887	7.734170	11.741057	2.276370
0.0328	3.861437	7.879621	11.741058	2.275934
0.03281	3.753723	7.987335	11.741059	2.275489
0.03282	3.685137	8.055922	11.741059	2.275039
0.03283	3.656420	8.084639	11.741059	2.274584
0.03284	3.667653	8.073406	11.741059	2.274125
0.03285	3.718261	8.022797	11.741058	2.273664
0.03286	3.807022	7.934035	11.741057	2.273203
0.03287	3.932093	7.808963	11.741056	2.272741
0.03288	4.091041	7.650013	11.741054	2.272281
0.03289	4.280887	7.460165	11.741051	2.271824
0.0329	4.498157	7.242892	11.741049	2.271370
0.03291	4.738942	7.002105	11.741046	2.270920
0.03292	4.998962	6.742081	11.741043	2.270475
0.03293	5.273643	6.467398	11.741040	2.270035
0.03294	5.558188	6.182849	11.741037	2.269602
0.03295	5.847662	5.893372	11.741034	2.269176
0.03296	6.137073	5.603958	11.741031	2.268756
0.03297	6.421454	5.319574	11.741028	2.268344
0.03298	6.695947	5.045078	11.741025	2.267940
0.03299	6.955884	4.785139	11.741022	2.267544
0.033	7.196861	4.544159	11.741020	2.267155
0.03301	7.414815	4.326203	11.741018	2.266774
0.03302	7.606088	4.134927	11.741016	2.266400
0.03303	7.767489	3.973525	11.741014	2.266034
0.03304	7.896344	3.844669	11.741013	2.265674
0.03305	7.990542	3.750470	11.741012	2.265321
0.03306	8.048568	3.692443	11.741011	2.264974
0.03307	8.069528	3.671483	11.741011	2.264632
0.03308	8.053161	3.687850	11.741011	2.264294
0.03309	7.999848	3.741164	11.741012	2.263961
0.0331	7.910596	3.830416	11.741013	2.263630
0.03311	7.787031	3.953984	11.741014	2.263301
0.03312	7.631360	4.109656	11.741016	2.262973
0.03313	7.446342	4.294676	11.741018	2.262645
0.03314	7.235236	4.505784	11.741020	2.262316
0.03315	7.001750	4.739272	11.741023	2.261985
0.03316	6.749977	4.991049	11.741026	2.261651
0.03317	6.484324	5.256705	11.741029	2.261312
0.03318	6.209443	5.531588	11.741032	2.260967
0.03319	5.930152	5.810883	11.741035	2.260615
0.0332	5.651349	6.089688	11.741038	2.260256
0.03321	5.377939	6.363102	11.741041	2.259886
0.03322	5.114743	6.626301	11.741044	2.259506
0.03323	4.866423	6.874623	11.741046	2.259115
0.03324	4.637402	7.103647	11.741049	2.258710
0.03325	4.431789	7.309262	11.741051	2.258291
0.03326	4.253309	7.487744	11.741053	2.257856
0.03327	4.105244	7.635812	11.741055	2.257405
0.03328	3.990370	7.750686	11.741056	2.256936
0.03329	3.910919	7.830139	11.741058	2.256449
0.0333	3.868531	7.872527	11.741058	2.255942
0.03331	3.864233	7.876825	11.741058	2.255414
0.03332	3.898415	7.842643	11.741058	2.254865
0.03333	3.970824	7.770233	11.741058	2.254294
0.03334	4.080567	7.660489	11.741057	2.253700
0.03335	4.226122	7.514933	11.741055	2.253083
0.03336	4.405363	7.335690	11.741054	2.252441
0.03337	4.615594	7.125458	11.741052	2.251775
0.03338	4.853588	6.887461	11.741049	2.251084
0.03339	5.115644	6.625403	11.741047	2.250368
0.0334	5.397643	6.343401	11.741044	2.249627
0.03341	5.695117	6.045924	11.741041	2.248861
0.03342	6.003317	5.737720	11.741038	2.248069
0.03343	6.317299	5.423736	11.741035	2.247252
0.03344	6.631994	5.109038	11.741032	2.246411
0.03345	6.942300	4.798729	11.741028	2.245545
0.03346	7.243160	4.497865	11.741025	2.244654
0.03347	7.529651	4.211371	11.741022	2.243741
0.03348	7.797058	3.943962	11.741020	2.242805
0.03349	8.040958	3.700060	11.741017	2.241847
0.0335	8.257290	3.483724	11.741015	2.240868
0.03351	8.442428	3.298585	11.741013	2.239869
0.03352	8.593234	3.147777	11.741011	2.238851
0.03353	8.707118	3.033891	11.741010	2.237815
0.03354	8.782080	2.958929	11.741009	2.236763
0.03355	8.816742	2.924266	11.741009	2.235696
0.03356	8.810378	2.930630	11.741009	2.234616
0.03357	8.762925	2.978084	11.741009	2.233523
0.03358	8.674985	3.066025	11.741010	2.232420
0.03359	8.547822	3.193189	11.741011	2.231309
0.0336	8.383338	3.357674	11.741013	2.230191
0.03361	8.184052	3.556963	11.741014	2.229068
0.03362	7.953052	3.787965	11.741017	2.227942
0.03363	7.693953	4.047066	11.741019	2.226814
0.03364	7.410839	4.330183	11.741022	2.225688
0.03365	7.108198	4.632827	11.741025	2.224565
0.03366	6.790847	4.950181	11.741028	2.223446
0.03367	6.463860	5.277171	11.741032	2.222335
0.03368	6.132485	5.608550	11.741035	2.221232
0.03369	5.802057	5.938981	11.741038	2.220141
0.0337	5.477913	6.263129	11.741042	2.219064
0.03371	5.165306	6.575738	11.741045	2.218001
0.03372	4.869321	6.871727	11.741048	2.216957
0.03373	4.594786	7.146264	11.741051	2.215932
0.03374	4.346201	7.394852	11.741053	2.214928
0.03375	4.127656	7.613399	11.741055	2.213948
0.03376	3.942770	7.798287	11.741057	2.212994
0.03377	3.794626	7.946433	11.741059	2.212068
0.03378	3.685722	8.055338	11.741060	2.211170
0.03379	3.617926	8.123135	11.741061	2.210304
0.0338	3.592447	8.148614	11.741061	2.209471
0.03381	3.609812	8.131249	11.741061	2.208672
0.03382	3.669852	8.071209	11.741060	2.207909
0.03383	3.771707	7.969352	11.741060	2.207184
0.03384	3.913838	7.827220	11.741058	2.206498
0.03385	4.094045	7.647011	11.741056	2.205851
0.03386	4.309504	7.431550	11.741054	2.205246
0.03387	4.556811	7.184241	11.741052	2.204684
0.03388	4.832033	6.909016	11.741049	2.204164
0.03389	5.130774	6.610272	11.741046	2.203689
0.0339	5.448240	6.292803	11.741043	2.203258
0.03391	5.779320	5.961720	11.741039	2.202872
0.03392	6.118664	5.622372	11.741036	2.202533
0.03393	6.460773	5.280259	11.741033	2.202239
0.03394	6.800085	4.940944	11.741029	2.201991
0.03395	7.131064	4.609962	11.741026	2.201790
0.03396	7.448295	4.292728	11.741022	2.201634
0.03397	7.746567	3.994452	11.741019	2.201524
0.03398	8.020963	3.720053	11.741017	2.201460
0.03399	8.266937	3.474077	11.741014	2.201441
0.034	8.480391	3.260621	11.741012	2.201465
0.03401	8.657744	3.083266	11.741010	2.201534
0.03402	8.795992	2.945017	11.741008	2.201644
0.03403	8.892756	2.848251	11.741007	2.201796
0.03404	8.946329	2.794678	11.741007	2.201988
0.03405	8.955700	2.785306	11.741006	2.202219
0.03406	8.920578	2.820428	11.741007	2.202488
0.03407	8.841399	2.899609	11.741007	2.202792
0.03408	8.719317	3.021692	11.741009	2.203131
0.03409	8.556195	3.184815	11.741010	2.203502
0.0341	8.354575	3.386437	11.741012	2.203903
0.03411	8.117638	3.623377	11.741015	2.204333
0.03412	7.849158	3.891860	11.741017	2.204789
0.03413	7.553440	4.187580	11.741020	2.205270
0.03414	7.235256	4.505768	11.741023	2.205773
0.03415	6.899767	4.841260	11.741027	2.206295
0.03416	6.552443	5.188587	11.741030	2.206834
0.03417	6.198973	5.542061	11.741034	2.207388
0.03418	5.845176	5.895862	11.741038	2.207955
0.03419	5.496906	6.244136	11.741041	2.208531
0.0342	5.159956	6.581089	11.741045	2.209114
0.03421	4.839968	6.901081	11.741048	2.209702
0.03422	4.542334	7.198717	11.741051	2.210291
0.03423	4.272114	7.468941	11.741054	2.210880
0.03424	4.033946	7.707111	11.741057	2.211464
0.03425	3.831972	7.909087	11.741059	2.212043
0.03426	3.669769	8.071292	11.741061	2.212613
0.03427	3.550285	8.190778	11.741062	2.213170
0.03428	3.475788	8.265276	11.741063	2.213714
0.03429	3.447826	8.293238	11.741064	2.214241
0.0343	3.467201	8.273863	11.741064	2.214748
0.03431	3.533944	8.207119	11.741064	2.215233
0.03432	3.647317	8.093745	11.741063	2.215694
0.03433	3.805817	7.935244	11.741061	2.216127
0.03434	4.007195	7.733864	11.741059	2.216532
0.03435	4.248489	7.492568	11.741057	2.216905
0.03436	4.526067	7.214988	11.741054	2.217244
0.03437	4.835680	6.905372	11.741051	2.217547
0.03438	5.172528	6.568520	11.741048	2.217812
0.03439	5.531333	6.209711	11.741045	2.218037
0.0344	5.906421	5.834619	11.741041	2.218221
0.03441	6.291810	5.449227	11.741037	2.218361
0.03442	6.681303	5.059730	11.741033	2.218456
0.03443	7.068588	4.672440	11.741029	2.218505
0.03444	7.447339	4.293686	11.741025	2.218506
0.03445	7.811313	3.929708	11.741021	2.218457
0.03446	8.154455	3.586563	11.741018	2.218359
0.03447	8.470994	3.270020	11.741014	2.218209
0.03448	8.755537	2.985474	11.741011	2.218007
0.03449	9.003160	2.737848	11.741008	2.217752
0.0345	9.209486	2.531520	11.741006	2.217444
0.03451	9.370763	2.370241	11.741004	2.217081
0.03452	9.483924	2.257079	11.741003	2.216665
0.03453	9.546644	2.194358	11.741002	2.216194
0.03454	9.557380	2.183621	11.741001	2.215668
0.03455	9.515404	2.225597	11.741001	2.215088
0.03456	9.420817	2.320185	11.741002	2.214454
0.03457	9.274556	2.466448	11.741003	2.213766
0.03458	9.078383	2.662622	11.741005	2.213024
0.03459	8.834866	2.906141	11.741007	2.212230
0.0346	8.547342	3.193668	11.741009	2.211383
0.03461	8.219870	3.521142	11.741012	2.210485
0.03462	7.857176	3.883840	11.741016	2.209537
0.03463	7.464576	4.276443	11.741019	2.208540
0.03464	7.047906	4.693117	11.741023	2.207494
0.03465	6.613425	5.127603	11.741027	2.206402
0.03466	6.167726	5.573306	11.741032	2.205264
0.03467	5.717633	6.023403	11.741036	2.204083
0.03468	5.270097	6.470943	11.741040	2.202859
0.03469	4.832086	6.908959	11.741045	2.201595
0.0347	4.410477	7.330572	11.741049	2.200291
0.03471	4.011949	7.729104	11.741053	2.198951
0.03472	3.642877	8.098179	11.741056	2.197575
0.03473	3.309231	8.431829	11.741060	2.196166
0.03474	3.016479	8.724584	11.741063	2.194726
0.03475	2.769500	8.971566	11.741066	2.193256
0.03476	2.572503	9.168565	11.741068	2.191760
0.03477	2.428960	9.312110	11.741069	2.190238
0.03478	2.341542	9.399528	11.741071	2.188694
0.03479	2.312080	9.428992	11.741071	2.187129
0.0348	2.341523	9.399549	11.741071	2.185545
0.03481	2.429924	9.311147	11.741071	2.183946
0.03482	2.576431	9.164638	11.741070	2.182332
0.03483	2.779296	8.961772	11.741068	2.180707
0.03484	3.035893	8.705173	11.741066	2.179072
0.03485	3.342757	8.398306	11.741063	2.177429
0.03486	3.695631	8.045429	11.741060	2.175782
0.03487	4.089527	7.651530	11.741056	2.174131
0.03488	4.518797	7.222255	11.741053	2.172480
0.03489	4.977221	6.763828	11.741048	2.170829
0.0349	5.458091	6.282953	11.741044	2.169182
0.03491	5.954320	5.786719	11.741039	2.167540
0.03492	6.458542	5.282492	11.741035	2.165905
0.03493	6.963228	4.777801	11.741030	2.164280
0.03494	7.460798	4.280227	11.741025	2.162665
0.03495	7.943737	3.797284	11.741021	2.161062
0.03496	8.404711	3.336306	11.741016	2.159474
0.03497	8.836679	2.904333	11.741012	2.157902
0.03498	9.233004	2.508004	11.741008	2.156347
0.03499	9.587554	2.153450	11.741005	2.154811
0.035	9.894800	1.846201	11.741002	2.153295
0.03501	10.149901	1.591098	11.740999	2.151801
0.03502	10.348781	1.392216	11.740997	2.150330
0.03503	10.488196	1.252800	11.740996	2.148882
0.03504	10.565786	1.175209	11.740995	2.147460
0.03505	10.580114	1.160881	11.740994	2.146063
0.03506	10.530691	1.210303	11.740995	2.144693
0.03507	10.417990	1.323006	11.740996	2.143351
0.03508	10.243437	1.497560	11.740997	2.142037
0.03509	10.009397	1.731602	11.740999	2.140751
0.0351	9.719139	2.021862	11.741002	2.139496
0.03511	9.376790	2.364214	11.741005	2.138269
0.03512	8.987275	2.753734	11.741008	2.137073
0.03513	8.556241	3.184771	11.741012	2.135908
0.03514	8.089979	3.651037	11.741017	2.134773
0.03515	7.595325	4.145696	11.741021	2.133668
0.03516	7.079560	4.661466	11.741026	2.132594
0.03517	6.550298	5.190733	11.741031	2.131551
0.03518	6.015372	5.725663	11.741036	2.130539
0.03519	5.482717	6.258324	11.741041	2.129556
0.0352	4.960243	6.780803	11.741046	2.128604
0.03521	4.455722	7.285328	11.741050	2.127681
0.03522	3.976664	7.764391	11.741055	2.126788
0.03523	3.530204	8.210855	11.741059	2.125923
0.03524	3.122990	8.618073	11.741063	2.125087
0.03525	2.761083	8.979983	11.741066	2.124279
0.03526	2.449862	9.291207	11.741069	2.123498
0.03527	2.193942	9.547129	11.741071	2.122743
0.03528	1.997099	9.743974	11.741073	2.122015
0.03529	1.862215	9.878860	11.741074	2.121312
0.0353	1.791228	9.949847	11.741075	2.120634
0.03531	1.785105	9.955970	11.741075	2.119979
0.03532	1.843823	9.897251	11.741074	2.119348
0.03533	1.966371	9.774702	11.741073	2.118739
0.03534	2.150760	9.590312	11.741071	2.118152
0.03535	2.394055	9.347014	11.741069	2.117586
0.03536	2.692419	9.048646	11.741066	2.117040
0.03537	3.041172	8.699891	11.741062	2.116513
0.03538	3.434856	8.306203	11.741059	2.116005
0.03539	3.867327	7.873728	11.741054	2.115514
0.0354	4.331841	7.409209	11.741050	2.115041
0.03541	4.821162	6.919883	11.741045	2.114584
0.03542	5.327672	6.413368	11.741040	2.114143
0.03543	5.843486	5.897549	11.741035	2.113716
0.03544	6.360575	5.380455	11.741030	2.113305
0.03545	6.870892	4.870133	11.741025	2.112907
0.03546	7.366492	4.374529	11.741020	2.112522
0.03547	7.839656	3.901360	11.741016	2.112150
0.03548	8.283014	3.457997	11.741011	2.111790
0.03549	8.689656	3.051351	11.741007	2.111441
0.0355	9.053240	2.687764	11.741004	2.111105
0.03551	9.368092	2.372909	11.741001	2.110779
0.03552	9.629294	2.111705	11.740998	2.110463
0.03553	9.832759	1.908237	11.740996	2.110158
0.03554	9.975302	1.765693	11.740995	2.109863
0.03555	10.054683	1.686311	11.740994	2.109578
0.03556	10.069645	1.671349	11.740994	2.109303
0.03557	10.019939	1.721055	11.740994	2.109038
0.03558	9.906325	1.834670	11.740995	2.108782
0.03559	9.730562	2.010436	11.740997	2.108536
0.0356	9.495382	2.245617	11.740999	2.108299
0.03561	9.204453	2.536549	11.741002	2.108072
0.03562	8.862317	2.878689	11.741006	2.107855
0.03563	8.474325	3.266684	11.741009	2.107649
0.03564	8.046554	3.694459	11.741014	2.107452
0.03565	7.585714	4.155304	11.741018	2.107267
0.03566	7.099044	4.641979	11.741023	2.107092
0.03567	6.594199	5.146829	11.741028	2.106928
0.03568	6.079134	5.661899	11.741033	2.106777
0.03569	5.561980	6.179058	11.741038	2.106637
0.0357	5.050919	6.690125	11.741043	2.106510
0.03571	4.554050	7.186998	11.741048	2.106395
0.03572	4.079274	7.661779	11.741053	2.106295
0.03573	3.634159	8.106898	11.741057	2.106208
0.03574	3.225830	8.515231	11.741061	2.106135
0.03575	2.860853	8.880212	11.741065	2.106078
0.03576	2.545132	9.195936	11.741068	2.106037
0.03577	2.283815	9.457256	11.741071	2.106011
0.03578	2.081214	9.659859	11.741073	2.106002
0.03579	1.940734	9.800340	11.741075	2.106011
0.0358	1.864819	9.876256	11.741076	2.106038
0.03581	1.854910	9.886166	11.741076	2.106083
0.03582	1.911422	9.829654	11.741075	2.106147
0.03583	2.033732	9.707342	11.741074	2.106230
0.03584	2.220190	9.520883	11.741073	2.106334
0.03585	2.468136	9.272934	11.741071	2.106458
0.03586	2.773946	8.967122	11.741068	2.106604
0.03587	3.133077	8.607987	11.741064	2.106771
0.03588	3.540143	8.200918	11.741060	2.106959
0.03589	3.988989	7.752067	11.741056	2.107171
0.0359	4.472790	7.268261	11.741052	2.107405
0.03591	4.984152	6.756895	11.741047	2.107662
0.03592	5.515222	6.225820	11.741042	2.107943
0.03593	6.057815	5.683221	11.741036	2.108247
0.03594	6.603533	5.137498	11.741031	2.108575
0.03595	7.143899	4.597126	11.741026	2.108927
0.03596	7.670485	4.070536	11.741021	2.109303
0.03597	8.175041	3.565975	11.741016	2.109704
0.03598	8.649627	3.091383	11.741011	2.110128
0.03599	9.086736	2.654271	11.741007	2.110577
0.036	9.479404	2.261598	11.741003	2.111050
0.03601	9.821330	1.919669	11.740999	2.111546
0.03602	10.106966	1.634030	11.740996	2.112066
0.03603	10.331610	1.409384	11.740994	2.112610
0.03604	10.491476	1.249516	11.740992	2.113176
0.03605	10.583762	1.157229	11.740991	2.113765
0.03606	10.606688	1.134303	11.740990	2.114377
0.03607	10.559532	1.181459	11.740991	2.115009
0.03608	10.442643	1.298348	11.740992	2.115663
0.03609	10.257438	1.483555	11.740993	2.116338
0.0361	10.006382	1.734613	11.740995	2.117031
0.03611	9.692957	2.048041	11.740998	2.117744
0.03612	9.321607	2.419394	11.741001	2.118475
0.03613	8.897678	2.843327	11.741005	2.119224
0.03614	8.427334	3.313676	11.741010	2.119988
0.03615	7.917467	3.823548	11.741014	2.120768
0.03616	7.375593	4.365426	11.741019	2.121562
0.03617	6.809741	4.931283	11.741025	2.122369
0.03618	6.228329	5.512701	11.741030	2.123189
0.03619	5.640039	6.100997	11.741036	2.124019
0.0362	5.053682	6.687359	11.741041	2.124859
0.03621	4.478068	7.262978	11.741046	2.125707
0.03622	3.921871	7.819180	11.741052	2.126563
0.03623	3.393494	8.347563	11.741057	2.127424
0.03624	2.900943	8.840119	11.741061	2.128290
0.03625	2.451703	9.289363	11.741066	2.129159
0.03626	2.052627	9.688443	11.741070	2.130030
0.03627	1.709824	10.031249	11.741073	2.130901
0.03628	1.428570	10.312505	11.741076	2.131770
0.03629	1.213227	10.527850	11.741078	2.132637
0.0363	1.067170	10.673909	11.741079	2.133500
0.03631	0.992739	10.748341	11.741080	2.134357
0.03632	0.991199	10.749881	11.741080	2.135207
0.03633	1.062722	10.678358	11.741079	2.136049
0.03634	1.206380	10.534699	11.741078	2.136881
0.03635	1.420159	10.320917	11.741076	2.137701
0.03636	1.700989	10.040084	11.741074	2.138508
0.03637	2.044789	9.696282	11.741071	2.139300
0.03638	2.446524	9.294543	11.741067	2.140077
0.03639	2.900287	8.840775	11.741063	2.140837
0.0364	3.399384	8.341674	11.741058	2.141578
0.03641	3.936432	7.804621	11.741053	2.142300
0.03642	4.503478	7.237570	11.741048	2.143000
0.03643	5.092111	6.648932	11.741042	2.143677
0.03644	5.693594	6.047443	11.741037	2.144332
0.03645	6.298997	5.442034	11.741031	2.144961
0.03646	6.899328	4.841698	11.741026	2.145564
0.03647	7.485672	4.255348	11.741020	2.146140
0.03648	8.049328	3.691687	11.741015	2.146688
0.03649	8.581936	3.159073	11.741010	2.147208
0.0365	9.075610	2.665395	11.741005	2.147697
0.03651	9.523052	2.217949	11.741001	2.148156
0.03652	9.917666	1.823332	11.740998	2.148583
0.03653	10.253657	1.487337	11.740995	2.148978
0.03654	10.526121	1.214871	11.740992	2.149340
0.03655	10.731115	1.009876	11.740990	2.149668
0.03656	10.865720	0.875269	11.740989	2.149963
0.03657	10.928085	0.812903	11.740989	2.150224
0.03658	10.917454	0.823535	11.740989	2.150450
0.03659	10.834176	0.906814	11.740990	2.150641
0.0366	10.679700	1.061291	11.740991	2.150797
0.03661	10.456554	1.284440	11.740994	2.150918
0.03662	10.168303	1.572694	11.740996	2.151004
0.03663	9.819496	1.921504	11.741000	2.151054
0.03664	9.415595	2.325408	11.741004	2.151070
0.03665	8.962894	2.778114	11.741008	2.151051
0.03666	8.468417	3.272596	11.741013	2.150998
0.03667	7.939815	3.801203	11.741018	2.150911
0.03668	7.385246	4.355777	11.741023	2.150791
0.03669	6.813252	4.927777	11.741029	2.150637
0.0367	6.232626	5.508408	11.741034	2.150452
0.03671	5.652281	6.088760	11.741040	2.150235
0.03672	5.081107	6.659939	11.741046	2.149987
0.03673	4.527842	7.213208	11.741051	2.149710
0.03674	4.000936	7.740120	11.741056	2.149403
0.03675	3.508418	8.232642	11.741061	2.149069
0.03676	3.057780	8.683285	11.741065	2.148709
0.03677	2.655857	9.085212	11.741069	2.148323
0.03678	2.308725	9.432347	11.741072	2.147912
0.03679	2.021608	9.719466	11.741075	2.147479
0.0368	1.798801	9.942275	11.741077	2.147025
0.03681	1.643601	10.097478	11.741078	2.146550
0.03682	1.558257	10.182822	11.741079	2.146057
0.03683	1.543941	10.197138	11.741079	2.145547
0.03684	1.600726	10.140352	11.741078	2.145022
0.03685	1.727588	10.013489	11.741077	2.144483
0.03686	1.922423	9.818652	11.741075	2.143932
0.03687	2.182077	9.558995	11.741072	2.143371
0.03688	2.502400	9.238669	11.741069	2.142802
0.03689	2.878306	8.862759	11.741065	2.142226
0.0369	3.303855	8.437206	11.741061	2.141646
0.03691	3.772343	7.968714	11.741057	2.141063
0.03692	4.276408	7.464644	11.741052	2.140479
0.03693	4.808141	6.932905	11.741046	2.139896
0.03694	5.359211	6.381830	11.741041	2.139317
0.03695	5.920992	5.820044	11.741036	2.138742
0.03696	6.484695	5.256335	11.741030	2.138175
0.03697	7.041508	4.699517	11.741025	2.137617
0.03698	7.582726	4.158293	11.741019	2.137070
0.03699	8.099890	3.641124	11.741014	2.136536
0.037	8.584917	3.156092	11.741009	2.136017
0.03701	9.030221	2.710784	11.741005	2.135514
0.03702	9.428833	2.312168	11.741001	2.135031
0.03703	9.774510	1.966488	11.740998	2.134569
0.03704	10.061826	1.679169	11.740995	2.134130
0.03705	10.286263	1.454730	11.740993	2.133715
0.03706	10.444273	1.296718	11.740991	2.133327
0.03707	10.533340	1.207651	11.740990	2.132968
0.03708	10.552012	1.188978	11.740990	2.132638
0.03709	10.499931	1.241060	11.740991	2.132340
0.0371	10.377832	1.363159	11.740992	2.132076
0.03711	10.187538	1.553456	11.740993	2.131847
0.03712	9.931926	1.809070	11.740996	2.131654
0.03713	9.614890	2.126109	11.740999	2.131500
0.03714	9.241274	2.499728	11.741002	2.131385
0.03715	8.816806	2.924200	11.741007	2.131311
0.03716	8.348004	3.393007	11.741011	2.131280
0.03717	7.842078	3.898938	11.741016	2.131292
0.03718	7.306820	4.434201	11.741021	2.131348
0.03719	6.750485	4.990541	11.741027	2.131451
0.0372	6.181665	5.559367	11.741032	2.131600
0.03721	5.609154	6.131884	11.741038	2.131796
0.03722	5.041817	6.699226	11.741043	2.132041
0.03723	4.488453	7.252596	11.741048	2.132335
0.03724	3.957659	7.783395	11.741054	2.132678
0.03725	3.457699	8.283359	11.741059	2.133072
0.03726	2.996379	8.744684	11.741063	2.133516
0.03727	2.580924	9.160143	11.741067	2.134011
0.03728	2.217870	9.523201	11.741071	2.134557
0.03729	1.912961	9.828113	11.741074	2.135154
0.0373	1.671065	10.070011	11.741076	2.135802
0.03731	1.496095	10.244983	11.741078	2.136502
0.03732	1.390951	10.350128	11.741079	2.137252
0.03733	1.357476	10.383604	11.741080	2.138053
0.03734	1.396424	10.344655	11.741079	2.138904
0.03735	1.507454	10.233625	11.741079	2.139805
0.03736	1.689128	10.051949	11.741077	2.140754
0.03737	1.938938	9.802137	11.741075	2.141752
0.03738	2.253340	9.487732	11.741072	2.142797
0.03739	2.627811	9.113257	11.741069	2.143888
0.0374	3.056915	8.684150	11.741065	2.145025
0.03741	3.534384	8.206676	11.741060	2.146206
0.03742	4.053219	7.687836	11.741055	2.147430
0.03743	4.605789	7.135261	11.741050	2.148695
0.03744	5.183953	6.557092	11.741045	2.150001
0.03745	5.779176	5.961864	11.741039	2.151345
0.03746	6.382666	5.358368	11.741034	2.152726
0.03747	6.985502	4.755527	11.741028	2.154142
0.03748	7.578771	4.162252	11.741023	2.155591
0.03749	8.153702	3.587316	11.741018	2.157071
0.0375	8.701798	3.039214	11.741012	2.158581
0.03751	9.214968	2.526040	11.741008	2.160118
0.03752	9.685641	2.055363	11.741003	2.161681
0.03753	10.106887	1.634112	11.741000	2.163266
0.03754	10.472520	1.268476	11.740996	2.164872
0.03755	10.777187	0.963806	11.740993	2.166496
0.03756	11.016451	0.724540	11.740991	2.168137
0.03757	11.186856	0.554134	11.740990	2.169790
0.03758	11.285978	0.455011	11.740989	2.171455
0.03759	11.312459	0.428530	11.740989	2.173128
0.0376	11.266028	0.474961	11.740989	2.174807
0.03761	11.147503	0.593488	11.740990	2.176489
0.03762	10.958774	0.782218	11.740992	2.178172
0.03763	10.702778	1.038217	11.740995	2.179853
0.03764	10.383447	1.357551	11.740998	2.181530
0.03765	10.005652	1.735349	11.741001	2.183198
0.03766	9.575124	2.165881	11.741005	2.184857
0.03767	9.098369	2.642641	11.741010	2.186503
0.03768	8.582565	3.158450	11.741015	2.188134
0.03769	8.035453	3.705566	11.741020	2.189747
0.0377	7.465224	4.275801	11.741025	2.191339
0.03771	6.880385	4.860646	11.741031	2.192909
0.03772	6.289639	5.451397	11.741036	2.194452
0.03773	5.701749	6.039292	11.741042	2.195967
0.03774	5.125405	6.615642	11.741047	2.197451
0.03775	4.569094	7.171958	11.741052	2.198902
0.03776	4.040975	7.700082	11.741057	2.200318
0.03777	3.548753	8.192308	11.741061	2.201696
0.03778	3.099566	8.641500	11.741065	2.203034
0.03779	2.699879	9.041190	11.741069	2.204330
0.0378	2.355389	9.385683	11.741072	2.205581
0.03781	2.070939	9.670135	11.741074	2.206787
0.03782	1.850452	9.890624	11.741076	2.207944
0.03783	1.696872	10.044206	11.741077	2.209051
0.03784	1.612121	10.128957	11.741078	2.210107
0.03785	1.597079	10.143999	11.741078	2.211110
0.03786	1.651571	10.089506	11.741077	2.212058
0.03787	1.774374	9.966701	11.741076	2.212951
0.03788	1.963241	9.777832	11.741074	2.213786
0.03789	2.214938	9.526133	11.741071	2.214563
0.0379	2.525297	9.215771	11.741068	2.215281
0.03791	2.889284	8.851780	11.741064	2.215939
0.03792	3.301079	8.439981	11.741060	2.216537
0.03793	3.754166	7.986890	11.741056	2.217073
0.03794	4.241438	7.499613	11.741051	2.217547
0.03795	4.755307	6.985739	11.741046	2.217960
0.03796	5.287819	6.453222	11.741041	2.218311
0.03797	5.830781	5.910255	11.741036	2.218599
0.03798	6.375882	5.365148	11.741030	2.218826
0.03799	6.914828	4.826198	11.741025	2.218992
0.038	7.439459	4.301562	11.741020	2.219096
0.03801	7.941880	3.799136	11.741016	2.219140
0.03802	8.414580	3.326431	11.741011	2.219124
0.03803	8.850541	2.890466	11.741007	2.219050
0.03804	9.243347	2.497656	11.741004	2.218918
0.03805	9.587279	2.153722	11.741001	2.218729
0.03806	9.877397	1.863602	11.740998	2.218486
0.03807	10.109613	1.631383	11.740996	2.218189
0.03808	10.280754	1.460241	11.740995	2.217839
0.03809	10.388600	1.352394	11.740994	2.217440
0.0381	10.431915	1.309078	11.740994	2.216992
0.03811	10.410467	1.330527	11.740994	2.216498
0.03812	10.325019	1.415977	11.740995	2.215960
0.03813	10.177315	1.563682	11.740997	2.215380
0.03814	9.970054	1.770946	11.740999	2.214761
0.03815	9.706833	2.034169	11.741002	2.214104
0.03816	9.392099	2.348906	11.741005	2.213414
0.03817	9.031066	2.709943	11.741009	2.212691
0.03818	8.629639	3.111374	11.741013	2.211940
0.03819	8.194312	3.546705	11.741017	2.211162
0.0382	7.732073	4.008949	11.741022	2.210362
0.03821	7.250285	4.490742	11.741027	2.209542
0.03822	6.756578	4.984454	11.741032	2.208704
0.03823	6.258722	5.482315	11.741037	2.207853
0.03824	5.764514	5.976527	11.741041	2.206991
0.03825	5.281651	6.459396	11.741046	2.206122
0.03826	4.817612	6.923439	11.741051	2.205249
0.03827	4.379546	7.361509	11.741055	2.204375
0.03828	3.974159	7.766899	11.741059	2.203503
0.03829	3.607616	8.133446	11.741062	2.202638
0.0383	3.285441	8.455624	11.741065	2.201782
0.03831	3.012442	8.728626	11.741068	2.200938
0.03832	2.792633	8.948437	11.741070	2.200110
0.03833	2.629179	9.111892	11.741071	2.199302
0.03834	2.524351	9.216721	11.741072	2.198515
0.03835	2.479489	9.261583	11.741072	2.197755
0.03836	2.494993	9.246079	11.741072	2.197023
0.03837	2.570316	9.170755	11.741071	2.196323
0.03838	2.703976	9.037094	11.741069	2.195658
0.03839	2.893587	8.847481	11.741067	2.195031
0.0384	3.135897	8.605168	11.741065	2.194445
0.03841	3.426844	8.314217	11.741062	2.193902
0.03842	3.761622	7.979436	11.741058	2.193406
0.03843	4.134759	7.606295	11.741055	2.192958
0.03844	4.540206	7.200845	11.741050	2.192562
0.03845	4.971431	6.769615	11.741046	2.192220
0.03846	5.421528	6.319514	11.741042	2.191933
0.03847	5.883322	5.857715	11.741037	2.191705
0.03848	6.349484	5.391549	11.741032	2.191536
0.03849	6.812645	4.928383	11.741028	2.191430
0.0385	7.265512	4.475512	11.741023	2.191387
0.03851	7.700981	4.040038	11.741019	2.191408
0.03852	8.112249	3.628766	11.741015	2.191497
0.03853	8.492917	3.248095	11.741011	2.191653
0.03854	8.837087	2.903921	11.741008	2.191877
0.03855	9.139457	2.601548	11.741005	2.192171
0.03856	9.395396	2.345607	11.741003	2.192535
0.03857	9.601019	2.139982	11.741001	2.192970
0.03858	9.753239	1.987760	11.740999	2.193476
0.03859	9.849818	1.891181	11.740999	2.194053
0.0386	9.889394	1.851604	11.740998	2.194701
0.03861	9.871502	1.869496	11.740999	2.195421
0.03862	9.796576	1.944423	11.740999	2.196211
0.03863	9.665940	2.075061	11.741001	2.197071
0.03864	9.481782	2.259221	11.741003	2.198001
0.03865	9.247119	2.493886	11.741005	2.198999
0.03866	8.965745	2.775263	11.741008	2.200065
0.03867	8.642171	3.098840	11.741011	2.201197
0.03868	8.281549	3.459466	11.741015	2.202394
0.03869	7.889589	3.851430	11.741019	2.203654
0.0387	7.472470	4.268552	11.741023	2.204976
0.03871	7.036743	4.704283	11.741027	2.206358
0.03872	6.589223	5.151808	11.741031	2.207798
0.03873	6.136883	5.604153	11.741036	2.209293
0.03874	5.686746	6.054294	11.741040	2.210841
0.03875	5.245776	6.495268	11.741044	2.212441
0.03876	4.820767	6.920281	11.741048	2.214089
0.03877	4.418238	7.322814	11.741052	2.215783
0.03878	4.044334	7.696722	11.741056	2.217520
0.03879	3.704730	8.036329	11.741059	2.219297
0.0388	3.404547	8.336515	11.741062	2.221111
0.03881	3.148269	8.592795	11.741064	2.222959
0.03882	2.939684	8.801383	11.741066	2.224839
0.03883	2.781817	8.959250	11.741067	2.226746
0.03884	2.676898	9.064170	11.741068	2.228678
0.03885	2.626320	9.114749	11.741069	2.230631
0.03886	2.630626	9.110442	11.741068	2.232603
0.03887	2.689506	9.051562	11.741068	2.234589
0.03888	2.801799	8.939268	11.741067	2.236586
0.03889	2.965521	8.775544	11.741065	2.238591
0.0389	3.177898	8.563165	11.741063	2.240601
0.03891	3.435410	8.305650	11.741060	2.242612
0.03892	3.733852	8.007204	11.741057	2.244621
0.03893	4.068404	7.672650	11.741054	2.246624
0.03894	4.433704	7.307346	11.741050	2.248618
0.03895	4.823940	6.917106	11.741046	2.250600
0.03896	5.232938	6.508104	11.741042	2.252567
0.03897	5.654264	6.086774	11.741038	2.254515
0.03898	6.081323	5.659710	11.741034	2.256441
0.03899	6.507465	5.233564	11.741030	2.258343
0.039	6.926088	4.814938	11.741026	2.260218
0.03901	7.330739	4.410283	11.741022	2.262062
0.03902	7.715218	4.025800	11.741018	2.263873
0.03903	8.073672	3.667343	11.741015	2.265648
0.03904	8.400684	3.340328	11.741012	2.267385
0.03905	8.691355	3.049653	11.741009	2.269081
0.03906	8.941383	2.799624	11.741007	2.270735
0.03907	9.147118	2.593887	11.741005	2.272344
0.03908	9.305625	2.435378	11.741003	2.273906
0.03909	9.414721	2.326281	11.741003	2.275419
0.0391	9.473006	2.267996	11.741002	2.276883
0.03911	9.479882	2.261121	11.741002	2.278294
0.03912	9.435555	2.305448	11.741003	2.279652
0.03913	9.341030	2.399974	11.741004	2.280955
0.03914	9.198092	2.542914	11.741006	2.282203
0.03915	9.009267	2.731740	11.741008	2.283395
0.03916	8.777786	2.963224	11.741010	2.284530
0.03917	8.507525	3.233488	11.741013	2.285607
0.03918	8.202940	3.538076	11.741016	2.286626
0.03919	7.868996	3.872023	11.741019	2.287586
0.0392	7.511085	4.229938	11.741023	2.288489
0.03921	7.134936	4.606091	11.741027	2.289333
0.03922	6.746525	4.994506	11.741030	2.290119
0.03923	6.351978	5.389056	11.741034	2.290847
0.03924	5.957474	5.783564	11.741038	2.291519
0.03925	5.569145	6.171897	11.741042	2.292134
0.03926	5.192979	6.548066	11.741046	2.292694
0.03927	4.834730	6.906319	11.741049	2.293199
0.03928	4.499822	7.241230	11.741052	2.293651
0.03929	4.193270	7.547785	11.741055	2.294051
0.0393	3.919600	7.821457	11.741057	2.294401
0.03931	3.682780	8.058279	11.741059	2.294701
0.03932	3.486162	8.254899	11.741061	2.294953
0.03933	3.332430	8.408632	11.741062	2.295160
0.03934	3.223564	8.517499	11.741063	2.295322
0.03935	3.160811	8.580253	11.741063	2.295443
0.03936	3.144669	8.596395	11.741063	2.295523
0.03937	3.174885	8.566178	11.741063	2.295565
0.03938	3.250464	8.490598	11.741062	2.295572
0.03939	3.369689	8.371371	11.741060	2.295544
0.0394	3.530153	8.210906	11.741058	2.295485
0.03941	3.728801	8.012255	11.741056	2.295397
0.03942	3.961986	7.779068	11.741053	2.295281
0.03943	4.225528	7.515523	11.741050	2.295141
0.03944	4.514786	7.226261	11.741047	2.294979
0.03945	4.824739	6.916305	11.741044	2.294796
0.03946	5.150063	6.590978	11.741040	2.294596
0.03947	5.485224	6.255813	11.741037	2.294380
0.03948	5.824567	5.916466	11.741033	2.294152
0.03949	6.162410	5.578620	11.741030	2.293912
0.0395	6.493133	5.247893	11.741026	2.293664
0.03951	6.811275	4.929748	11.741023	2.293409
0.03952	7.111615	4.629405	11.741020	2.293150
0.03953	7.389261	4.351756	11.741017	2.292889
0.03954	7.639727	4.101288	11.741015	2.292627
0.03955	7.859002	3.882011	11.741013	2.292367
0.03956	8.043615	3.697395	11.741011	2.292110
0.03957	8.190691	3.550318	11.741009	2.291858
0.03958	8.297991	3.443017	11.741008	2.291612
0.03959	8.363950	3.377058	11.741008	2.291375
0.0396	8.387695	3.353313	11.741008	2.291147
0.03961	8.369062	3.371947	11.741008	2.290930
0.03962	8.308591	3.432418	11.741009	2.290725
0.03963	8.207519	3.533491	11.741010	2.290532
0.03964	8.067751	3.673261	11.741012	2.290354
0.03965	7.891833	3.849181	11.741014	2.290190
0.03966	7.682901	4.058115	11.741016	2.290041
0.03967	7.444635	4.296384	11.741019	2.289908
0.03968	7.181189	4.559832	11.741021	2.289791
0.03969	6.897130	4.843895	11.741024	2.289691
0.0397	6.597351	5.143677	11.741028	2.289607
0.03971	6.287000	5.454031	11.741031	2.289539
0.03972	5.971388	5.769647	11.741034	2.289487
0.03973	5.655903	6.085134	11.741038	2.289451
0.03974	5.345924	6.395117	11.741041	2.289430
0.03975	5.046728	6.694316	11.741044	2.289425
0.03976	4.763405	6.977642	11.741047	2.289433
0.03977	4.500777	7.240273	11.741050	2.289454
0.03978	4.263316	7.477737	11.741053	2.289488
0.03979	4.055072	7.685982	11.741055	2.289533
0.0398	3.879610	7.861446	11.741057	2.289588
0.03981	3.739948	8.001111	11.741058	2.289652
0.03982	3.638508	8.102552	11.741059	2.289723
0.03983	3.577081	8.163979	11.741060	2.289800
0.03984	3.556796	8.184265	11.741060	2.289881
0.03985	3.578100	8.162960	11.741060	2.289965
0.03986	3.640755	8.100305	11.741060	2.290050
0.03987	3.743839	7.997219	11.741059	2.290134
0.03988	3.885765	7.855292	11.741057	2.290216
0.03989	4.064303	7.676753	11.741055	2.290293
0.0399	4.276620	7.464434	11.741053	2.290363
0.03991	4.519325	7.221726	11.741051	2.290425
0.03992	4.788525	6.952524	11.741048	2.290477
0.03993	5.079888	6.661157	11.741045	2.290516
0.03994	5.388716	6.352326	11.741042	2.290541
0.03995	5.710016	6.031022	11.741039	2.290550
0.03996	6.038588	5.702447	11.741036	2.290541
0.03997	6.369104	5.371928	11.741032	2.290511
0.03998	6.696197	5.044832	11.741029	2.290459
0.03999	7.014549	4.726477	11.741026	2.290383
0.04	7.318974	4.422048	11.741022	2.290281
0.04001	7.604506	4.136514	11.741020	2.290152
0.04002	7.866476	3.874541	11.741017	2.289994
0.04003	8.100589	3.640426	11.741014	2.289804
0.04004	8.302993	3.438019	11.741012	2.289582
0.04005	8.470343	3.270668	11.741011	2.289327
0.04006	8.599850	3.141159	11.741009	2.289036
0.04007	8.689334	3.051674	11.741008	2.288709
0.04008	8.737251	3.003757	11.741008	2.288344
0.04009	8.742722	2.998285	11.741008	2.287941
0.0401	8.705548	3.035460	11.741008	2.287498
0.04011	8.626208	3.114801	11.741009	2.287015
0.04012	8.505858	3.235151	11.741010	2.286492
0.04013	8.346309	3.394703	11.741011	2.285927
0.04014	8.149994	3.591019	11.741013	2.285321
0.04015	7.919936	3.821080	11.741015	2.284673
0.04016	7.659694	4.081324	11.741018	2.283983
0.04017	7.373308	4.367713	11.741021	2.283252
0.04018	7.065232	4.675791	11.741024	2.282479
0.04019	6.740267	5.000759	11.741027	2.281666
0.0402	6.403478	5.337552	11.741030	2.280812
0.04021	6.060116	5.680918	11.741034	2.279919
0.04022	5.715533	6.025504	11.741037	2.278987
0.04023	5.375098	6.365942	11.741040	2.278018
0.04024	5.044110	6.696934	11.741043	2.277013
0.04025	4.727710	7.013337	11.741047	2.275972
0.04026	4.430806	7.310243	11.741049	2.274899
0.04027	4.157990	7.583062	11.741052	2.273793
0.04028	3.913465	7.827590	11.741054	2.272658
0.04029	3.700980	8.040076	11.741056	2.271494
0.0403	3.523773	8.217285	11.741058	2.270305
0.04031	3.384515	8.356544	11.741059	2.269091
0.04032	3.285271	8.455789	11.741060	2.267857
0.04033	3.227469	8.513592	11.741061	2.266603
0.04034	3.211878	8.529183	11.741061	2.265333
0.04035	3.238596	8.502464	11.741060	2.264049
0.04036	3.307051	8.434008	11.741060	2.262754
0.04037	3.416012	8.325047	11.741059	2.261450
0.04038	3.563608	8.177449	11.741057	2.260141
0.04039	3.747365	7.993690	11.741055	2.258829
0.0404	3.964239	7.776814	11.741053	2.257517
0.04041	4.210676	7.530374	11.741050	2.256209
0.04042	4.482663	7.258385	11.741048	2.254908
0.04043	4.775796	6.965248	11.741045	2.253615
0.04044	5.085356	6.655685	11.741041	2.252335
0.04045	5.406380	6.334658	11.741038	2.251071
0.04046	5.733745	6.007290	11.741035	2.249825
0.04047	6.062252	5.678780	11.741032	2.248601
0.04048	6.386708	5.354321	11.741029	2.247402
0.04049	6.702010	5.039015	11.741026	2.246230
0.0405	7.003232	4.737790	11.741023	2.245089
0.04051	7.285698	4.455322	11.741020	2.243981
0.04052	7.545060	4.195958	11.741017	2.242910
0.04053	7.777368	3.963647	11.741015	2.241877
0.04054	7.979134	3.761879	11.741013	2.240886
0.04055	8.147385	3.593627	11.741012	2.239938
0.04056	8.279709	3.461302	11.741011	2.239037
0.04057	8.374297	3.366713	11.741010	2.238185
0.04058	8.429967	3.311043	11.741010	2.237383
0.04059	8.446181	3.294829	11.741010	2.236634
0.0406	8.423055	3.317955	11.741010	2.235939
0.04061	8.361353	3.379658	11.741011	2.235301
0.04062	8.262472	3.478541	11.741012	2.234720
0.04063	8.128417	3.612597	11.741014	2.234198
0.04064	7.961767	3.779248	11.741016	2.233737
0.04065	7.765634	3.975384	11.741018	2.233336
0.04066	7.543601	4.197419	11.741021	2.232998
0.04067	7.299672	4.441352	11.741023	2.232723
0.04068	7.038196	4.702830	11.741026	2.232510
0.04069	6.763799	4.977230	11.741029	2.232361
0.0407	6.481306	5.259726	11.741032	2.232275
0.04071	6.195657	5.545378	11.741035	2.232253
0.04072	5.911827	5.829211	11.741039	2.232293
0.04073	5.634744	6.106298	11.741042	2.232395
0.04074	5.369202	6.371842	11.741044	2.232559
0.04075	5.119788	6.621259	11.741047	2.232784
0.04076	4.890797	6.850252	11.741050	2.233068
0.04077	4.686169	7.054883	11.741052	2.233410
0.04078	4.509415	7.231638	11.741054	2.233809
0.04079	4.363566	7.377489	11.741055	2.234262
0.0408	4.251117	7.489940	11.741056	2.234768
0.04081	4.173985	7.567072	11.741057	2.235326
0.04082	4.133481	7.607576	11.741058	2.235931
0.04083	4.130285	7.610772	11.741058	2.236583
0.04084	4.164434	7.576623	11.741057	2.237278
0.04085	4.235321	7.505735	11.741057	2.238014
0.04086	4.341707	7.399348	11.741055	2.238788
0.04087	4.481738	7.259316	11.741054	2.239597
0.04088	4.652978	7.088074	11.741052	2.240437
0.04089	4.852448	6.888602	11.741050	2.241306
0.0409	5.076676	6.664371	11.741047	2.242201
0.04091	5.321754	6.419291	11.741045	2.243116
0.04092	5.583403	6.157639	11.741042	2.244050
0.04093	5.857045	5.883993	11.741039	2.244999
0.04094	6.137880	5.603155	11.741036	2.245958
0.04095	6.420965	5.320068	11.741033	2.246924
0.04096	6.701295	5.039734	11.741029	2.247893
0.04097	6.973895	4.767132	11.741026	2.248862
0.04098	7.233893	4.507131	11.741024	2.249827
0.04099	7.476612	4.264409	11.741021	2.250783
0.041	7.697645	4.043374	11.741018	2.251727
0.04101	7.892929	3.848087	11.741016	2.252656
0.04102	8.058820	3.682193	11.741014	2.253565
0.04103	8.192152	3.548860	11.741012	2.254451
0.04104	8.290293	3.450718	11.741011	2.255309
0.04105	8.351192	3.389818	11.741010	2.256138
0.04106	8.373420	3.367590	11.741010	2.256932
0.04107	8.356191	3.384819	11.741010	2.257688
0.04108	8.299384	3.441626	11.741010	2.258404
0.04109	8.203547	3.537464	11.741011	2.259076
0.0411	8.069891	3.671121	11.741012	2.259700
0.04111	7.900276	3.840737	11.741013	2.260275
0.04112	7.697183	4.043833	11.741015	2.260796
0.04113	7.463674	4.277343	11.741018	2.261262
0.04114	7.203352	4.537668	11.741020	2.261670
0.04115	6.920298	4.820725	11.741023	2.262018
0.04116	6.619010	5.122016	11.741026	2.262303
0.04117	6.304330	5.436699	11.741029	2.262524
0.04118	5.981370	5.759662	11.741032	2.262678
0.04119	5.655425	6.085611	11.741036	2.262764
0.0412	5.331891	6.409149	11.741039	2.262781
0.04121	5.016174	6.724869	11.741043	2.262728
0.04122	4.713605	7.027441	11.741046	2.262603
0.04123	4.429349	7.311700	11.741049	2.262406
0.04124	4.168322	7.572729	11.741052	2.262136
0.04125	3.935109	7.805946	11.741054	2.261794
0.04126	3.733882	8.007175	11.741057	2.261377
0.04127	3.568337	8.172722	11.741059	2.260888
0.04128	3.441625	8.299435	11.741060	2.260326
0.04129	3.356298	8.384764	11.741061	2.259692
0.0413	3.314265	8.426797	11.741062	2.258986
0.04131	3.316755	8.424307	11.741063	2.258210
0.04132	3.364294	8.376768	11.741062	2.257364
0.04133	3.456689	8.284373	11.741062	2.256450
0.04134	3.593027	8.148034	11.741061	2.255470
0.04135	3.771686	7.969374	11.741059	2.254425
0.04136	3.990356	7.750702	11.741058	2.253317
0.04137	4.246068	7.494987	11.741055	2.252148
0.04138	4.535243	7.205810	11.741053	2.250921
0.04139	4.853739	6.887311	11.741050	2.249638
0.0414	5.196917	6.544130	11.741047	2.248301
0.04141	5.559711	6.181333	11.741043	2.246914
0.04142	5.936706	5.804334	11.741040	2.245479
0.04143	6.322222	5.418814	11.741036	2.243999
0.04144	6.710404	5.030628	11.741032	2.242478
0.04145	7.095311	4.645717	11.741029	2.240918
0.04146	7.471013	4.270012	11.741025	2.239323
0.04147	7.831683	3.909339	11.741021	2.237697
0.04148	8.171691	3.569327	11.741018	2.236042
0.04149	8.485697	3.255318	11.741015	2.234363
0.0415	8.768731	2.972282	11.741012	2.232663
0.04151	9.016279	2.724730	11.741010	2.230945
0.04152	9.224358	2.516649	11.741007	2.229214
0.04153	9.389577	2.351429	11.741006	2.227473
0.04154	9.509196	2.231809	11.741005	2.225726
0.04155	9.581174	2.159830	11.741004	2.223976
0.04156	9.604205	2.136799	11.741003	2.222227
0.04157	9.577739	2.163265	11.741003	2.220483
0.04158	9.501999	2.239005	11.741004	2.218747
0.04159	9.377978	2.363028	11.741005	2.217023
0.0416	9.207428	2.533579	11.741007	2.215314
0.04161	8.992836	2.748173	11.741009	2.213623
0.04162	8.737390	3.003621	11.741011	2.211955
0.04163	8.444928	3.296086	11.741014	2.210311
0.04164	8.119883	3.621134	11.741017	2.208695
0.04165	7.767215	3.973805	11.741020	2.207111
0.04166	7.392337	4.348687	11.741024	2.205560
0.04167	7.001026	4.740002	11.741028	2.204046
0.04168	6.599341	5.141690	11.741032	2.202570
0.04169	6.193522	5.547513	11.741036	2.201136
0.0417	5.789895	5.951144	11.741040	2.199746
0.04171	5.394773	6.346271	11.741044	2.198401
0.04172	5.014354	6.726694	11.741047	2.197104
0.04173	4.654624	7.086427	11.741051	2.195856
0.04174	4.321262	7.419792	11.741054	2.194659
0.04175	4.019548	7.721509	11.741057	2.193514
0.04176	3.754280	7.986780	11.741060	2.192422
0.04177	3.529691	8.211371	11.741062	2.191385
0.04178	3.349385	8.391679	11.741064	2.190402
0.04179	3.216277	8.524788	11.741065	2.189475
0.0418	3.132542	8.608524	11.741066	2.188603
0.04181	3.099577	8.641489	11.741066	2.187788
0.04182	3.117980	8.623086	11.741066	2.187029
0.04183	3.187533	8.553533	11.741066	2.186325
0.04184	3.307205	8.433860	11.741065	2.185678
0.04185	3.475164	8.265899	11.741063	2.185085
0.04186	3.688803	8.052258	11.741061	2.184546
0.04187	3.944779	7.796280	11.741058	2.184060
0.04188	4.239061	7.501995	11.741055	2.183627
0.04189	4.566994	7.174058	11.741052	2.183245
0.0419	4.923370	6.817679	11.741049	2.182912
0.04191	5.302505	6.438540	11.741045	2.182626
0.04192	5.698331	6.042709	11.741041	2.182387
0.04193	6.104491	5.636546	11.741037	2.182193
0.04194	6.514434	5.226599	11.741033	2.182041
0.04195	6.921524	4.819505	11.741028	2.181929
0.04196	7.319141	4.421883	11.741024	2.181855
0.04197	7.700791	4.040230	11.741020	2.181816
0.04198	8.060202	3.680815	11.741017	2.181811
0.04199	8.391432	3.349581	11.741013	2.181837
0.042	8.688962	3.052048	11.741010	2.181891
0.04201	8.947785	2.793222	11.741007	2.181971
0.04202	9.163489	2.577516	11.741005	2.182074
0.04203	9.332329	2.408675	11.741003	2.182197
0.04204	9.451291	2.289711	11.741002	2.182337
0.04205	9.518142	2.222859	11.741001	2.182492
0.04206	9.531472	2.209528	11.741000	2.182659
0.04207	9.490716	2.250285	11.741001	2.182836
0.04208	9.396171	2.344831	11.741001	2.183019
0.04209	9.248994	2.492008	11.741003	2.183205
0.0421	9.051190	2.689814	11.741004	2.183393
0.04211	8.805582	2.935425	11.741007	2.183579
0.04212	8.515773	3.225237	11.741009	2.183761
0.04213	8.186091	3.554922	11.741012	2.183936
0.04214	7.821527	3.919489	11.741016	2.184102
0.04215	7.427658	4.313362	11.741020	2.184256
0.04216	7.010563	4.730461	11.741024	2.184397
0.04217	6.576728	5.164300	11.741028	2.184522
0.04218	6.132948	5.608084	11.741032	2.184628
0.04219	5.686223	6.054814	11.741037	2.184715
0.0422	5.243642	6.497399	11.741041	2.184779
0.04221	4.812281	6.928764	11.741046	2.184820
0.04222	4.399085	7.341965	11.741050	2.184836
0.04223	4.010760	7.730294	11.741054	2.184825
0.04224	3.653666	8.087391	11.741058	2.184786
0.04225	3.333717	8.407344	11.741061	2.184718
0.04226	3.056282	8.684782	11.741064	2.184621
0.04227	2.826099	8.914967	11.741066	2.184492
0.04228	2.647201	9.093868	11.741068	2.184331
0.04229	2.522840	9.218230	11.741070	2.184138
0.0423	2.455441	9.285629	11.741071	2.183913
0.04231	2.446554	9.294518	11.741071	2.183655
0.04232	2.496822	9.244249	11.741071	2.183364
0.04233	2.605974	9.135096	11.741070	2.183040
0.04234	2.772816	8.968253	11.741069	2.182684
0.04235	2.995248	8.745819	11.741067	2.182295
0.04236	3.270290	8.470775	11.741065	2.181874
0.04237	3.594125	8.146937	11.741062	2.181423
0.04238	3.962149	7.778910	11.741059	2.180941
0.04239	4.369045	7.372010	11.741055	2.180429
0.0424	4.808856	6.932195	11.741051	2.179890
0.04241	5.275074	6.465973	11.741046	2.179323
0.04242	5.760740	5.980302	11.741042	2.178730
0.04243	6.258549	5.482488	11.741037	2.178113
0.04244	6.760958	4.980074	11.741032	2.177473
0.04245	7.260306	4.480722	11.741028	2.176811
0.04246	7.748926	3.992097	11.741023	2.176130
0.04247	8.219268	3.521750	11.741018	2.175430
0.04248	8.664015	3.076999	11.741014	2.174715
0.04249	9.076195	2.664815	11.741010	2.173985
0.0425	9.449293	2.291713	11.741006	2.173242
0.04251	9.777350	1.963653	11.741003	2.172489
0.04252	10.055061	1.685939	11.741000	2.171728
0.04253	10.277859	1.463139	11.740998	2.170960
0.04254	10.441987	1.299009	11.740996	2.170187
0.04255	10.544560	1.196434	11.740995	2.169412
0.04256	10.583617	1.157377	11.740994	2.168636
0.04257	10.558151	1.182843	11.740994	2.167862
0.04258	10.468131	1.272864	11.740995	2.167091
0.04259	10.314506	1.426490	11.740996	2.166325
0.0426	10.099196	1.641802	11.740998	2.165566
0.04261	9.825067	1.915933	11.741000	2.164816
0.04262	9.495889	2.245114	11.741003	2.164077
0.04263	9.116287	2.624719	11.741006	2.163349
0.04264	8.691668	3.049342	11.741010	2.162636
0.04265	8.228145	3.512869	11.741014	2.161938
0.04266	7.732448	4.008571	11.741019	2.161256
0.04267	7.211820	4.529203	11.741024	2.160592
0.04268	6.673911	5.067118	11.741028	2.159947
0.04269	6.126661	5.614372	11.741034	2.159322
0.0427	5.578184	6.162855	11.741039	2.158718
0.04271	5.036638	6.704405	11.741044	2.158136
0.04272	4.510110	7.230939	11.741049	2.157576
0.04273	4.006484	7.734570	11.741053	2.157038
0.04274	3.533324	8.207734	11.741058	2.156524
0.04275	3.097761	8.643301	11.741062	2.156033
0.04276	2.706376	9.034690	11.741066	2.155565
0.04277	2.365103	9.375966	11.741069	2.155121
0.04278	2.079138	9.661934	11.741072	2.154699
0.04279	1.852853	9.888221	11.741074	2.154301
0.0428	1.689730	10.051346	11.741075	2.153924
0.04281	1.592307	10.148770	11.741076	2.153569
0.04282	1.562133	10.178944	11.741077	2.153234
0.04283	1.599747	10.141329	11.741076	2.152919
0.04284	1.704662	10.036413	11.741075	2.152622
0.04285	1.875374	9.865700	11.741074	2.152343
0.04286	2.109380	9.631691	11.741072	2.152079
0.04287	2.403217	9.337852	11.741069	2.151830
0.04288	2.752509	8.988557	11.741066	2.151593
0.04289	3.152032	8.589030	11.741062	2.151368
0.0429	3.595798	8.145260	11.741058	2.151152
0.04291	4.077135	7.663919	11.741053	2.150943
0.04292	4.588794	7.152254	11.741048	2.150739
0.04293	5.123059	6.617984	11.741043	2.150538
0.04294	5.671859	6.069179	11.741038	2.150338
0.04295	6.226893	5.514140	11.741033	2.150136
0.04296	6.779758	4.961270	11.741028	2.149931
0.04297	7.322072	4.418951	11.741023	2.149720
0.04298	7.845607	3.895411	11.741018	2.149501
0.04299	8.342413	3.398600	11.741013	2.149271
0.043	8.804938	2.936071	11.741008	2.149027
0.04301	9.226145	2.514859	11.741004	2.148768
0.04302	9.599622	2.141379	11.741001	2.148491
0.04303	9.919677	1.821321	11.740998	2.148194
0.04304	10.181428	1.559568	11.740995	2.147874
0.04305	10.380878	1.360115	11.740993	2.147528
0.04306	10.514978	1.226014	11.740992	2.147156
0.04307	10.581674	1.159317	11.740991	2.146754
0.04308	10.579938	1.161054	11.740992	2.146320
0.04309	10.509785	1.231207	11.740992	2.145853
0.0431	10.372278	1.368715	11.740993	2.145350
0.04311	10.169507	1.571488	11.740995	2.144809
0.04312	9.904561	1.836437	11.740998	2.144230
0.04313	9.581480	2.159521	11.741001	2.143610
0.04314	9.205195	2.535809	11.741005	2.142948
0.04315	8.781454	2.959555	11.741009	2.142242
0.04316	8.316731	3.424282	11.741013	2.141492
0.04317	7.818132	3.922886	11.741018	2.140696
0.04318	7.293282	4.447741	11.741023	2.139855
0.04319	6.750211	4.990817	11.741028	2.138966
0.0432	6.197231	5.543803	11.741033	2.138030
0.04321	5.642805	6.098233	11.741039	2.137046
0.04322	5.095424	6.645620	11.741044	2.136015
0.04323	4.563468	7.177582	11.741049	2.134936
0.04324	4.055083	7.685971	11.741054	2.133810
0.04325	3.578056	8.163003	11.741059	2.132637
0.04326	3.139689	8.601374	11.741063	2.131419
0.04327	2.746692	8.994374	11.741066	2.130155
0.04328	2.405077	9.335992	11.741070	2.128848
0.04329	2.120066	9.621006	11.741072	2.127498
0.0433	1.896008	9.845067	11.741075	2.126108
0.04331	1.736311	10.004765	11.741076	2.124678
0.04332	1.643395	10.097682	11.741077	2.123211
0.04333	1.618644	10.122433	11.741077	2.121709
0.04334	1.662392	10.078685	11.741077	2.120175
0.04335	1.773914	9.967162	11.741076	2.118611
0.04336	1.951436	9.789638	11.741074	2.117020
0.04337	2.192162	9.548910	11.741072	2.115404
0.04338	2.492316	9.248752	11.741069	2.113766
0.04339	2.847202	8.893863	11.741065	2.112111
0.0434	3.251270	8.489791	11.741061	2.110441
0.04341	3.698209	8.042848	11.741057	2.108760
0.04342	4.181035	7.560017	11.741052	2.107072
0.04343	4.692207	7.048840	11.741047	2.105379
0.04344	5.223736	6.517306	11.741042	2.103687
0.04345	5.767311	5.973725	11.741037	2.102000
0.04346	6.314429	5.426602	11.741031	2.100320
0.04347	6.856523	4.884503	11.741026	2.098653
0.04348	7.385095	4.355925	11.741021	2.097003
0.04349	7.891851	3.849165	11.741016	2.095373
0.0435	8.368824	3.372187	11.741011	2.093769
0.04351	8.808502	2.932505	11.741007	2.092194
0.04352	9.203943	2.537060	11.741003	2.090653
0.04353	9.548883	2.192116	11.740999	2.089150
0.04354	9.837835	1.903162	11.740996	2.087690
0.04355	10.066172	1.674822	11.740994	2.086277
0.04356	10.230205	1.510788	11.740992	2.084914
0.04357	10.327235	1.413757	11.740991	2.083607
0.04358	10.355601	1.385390	11.740991	2.082359
0.04359	10.314705	1.426286	11.740991	2.081173
0.0436	10.205024	1.535969	11.740992	2.080055
0.04361	10.028102	1.712892	11.740994	2.079008
0.04362	9.786533	1.954464	11.740996	2.078035
0.04363	9.483914	2.257085	11.740999	2.077140
0.04364	9.124801	2.616201	11.741002	2.076326
0.04365	8.714633	3.026373	11.741006	2.075596
0.04366	8.259652	3.481358	11.741011	2.074954
0.04367	7.766809	3.974206	11.741015	2.074401
0.04368	7.243656	4.497364	11.741020	2.073941
0.04369	6.698232	5.042793	11.741026	2.073576
0.0437	6.138940	5.602091	11.741031	2.073307
0.04371	5.574417	6.166620	11.741037	2.073137
0.04372	5.013401	6.727641	11.741042	2.073068
0.04373	4.464601	7.276446	11.741047	2.073100
0.04374	3.936556	7.804497	11.741052	2.073235
0.04375	3.437507	8.303550	11.741057	2.073474
0.04376	2.975273	8.765789	11.741062	2.073816
0.04377	2.557123	9.183943	11.741066	2.074264
0.04378	2.189667	9.551403	11.741070	2.074815
0.04379	1.878754	9.862319	11.741073	2.075471
0.0438	1.629380	10.111696	11.741075	2.076231
0.04381	1.445608	10.295469	11.741077	2.077093
0.04382	1.330508	10.410571	11.741079	2.078057
0.04383	1.286102	10.454977	11.741079	2.079121
0.04384	1.313338	10.427741	11.741079	2.080284
0.04385	1.412069	10.329009	11.741078	2.081544
0.04386	1.581054	10.160023	11.741077	2.082898
0.04387	1.817976	9.923098	11.741075	2.084344
0.04388	2.119477	9.621595	11.741072	2.085880
0.04389	2.481202	9.259867	11.741069	2.087502
0.0439	2.897871	8.843194	11.741065	2.089206
0.04391	3.363355	8.377706	11.741061	2.090991
0.04392	3.870765	7.870290	11.741056	2.092851
0.04393	4.412564	7.328487	11.741051	2.094783
0.04394	4.980671	6.760374	11.741045	2.096783
0.04395	5.566593	6.174447	11.741040	2.098847
0.04396	6.161546	5.579488	11.741034	2.100969
0.04397	6.756594	4.984434	11.741029	2.103146
0.04398	7.342783	4.398240	11.741023	2.105372
0.04399	7.911276	3.829742	11.741018	2.107643
0.044	8.453488	3.287524	11.741013	2.109953
0.04401	8.961221	2.779787	11.741008	2.112298
0.04402	9.426784	2.314220	11.741004	2.114671
0.04403	9.843111	1.897889	11.741000	2.117068
0.04404	10.203872	1.537124	11.740996	2.119482
0.04405	10.503570	1.237424	11.740993	2.121910
0.04406	10.737620	1.003371	11.740991	2.124344
0.04407	10.902426	0.838564	11.740989	2.126779
0.04408	10.995431	0.745557	11.740988	2.129210
0.04409	11.015163	0.725826	11.740988	2.131632
0.0441	10.961249	0.779740	11.740989	2.134038
0.04411	10.834429	0.906561	11.740990	2.136424
0.04412	10.636543	1.104448	11.740992	2.138783
0.04413	10.370503	1.370491	11.740994	2.141111
0.04414	10.040250	1.700747	11.740997	2.143402
0.04415	9.650692	2.090309	11.741001	2.145652
0.04416	9.207634	2.533371	11.741005	2.147854
0.04417	8.717688	3.023321	11.741010	2.150005
0.04418	8.188173	3.552841	11.741015	2.152100
0.04419	7.627003	4.114016	11.741020	2.154134
0.0442	7.042570	4.698455	11.741025	2.156103
0.04421	6.443613	5.297418	11.741031	2.158003
0.04422	5.839089	5.901947	11.741036	2.159830
0.04423	5.238034	6.503008	11.741042	2.161580
0.04424	4.649429	7.091618	11.741048	2.163250
0.04425	4.082063	7.658990	11.741053	2.164837
0.04426	3.544396	8.196662	11.741058	2.166337
0.04427	3.044439	8.696624	11.741063	2.167749
0.04428	2.589624	9.151443	11.741067	2.169069
0.04429	2.186698	9.554372	11.741071	2.170296
0.0443	1.841619	9.899455	11.741074	2.171428
0.04431	1.559464	10.181613	11.741076	2.172463
0.04432	1.344356	10.396722	11.741078	2.173400
0.04433	1.199403	10.541677	11.741080	2.174239
0.04434	1.126646	10.614434	11.741080	2.174977
0.04435	1.127037	10.614043	11.741080	2.175616
0.04436	1.200418	10.540661	11.741079	2.176156
0.04437	1.345531	10.395547	11.741078	2.176595
0.04438	1.560034	10.181041	11.741076	2.176936
0.04439	1.840541	9.900531	11.741073	2.177178
0.0444	2.182673	9.558396	11.741070	2.177323
0.04441	2.581126	9.159939	11.741066	2.177373
0.04442	3.029754	8.711307	11.741061	2.177329
0.04443	3.521662	8.219395	11.741057	2.177194
0.04444	4.049314	7.691738	11.741052	2.176968
0.04445	4.604648	7.136398	11.741046	2.176656
0.04446	5.179199	6.561841	11.741041	2.176260
0.04447	5.764230	5.976805	11.741035	2.175783
0.04448	6.350864	5.390165	11.741030	2.175227
0.04449	6.930222	4.810803	11.741024	2.174598
0.0445	7.493554	4.247465	11.741019	2.173897
0.04451	8.032378	3.708636	11.741014	2.173130
0.04452	8.538607	3.202402	11.741009	2.172301
0.04453	9.004669	2.736336	11.741005	2.171412
0.04454	9.423627	2.317374	11.741001	2.170470
0.04455	9.789279	1.951719	11.740998	2.169478
0.04456	10.096255	1.644740	11.740995	2.168441
0.04457	10.340096	1.400896	11.740993	2.167364
0.04458	10.517323	1.223668	11.740991	2.166252
0.04459	10.625486	1.115505	11.740990	2.165110
0.0446	10.663198	1.077792	11.740990	2.163942
0.04461	10.630161	1.110830	11.740991	2.162754
0.04462	10.527162	1.213830	11.740992	2.161550
0.04463	10.356063	1.384930	11.740994	2.160336
0.04464	10.119769	1.621227	11.740996	2.159118
0.04465	9.822180	1.918819	11.740999	2.157899
0.04466	9.468133	2.272870	11.741003	2.156685
0.04467	9.063324	2.677683	11.741007	2.155480
0.04468	8.614218	3.126793	11.741011	2.154291
0.04469	8.127951	3.613065	11.741016	2.153121
0.0447	7.612216	4.128805	11.741021	2.151975
0.04471	7.075146	4.665880	11.741026	2.150858
0.04472	6.525188	5.215843	11.741032	2.149773
0.04473	5.970971	5.770066	11.741037	2.148727
0.04474	5.421174	6.319868	11.741042	2.147721
0.04475	4.884392	6.856656	11.741048	2.146761
0.04476	4.369002	7.372050	11.741053	2.145850
0.04477	3.883040	7.858017	11.741057	2.144992
0.04478	3.434069	8.306993	11.741062	2.144190
0.04479	3.029071	8.711995	11.741066	2.143447
0.0448	2.674334	9.066735	11.741069	2.142766
0.04481	2.375362	9.365711	11.741072	2.142150
0.04482	2.136784	9.604291	11.741074	2.141601
0.04483	1.962291	9.778785	11.741076	2.141121
0.04484	1.854575	9.886502	11.741077	2.140713
0.04485	1.815291	9.925786	11.741078	2.140377
0.04486	1.845032	9.896045	11.741077	2.140116
0.04487	1.943322	9.797754	11.741076	2.139930
0.04488	2.108623	9.632452	11.741075	2.139820
0.04489	2.338359	9.402714	11.741072	2.139787
0.0449	2.628959	9.112110	11.741070	2.139832
0.04491	2.975915	8.765151	11.741066	2.139953
0.04492	3.373844	8.367218	11.741062	2.140152
0.04493	3.816582	7.924476	11.741058	2.140427
0.04494	4.297272	7.443781	11.741053	2.140778
0.04495	4.808473	6.932575	11.741048	2.141203
0.04496	5.342276	6.398767	11.741043	2.141702
0.04497	5.890425	5.850613	11.741038	2.142273
0.04498	6.444442	5.296591	11.741033	2.142914
0.04499	6.995762	4.745265	11.741027	2.143624
0.045	7.535863	4.205159	11.741022	2.144400
0.04501	8.056394	3.684623	11.741017	2.145239
0.04502	8.549307	3.191705	11.741012	2.146139
0.04503	9.006980	2.734028	11.741008	2.147098
0.04504	9.422332	2.318672	11.741004	2.148113
0.04505	9.788932	1.952069	11.741000	2.149179
0.04506	10.101096	1.639901	11.740997	2.150294
0.04507	10.353978	1.387017	11.740995	2.151455
0.04508	10.543638	1.197354	11.740993	2.152658
0.04509	10.667107	1.073885	11.740992	2.153899
0.0451	10.722426	1.018565	11.740991	2.155175
0.04511	10.708681	1.032310	11.740991	2.156481
0.04512	10.626013	1.114979	11.740992	2.157814
0.04513	10.475617	1.265376	11.740993	2.159170
0.04514	10.259720	1.481275	11.740995	2.160544
0.04515	9.981550	1.759448	11.740998	2.161933
0.04516	9.645282	2.095719	11.741001	2.163333
0.04517	9.255977	2.485027	11.741005	2.164740
0.04518	8.819504	2.921505	11.741009	2.166148
0.04519	8.342445	3.398568	11.741013	2.167556
0.0452	7.832001	3.909017	11.741018	2.168958
0.04521	7.295876	4.445147	11.741023	2.170351
0.04522	6.742164	4.998864	11.741029	2.171731
0.04523	6.179221	5.561813	11.741034	2.173094
0.04524	5.615540	6.125499	11.741039	2.174437
0.04525	5.059624	6.681420	11.741044	2.175756
0.04526	4.519852	7.221198	11.741050	2.177048
0.04527	4.004354	7.736700	11.741054	2.178309
0.04528	3.520893	8.220166	11.741059	2.179537
0.04529	3.076737	8.664326	11.741063	2.180729
0.0453	2.678560	9.062506	11.741067	2.181882
0.04531	2.332338	9.408732	11.741070	2.182993
0.04532	2.043256	9.697817	11.741073	2.184061
0.04533	1.815637	9.925438	11.741075	2.185083
0.04534	1.652875	10.088202	11.741076	2.186056
0.04535	1.557384	10.183693	11.741077	2.186981
0.04536	1.530568	10.210509	11.741078	2.187854
0.04537	1.572798	10.168280	11.741077	2.188675
0.04538	1.683407	10.057669	11.741076	2.189443
0.04539	1.860710	9.880364	11.741074	2.190157
0.0454	2.102024	9.639048	11.741072	2.190816
0.04541	2.403714	9.337355	11.741069	2.191421
0.04542	2.761253	8.979813	11.741066	2.191970
0.04543	3.169287	8.571775	11.741062	2.192465
0.04544	3.621723	8.119335	11.741058	2.192905
0.04545	4.111820	7.629233	11.741053	2.193292
0.04546	4.632297	7.108752	11.741049	2.193626
0.04547	5.175438	6.565606	11.741043	2.193908
0.04548	5.733215	6.007823	11.741038	2.194139
0.04549	6.297409	5.443624	11.741033	2.194321
0.0455	6.859734	4.881294	11.741028	2.194456
0.04551	7.411960	4.329063	11.741023	2.194546
0.04552	7.946043	3.794975	11.741018	2.194593
0.04553	8.454240	3.286773	11.741014	2.194598
0.04554	8.929228	2.811781	11.741009	2.194566
0.04555	9.364209	2.376796	11.741005	2.194497
0.04556	9.753016	1.987986	11.741002	2.194395
0.04557	10.090198	1.650801	11.740999	2.194264
0.04558	10.371103	1.369894	11.740997	2.194105
0.04559	10.591943	1.149052	11.740995	2.193922
0.0456	10.749846	0.991148	11.740994	2.193719
0.04561	10.842898	0.898095	11.740993	2.193499
0.04562	10.870165	0.870828	11.740993	2.193265
0.04563	10.831702	0.909291	11.740994	2.193020
0.04564	10.728550	1.012445	11.740995	2.192770
0.04565	10.562710	1.178287	11.740997	2.192516
0.04566	10.337113	1.403887	11.740999	2.192262
0.04567	10.055565	1.685437	11.741002	2.192013
0.04568	9.722689	2.018317	11.741006	2.191772
0.04569	9.343847	2.397162	11.741009	2.191542
0.0457	8.925057	2.815956	11.741013	2.191328
0.04571	8.472893	3.268125	11.741018	2.191132
0.04572	7.994386	3.746637	11.741022	2.190958
0.04573	7.496911	4.244116	11.741027	2.190809
0.04574	6.988076	4.752956	11.741032	2.190690
0.04575	6.475598	5.265439	11.741037	2.190602
0.04576	5.967192	5.773850	11.741042	2.190550
0.04577	5.470447	6.270600	11.741046	2.190535
0.04578	4.992712	6.748338	11.741051	2.190562
0.04579	4.540989	7.200066	11.741055	2.190632
0.0458	4.121821	7.619237	11.741058	2.190748
0.04581	3.741200	7.999862	11.741062	2.190913
0.04582	3.404474	8.336590	11.741065	2.191128
0.04583	3.116276	8.624791	11.741067	2.191396
0.04584	2.880449	8.860620	11.741069	2.191719
0.04585	2.699998	9.041072	11.741070	2.192097
0.04586	2.577048	9.164023	11.741071	2.192533
0.04587	2.512816	9.228255	11.741071	2.193027
0.04588	2.507599	9.233472	11.741071	2.193581
0.04589	2.560778	9.180292	11.741070	2.194196
0.0459	2.670832	9.070237	11.741068	2.194871
0.04591	2.835366	8.905700	11.741066	2.195606
0.04592	3.051160	8.689903	11.741064	2.196403
0.04593	3.314221	8.426840	11.741061	2.197261
0.04594	3.619850	8.121207	11.741058	2.198179
0.04595	3.962724	7.778330	11.741054	2.199157
0.04596	4.336980	7.404070	11.741050	2.200194
0.04597	4.736313	7.004733	11.741046	2.201288
0.04598	5.154076	6.586965	11.741042	2.202439
0.04599	5.583391	6.157647	11.741037	2.203644
0.046	6.017250	5.723783	11.741033	2.204903
0.04601	6.448636	5.292392	11.741028	2.206212
0.04602	6.870628	4.870396	11.741024	2.207571
0.04603	7.276508	4.464512	11.741020	2.208976
0.04604	7.659872	4.081145	11.741016	2.210424
0.04605	8.014721	3.726292	11.741013	2.211914
0.04606	8.335560	3.405450	11.741010	2.213442
0.04607	8.617480	3.123528	11.741007	2.215005
0.04608	8.856227	2.884778	11.741005	2.216600
0.04609	9.048273	2.692730	11.741003	2.218224
0.0461	9.190863	2.550139	11.741002	2.219873
0.04611	9.282054	2.458947	11.741001	2.221543
0.04612	9.320742	2.420259	11.741001	2.223231
0.04613	9.306675	2.434327	11.741002	2.224933
0.04614	9.240451	2.500552	11.741003	2.226646
0.04615	9.123503	2.617501	11.741004	2.228364
0.04616	8.958075	2.782930	11.741006	2.230085
0.04617	8.747178	2.993831	11.741008	2.231804
0.04618	8.494537	3.246474	11.741011	2.233518
0.04619	8.204533	3.536481	11.741014	2.235221
0.0462	7.882125	3.858892	11.741017	2.236911
0.04621	7.532770	4.208251	11.741021	2.238583
0.04622	7.162331	4.578694	11.741025	2.240234
0.04623	6.776984	4.964045	11.741029	2.241859
0.04624	6.383118	5.357915	11.741033	2.243455
0.04625	5.987228	5.753809	11.741037	2.245017
0.04626	5.595816	6.145225	11.741041	2.246543
0.04627	5.215282	6.525763	11.741045	2.248029
0.04628	4.851825	6.889223	11.741049	2.249470
0.04629	4.511346	7.229707	11.741052	2.250865
0.0463	4.199349	7.541707	11.741055	2.252210
0.04631	3.920861	7.820197	11.741058	2.253501
0.04632	3.680352	8.060709	11.741060	2.254737
0.04633	3.481662	8.259401	11.741062	2.255913
0.04634	3.327946	8.413118	11.741064	2.257029
0.04635	3.221626	8.519439	11.741065	2.258081
0.04636	3.164353	8.576713	11.741066	2.259068
0.04637	3.156982	8.584084	11.741066	2.259987
0.04638	3.199566	8.541499	11.741065	2.260838
0.04639	3.291355	8.449710	11.741064	2.261618
0.0464	3.430809	8.310253	11.741063	2.262326
0.04641	3.615631	8.125430	11.741061	2.262962
0.04642	3.842798	7.898261	11.741059	2.263524
0.04643	4.108618	7.632438	11.741056	2.264013
0.04644	4.408789	7.332264	11.741053	2.264427
0.04645	4.738468	7.002581	11.741049	2.264767
0.04646	5.092354	6.648692	11.741046	2.265034
0.04647	5.464768	6.276275	11.741042	2.265227
0.04648	5.849748	5.891291	11.741038	2.265347
0.04649	6.241145	5.499889	11.741034	2.265396
0.0465	6.632722	5.108309	11.741031	2.265374
0.04651	7.018249	4.722778	11.741027	2.265283
0.04652	7.391606	4.349417	11.741023	2.265124
0.04653	7.746881	3.994139	11.741019	2.264900
0.04654	8.078458	3.662559	11.741016	2.264612
0.04655	8.381109	3.359905	11.741013	2.264264
0.04656	8.650076	3.090935	11.741011	2.263856
0.04657	8.881143	2.859865	11.741008	2.263393
0.04658	9.070703	2.670304	11.741007	2.262876
0.04659	9.215810	2.525195	11.741005	2.262309
0.0466	9.314230	2.426775	11.741004	2.261696
0.04661	9.364465	2.376539	11.741004	2.261039
0.04662	9.365782	2.375221	11.741004	2.260343
0.04663	9.318221	2.422784	11.741004	2.259610
0.04664	9.222585	2.518420	11.741005	2.258844
0.04665	9.080435	2.660572	11.741007	2.258050
0.04666	8.894054	2.846954	11.741009	2.257232
0.04667	8.666414	3.074597	11.741011	2.256393
0.04668	8.401122	3.339891	11.741013	2.255537
0.04669	8.102366	3.638650	11.741016	2.254670
0.0467	7.774842	3.966178	11.741020	2.253794
0.04671	7.423679	4.317344	11.741023	2.252915
0.04672	7.054357	4.686669	11.741027	2.252037
0.04673	6.672621	5.068409	11.741030	2.251163
0.04674	6.284385	5.456649	11.741034	2.250299
0.04675	5.895639	5.845399	11.741038	2.249448
0.04676	5.512356	6.228685	11.741041	2.248614
0.04677	5.140396	6.600649	11.741045	2.247803
0.04678	4.785415	6.955634	11.741048	2.247017
0.04679	4.452772	7.288279	11.741051	2.246261
0.0468	4.147454	7.593600	11.741054	2.245539
0.04681	3.873988	7.867068	11.741057	2.244854
0.04682	3.636382	8.104677	11.741059	2.244210
0.04683	3.438054	8.303007	11.741061	2.243611
0.04684	3.281788	8.459274	11.741062	2.243060
0.04685	3.169690	8.571373	11.741063	2.242561
0.04686	3.103157	8.637906	11.741063	2.242116
0.04687	3.082859	8.658204	11.741063	2.241728
0.04688	3.108732	8.632331	11.741063	2.241400
0.04689	3.179982	8.561079	11.741062	2.241135
0.0469	3.295104	8.445956	11.741060	2.240935
0.04691	3.451905	8.289154	11.741059	2.240802
0.04692	3.647544	8.093512	11.741056	2.240737
0.04693	3.878585	7.862469	11.741054	2.240744
0.04694	4.141048	7.600003	11.741051	2.240822
0.04695	4.430479	7.310569	11.741048	2.240974
0.04696	4.742024	6.999021	11.741045	2.241200
0.04697	5.070509	6.670533	11.741042	2.241501
0.04698	5.410520	6.330518	11.741038	2.241877
0.04699	5.756499	5.984535	11.741035	2.242330
0.047	6.102826	5.638205	11.741031	2.242858
0.04701	6.443915	5.297113	11.741028	2.243463
0.04702	6.774299	4.966725	11.741024	2.244142
0.04703	7.088724	4.652297	11.741021	2.244896
0.04704	7.382225	4.358794	11.741018	2.245724
0.04705	7.650208	4.090808	11.741016	2.246625
0.04706	7.888524	3.852489	11.741013	2.247597
0.04707	8.093531	3.647480	11.741012	2.248639
0.04708	8.262150	3.478860	11.741010	2.249749
0.04709	8.391913	3.349096	11.741009	2.250924
0.0471	8.481001	3.260007	11.741008	2.252163
0.04711	8.528267	3.212741	11.741008	2.253464
0.04712	8.533255	3.207753	11.741008	2.254824
0.04713	8.496200	3.244808	11.741009	2.256239
0.04714	8.418025	3.322984	11.741010	2.257707
0.04715	8.300320	3.440691	11.741011	2.259226
0.04716	8.145311	3.595702	11.741013	2.260791
0.04717	7.955827	3.785188	11.741015	2.262399
0.04718	7.735244	4.005773	11.741017	2.264048
0.04719	7.487432	4.253588	11.741020	2.265732
0.0472	7.216689	4.524334	11.741023	2.267448
0.04721	6.927665	4.813361	11.741026	2.269194
0.04722	6.625290	5.115739	11.741029	2.270964
0.04723	6.314688	5.426345	11.741032	2.272754
0.04724	6.001094	5.739941	11.741036	2.274561
0.04725	5.689768	6.051271	11.741039	2.276380
0.04726	5.385906	6.355136	11.741042	2.278208
0.04727	5.094558	6.646488	11.741045	2.280040
0.04728	4.820543	6.920505	11.741048	2.281872
0.04729	4.568374	7.172677	11.741051	2.283699
0.0473	4.342180	7.398873	11.741053	2.285518
0.04731	4.145644	7.595410	11.741055	2.287325
0.04732	3.981941	7.759116	11.741057	2.289115
0.04733	3.853687	7.887371	11.741058	2.290884
0.04734	3.762899	7.978160	11.741059	2.292629
0.04735	3.710963	8.030096	11.741059	2.294345
0.04736	3.698615	8.042444	11.741059	2.296029
0.04737	3.725924	8.015134	11.741059	2.297677
0.04738	3.792301	7.948757	11.741058	2.299285
0.04739	3.896505	7.844552	11.741057	2.300850
0.0474	4.036664	7.704391	11.741055	2.302368
0.04741	4.210314	7.530739	11.741053	2.303836
0.04742	4.414433	7.326619	11.741051	2.305252
0.04743	4.645496	7.095553	11.741049	2.306611
0.04744	4.899536	6.841510	11.741046	2.307912
0.04745	5.172205	6.568838	11.741043	2.309152
0.04746	5.458853	6.282187	11.741040	2.310327
0.04747	5.754598	5.986439	11.741037	2.311437
0.04748	6.054415	5.686619	11.741034	2.312478
0.04749	6.353212	5.387819	11.741031	2.313450
0.0475	6.645920	5.095108	11.741027	2.314349
0.04751	6.927572	4.813452	11.741024	2.315175
0.04752	7.193390	4.547631	11.741022	2.315926
0.04753	7.438860	4.302159	11.741019	2.316601
0.04754	7.659807	4.081210	11.741017	2.317199
0.04755	7.852465	3.888549	11.741015	2.317719
0.04756	8.013541	3.727472	11.741013	2.318161
0.04757	8.140264	3.600748	11.741011	2.318524
0.04758	8.230435	3.510576	11.741010	2.318808
0.04759	8.282462	3.458548	11.741010	2.319013
0.0476	8.295386	3.445624	11.741010	2.319140
0.04761	8.268898	3.472112	11.741010	2.319188
0.04762	8.203342	3.537668	11.741010	2.319158
0.04763	8.099714	3.641298	11.741012	2.319052
0.04764	7.959640	3.781373	11.741013	2.318869
0.04765	7.785354	3.955661	11.741015	2.318611
0.04766	7.579660	4.161357	11.741017	2.318279
0.04767	7.345886	4.395133	11.741019	2.317874
0.04768	7.087832	4.653189	11.741022	2.317399
0.04769	6.809705	4.931320	11.741025	2.316854
0.0477	6.516051	5.224977	11.741028	2.316241
0.04771	6.211681	5.529350	11.741031	2.315564
0.04772	5.901594	5.839440	11.741034	2.314822
0.04773	5.590893	6.150144	11.741037	2.314019
0.04774	5.284703	6.456337	11.741040	2.313158
0.04775	4.988086	6.752958	11.741043	2.312239
0.04776	4.705958	7.035089	11.741046	2.311266
0.04777	4.443010	7.298039	11.741049	2.310242
0.04778	4.203631	7.537421	11.741052	2.309168
0.04779	3.991833	7.749221	11.741054	2.308048
0.0478	3.811190	7.929866	11.741056	2.306884
0.04781	3.664774	8.076283	11.741057	2.305679
0.04782	3.555109	8.185950	11.741059	2.304435
0.04783	3.484124	8.256935	11.741059	2.303156
0.04784	3.453127	8.287933	11.741060	2.301845
0.04785	3.462777	8.278283	11.741060	2.300503
0.04786	3.513077	8.227982	11.741059	2.299134
0.04787	3.603371	8.137688	11.741059	2.297742
0.04788	3.732353	8.008704	11.741057	2.296327
0.04789	3.898091	7.842965	11.741056	2.294894
0.0479	4.098052	7.643001	11.741054	2.293444
0.04791	4.329150	7.411902	11.741052	2.291981
0.04792	4.587787	7.153262	11.741049	2.290508
0.04793	4.869917	6.871129	11.741046	2.289026
0.04794	5.171109	6.569934	11.741043	2.287538
0.04795	5.486618	6.254422	11.741040	2.286047
0.04796	5.811462	5.929575	11.741037	2.284555
0.04797	6.140503	5.600531	11.741034	2.283064
0.04798	6.468529	5.272502	11.741030	2.281576
0.04799	6.790338	4.950689	11.741027	2.280094
0.048	7.100825	4.640199	11.741024	2.278619
0.04801	7.395062	4.345959	11.741021	2.277154
0.04802	7.668379	4.072640	11.741019	2.275699
0.04803	7.916437	3.824579	11.741016	2.274258
0.04804	8.135304	3.605710	11.741014	2.272831
0.04805	8.321514	3.419498	11.741012	2.271420
0.04806	8.472126	3.268884	11.741011	2.270026
0.04807	8.584771	3.156238	11.741009	2.268650
0.04808	8.657690	3.083319	11.741009	2.267294
0.04809	8.689764	3.051245	11.741008	2.265959
0.0481	8.680530	3.060478	11.741009	2.264645
0.04811	8.630194	3.110815	11.741009	2.263354
0.04812	8.539623	3.201387	11.741010	2.262086
0.04813	8.410330	3.330681	11.741011	2.260842
0.04814	8.244457	3.496556	11.741013	2.259622
0.04815	8.044732	3.696283	11.741015	2.258426
0.04816	7.814430	3.926587	11.741018	2.257255
0.04817	7.557320	4.183700	11.741020	2.256110
0.04818	7.277601	4.463422	11.741023	2.254990
0.04819	6.979834	4.761192	11.741026	2.253895
0.0482	6.668874	5.072156	11.741029	2.252826
0.04821	6.349781	5.391251	11.741032	2.251781
0.04822	6.027747	5.713288	11.741036	2.250762
0.04823	5.708008	6.033031	11.741039	2.249767
0.04824	5.395755	6.345287	11.741042	2.248797
0.04825	5.096056	6.644989	11.741045	2.247850
0.04826	4.813769	6.927279	11.741048	2.246927
0.04827	4.553465	7.187586	11.741051	2.246027
0.04828	4.319351	7.421703	11.741053	2.245150
0.04829	4.115202	7.625853	11.741055	2.244294
0.0483	3.944302	7.796755	11.741057	2.243460
0.04831	3.809385	7.931673	11.741058	2.242647
0.04832	3.712595	8.028464	11.741059	2.241853
0.04833	3.655447	8.085613	11.741060	2.241079
0.04834	3.638803	8.102257	11.741060	2.240324
0.04835	3.662858	8.078201	11.741059	2.239586
0.04836	3.727138	8.013921	11.741059	2.238866
0.04837	3.830503	7.910555	11.741058	2.238162
0.04838	3.971169	7.769887	11.741056	2.237475
0.04839	4.146735	7.594319	11.741054	2.236802
0.0484	4.354224	7.386829	11.741052	2.236145
0.04841	4.590127	7.150922	11.741050	2.235501
0.04842	4.850467	6.890579	11.741047	2.234871
0.04843	5.130858	6.610186	11.741044	2.234253
0.04844	5.426580	6.314461	11.741041	2.233648
0.04845	5.732653	6.008384	11.741038	2.233055
0.04846	6.043926	5.697108	11.741034	2.232473
0.04847	6.355154	5.385877	11.741031	2.231903
0.04848	6.661088	5.079939	11.741028	2.231343
0.04849	6.956563	4.784461	11.741025	2.230793
0.0485	7.236581	4.504440	11.741022	2.230253
0.04851	7.496397	4.244622	11.741019	2.229724
0.04852	7.731594	4.009423	11.741016	2.229203
0.04853	7.938161	3.802854	11.741014	2.228693
0.04854	8.112559	3.628453	11.741012	2.228192
0.04855	8.251781	3.489230	11.741011	2.227700
0.04856	8.353404	3.387606	11.741010	2.227218
0.04857	8.415627	3.325382	11.741009	2.226746
0.04858	8.437311	3.303698	11.741009	2.226284
0.04859	8.417991	3.323018	11.741009	2.225831
0.0486	8.357893	3.383117	11.741009	2.225389
0.04861	8.257928	3.483083	11.741010	2.224957
0.04862	8.119683	3.621329	11.741012	2.224536
0.04863	7.945396	3.795618	11.741014	2.224126
0.04864	7.737920	4.003095	11.741016	2.223727
0.04865	7.500683	4.240335	11.741018	2.223341
0.04866	7.237628	4.503393	11.741021	2.222967
0.04867	6.953153	4.787871	11.741024	2.222606
0.04868	6.652042	5.088985	11.741027	2.222259
0.04869	6.339386	5.401644	11.741030	2.221925
0.0487	6.020498	5.720536	11.741034	2.221606
0.04871	5.700831	6.040206	11.741037	2.221303
0.04872	5.385886	6.355154	11.741041	2.221014
0.04873	5.081122	6.659922	11.741044	2.220743
0.04874	4.791865	6.949182	11.741047	2.220488
0.04875	4.523222	7.217828	11.741050	2.220250
0.04876	4.279991	7.461062	11.741053	2.220031
0.04877	4.066585	7.674471	11.741055	2.219829
0.04878	3.886954	7.854104	11.741058	2.219647
0.04879	3.744519	7.996540	11.741059	2.219485
0.0488	3.642112	8.098949	11.741061	2.219342
0.04881	3.581923	8.159138	11.741062	2.219220
0.04882	3.565465	8.175597	11.741062	2.219119
0.04883	3.593541	8.147521	11.741062	2.219039
0.04884	3.666227	8.074835	11.741062	2.218980
0.04885	3.782863	7.958198	11.741061	2.218944
0.04886	3.942067	7.798993	11.741060	2.218929
0.04887	4.141741	7.599317	11.741058	2.218936
0.04888	4.379108	7.361948	11.741056	2.218966
0.04889	4.650751	7.090302	11.741053	2.219018
0.0489	4.952660	6.788390	11.741050	2.219092
0.04891	5.280298	6.460749	11.741047	2.219189
0.04892	5.628665	6.112379	11.741044	2.219307
0.04893	5.992381	5.748660	11.741040	2.219447
0.04894	6.365764	5.375273	11.741037	2.219608
0.04895	6.742925	4.998108	11.741033	2.219791
0.04896	7.117859	4.623170	11.741029	2.219994
0.04897	7.484538	4.256487	11.741025	2.220216
0.04898	7.837013	3.904009	11.741022	2.220459
0.04899	8.169506	3.571513	11.741018	2.220720
0.049	8.476504	3.264511	11.741015	2.220998
0.04901	8.752852	2.988160	11.741012	2.221294
0.04902	8.993835	2.747174	11.741010	2.221605
0.04903	9.195259	2.545748	11.741007	2.221932
0.04904	9.353520	2.387486	11.741005	2.222272
0.04905	9.465666	2.275338	11.741004	2.222625
0.04906	9.529449	2.211554	11.741003	2.222990
0.04907	9.543366	2.197636	11.741003	2.223365
0.04908	9.506691	2.234312	11.741003	2.223748
0.04909	9.419484	2.321519	11.741003	2.224138
0.0491	9.282606	2.458398	11.741004	2.224535
0.04911	9.097704	2.643302	11.741006	2.224935
0.04912	8.867193	2.873815	11.741008	2.225338
0.04913	8.594223	3.146787	11.741010	2.225742
0.04914	8.282635	3.458378	11.741013	2.226145
0.04915	7.936904	3.804113	11.741016	2.226545
0.04916	7.562074	4.178946	11.741020	2.226941
0.04917	7.163682	4.577341	11.741023	2.227331
0.04918	6.747676	4.993352	11.741027	2.227712
0.04919	6.320320	5.420711	11.741031	2.228084
0.0492	5.888104	5.852931	11.741035	2.228444
0.04921	5.457638	6.283401	11.741040	2.228789
0.04922	5.035553	6.705490	11.741044	2.229120
0.04923	4.628396	7.112651	11.741048	2.229432
0.04924	4.242527	7.498525	11.741051	2.229725
0.04925	3.884018	7.857037	11.741055	2.229997
0.04926	3.558559	8.182499	11.741058	2.230245
0.04927	3.271364	8.469697	11.741061	2.230469
0.04928	3.027090	8.713974	11.741064	2.230665
0.04929	2.829755	8.911310	11.741066	2.230833
0.0493	2.682682	9.058385	11.741067	2.230970
0.04931	2.588434	9.152635	11.741068	2.231076
0.04932	2.548773	9.192296	11.741069	2.231147
0.04933	2.564632	9.176437	11.741069	2.231184
0.04934	2.636090	9.104979	11.741069	2.231183
0.04935	2.762371	8.978697	11.741068	2.231145
0.04936	2.941849	8.799217	11.741066	2.231067
0.04937	3.172072	8.568992	11.741064	2.230948
0.04938	3.449793	8.291269	11.741062	2.230787
0.04939	3.771017	7.970042	11.741059	2.230583
0.0494	4.131060	7.609995	11.741055	2.230336
0.04941	4.524621	7.216430	11.741052	2.230043
0.04942	4.945858	6.795190	11.741048	2.229704
0.04943	5.388476	6.352568	11.741044	2.229319
0.04944	5.845826	5.895213	11.741039	2.228887
0.04945	6.311004	5.430031	11.741035	2.228407
0.04946	6.776958	4.964072	11.741030	2.227879
0.04947	7.236597	4.504429	11.741026	2.227303
0.04948	7.682900	4.058122	11.741022	2.226679
0.04949	8.109024	3.631993	11.741018	2.226006
0.0495	8.508416	3.232598	11.741014	2.225285
0.04951	8.874910	2.866100	11.741010	2.224516
0.04952	9.202827	2.538180	11.741007	2.223699
0.04953	9.487064	2.253940	11.741004	2.222835
0.04954	9.723177	2.017824	11.741002	2.221924
0.04955	9.907451	1.833549	11.741000	2.220967
0.04956	10.036961	1.704038	11.740999	2.219965
0.04957	10.109617	1.631381	11.740998	2.218919
0.04958	10.124205	1.616793	11.740998	2.217828
0.04959	10.080405	1.660593	11.740998	2.216696
0.0496	9.978802	1.762197	11.740999	2.215523
0.04961	9.820874	1.920127	11.741001	2.214310
0.04962	9.608979	2.132024	11.741003	2.213059
0.04963	9.346318	2.394688	11.741005	2.211771
0.04964	9.036886	2.704122	11.741008	2.210448
0.04965	8.685418	3.055593	11.741011	2.209091
0.04966	8.297311	3.443704	11.741015	2.207703
0.04967	7.878548	3.862472	11.741019	2.206285
0.04968	7.435600	4.305423	11.741023	2.204840
0.04969	6.975335	4.765693	11.741028	2.203368
0.0497	6.504906	5.236127	11.741033	2.201873
0.04971	6.031641	5.709396	11.741037	2.200357
0.04972	5.562932	6.178110	11.741042	2.198821
0.04973	5.106117	6.634929	11.741046	2.197268
0.04974	4.668369	7.072681	11.741051	2.195700
0.04975	4.256579	7.484476	11.741055	2.194120
0.04976	3.877248	7.863810	11.741058	2.192530
0.04977	3.536390	8.204672	11.741062	2.190932
0.04978	3.239428	8.501637	11.741065	2.189328
0.04979	2.991114	8.749953	11.741067	2.187721
0.0498	2.795448	8.945621	11.741069	2.186114
0.04981	2.655616	9.085455	11.741071	2.184509
0.04982	2.573936	9.167135	11.741072	2.182907
0.04983	2.551818	9.189253	11.741072	2.181312
0.04984	2.589742	9.151330	11.741072	2.179726
0.04985	2.687240	9.053830	11.741071	2.178151
0.04986	2.842911	8.898158	11.741069	2.176589
0.04987	3.054429	8.686638	11.741067	2.175043
0.04988	3.318581	8.422484	11.741065	2.173515
0.04989	3.631315	8.109747	11.741062	2.172007
0.0499	3.987795	7.753263	11.741058	2.170520
0.04991	4.382482	7.358573	11.741054	2.169058
0.04992	4.809208	6.931842	11.741050	2.167622
0.04993	5.261278	6.479768	11.741046	2.166213
0.04994	5.731568	6.009473	11.741041	2.164834
0.04995	6.212638	5.528399	11.741036	2.163486
0.04996	6.696842	5.044189	11.741031	2.162171
0.04997	7.176454	4.564573	11.741027	2.160890
0.04998	7.643780	4.097242	11.741022	2.159646
0.04999	8.091285	3.649733	11.741017	2.158438
0.05	8.511707	3.229306	11.741013	2.157269
