#time	ekin		epot		etot		chain_length
0	11.740600	0.000000	11.740600	22.000000
0.01	11.702417	0.038569	11.740986	22.031685
0.02	11.587280	0.153707	11.740987	22.063309
0.03	11.397279	0.343710	11.740989	22.094808
0.04	11.135224	0.605768	11.740992	22.126122
0.05	10.804991	0.936004	11.740995	22.157189
0.06	10.411461	1.329538	11.740998	22.187949
0.07	9.960448	1.780554	11.741003	22.218343
0.08	9.458612	2.282395	11.741007	22.248313
0.09	8.913357	2.827655	11.741012	22.277801
0.1	8.332720	3.408298	11.741018	22.306752
0.11	7.725250	4.015773	11.741023	22.335112
0.12	7.099879	4.641150	11.741029	22.362828
0.13	6.465791	5.275244	11.741035	22.389851
0.14	5.832276	5.908764	11.741040	22.416131
0.15	5.208601	6.532445	11.741046	22.441623
0.16	4.603863	7.137188	11.741052	22.466283
0.17	4.026855	7.714201	11.741057	22.490069
0.18	3.485937	8.255125	11.741062	22.512943
0.19	2.988906	8.752161	11.741066	22.534868
0.2	2.542885	9.198185	11.741070	22.555811
0.21	2.154215	9.586858	11.741074	22.575741
0.22	1.828362	9.912714	11.741076	22.594631
0.23	1.569835	10.171244	11.741079	22.612455
0.24	1.382120	10.358960	11.741080	22.629193
0.25	1.267633	10.473448	11.741081	22.644825
0.26	1.227683	10.513398	11.741081	22.659337
0.27	1.262456	10.478624	11.741080	22.672716
0.28	1.371016	10.370063	11.741079	22.684953
0.29	1.551320	10.189758	11.741077	22.696043
0.3	1.800251	9.940824	11.741075	22.705983
0.31	2.113673	9.627398	11.741071	22.714774
0.32	2.486491	9.254576	11.741068	22.722419
0.33	2.912734	8.828329	11.741064	22.728926
0.34	3.385646	8.355413	11.741059	22.734305
0.35	3.897790	7.843263	11.741054	22.738569
0.36	4.441169	7.299880	11.741049	22.741734
0.37	5.007340	6.733703	11.741043	22.743820
0.38	5.587550	6.153488	11.741038	22.744848
0.39	6.172868	5.568164	11.741032	22.744844
0.4	6.754322	4.986704	11.741026	22.743835
0.41	7.323035	4.417985	11.741021	22.741851
0.42	7.870362	3.870654	11.741016	22.738925
0.43	8.388016	3.352995	11.741011	22.735092
0.44	8.868201	2.872805	11.741006	22.730389
0.45	9.303724	2.437278	11.741002	22.724854
0.46	9.688106	2.052893	11.740999	22.718530
0.47	10.015675	1.725320	11.740996	22.711460
0.48	10.281657	1.459336	11.740993	22.703688
0.49	10.482239	1.258752	11.740992	22.695259
0.5	10.614631	1.126360	11.740991	22.686223
0.51	10.677100	1.063890	11.740990	22.676627
0.52	10.668999	1.071991	11.740990	22.666522
0.53	10.590770	1.150221	11.740991	22.655957
0.54	10.443934	1.297059	11.740993	22.644985
0.55	10.231068	1.509928	11.740995	22.633657
0.56	9.955756	1.785242	11.740998	22.622025
0.57	9.622539	2.118462	11.741001	22.610142
0.58	9.236836	2.504169	11.741005	22.598059
0.59	8.804862	2.936148	11.741010	22.585830
0.6	8.333525	3.407489	11.741014	22.573506
0.61	7.830326	3.910693	11.741019	22.561138
0.62	7.303234	4.437791	11.741025	22.548778
0.63	6.760564	4.980466	11.741030	22.536474
0.64	6.210851	5.530184	11.741035	22.524277
0.65	5.662714	6.078327	11.741041	22.512234
0.66	5.124723	6.616323	11.741046	22.500391
0.67	4.605270	7.135781	11.741051	22.488794
0.68	4.112434	7.628621	11.741056	22.477486
0.69	3.653865	8.087195	11.741060	22.466510
0.7	3.236657	8.504407	11.741064	22.455905
0.71	2.867249	8.873818	11.741068	22.445710
0.72	2.551320	9.189750	11.741071	22.435961
0.73	2.293707	9.447366	11.741073	22.426692
0.74	2.098329	9.642747	11.741075	22.417935
0.75	1.968129	9.772947	11.741076	22.409721
0.76	1.905035	9.836042	11.741077	22.402076
0.77	1.909923	9.831154	11.741077	22.395025
0.78	1.982615	9.758461	11.741076	22.388591
0.79	2.121878	9.619197	11.741075	22.382793
0.8	2.325445	9.415627	11.741073	22.377649
0.81	2.590057	9.151013	11.741070	22.373174
0.82	2.911508	8.829559	11.741067	22.369380
0.83	3.284717	8.456346	11.741063	22.366276
0.84	3.703807	8.037252	11.741059	22.363869
0.85	4.162195	7.578860	11.741054	22.362163
0.86	4.652696	7.088354	11.741050	22.361160
0.87	5.167637	6.573407	11.741045	22.360859
0.88	5.698973	6.042066	11.741039	22.361257
0.89	6.238415	5.502619	11.741034	22.362347
0.9	6.777555	4.963474	11.741029	22.364121
0.91	7.307997	4.433027	11.741024	22.366568
0.92	7.821490	3.919528	11.741019	22.369674
0.93	8.310051	3.430963	11.741014	22.373425
0.94	8.766086	2.974923	11.741010	22.377803
0.95	9.182514	2.558491	11.741005	22.382788
0.96	9.552868	2.188134	11.741002	22.388359
0.97	9.871396	1.869603	11.740999	22.394491
0.98	10.133151	1.607845	11.740996	22.401159
0.99	10.334062	1.406932	11.740994	22.408337
1	10.470998	1.269995	11.740993	22.415995
1.01	10.541815	1.199178	11.740992	22.424105
1.02	10.545383	1.195609	11.740992	22.432634
1.03	10.481610	1.259383	11.740993	22.441550
1.04	10.351434	1.389560	11.740994	22.450820
1.05	10.156810	1.584186	11.740996	22.460409
1.06	9.900680	1.840318	11.740998	22.470282
1.07	9.586923	2.154078	11.741001	22.480404
1.08	9.220297	2.520707	11.741005	22.490739
1.09	8.806362	2.934646	11.741009	22.501249
1.1	8.351395	3.389618	11.741013	22.511899
1.11	7.862290	3.878728	11.741018	22.522651
1.12	7.346456	4.394567	11.741022	22.533469
1.13	6.811697	4.929330	11.741028	22.544317
1.14	6.266096	5.474936	11.741033	22.555158
1.15	5.717888	6.023150	11.741038	22.565957
1.16	5.175335	6.565708	11.741043	22.576680
1.17	4.646597	7.094451	11.741048	22.587292
1.18	4.139613	7.601440	11.741053	22.597759
1.19	3.661973	8.079085	11.741057	22.608050
1.2	3.220806	8.520255	11.741061	22.618134
1.21	2.822674	8.918391	11.741065	22.627980
1.22	2.473470	9.267599	11.741068	22.637561
1.23	2.178328	9.562743	11.741071	22.646849
1.24	1.941551	9.799522	11.741073	22.655819
1.25	1.766545	9.974530	11.741075	22.664446
1.26	1.655767	10.085308	11.741075	22.672708
1.27	1.610694	10.130381	11.741076	22.680586
1.28	1.631800	10.109275	11.741075	22.688059
1.29	1.718554	10.022521	11.741074	22.695112
1.3	1.869426	9.871647	11.741073	22.701729
1.31	2.081921	9.659150	11.741071	22.707898
1.32	2.352613	9.388455	11.741068	22.713607
1.33	2.677205	9.063860	11.741065	22.718848
1.34	3.050594	8.690468	11.741061	22.723614
1.35	3.466952	8.274105	11.741057	22.727899
1.36	3.919822	7.821231	11.741053	22.731702
1.37	4.402212	7.338836	11.741048	22.735021
1.38	4.906708	6.834335	11.741043	22.737858
1.39	5.425589	6.315449	11.741038	22.740215
1.4	5.950944	5.790089	11.741033	22.742099
1.41	6.474795	5.266233	11.741028	22.743516
1.42	6.989220	4.751803	11.741024	22.744476
1.43	7.486474	4.254544	11.741019	22.744988
1.44	7.959106	3.781908	11.741015	22.745067
1.45	8.400072	3.340939	11.741010	22.744726
1.46	8.802842	2.938164	11.741007	22.743981
1.47	9.161500	2.579503	11.741003	22.742849
1.48	9.470828	2.270172	11.741001	22.741351
1.49	9.726388	2.014610	11.740998	22.739506
1.5	9.924582	1.816414	11.740997	22.737335
1.51	10.062709	1.678286	11.740996	22.734862
1.52	10.138998	1.601997	11.740995	22.732111
1.53	10.152635	1.588360	11.740995	22.729107
1.54	10.103768	1.637228	11.740996	22.725874
1.55	9.993503	1.747494	11.740997	22.722440
1.56	9.823883	1.917116	11.740999	22.718833
1.57	9.597849	2.143153	11.741001	22.715079
1.58	9.319195	2.421810	11.741004	22.711206
1.59	8.992501	2.748506	11.741008	22.707243
1.6	8.623065	3.117946	11.741011	22.703219
1.61	8.216811	3.524204	11.741015	22.699162
1.62	7.780199	3.960821	11.741020	22.695100
1.63	7.320121	4.420903	11.741024	22.691062
1.64	6.843792	4.897237	11.741029	22.687075
1.65	6.358639	5.382394	11.741034	22.683167
1.66	5.872184	5.868854	11.741038	22.679365
1.67	5.391925	6.349118	11.741043	22.675694
1.68	4.925221	6.815826	11.741047	22.672181
1.69	4.479183	7.261869	11.741051	22.668850
1.7	4.060556	7.680500	11.741055	22.665725
1.71	3.675624	8.065435	11.741059	22.662827
1.72	3.330111	8.410951	11.741062	22.660178
1.73	3.029095	8.711970	11.741065	22.657799
1.74	2.776933	8.964134	11.741067	22.655707
1.75	2.577196	9.163873	11.741069	22.653921
1.76	2.432617	9.308453	11.741070	22.652455
1.77	2.345052	9.396018	11.741071	22.651324
1.78	2.315459	9.425611	11.741071	22.650540
1.79	2.343882	9.397188	11.741070	22.650115
1.8	2.429459	9.311610	11.741069	22.650057
1.81	2.570436	9.170631	11.741067	22.650374
1.82	2.764204	8.976861	11.741065	22.651072
1.83	3.007339	8.733723	11.741063	22.652153
1.84	3.295661	8.445398	11.741060	22.653621
1.85	3.624305	8.116751	11.741056	22.655475
1.86	3.987797	7.753256	11.741052	22.657714
1.87	4.380145	7.360903	11.741048	22.660333
1.88	4.794937	6.946107	11.741044	22.663328
1.89	5.225440	6.515600	11.741040	22.666691
1.9	5.664707	6.076329	11.741035	22.670413
1.91	6.105692	5.635339	11.741031	22.674484
1.92	6.541356	5.199670	11.741027	22.678891
1.93	6.964782	4.776241	11.741022	22.683620
1.94	7.369278	4.371740	11.741018	22.688655
1.95	7.748487	3.992528	11.741015	22.693979
1.96	8.096482	3.644530	11.741011	22.699573
1.97	8.407858	3.333150	11.741008	22.705417
1.98	8.677817	3.063189	11.741006	22.711490
1.99	8.902239	2.838765	11.741004	22.717768
2	9.077744	2.663258	11.741002	22.724228
2.01	9.201744	2.539257	11.741001	22.730845
2.02	9.272481	2.468519	11.741000	22.737593
2.03	9.289049	2.451952	11.741000	22.744444
2.04	9.251405	2.489596	11.741001	22.751373
2.05	9.160370	2.580632	11.741002	22.758349
2.06	9.017610	2.723394	11.741004	22.765344
2.07	8.825606	2.915399	11.741006	22.772330
2.08	8.587614	3.153394	11.741008	22.779276
2.09	8.307609	3.433402	11.741011	22.786153
2.1	7.990221	3.750793	11.741014	22.792930
2.11	7.640658	4.100360	11.741018	22.799578
2.12	7.264623	4.476398	11.741022	22.806066
2.13	6.868223	4.872802	11.741026	22.812367
2.14	6.457870	5.283159	11.741030	22.818449
2.15	6.040178	5.700856	11.741034	22.824285
2.16	5.621860	6.119178	11.741038	22.829846
2.17	5.209619	6.531423	11.741042	22.835105
2.18	4.810047	6.931000	11.741046	22.840035
2.19	4.429515	7.311535	11.741050	22.844611
2.2	4.074078	7.666976	11.741054	22.848807
2.21	3.749379	7.991677	11.741057	22.852601
2.22	3.460562	8.280497	11.741060	22.855969
2.23	3.212190	8.528872	11.741062	22.858891
2.24	3.008177	8.732887	11.741064	22.861346
2.25	2.851729	8.889337	11.741066	22.863317
2.26	2.745291	8.995775	11.741067	22.864787
2.27	2.690519	9.050548	11.741067	22.865740
2.28	2.688248	9.052819	11.741067	22.866163
2.29	2.738484	9.002582	11.741067	22.866043
2.3	2.840410	8.900655	11.741066	22.865372
2.31	2.992396	8.748668	11.741064	22.864140
2.32	3.192029	8.549033	11.741062	22.862341
2.33	3.436156	8.304904	11.741060	22.859971
2.34	3.720929	8.020128	11.741057	22.857026
2.35	4.041875	7.699178	11.741054	22.853507
2.36	4.393965	7.347086	11.741050	22.849413
2.37	4.771691	6.969356	11.741047	22.844749
2.38	5.169161	6.571882	11.741043	22.839519
2.39	5.580185	6.160854	11.741039	22.833730
2.4	5.998381	5.742654	11.741035	22.827390
2.41	6.417267	5.323763	11.741031	22.820511
2.42	6.830372	4.910655	11.741027	22.813104
2.43	7.231327	4.509696	11.741023	22.805185
2.44	7.613976	4.127044	11.741019	22.796768
2.45	7.972460	3.768555	11.741016	22.787872
2.46	8.301319	3.439694	11.741013	22.778516
2.47	8.595565	3.145445	11.741010	22.768721
2.48	8.850769	2.890239	11.741008	22.758509
2.49	9.063119	2.677887	11.741006	22.747904
2.5	9.229485	2.511519	11.741004	22.736931
2.51	9.347460	2.393543	11.741003	22.725617
2.52	9.415398	2.325604	11.741002	22.713989
2.53	9.432437	2.308566	11.741002	22.702075
2.54	9.398506	2.342497	11.741003	22.689906
2.55	9.314327	2.426677	11.741004	22.677512
2.56	9.181400	2.559605	11.741005	22.664925
2.57	9.001975	2.739032	11.741007	22.652175
2.58	8.779012	2.961997	11.741009	22.639296
2.59	8.516137	3.224875	11.741012	22.626321
2.6	8.217578	3.523437	11.741015	22.613284
2.61	7.888097	3.852921	11.741018	22.600216
2.62	7.532917	4.208105	11.741022	22.587153
2.63	7.157630	4.583395	11.741025	22.574129
2.64	6.768119	4.972911	11.741029	22.561175
2.65	6.370453	5.370580	11.741033	22.548326
2.66	5.970800	5.770237	11.741037	22.535615
2.67	5.575327	6.165714	11.741041	22.523075
2.68	5.190100	6.550944	11.741044	22.510736
2.69	4.820996	6.920052	11.741048	22.498631
2.7	4.473607	7.267444	11.741051	22.486789
2.71	4.153155	7.587899	11.741054	22.475241
2.72	3.864414	7.876643	11.741057	22.464015
2.73	3.611634	8.129425	11.741059	22.453138
2.74	3.398481	8.342580	11.741061	22.442637
2.75	3.227979	8.513083	11.741062	22.432536
2.76	3.102470	8.638593	11.741063	22.422860
2.77	3.023578	8.717486	11.741064	22.413631
2.78	2.992187	8.748877	11.741064	22.404869
2.79	3.008437	8.732627	11.741064	22.396593
2.8	3.071719	8.669344	11.741063	22.388822
2.81	3.180693	8.560368	11.741062	22.381570
2.82	3.333315	8.407745	11.741060	22.374853
2.83	3.526870	8.214188	11.741058	22.368682
2.84	3.758020	7.983035	11.741055	22.363068
2.85	4.022865	7.718187	11.741053	22.358019
2.86	4.317002	7.424048	11.741050	22.353543
2.87	4.635601	7.105445	11.741046	22.349643
2.88	4.973487	6.767556	11.741043	22.346324
2.89	5.325218	6.415821	11.741039	22.343585
2.9	5.685181	6.055855	11.741036	22.341426
2.91	6.047676	5.693356	11.741032	22.339845
2.92	6.407011	5.334018	11.741029	22.338836
2.93	6.757590	4.983435	11.741025	22.338392
2.94	7.094007	4.647015	11.741022	22.338505
2.95	7.411123	4.329896	11.741019	22.339166
2.96	7.704154	4.036863	11.741017	22.340360
2.97	7.968740	3.772274	11.741014	22.342076
2.98	8.201016	3.539996	11.741012	22.344297
2.99	8.397668	3.343342	11.741010	22.347005
3	8.555982	3.185027	11.741009	22.350183
3.01	8.673886	3.067122	11.741008	22.353810
3.02	8.749977	2.991030	11.741008	22.357864
3.03	8.783541	2.957466	11.741008	22.362321
3.04	8.774558	2.966451	11.741008	22.367158
3.05	8.723695	3.017314	11.741009	22.372349
3.06	8.632299	3.108711	11.741010	22.377868
3.07	8.502361	3.238651	11.741012	22.383685
3.08	8.336485	3.404529	11.741014	22.389774
3.09	8.137839	3.603177	11.741016	22.396104
3.1	7.910100	3.830919	11.741019	22.402644
3.11	7.657393	4.083629	11.741022	22.409365
3.12	7.384216	4.356809	11.741025	22.416235
3.13	7.095368	4.645659	11.741028	22.423222
3.14	6.795868	4.945163	11.741031	22.430293
3.15	6.490867	5.250167	11.741034	22.437417
3.16	6.185570	5.555468	11.741037	22.444561
3.17	5.885141	5.855899	11.741041	22.451693
3.18	5.594628	6.146416	11.741044	22.458779
3.19	5.318871	6.422176	11.741046	22.465789
3.2	5.062430	6.678619	11.741049	22.472690
3.21	4.829508	6.911544	11.741051	22.479450
3.22	4.623884	7.117169	11.741053	22.486039
3.23	4.448854	7.292201	11.741055	22.492426
3.24	4.307175	7.433881	11.741057	22.498582
3.25	4.201029	7.540029	11.741058	22.504478
3.26	4.131979	7.609079	11.741058	22.510085
3.27	4.100958	7.640100	11.741058	22.515377
3.28	4.108247	7.632811	11.741058	22.520327
3.29	4.153478	7.587580	11.741057	22.524911
3.3	4.235640	7.505417	11.741056	22.529105
3.31	4.353101	7.387954	11.741055	22.532887
3.32	4.503638	7.237415	11.741053	22.536234
3.33	4.684474	7.056577	11.741051	22.539128
3.34	4.892326	6.848722	11.741049	22.541549
3.35	5.123467	6.617579	11.741046	22.543481
3.36	5.373783	6.367260	11.741044	22.544908
3.37	5.638848	6.102192	11.741041	22.545817
3.38	5.913997	5.827041	11.741038	22.546194
3.39	6.194405	5.546630	11.741035	22.546030
3.4	6.475168	5.265864	11.741031	22.545314
3.41	6.751388	4.989641	11.741028	22.544039
3.42	7.018252	4.722774	11.741026	22.542199
3.43	7.271115	4.469908	11.741023	22.539790
3.44	7.505576	4.235445	11.741020	22.536809
3.45	7.717553	4.023465	11.741018	22.533254
3.46	7.903350	3.837666	11.741016	22.529127
3.47	8.059720	3.681294	11.741014	22.524428
3.48	8.183918	3.557094	11.741013	22.519162
3.49	8.273748	3.467264	11.741012	22.513333
3.5	8.327596	3.413415	11.741011	22.506948
3.51	8.344462	3.396549	11.741011	22.500015
3.52	8.323974	3.417037	11.741011	22.492543
3.53	8.266395	3.474617	11.741012	22.484543
3.54	8.172616	3.568397	11.741013	22.476026
3.55	8.044145	3.696869	11.741014	22.467005
3.56	7.883081	3.857935	11.741016	22.457495
3.57	7.692077	4.048940	11.741018	22.447512
3.58	7.474301	4.266719	11.741020	22.437070
3.59	7.233377	4.507646	11.741022	22.426188
3.6	6.973330	4.767695	11.741025	22.414884
3.61	6.698518	5.042510	11.741028	22.403177
3.62	6.413558	5.327473	11.741031	22.391086
3.63	6.123252	5.617782	11.741034	22.378631
3.64	5.832506	5.908531	11.741037	22.365834
3.65	5.546249	6.194791	11.741040	22.352716
3.66	5.269350	6.471693	11.741043	22.339298
3.67	5.006538	6.734508	11.741046	22.325603
3.68	4.762324	6.978725	11.741049	22.311652
3.69	4.540924	7.200127	11.741051	22.297468
3.7	4.346190	7.394863	11.741053	22.283074
3.71	4.181545	7.559510	11.741055	22.268492
3.72	4.049926	7.691131	11.741056	22.253743
3.73	3.953733	7.787325	11.741058	22.238852
3.74	3.894790	7.846269	11.741058	22.223838
3.75	3.874312	7.866747	11.741059	22.208724
3.76	3.892886	7.848173	11.741059	22.193531
3.77	3.950456	7.790602	11.741058	22.178280
3.78	4.046328	7.694730	11.741057	22.162990
3.79	4.179173	7.561883	11.741056	22.147681
3.8	4.347055	7.393999	11.741055	22.132373
3.81	4.547456	7.193597	11.741053	22.117083
3.82	4.777315	6.963735	11.741051	22.101829
3.83	5.033084	6.707964	11.741048	22.086627
3.84	5.310777	6.430268	11.741045	22.071494
3.85	5.606040	6.135002	11.741042	22.056443
3.86	5.914218	5.826822	11.741039	22.041490
3.87	6.230431	5.510605	11.741036	22.026646
3.88	6.549655	5.191378	11.741033	22.011924
3.89	6.866803	4.874227	11.741030	21.997335
3.9	7.176807	4.564220	11.741027	21.982888
3.91	7.474699	4.266324	11.741024	21.968594
3.92	7.755699	3.985322	11.741021	21.954458
3.93	8.015285	3.725733	11.741018	21.940490
3.94	8.249273	3.491743	11.741016	21.926693
3.95	8.453882	3.287132	11.741014	21.913073
3.96	8.625801	3.115211	11.741012	21.899633
3.97	8.762238	2.978773	11.741011	21.886377
3.98	8.860971	2.880039	11.741010	21.873305
3.99	8.920383	2.820626	11.741009	21.860419
4	8.939491	2.801518	11.741009	21.847718
4.01	8.917959	2.823050	11.741009	21.835201
4.02	8.856111	2.884899	11.741010	21.822867
4.03	8.754919	2.986091	11.741011	21.810711
4.04	8.615997	3.125015	11.741012	21.798731
4.05	8.441566	3.299448	11.741014	21.786922
4.06	8.234427	3.506589	11.741016	21.775280
4.07	7.997911	3.743107	11.741018	21.763797
4.08	7.735828	4.005193	11.741021	21.752469
4.09	7.452402	4.288622	11.741024	21.741287
4.1	7.152209	4.588818	11.741027	21.730246
4.11	6.840094	4.900936	11.741030	21.719336
4.12	6.521102	5.219931	11.741033	21.708550
4.13	6.200387	5.540649	11.741036	21.697879
4.14	5.883133	5.857907	11.741040	21.687315
4.15	5.574467	6.166576	11.741043	21.676850
4.16	5.279375	6.461671	11.741046	21.666473
4.17	5.002622	6.738426	11.741049	21.656176
4.18	4.748672	6.992379	11.741051	21.645951
4.19	4.521613	7.219441	11.741053	21.635788
4.2	4.325091	7.415964	11.741055	21.625678
4.21	4.162251	7.578806	11.741057	21.615614
4.22	4.035680	7.705379	11.741058	21.605588
4.23	3.947366	7.793693	11.741059	21.595590
4.24	3.898664	7.842395	11.741060	21.585615
4.25	3.890275	7.850784	11.741060	21.575655
4.26	3.922227	7.818832	11.741059	21.565703
4.27	3.993878	7.747181	11.741058	21.555755
4.28	4.103923	7.637134	11.741057	21.545804
4.29	4.250417	7.490639	11.741056	21.535845
4.3	4.430800	7.310254	11.741054	21.525876
4.31	4.641942	7.099109	11.741051	21.515893
4.32	4.880194	6.860855	11.741049	21.505894
4.33	5.141441	6.599605	11.741046	21.495876
4.34	5.421177	6.319866	11.741043	21.485840
4.35	5.714570	6.026470	11.741040	21.475785
4.36	6.016548	5.724488	11.741036	21.465712
4.37	6.321878	5.419155	11.741033	21.455624
4.38	6.625252	5.115777	11.741030	21.445522
4.39	6.921378	4.819649	11.741027	21.435412
4.4	7.205063	4.535961	11.741023	21.425296
4.41	7.471303	4.269717	11.741020	21.415181
4.42	7.715368	4.025650	11.741018	21.405073
4.43	7.932874	3.808141	11.741015	21.394979
4.44	8.119868	3.621145	11.741013	21.384908
4.45	8.272887	3.468124	11.741011	21.374868
4.46	8.389020	3.351989	11.741010	21.364870
4.47	8.465962	3.275047	11.741009	21.354923
4.48	8.502050	3.238958	11.741008	21.345040
4.49	8.496300	3.244708	11.741008	21.335233
4.5	8.448422	3.292586	11.741008	21.325514
4.51	8.358832	3.382177	11.741009	21.315897
4.52	8.228647	3.512363	11.741010	21.306396
4.53	8.059674	3.681338	11.741012	21.297026
4.54	7.854379	3.886635	11.741014	21.287802
4.55	7.615858	4.125158	11.741016	21.278739
4.56	7.347785	4.393234	11.741018	21.269854
4.57	7.054356	4.686665	11.741021	21.261164
4.58	6.740227	5.000798	11.741025	21.252684
4.59	6.410435	5.330593	11.741028	21.244431
4.6	6.070326	5.670705	11.741031	21.236423
4.61	5.725463	6.015572	11.741035	21.228677
4.62	5.381539	6.359499	11.741038	21.221210
4.63	5.044288	6.696755	11.741042	21.214038
4.64	4.719385	7.021660	11.741046	21.207179
4.65	4.412363	7.328686	11.741049	21.200650
4.66	4.128511	7.612541	11.741052	21.194466
4.67	3.872797	7.868257	11.741055	21.188643
4.68	3.649777	8.091280	11.741057	21.183199
4.69	3.463522	8.277537	11.741060	21.178146
4.7	3.317547	8.423514	11.741061	21.173500
4.71	3.214751	8.526312	11.741063	21.169276
4.72	3.157365	8.583699	11.741064	21.165485
4.73	3.146910	8.594154	11.741064	21.162141
4.74	3.184168	8.556896	11.741064	21.159255
4.75	3.269164	8.471900	11.741064	21.156837
4.76	3.401158	8.339904	11.741063	21.154899
4.77	3.578653	8.162408	11.741061	21.153447
4.78	3.799409	7.941650	11.741060	21.152491
4.79	4.060478	7.680579	11.741057	21.152037
4.8	4.358241	7.382814	11.741055	21.152090
4.81	4.688463	7.052589	11.741052	21.152654
4.82	5.046354	6.694694	11.741048	21.153732
4.83	5.426641	6.314404	11.741045	21.155327
4.84	5.823648	5.917393	11.741041	21.157439
4.85	6.231383	5.509654	11.741037	21.160067
4.86	6.643627	5.097406	11.741033	21.163208
4.87	7.054037	4.686992	11.741029	21.166859
4.88	7.456237	4.284789	11.741025	21.171016
4.89	7.843923	3.897098	11.741021	21.175672
4.9	8.210964	3.530054	11.741018	21.180819
4.91	8.551492	3.189523	11.741014	21.186448
4.92	8.860004	2.881008	11.741011	21.192549
4.93	9.131445	2.609563	11.741008	21.199110
4.94	9.361295	2.379711	11.741006	21.206118
4.95	9.545638	2.195366	11.741004	21.213558
4.96	9.681229	2.059773	11.741002	21.221414
4.97	9.765552	1.975449	11.741001	21.229670
4.98	9.796859	1.944141	11.741001	21.238307
4.99	9.774206	1.966795	11.741000	21.247305
5	9.697469	2.043532	11.741001	21.256644
5.01	9.567355	2.173647	11.741002	21.266302
5.02	9.385392	2.355611	11.741003	21.276256
5.03	9.153913	2.587092	11.741005	21.286482
5.04	8.876022	2.864985	11.741008	21.296956
5.05	8.555554	3.185456	11.741010	21.307651
5.06	8.197014	3.543999	11.741014	21.318542
5.07	7.805516	3.935501	11.741017	21.329600
5.08	7.386705	4.354316	11.741021	21.340797
5.09	6.946671	4.794354	11.741025	21.352106
5.1	6.491861	5.249168	11.741029	21.363497
5.11	6.028976	5.712057	11.741034	21.374939
5.12	5.564875	6.176163	11.741038	21.386405
5.13	5.106462	6.634580	11.741042	21.397862
5.14	4.660589	7.080458	11.741046	21.409281
5.15	4.233941	7.507110	11.741050	21.420631
5.16	3.832939	7.908116	11.741054	21.431882
5.17	3.463636	8.277422	11.741058	21.443002
5.18	3.131625	8.609436	11.741061	21.453961
5.19	2.841948	8.899115	11.741064	21.464730
5.2	2.599020	9.142046	11.741066	21.475278
5.21	2.406554	9.334514	11.741068	21.485576
5.22	2.267505	9.473564	11.741069	21.495594
5.23	2.184022	9.557048	11.741070	21.505305
5.24	2.157409	9.583661	11.741070	21.514680
5.25	2.188106	9.552964	11.741070	21.523693
5.26	2.275678	9.465391	11.741069	21.532317
5.27	2.418818	9.322250	11.741068	21.540527
5.28	2.615366	9.125700	11.741066	21.548299
5.29	2.862340	8.878723	11.741064	21.555609
5.3	3.155982	8.585078	11.741061	21.562435
5.31	3.491809	8.249248	11.741058	21.568756
5.32	3.864685	7.876369	11.741054	21.574552
5.33	4.268897	7.472153	11.741050	21.579806
5.34	4.698243	7.042803	11.741046	21.584499
5.35	5.146124	6.594917	11.741042	21.588616
5.36	5.605652	6.135385	11.741037	21.592143
5.37	6.069748	5.671285	11.741033	21.595067
5.38	6.531257	5.209771	11.741028	21.597377
5.39	6.983058	4.757966	11.741024	21.599064
5.4	7.418172	4.322848	11.741020	21.600119
5.41	7.829873	3.911143	11.741016	21.600536
5.42	8.211793	3.529219	11.741012	21.600311
5.43	8.558020	3.182988	11.741009	21.599440
5.44	8.863195	2.877810	11.741006	21.597922
5.45	9.122590	2.618413	11.741003	21.595759
5.46	9.332188	2.408813	11.741001	21.592950
5.47	9.488745	2.252254	11.741000	21.589502
5.48	9.589843	2.151156	11.740999	21.585419
5.49	9.633925	2.107073	11.740998	21.580708
5.5	9.620330	2.120668	11.740998	21.575378
5.51	9.549294	2.191705	11.740999	21.569440
5.52	9.421956	2.319045	11.741000	21.562906
5.53	9.240337	2.500665	11.741002	21.555790
5.54	9.007315	2.733689	11.741004	21.548106
5.55	8.726576	3.014431	11.741007	21.539872
5.56	8.402561	3.338449	11.741010	21.531106
5.57	8.040397	3.700617	11.741014	21.521827
5.58	7.645818	4.095200	11.741018	21.512056
5.59	7.225077	4.515945	11.741022	21.501816
5.6	6.784847	4.956179	11.741026	21.491131
5.61	6.332121	5.408910	11.741031	21.480024
5.62	5.874096	5.866939	11.741036	21.468522
5.63	5.418068	6.322972	11.741040	21.456652
5.64	4.971313	6.769732	11.741045	21.444442
5.65	4.540973	7.200076	11.741049	21.431920
5.66	4.133944	7.607109	11.741053	21.419115
5.67	3.756768	7.984289	11.741057	21.406059
5.68	3.415526	8.325534	11.741060	21.392782
5.69	3.115746	8.625318	11.741063	21.379316
5.7	2.862309	8.878757	11.741066	21.365693
5.71	2.659375	9.081693	11.741068	21.351944
5.72	2.510313	9.230756	11.741070	21.338104
5.73	2.417648	9.323423	11.741071	21.324204
5.74	2.383015	9.358056	11.741071	21.310279
5.75	2.407135	9.333936	11.741071	21.296361
5.76	2.489799	9.251271	11.741070	21.282483
5.77	2.629868	9.111201	11.741069	21.268679
5.78	2.825290	8.915777	11.741067	21.254981
5.79	3.073128	8.667937	11.741065	21.241422
5.8	3.369602	8.371460	11.741062	21.228034
5.81	3.710150	8.030908	11.741059	21.214849
5.82	4.089495	7.651560	11.741055	21.201897
5.83	4.501723	7.239328	11.741051	21.189211
5.84	4.940379	6.800667	11.741047	21.176818
5.85	5.398564	6.342478	11.741042	21.164749
5.86	5.869042	5.871996	11.741037	21.153032
5.87	6.344351	5.396682	11.741033	21.141694
5.88	6.816924	4.924104	11.741028	21.130761
5.89	7.279205	4.461819	11.741023	21.120259
5.9	7.723765	4.017253	11.741019	21.110212
5.91	8.143427	3.597588	11.741014	21.100643
5.92	8.531370	3.209641	11.741010	21.091574
5.93	8.881244	2.859763	11.741007	21.083026
5.94	9.187271	2.553732	11.741004	21.075017
5.95	9.444337	2.296664	11.741001	21.067566
5.96	9.648071	2.092927	11.740999	21.060690
5.97	9.794926	1.946071	11.740997	21.054403
5.98	9.882227	1.858769	11.740996	21.048719
5.99	9.908226	1.832769	11.740995	21.043650
6	9.872127	1.868869	11.740996	21.039207
6.01	9.774105	1.966892	11.740996	21.035399
6.02	9.615306	2.125691	11.740998	21.032234
6.03	9.397838	2.343162	11.741000	21.029718
6.04	9.124735	2.616267	11.741002	21.027856
6.05	8.799919	2.941086	11.741005	21.026649
6.06	8.428142	3.312866	11.741008	21.026100
6.07	8.014914	3.726099	11.741012	21.026209
6.08	7.566420	4.174597	11.741016	21.026974
6.09	7.089431	4.651590	11.741021	21.028392
6.1	6.591197	5.149829	11.741026	21.030458
6.11	6.079337	5.661693	11.741031	21.033166
6.12	5.561726	6.179310	11.741036	21.036509
6.13	5.046368	6.694672	11.741041	21.040477
6.14	4.541278	7.199767	11.741046	21.045061
6.15	4.054355	7.686696	11.741050	21.050248
6.16	3.593258	8.147797	11.741055	21.056026
6.17	3.165290	8.575769	11.741059	21.062379
6.18	2.777282	8.963781	11.741063	21.069294
6.19	2.435483	9.305584	11.741067	21.076753
6.2	2.145464	9.595605	11.741070	21.084739
6.21	1.912029	9.829043	11.741072	21.093232
6.22	1.739136	10.001938	11.741074	21.102214
6.23	1.629832	10.111244	11.741075	21.111662
6.24	1.586205	10.154871	11.741076	21.121557
6.25	1.609347	10.131729	11.741076	21.131874
6.26	1.699331	10.041744	11.741076	21.142592
6.27	1.855209	9.885865	11.741074	21.153686
6.28	2.075019	9.666054	11.741072	21.165132
6.29	2.355814	9.385256	11.741070	21.176904
6.3	2.693703	9.047364	11.741067	21.188978
6.31	3.083906	8.657157	11.741064	21.201327
6.32	3.520824	8.220235	11.741060	21.213926
6.33	3.998124	7.742931	11.741055	21.226747
6.34	4.508829	7.232222	11.741051	21.239764
6.35	5.045428	6.695618	11.741046	21.252950
6.36	5.599984	6.141057	11.741040	21.266278
6.37	6.164257	5.576778	11.741035	21.279721
6.38	6.729830	5.011200	11.741030	21.293252
6.39	7.288232	4.452793	11.741025	21.306845
6.4	7.831072	3.909947	11.741019	21.320472
6.41	8.350167	3.390848	11.741015	21.334109
6.42	8.837665	2.903345	11.741010	21.347727
6.43	9.286169	2.454837	11.741006	21.361303
6.44	9.688847	2.052155	11.741002	21.374811
6.45	10.039543	1.701455	11.740998	21.388226
6.46	10.332870	1.408125	11.740996	21.401524
6.47	10.564294	1.176699	11.740993	21.414682
6.48	10.730206	1.010786	11.740992	21.427677
6.49	10.827979	0.913012	11.740991	21.440487
6.5	10.856012	0.884979	11.740990	21.453090
6.51	10.813755	0.927235	11.740991	21.465466
6.52	10.701723	1.039268	11.740992	21.477595
6.53	10.521486	1.219507	11.740993	21.489459
6.54	10.275651	1.465344	11.740996	21.501039
6.55	9.967824	1.773175	11.740998	21.512319
6.56	9.602556	2.138446	11.741002	21.523282
6.57	9.185276	2.555729	11.741006	21.533914
6.58	8.722214	3.018796	11.741010	21.544200
6.59	8.220299	3.520715	11.741015	21.554129
6.6	7.687065	4.053955	11.741020	21.563687
6.61	7.130528	4.610497	11.741025	21.572865
6.62	6.559073	5.181957	11.741030	21.581653
6.63	5.981321	5.759715	11.741036	21.590042
6.64	5.406000	6.335042	11.741041	21.598025
6.65	4.841812	6.899235	11.741047	21.605595
6.66	4.297303	7.443749	11.741052	21.612748
6.67	3.780727	7.960330	11.741057	21.619480
6.68	3.299926	8.441135	11.741061	21.625788
6.69	2.862204	8.878861	11.741065	21.631669
6.7	2.474221	9.266848	11.741069	21.637125
6.71	2.141885	9.599188	11.741072	21.642154
6.72	1.870263	9.870812	11.741075	21.646758
6.73	1.663506	10.077571	11.741077	21.650941
6.74	1.524778	10.216300	11.741078	21.654706
6.75	1.456213	10.284866	11.741079	21.658057
6.76	1.458878	10.282201	11.741079	21.661000
6.77	1.532754	10.208324	11.741078	21.663542
6.78	1.676741	10.064336	11.741077	21.665690
6.79	1.888666	9.852409	11.741075	21.667454
6.8	2.165322	9.575750	11.741072	21.668842
6.81	2.502512	9.238557	11.741069	21.669864
6.82	2.895113	8.845953	11.741065	21.670533
6.83	3.337154	8.403907	11.741061	21.670859
6.84	3.821906	7.919150	11.741056	21.670855
6.85	4.341986	7.399066	11.741051	21.670535
6.86	4.889465	6.851581	11.741046	21.669912
6.87	5.455995	6.285046	11.741041	21.669002
6.88	6.032930	5.708106	11.741035	21.667819
6.89	6.611462	5.129568	11.741030	21.666379
6.9	7.182755	4.558269	11.741024	21.664699
6.91	7.738082	4.002937	11.741019	21.662794
6.92	8.268952	3.472062	11.741014	21.660683
6.93	8.767248	2.973761	11.741009	21.658382
6.94	9.225350	2.515655	11.741005	21.655910
6.95	9.636246	2.104755	11.741001	21.653283
6.96	9.993648	1.747349	11.740997	21.650522
6.97	10.292086	1.448909	11.740995	21.647643
6.98	10.526988	1.214005	11.740992	21.644666
6.99	10.694758	1.046233	11.740991	21.641610
7	10.792828	0.948162	11.740990	21.638492
7.01	10.819697	0.921292	11.740990	21.635332
7.02	10.774960	0.966030	11.740990	21.632148
7.03	10.659307	1.081684	11.740991	21.628960
7.04	10.474522	1.266470	11.740993	21.625784
7.05	10.223451	1.517544	11.740995	21.622640
7.06	9.909961	1.831037	11.740998	21.619546
7.07	9.538880	2.202122	11.741002	21.616520
7.08	9.115927	2.625079	11.741006	21.613579
7.09	8.647621	3.093390	11.741010	21.610740
7.1	8.141186	3.599830	11.741015	21.608020
7.11	7.604437	4.136584	11.741021	21.605436
7.12	7.045662	4.695364	11.741026	21.603003
7.13	6.473498	5.267533	11.741031	21.600738
7.14	5.896793	5.844244	11.741037	21.598655
7.15	5.324477	6.416566	11.741043	21.596769
7.16	4.765419	6.975629	11.741048	21.595094
7.17	4.228297	7.512756	11.741053	21.593643
7.18	3.721459	8.019599	11.741058	21.592430
7.19	3.252800	8.488263	11.741063	21.591466
7.2	2.829635	8.911432	11.741067	21.590763
7.21	2.458592	9.282479	11.741071	21.590332
7.22	2.145506	9.595568	11.741074	21.590183
7.23	1.895328	9.845748	11.741076	21.590326
7.24	1.712054	10.029024	11.741078	21.590769
7.25	1.598655	10.142424	11.741079	21.591521
7.26	1.557036	10.184044	11.741080	21.592590
7.27	1.588004	10.153076	11.741080	21.593981
7.28	1.691253	10.049825	11.741079	21.595701
7.29	1.865372	9.875705	11.741077	21.597755
7.3	2.107860	9.633215	11.741075	21.600147
7.31	2.415165	9.325907	11.741072	21.602881
7.32	2.782739	8.958329	11.741069	21.605960
7.33	3.205105	8.535959	11.741065	21.609386
7.34	3.675940	8.065120	11.741060	21.613161
7.35	4.188169	7.552887	11.741055	21.617284
7.36	4.734074	7.006976	11.741050	21.621756
7.37	5.305413	6.435632	11.741045	21.626577
7.38	5.893541	5.847498	11.741039	21.631744
7.39	6.489543	5.251490	11.741034	21.637255
7.4	7.084373	4.656655	11.741028	21.643108
7.41	7.668985	4.072037	11.741022	21.649299
7.42	8.234478	3.506539	11.741017	21.655823
7.43	8.772227	2.968785	11.741012	21.662675
7.44	9.274016	2.466991	11.741007	21.669851
7.45	9.732163	2.008839	11.741003	21.677344
7.46	10.139640	1.601359	11.740999	21.685147
7.47	10.490175	1.250820	11.740995	21.693252
7.48	10.778353	0.962640	11.740992	21.701653
7.49	10.999696	0.741294	11.740990	21.710340
7.5	11.150734	0.590255	11.740989	21.719306
7.51	11.229057	0.511931	11.740988	21.728540
7.52	11.233351	0.507637	11.740988	21.738033
7.53	11.163422	0.577567	11.740988	21.747774
7.54	11.020196	0.720794	11.740990	21.757754
7.55	10.805709	0.935283	11.740992	21.767962
7.56	10.523073	1.217921	11.740994	21.778386
7.57	10.176433	1.564565	11.740997	21.789015
7.58	9.770902	1.970099	11.741001	21.799837
7.59	9.312486	2.428520	11.741005	21.810841
7.6	8.807990	2.933020	11.741010	21.822014
7.61	8.264920	3.476096	11.741015	21.833345
7.62	7.691364	4.049656	11.741021	21.844820
7.63	7.095877	4.645149	11.741026	21.856429
7.64	6.487344	5.253688	11.741032	21.868157
7.65	5.874850	5.866188	11.741038	21.879994
7.66	5.267543	6.473500	11.741043	21.891926
7.67	4.674494	7.066555	11.741049	21.903941
7.68	4.104560	7.636494	11.741054	21.916027
7.69	3.566254	8.174805	11.741059	21.928171
7.7	3.067611	8.673453	11.741064	21.940363
7.71	2.616070	9.124998	11.741068	21.952589
7.72	2.218363	9.522709	11.741072	21.964839
7.73	1.880412	9.860663	11.741075	21.977100
7.74	1.607240	10.133837	11.741077	21.989363
7.75	1.402899	10.338180	11.741079	22.001615
7.76	1.270404	10.470677	11.741080	22.013847
7.77	1.211693	10.529388	11.741081	22.026049
7.78	1.227599	10.513482	11.741081	22.038210
7.79	1.317835	10.423245	11.741080	22.050322
7.8	1.481001	10.260077	11.741078	22.062375
7.81	1.714609	10.026467	11.741076	22.074361
7.82	2.015117	9.725956	11.741073	22.086271
7.83	2.377989	9.363081	11.741070	22.098100
7.84	2.797760	8.943306	11.741066	22.109838
7.85	3.268123	8.472939	11.741062	22.121480
7.86	3.782022	7.959035	11.741057	22.133020
7.87	4.331764	7.409288	11.741052	22.144452
7.88	4.909132	6.831914	11.741046	22.155771
7.89	5.505512	6.235528	11.741041	22.166972
7.9	6.112023	5.629012	11.741035	22.178053
7.91	6.719651	5.021379	11.741029	22.189009
7.92	7.319384	4.421640	11.741024	22.199838
7.93	7.902352	3.838666	11.741018	22.210537
7.94	8.459955	3.281058	11.741013	22.221106
7.95	8.983997	2.757011	11.741009	22.231542
7.96	9.466804	2.274200	11.741004	22.241845
7.97	9.901344	1.839657	11.741000	22.252016
7.98	10.281324	1.459672	11.740997	22.262055
7.99	10.601292	1.139701	11.740994	22.271963
8	10.856711	0.884281	11.740992	22.281741
8.01	11.044024	0.696967	11.740990	22.291392
8.02	11.160710	0.580279	11.740989	22.300918
8.03	11.205317	0.535672	11.740989	22.310323
8.04	11.177477	0.563512	11.740989	22.319609
8.05	11.077916	0.663075	11.740991	22.328781
8.06	10.908430	0.832562	11.740992	22.337843
8.07	10.671864	1.069131	11.740995	22.346800
8.08	10.372056	1.368942	11.740998	22.355657
8.09	10.013783	1.727218	11.741001	22.364418
8.1	9.602682	2.138323	11.741005	22.373090
8.11	9.145163	2.595847	11.741010	22.381679
8.12	8.648304	3.092710	11.741014	22.390191
8.13	8.119749	3.621270	11.741020	22.398632
8.14	7.567584	4.173441	11.741025	22.407008
8.15	7.000213	4.740818	11.741030	22.415327
8.16	6.426230	5.314806	11.741036	22.423595
8.17	5.854288	5.886753	11.741041	22.431819
8.18	5.292966	6.448080	11.741046	22.440006
8.19	4.750638	6.990413	11.741051	22.448162
8.2	4.235346	7.505710	11.741056	22.456295
8.21	3.754680	7.986380	11.741060	22.464411
8.22	3.315663	8.425402	11.741064	22.472517
8.23	2.924643	8.816425	11.741068	22.480619
8.24	2.587206	9.153865	11.741071	22.488723
8.25	2.308084	9.432989	11.741073	22.496836
8.26	2.091095	9.649980	11.741075	22.504963
8.27	1.939081	9.801995	11.741076	22.513109
8.28	1.853874	9.887203	11.741077	22.521281
8.29	1.836268	9.904809	11.741076	22.529482
8.3	1.886012	9.855064	11.741076	22.537716
8.31	2.001822	9.739253	11.741074	22.545989
8.32	2.181398	9.559674	11.741072	22.554303
8.33	2.421471	9.319598	11.741070	22.562661
8.34	2.717853	9.023213	11.741066	22.571066
8.35	3.065506	8.675557	11.741063	22.579520
8.36	3.458623	8.282436	11.741059	22.588023
8.37	3.890723	7.850331	11.741054	22.596577
8.38	4.354752	7.386297	11.741050	22.605182
8.39	4.843196	6.897848	11.741045	22.613836
8.4	5.348196	6.392843	11.741040	22.622540
8.41	5.861676	5.879359	11.741035	22.631291
8.42	6.375463	5.365567	11.741029	22.640087
8.43	6.881420	4.859605	11.741024	22.648924
8.44	7.371568	4.369452	11.741020	22.657798
8.45	7.838213	3.902802	11.741015	22.666706
8.46	8.274060	3.466950	11.741011	22.675641
8.47	8.672330	3.068677	11.741007	22.684597
8.48	9.026857	2.714147	11.741004	22.693568
8.49	9.332188	2.408812	11.741001	22.702547
8.5	9.583664	2.157334	11.740998	22.711525
8.51	9.777487	1.963510	11.740996	22.720493
8.52	9.910778	1.830218	11.740995	22.729443
8.53	9.981619	1.759375	11.740995	22.738364
8.54	9.989081	1.751913	11.740995	22.747244
8.55	9.933233	1.807762	11.740995	22.756074
8.56	9.815138	1.925858	11.740997	22.764841
8.57	9.636836	2.104162	11.740999	22.773533
8.58	9.401306	2.339695	11.741001	22.782136
8.59	9.112418	2.628586	11.741004	22.790637
8.6	8.774873	2.966135	11.741007	22.799023
8.61	8.394122	3.346890	11.741011	22.807279
8.62	7.976282	3.764733	11.741015	22.815390
8.63	7.528042	4.212978	11.741020	22.823341
8.64	7.056549	4.684475	11.741024	22.831117
8.65	6.569304	5.171725	11.741029	22.838702
8.66	6.074038	5.666996	11.741034	22.846081
8.67	5.578594	6.162445	11.741039	22.853238
8.68	5.090805	6.650239	11.741044	22.860156
8.69	4.618368	7.122680	11.741049	22.866819
8.7	4.168730	7.572323	11.741053	22.873212
8.71	3.748968	7.992089	11.741057	22.879318
8.72	3.365682	8.375379	11.741061	22.885121
8.73	3.024892	8.716172	11.741064	22.890607
8.74	2.731948	9.009119	11.741067	22.895758
8.75	2.491443	9.249626	11.741069	22.900561
8.76	2.307150	9.433921	11.741071	22.904999
8.77	2.181960	9.559113	11.741073	22.909060
8.78	2.117839	9.623234	11.741073	22.912728
8.79	2.115804	9.625270	11.741073	22.915990
8.8	2.175902	9.565171	11.741073	22.918833
8.81	2.297217	9.443854	11.741071	22.921246
8.82	2.477884	9.263185	11.741070	22.923216
8.83	2.715120	9.025947	11.741067	22.924732
8.84	3.005268	8.735796	11.741065	22.925785
8.85	3.343856	8.397205	11.741061	22.926365
8.86	3.725668	8.015390	11.741058	22.926464
8.87	4.144826	7.596228	11.741054	22.926074
8.88	4.594882	7.146167	11.741049	22.925190
8.89	5.068921	6.672124	11.741045	22.923805
8.9	5.559664	6.181376	11.741040	22.921915
8.91	6.059585	5.681451	11.741035	22.919517
8.92	6.561027	5.180003	11.741030	22.916610
8.93	7.056320	4.684706	11.741026	22.913191
8.94	7.537900	4.203122	11.741021	22.909262
8.95	7.998422	3.742595	11.741017	22.904823
8.96	8.430877	3.310135	11.741013	22.899878
8.97	8.828699	2.912310	11.741009	22.894430
8.98	9.185859	2.555146	11.741005	22.888486
8.99	9.496966	2.244037	11.741003	22.882050
9	9.757338	1.983662	11.741000	22.875132
9.01	9.963080	1.777919	11.740998	22.867740
9.02	10.111137	1.629860	11.740997	22.859885
9.03	10.199343	1.541653	11.740996	22.851578
9.04	10.226447	1.514549	11.740996	22.842833
9.05	10.192132	1.548864	11.740996	22.833664
9.06	10.097016	1.643981	11.740997	22.824086
9.07	9.942642	1.798357	11.740999	22.814116
9.08	9.731447	2.009554	11.741001	22.803773
9.09	9.466727	2.274276	11.741003	22.793075
9.1	9.152579	2.588428	11.741006	22.782042
9.11	8.793837	2.947173	11.741010	22.770697
9.12	8.395996	3.345018	11.741014	22.759061
9.13	7.965124	3.775894	11.741018	22.747159
9.14	7.507768	4.233254	11.741022	22.735014
9.15	7.030849	4.710178	11.741027	22.722652
9.16	6.541558	5.199473	11.741031	22.710099
9.17	6.047242	5.693794	11.741036	22.697383
9.18	5.555292	6.185749	11.741040	22.684531
9.19	5.073027	6.668018	11.741045	22.671571
9.2	4.607584	7.133465	11.741049	22.658533
9.21	4.165810	7.575243	11.741053	22.645447
9.22	3.754156	7.986901	11.741057	22.632342
9.23	3.378578	8.362482	11.741060	22.619249
9.24	3.044453	8.696610	11.741063	22.606198
9.25	2.756495	8.984570	11.741066	22.593221
9.26	2.518688	9.222380	11.741068	22.580349
9.27	2.334224	9.406845	11.741069	22.567613
9.28	2.205465	9.535605	11.741070	22.555044
9.29	2.133903	9.607167	11.741070	22.542673
9.3	2.120149	9.620921	11.741070	22.530532
9.31	2.163922	9.577147	11.741070	22.518649
9.32	2.264063	9.477005	11.741068	22.507057
9.33	2.418554	9.322513	11.741067	22.495784
9.34	2.624557	9.116508	11.741064	22.484860
9.35	2.878460	8.862602	11.741062	22.474313
9.36	3.175940	8.565118	11.741058	22.464171
9.37	3.512033	8.229022	11.741055	22.454461
9.38	3.881214	7.859837	11.741051	22.445209
9.39	4.277488	7.463559	11.741047	22.436440
9.4	4.694484	7.046559	11.741043	22.428179
9.41	5.125558	6.615481	11.741039	22.420449
9.42	5.563897	6.177138	11.741035	22.413271
9.43	6.002627	5.738403	11.741030	22.406665
9.44	6.434922	5.306104	11.741026	22.400652
9.45	6.854108	4.886914	11.741022	22.395248
9.46	7.253768	4.487251	11.741018	22.390471
9.47	7.627839	4.113176	11.741015	22.386335
9.48	7.970708	3.770304	11.741012	22.382853
9.49	8.277295	3.463714	11.741009	22.380037
9.5	8.543129	3.197877	11.741006	22.377897
9.51	8.764419	2.976585	11.741005	22.376441
9.52	8.938103	2.802900	11.741003	22.375677
9.53	9.061895	2.679107	11.741002	22.375607
9.54	9.134319	2.606683	11.741002	22.376237
9.55	9.154722	2.586280	11.741002	22.377566
9.56	9.123283	2.617720	11.741003	22.379594
9.57	9.041004	2.700000	11.741004	22.382318
9.58	8.909690	2.831315	11.741005	22.385735
9.59	8.731915	3.009093	11.741007	22.389838
9.6	8.510975	3.230035	11.741010	22.394619
9.61	8.250836	3.490177	11.741013	22.400068
9.62	7.956062	3.784954	11.741016	22.406174
9.63	7.631742	4.109277	11.741019	22.412922
9.64	7.283406	4.457617	11.741023	22.420298
9.65	6.916933	4.824093	11.741027	22.428285
9.66	6.538458	5.202573	11.741031	22.436865
9.67	6.154268	5.586767	11.741035	22.446016
9.68	5.770705	5.970333	11.741039	22.455717
9.69	5.394065	6.346977	11.741043	22.465944
9.7	5.030493	6.710553	11.741046	22.476673
9.71	4.685891	7.055159	11.741050	22.487877
9.72	4.365819	7.375234	11.741053	22.499529
9.73	4.075413	7.665643	11.741056	22.511599
9.74	3.819301	7.921757	11.741058	22.524058
9.75	3.601533	8.139527	11.741060	22.536873
9.76	3.425520	8.315542	11.741062	22.550013
9.77	3.293978	8.447086	11.741063	22.563444
9.78	3.208890	8.532174	11.741064	22.577132
9.79	3.171480	8.569585	11.741064	22.591042
9.8	3.182191	8.558874	11.741064	22.605138
9.81	3.240684	8.500379	11.741064	22.619385
9.82	3.345850	8.395213	11.741062	22.633744
9.83	3.495822	8.245239	11.741061	22.648180
9.84	3.688017	8.053042	11.741059	22.662654
9.85	3.919175	7.821882	11.741056	22.677129
9.86	4.185415	7.555639	11.741053	22.691567
9.87	4.482300	7.258750	11.741050	22.705931
9.88	4.804910	6.936137	11.741047	22.720183
9.89	5.147921	6.593122	11.741044	22.734286
9.9	5.505696	6.235344	11.741040	22.748203
9.91	5.872371	5.868665	11.741036	22.761898
9.92	6.241955	5.499077	11.741032	22.775334
9.93	6.608422	5.132606	11.741029	22.788476
9.94	6.965812	4.775213	11.741025	22.801290
9.95	7.308322	4.432700	11.741022	22.813742
9.96	7.630403	4.110615	11.741018	22.825800
9.97	7.926847	3.814168	11.741015	22.837430
9.98	8.192866	3.548147	11.741013	22.848604
9.99	8.424172	3.316838	11.741010	22.859292
10	8.617044	3.123965	11.741008	22.869465
10.01	8.768382	2.972625	11.741007	22.879097
10.02	8.875761	2.865245	11.741006	22.888163
10.03	8.937462	2.803543	11.741005	22.896638
10.04	8.952505	2.788500	11.741005	22.904501
10.05	8.920653	2.820352	11.741005	22.911731
10.06	8.842425	2.898581	11.741006	22.918310
10.07	8.719078	3.021929	11.741007	22.924219
10.08	8.552589	3.188420	11.741009	22.929444
10.09	8.345618	3.395393	11.741011	22.933971
10.1	8.101471	3.639543	11.741013	22.937789
10.11	7.824037	3.916979	11.741016	22.940888
10.12	7.517733	4.223287	11.741019	22.943259
10.13	7.187426	4.553597	11.741023	22.944898
10.14	6.838358	4.902668	11.741026	22.945799
10.15	6.476061	5.264968	11.741030	22.945961
10.16	6.106270	5.634763	11.741033	22.945383
10.17	5.734826	6.006211	11.741037	22.944068
10.18	5.367591	6.373450	11.741041	22.942019
10.19	5.010347	6.730697	11.741044	22.939242
10.2	4.668712	7.072336	11.741047	22.935743
10.21	4.348044	7.393007	11.741051	22.931533
10.22	4.053362	7.687691	11.741053	22.926622
10.23	3.789268	7.951788	11.741056	22.921023
10.24	3.559869	8.181189	11.741058	22.914751
10.25	3.368720	8.372340	11.741060	22.907821
10.26	3.218768	8.522294	11.741062	22.900252
10.27	3.112303	8.628759	11.741063	22.892062
10.28	3.050930	8.690133	11.741063	22.883273
10.29	3.035541	8.705522	11.741063	22.873907
10.3	3.066306	8.674757	11.741063	22.863986
10.31	3.142670	8.598392	11.741062	22.853537
10.32	3.263367	8.477694	11.741061	22.842584
10.33	3.426442	8.314617	11.741059	22.831154
10.34	3.629284	8.111773	11.741057	22.819276
10.35	3.868668	7.872387	11.741055	22.806978
10.36	4.140810	7.600242	11.741052	22.794289
10.37	4.441430	7.299619	11.741049	22.781241
10.38	4.765821	6.975225	11.741046	22.767863
10.39	5.108922	6.632121	11.741043	22.754188
10.4	5.465405	6.275634	11.741039	22.740246
10.41	5.829757	5.911279	11.741036	22.726071
10.42	6.196367	5.544665	11.741032	22.711693
10.43	6.559619	5.181409	11.741029	22.697146
10.44	6.913979	4.827046	11.741025	22.682462
10.45	7.254082	4.486940	11.741022	22.667673
10.46	7.574815	4.166204	11.741019	22.652811
10.47	7.871402	3.869615	11.741016	22.637907
10.48	8.139471	3.601544	11.741014	22.622993
10.49	8.375127	3.365885	11.741012	22.608101
10.5	8.575010	3.166001	11.741010	22.593259
10.51	8.736343	3.004666	11.741009	22.578497
10.52	8.856978	2.884029	11.741008	22.563845
10.53	8.935423	2.805585	11.741007	22.549329
10.54	8.970861	2.770146	11.741007	22.534978
10.55	8.963165	2.777843	11.741008	22.520816
10.56	8.912889	2.828119	11.741008	22.506869
10.57	8.821263	2.919747	11.741010	22.493161
10.58	8.690160	3.050851	11.741011	22.479713
10.59	8.522072	3.218941	11.741013	22.466547
10.6	8.320058	3.420957	11.741015	22.453684
10.61	8.087698	3.653320	11.741018	22.441140
10.62	7.829026	3.911995	11.741021	22.428935
10.63	7.548468	4.192556	11.741024	22.417082
10.64	7.250765	4.490262	11.741027	22.405597
10.65	6.940893	4.800137	11.741030	22.394491
10.66	6.623987	5.117047	11.741033	22.383777
10.67	6.305248	5.435788	11.741036	22.373463
10.68	5.989868	5.751171	11.741040	22.363557
10.69	5.682938	6.058105	11.741043	22.354066
10.7	5.389367	6.351679	11.741046	22.344994
10.71	5.113808	6.627240	11.741048	22.336344
10.72	4.860578	6.880473	11.741051	22.328119
10.73	4.633592	7.107461	11.741053	22.320318
10.74	4.436303	7.304752	11.741055	22.312940
10.75	4.271642	7.469414	11.741056	22.305982
10.76	4.141981	7.599076	11.741057	22.299439
10.77	4.049093	7.691965	11.741058	22.293306
10.78	3.994124	7.746934	11.741058	22.287575
10.79	3.977584	7.763474	11.741058	22.282238
10.8	3.999337	7.741721	11.741058	22.277285
10.81	4.058609	7.682448	11.741057	22.272705
10.82	4.154003	7.587053	11.741056	22.268485
10.83	4.283529	7.457525	11.741054	22.264613
10.84	4.444634	7.296418	11.741052	22.261074
10.85	4.634256	7.106794	11.741050	22.257852
10.86	4.848870	6.892178	11.741048	22.254931
10.87	5.084551	6.656494	11.741045	22.252295
10.88	5.337045	6.403997	11.741042	22.249925
10.89	5.601838	6.139201	11.741039	22.247803
10.9	5.874236	5.866800	11.741036	22.245910
10.91	6.149440	5.591593	11.741033	22.244226
10.92	6.422632	5.318398	11.741030	22.242731
10.93	6.689054	5.051973	11.741027	22.241406
10.94	6.944087	4.796937	11.741024	22.240228
10.95	7.183331	4.557691	11.741022	22.239179
10.96	7.402676	4.338343	11.741020	22.238236
10.97	7.598373	4.142645	11.741017	22.237380
10.98	7.767094	3.973922	11.741016	22.236589
10.99	7.905990	3.835024	11.741014	22.235843
11	8.012735	3.728278	11.741013	22.235122
11.01	8.085567	3.655445	11.741012	22.234405
11.02	8.123318	3.617694	11.741012	22.233674
11.03	8.125426	3.615586	11.741012	22.232910
11.04	8.091953	3.649060	11.741012	22.232094
11.05	8.023576	3.717438	11.741013	22.231207
11.06	7.921579	3.819435	11.741014	22.230234
11.07	7.787830	3.953186	11.741016	22.229158
11.08	7.624747	4.116271	11.741018	22.227963
11.09	7.435258	4.305762	11.741020	22.226635
11.1	7.222754	4.518269	11.741022	22.225160
11.11	6.991025	4.750000	11.741025	22.223525
11.12	6.744202	4.996825	11.741028	22.221718
11.13	6.486685	5.254345	11.741031	22.219729
11.14	6.223067	5.517966	11.741033	22.217549
11.15	5.958057	5.782979	11.741036	22.215168
11.16	5.696401	6.044639	11.741039	22.212579
11.17	5.442798	6.298244	11.741042	22.209776
11.18	5.201828	6.539217	11.741045	22.206754
11.19	4.977863	6.763184	11.741048	22.203510
11.2	4.775002	6.966048	11.741050	22.200039
11.21	4.596995	7.144057	11.741052	22.196342
11.22	4.447181	7.293872	11.741054	22.192416
11.23	4.328429	7.412626	11.741055	22.188263
11.24	4.243088	7.497968	11.741056	22.183886
11.25	4.192948	7.548109	11.741057	22.179286
11.26	4.179202	7.561855	11.741057	22.174467
11.27	4.202432	7.538626	11.741057	22.169435
11.28	4.262588	7.478469	11.741057	22.164196
11.29	4.358992	7.382064	11.741056	22.158757
11.3	4.490347	7.250708	11.741055	22.153125
11.31	4.654750	7.086303	11.741053	22.147310
11.32	4.849729	6.891322	11.741052	22.141320
11.33	5.072277	6.668772	11.741049	22.135166
11.34	5.318900	6.422146	11.741047	22.128860
11.35	5.585676	6.155369	11.741044	22.122412
11.36	5.868313	5.872728	11.741041	22.115835
11.37	6.162226	5.578813	11.741038	22.109142
11.38	6.462604	5.278431	11.741035	22.102346
11.39	6.764497	4.976535	11.741032	22.095459
11.4	7.062889	4.678140	11.741029	22.088496
11.41	7.352787	4.388239	11.741026	22.081471
11.42	7.629304	4.111719	11.741023	22.074398
11.43	7.887734	3.853287	11.741020	22.067291
11.44	8.123638	3.617380	11.741018	22.060163
11.45	8.332917	3.408099	11.741015	22.053029
11.46	8.511878	3.229136	11.741013	22.045903
11.47	8.657300	3.083711	11.741012	22.038797
11.48	8.766492	2.974518	11.741010	22.031726
11.49	8.837335	2.903675	11.741009	22.024702
11.5	8.868321	2.872687	11.741009	22.017738
11.51	8.858587	2.882421	11.741009	22.010844
11.52	8.807926	2.933083	11.741009	22.004033
11.53	8.716796	3.024214	11.741010	21.997314
11.54	8.586317	3.154694	11.741011	21.990697
11.55	8.418259	3.322754	11.741012	21.984192
11.56	8.215010	3.526004	11.741014	21.977807
11.57	7.979548	3.761468	11.741016	21.971548
11.58	7.715392	4.025627	11.741019	21.965422
11.59	7.426546	4.314476	11.741022	21.959434
11.6	7.117441	4.623583	11.741025	21.953589
11.61	6.792864	4.948164	11.741028	21.947889
11.62	6.457879	5.283152	11.741031	21.942337
11.63	6.117752	5.623283	11.741034	21.936934
11.64	5.777861	5.963177	11.741038	21.931680
11.65	5.443616	6.297426	11.741041	21.926573
11.66	5.120364	6.620680	11.741044	21.921611
11.67	4.813310	6.927737	11.741048	21.916790
11.68	4.527428	7.213623	11.741050	21.912106
11.69	4.267378	7.473675	11.741053	21.907553
11.7	4.037433	7.703623	11.741056	21.903124
11.71	3.841407	7.899650	11.741058	21.898811
11.72	3.682590	8.058469	11.741059	21.894604
11.73	3.563694	8.177367	11.741061	21.890494
11.74	3.486804	8.254257	11.741062	21.886469
11.75	3.453345	8.287717	11.741062	21.882517
11.76	3.464052	8.277010	11.741062	21.878625
11.77	3.518958	8.222103	11.741062	21.874778
11.78	3.617389	8.123672	11.741061	21.870962
11.79	3.757970	7.983089	11.741059	21.867162
11.8	3.938647	7.802411	11.741058	21.863360
11.81	4.156712	7.584343	11.741056	21.859539
11.82	4.408849	7.332204	11.741053	21.855683
11.83	4.691181	7.049869	11.741050	21.851772
11.84	4.999329	6.741718	11.741047	21.847789
11.85	5.328483	6.412561	11.741044	21.843714
11.86	5.673474	6.067567	11.741041	21.839528
11.87	6.028858	5.712180	11.741037	21.835212
11.88	6.388999	5.352035	11.741034	21.830746
11.89	6.748161	4.992869	11.741030	21.826111
11.9	7.100600	4.640426	11.741027	21.821287
11.91	7.440653	4.300370	11.741023	21.816255
11.92	7.762831	3.978189	11.741020	21.810996
11.93	8.061908	3.679109	11.741017	21.805492
11.94	8.333004	3.408010	11.741014	21.799723
11.95	8.571667	3.169344	11.741012	21.793672
11.96	8.773945	2.967064	11.741009	21.787323
11.97	8.936452	2.804556	11.741008	21.780659
11.98	9.056422	2.684585	11.741006	21.773663
11.99	9.131759	2.609247	11.741006	21.766322
12	9.161073	2.579932	11.741005	21.758622
12.01	9.143704	2.597301	11.741005	21.750550
12.02	9.079738	2.661268	11.741006	21.742094
12.03	8.970004	2.771003	11.741007	21.733243
12.04	8.816068	2.924940	11.741008	21.723989
12.05	8.620213	3.120797	11.741010	21.714324
12.06	8.385398	3.355614	11.741012	21.704241
12.07	8.115221	3.625793	11.741015	21.693736
12.08	7.813861	3.927157	11.741018	21.682803
12.09	7.486011	4.255010	11.741021	21.671443
12.1	7.136811	4.604213	11.741024	21.659653
12.11	6.771763	4.969265	11.741028	21.647435
12.12	6.396646	5.344386	11.741032	21.634793
12.13	6.017423	5.723612	11.741036	21.621729
12.14	5.640151	6.100888	11.741039	21.608252
12.15	5.270878	6.470165	11.741043	21.594367
12.16	4.915552	6.825494	11.741047	21.580086
12.17	4.579921	7.161129	11.741050	21.565418
12.18	4.269441	7.471612	11.741053	21.550378
12.19	3.989191	7.751865	11.741056	21.534980
12.2	3.743784	7.997275	11.741059	21.519239
12.21	3.537295	8.203766	11.741061	21.503174
12.22	3.373193	8.367870	11.741063	21.486805
12.23	3.254280	8.486784	11.741064	21.470152
12.24	3.182647	8.558418	11.741065	21.453238
12.25	3.159634	8.581432	11.741065	21.436087
12.26	3.185804	8.555261	11.741065	21.418725
12.27	3.260935	8.480129	11.741064	21.401178
12.28	3.384015	8.357048	11.741063	21.383475
12.29	3.553256	8.187805	11.741062	21.365644
12.3	3.766119	7.974940	11.741060	21.347717
12.31	4.019350	7.721707	11.741057	21.329725
12.32	4.309028	7.432027	11.741054	21.311699
12.33	4.630625	7.110426	11.741051	21.293674
12.34	4.979076	6.761972	11.741048	21.275684
12.35	5.348853	6.392191	11.741044	21.257763
12.36	5.734057	6.006984	11.741040	21.239946
12.37	6.128503	5.612533	11.741036	21.222269
12.38	6.525823	5.215210	11.741032	21.204769
12.39	6.919562	4.821466	11.741028	21.187481
12.4	7.303285	4.437739	11.741024	21.170442
12.41	7.670673	4.070347	11.741020	21.153688
12.42	8.015632	3.725385	11.741017	21.137255
12.43	8.332384	3.408630	11.741013	21.121180
12.44	8.615564	3.125446	11.741010	21.105497
12.45	8.860310	2.880698	11.741008	21.090243
12.46	9.062336	2.678669	11.741005	21.075451
12.47	9.218012	2.522992	11.741003	21.061155
12.48	9.324418	2.416584	11.741002	21.047389
12.49	9.379400	2.361602	11.741001	21.034184
12.5	9.381603	2.359398	11.741001	21.021571
12.51	9.330503	2.410499	11.741001	21.009580
12.52	9.226416	2.514586	11.741002	20.998240
12.53	9.070501	2.670502	11.741003	20.987577
12.54	8.864744	2.876261	11.741005	20.977617
12.55	8.611934	3.129073	11.741007	20.968384
12.56	8.315623	3.425387	11.741010	20.959901
12.57	7.980072	3.760941	11.741013	20.952188
12.58	7.610195	4.130821	11.741016	20.945263
12.59	7.211479	4.529541	11.741020	20.939145
12.6	6.789904	4.951120	11.741024	20.933846
12.61	6.351852	5.389176	11.741028	20.929381
12.62	5.904012	5.837021	11.741033	20.925761
12.63	5.453270	6.287767	11.741037	20.922992
12.64	5.006611	6.734430	11.741041	20.921083
12.65	4.571004	7.170042	11.741046	20.920037
12.66	4.153295	7.587755	11.741050	20.919856
12.67	3.760102	7.980952	11.741054	20.920539
12.68	3.397707	8.343351	11.741057	20.922084
12.69	3.071957	8.669104	11.741061	20.924486
12.7	2.788171	8.952892	11.741064	20.927738
12.71	2.551057	9.190009	11.741066	20.931830
12.72	2.364628	9.376440	11.741068	20.936750
12.73	2.232144	9.508925	11.741070	20.942484
12.74	2.156054	9.585017	11.741071	20.949016
12.75	2.137950	9.603121	11.741071	20.956327
12.76	2.178545	9.562526	11.741071	20.964397
12.77	2.277652	9.463419	11.741070	20.973202
12.78	2.434182	9.306887	11.741069	20.982719
12.79	2.646160	9.094907	11.741067	20.992920
12.8	2.910750	8.830315	11.741065	21.003777
12.81	3.224290	8.516772	11.741062	21.015260
12.82	3.582351	8.158708	11.741059	21.027336
12.83	3.979796	7.761259	11.741055	21.039973
12.84	4.410862	7.330190	11.741051	21.053133
12.85	4.869238	6.871809	11.741047	21.066782
12.86	5.348167	6.392876	11.741043	21.080881
12.87	5.840544	5.900494	11.741038	21.095392
12.88	6.339025	5.402009	11.741033	21.110273
12.89	6.836138	4.904891	11.741029	21.125484
12.9	7.324399	4.416626	11.741024	21.140983
12.91	7.796425	3.944595	11.741020	21.156727
12.92	8.245050	3.495966	11.741015	21.172674
12.93	8.663433	3.077578	11.741011	21.188779
12.94	9.045168	2.695840	11.741008	21.204999
12.95	9.384379	2.356625	11.741004	21.221290
12.96	9.675818	2.065184	11.741002	21.237608
12.97	9.914941	1.826058	11.740999	21.253908
12.98	10.097988	1.643010	11.740997	21.270148
12.99	10.222034	1.518962	11.740996	21.286283
13	10.285044	1.455951	11.740995	21.302271
13.01	10.285905	1.455090	11.740995	21.318071
13.02	10.224443	1.516553	11.740996	21.333640
13.03	10.101432	1.639565	11.740997	21.348939
13.04	9.918581	1.822418	11.740999	21.363928
13.05	9.678514	2.062487	11.741001	21.378569
13.06	9.384732	2.356272	11.741003	21.392826
13.07	9.041556	2.699450	11.741007	21.406662
13.08	8.654071	3.086939	11.741010	21.420044
13.09	8.228043	3.512971	11.741014	21.432939
13.1	7.769834	3.971184	11.741018	21.445318
13.11	7.286308	4.454715	11.741023	21.457151
13.12	6.784722	4.956305	11.741028	21.468412
13.13	6.272621	5.468412	11.741033	21.479075
13.14	5.757716	5.983322	11.741037	21.489118
13.15	5.247771	6.493271	11.741042	21.498521
13.16	4.750482	6.990565	11.741047	21.507264
13.17	4.273358	7.467693	11.741051	21.515332
13.18	3.823605	7.917451	11.741056	21.522710
13.19	3.408013	8.333046	11.741060	21.529388
13.2	3.032857	8.708206	11.741063	21.535355
13.21	2.703790	9.037276	11.741066	21.540605
13.22	2.425763	9.315305	11.741069	21.545133
13.23	2.202943	9.538127	11.741071	21.548938
13.24	2.038650	9.702423	11.741072	21.552019
13.25	1.935301	9.805772	11.741073	21.554379
13.26	1.894376	9.846697	11.741074	21.556023
13.27	1.916392	9.824681	11.741073	21.556959
13.28	2.000892	9.740181	11.741073	21.557195
13.29	2.146452	9.594619	11.741071	21.556745
13.3	2.350704	9.390365	11.741069	21.555621
13.31	2.610369	9.130698	11.741066	21.553841
13.32	2.921305	8.819758	11.741063	21.551421
13.33	3.278576	8.462484	11.741060	21.548383
13.34	3.676522	8.064533	11.741056	21.544749
13.35	4.108850	7.632202	11.741052	21.540543
13.36	4.568727	7.172320	11.741047	21.535789
13.37	5.048890	6.692152	11.741042	21.530517
13.38	5.541755	6.199282	11.741037	21.524754
13.39	6.039538	5.701495	11.741032	21.518530
13.4	6.534371	5.206656	11.741028	21.511878
13.41	7.018432	4.722591	11.741023	21.504830
13.42	7.484059	4.256959	11.741018	21.497421
13.43	7.923876	3.817137	11.741014	21.489683
13.44	8.330907	3.410103	11.741010	21.481655
13.45	8.698682	3.042324	11.741006	21.473370
13.46	9.021345	2.719658	11.741003	21.464867
13.47	9.293743	2.447257	11.741000	21.456182
13.48	9.511508	2.229490	11.740998	21.447354
13.49	9.671127	2.069869	11.740996	21.438418
13.5	9.770001	1.970994	11.740995	21.429414
13.51	9.806484	1.934511	11.740995	21.420378
13.52	9.779913	1.961082	11.740995	21.411348
13.53	9.690621	2.050375	11.740996	21.402360
13.54	9.539930	2.201068	11.740997	21.393451
13.55	9.330138	2.410861	11.740999	21.384655
13.56	9.064484	2.676518	11.741002	21.376008
13.57	8.747095	2.993910	11.741005	21.367543
13.58	8.382931	3.358078	11.741009	21.359293
13.59	7.977703	3.763310	11.741013	21.351290
13.6	7.537789	4.203228	11.741017	21.343564
13.61	7.070136	4.670885	11.741022	21.336143
13.62	6.582153	5.158874	11.741026	21.329055
13.63	6.081592	5.659439	11.741031	21.322326
13.64	5.576435	6.164602	11.741037	21.315979
13.65	5.074764	6.666277	11.741042	21.310038
13.66	4.584639	7.156408	11.741046	21.304522
13.67	4.113967	7.627084	11.741051	21.299451
13.68	3.670383	8.070673	11.741056	21.294840
13.69	3.261128	8.479932	11.741060	21.290705
13.7	2.892932	8.848132	11.741064	21.287058
13.71	2.571911	9.169156	11.741067	21.283909
13.72	2.303469	9.437601	11.741070	21.281267
13.73	2.092207	9.648865	11.741072	21.279138
13.74	1.941854	9.799221	11.741074	21.277526
13.75	1.855201	9.885874	11.741075	21.276433
13.76	1.834058	9.907017	11.741076	21.275858
13.77	1.879221	9.861855	11.741076	21.275800
13.78	1.990451	9.750623	11.741075	21.276252
13.79	2.166484	9.574590	11.741073	21.277209
13.8	2.405035	9.336037	11.741071	21.278662
13.81	2.702838	9.038231	11.741069	21.280600
13.82	3.055690	8.685376	11.741066	21.283009
13.83	3.458511	8.282551	11.741062	21.285876
13.84	3.905421	7.835636	11.741058	21.289184
13.85	4.389829	7.351224	11.741053	21.292914
13.86	4.904529	6.836520	11.741048	21.297046
13.87	5.441809	6.299234	11.741043	21.301559
13.88	5.993573	5.747465	11.741038	21.306429
13.89	6.551457	5.189576	11.741033	21.311631
13.9	7.106964	4.634064	11.741028	21.317141
13.91	7.651588	4.089434	11.741022	21.322930
13.92	8.176951	3.564066	11.741017	21.328970
13.93	8.674926	3.066087	11.741012	21.335233
13.94	9.137768	2.603240	11.741008	21.341688
13.95	9.558231	2.182772	11.741004	21.348304
13.96	9.929685	1.811315	11.741000	21.355050
13.97	10.246214	1.494783	11.740997	21.361895
13.98	10.502714	1.238280	11.740994	21.368806
13.99	10.694974	1.046018	11.740992	21.375751
14	10.819739	0.921251	11.740991	21.382697
14.01	10.874771	0.866219	11.740990	21.389613
14.02	10.858878	0.882112	11.740990	21.396466
14.03	10.771941	0.969049	11.740990	21.403225
14.04	10.614920	1.126071	11.740992	21.409858
14.05	10.389840	1.351153	11.740994	21.416336
14.06	10.099765	1.641231	11.740996	21.422627
14.07	9.748755	1.992245	11.740999	21.428704
14.08	9.341805	2.399198	11.741003	21.434539
14.09	8.884777	2.856230	11.741007	21.440104
14.1	8.384306	3.356705	11.741012	21.445374
14.11	7.847710	3.893307	11.741017	21.450326
14.12	7.282873	4.458149	11.741022	21.454936
14.13	6.698131	5.042897	11.741027	21.459184
14.14	6.102146	5.638887	11.741033	21.463049
14.15	5.503776	6.237263	11.741038	21.466515
14.16	4.911939	6.829105	11.741044	21.469566
14.17	4.335481	7.405568	11.741049	21.472188
14.18	3.783040	7.958014	11.741055	21.474368
14.19	3.262914	8.478145	11.741059	21.476098
14.2	2.782937	8.958127	11.741064	21.477369
14.21	2.350357	9.390712	11.741068	21.478175
14.22	1.971726	9.769346	11.741072	21.478515
14.23	1.652801	10.088273	11.741075	21.478386
14.24	1.398455	10.342622	11.741077	21.477789
14.25	1.212598	10.528481	11.741079	21.476728
14.26	1.098123	10.642957	11.741080	21.475208
14.27	1.056854	10.684226	11.741081	21.473238
14.28	1.089523	10.651558	11.741080	21.470827
14.29	1.195751	10.545328	11.741079	21.467988
14.3	1.374060	10.367018	11.741078	21.464736
14.31	1.621885	10.119190	11.741076	21.461086
14.32	1.935621	9.805452	11.741073	21.457058
14.33	2.310668	9.430401	11.741069	21.452673
14.34	2.741506	8.999559	11.741065	21.447953
14.35	3.221774	8.519287	11.741061	21.442924
14.36	3.744366	7.996690	11.741056	21.437610
14.37	4.301539	7.439511	11.741051	21.432042
14.38	4.885030	6.856015	11.741045	21.426249
14.39	5.486179	6.254861	11.741040	21.420262
14.4	6.096060	5.644974	11.741034	21.414113
14.41	6.705618	5.035410	11.741028	21.407839
14.42	7.305804	4.435219	11.741023	21.401473
14.43	7.887711	3.853306	11.741017	21.395052
14.44	8.442714	3.298299	11.741012	21.388614
14.45	8.962592	2.778415	11.741008	21.382196
14.46	9.439663	2.301340	11.741003	21.375839
14.47	9.866890	1.874109	11.740999	21.369581
14.48	10.237997	1.502999	11.740996	21.363462
14.49	10.547555	1.193438	11.740993	21.357522
14.5	10.791071	0.949919	11.740991	21.351801
14.51	10.965056	0.775933	11.740989	21.346340
14.52	11.067071	0.673917	11.740988	21.341178
14.53	11.095770	0.645218	11.740988	21.336355
14.54	11.050920	0.690069	11.740989	21.331910
14.55	10.933397	0.807593	11.740990	21.327882
14.56	10.745183	0.995809	11.740992	21.324307
14.57	10.489326	1.251669	11.740995	21.321222
14.58	10.169897	1.571101	11.740998	21.318664
14.59	9.791928	1.949073	11.741001	21.316666
14.6	9.361334	2.379671	11.741006	21.315261
14.61	8.884822	2.856188	11.741010	21.314481
14.62	8.369788	3.371227	11.741015	21.314355
14.63	7.824205	3.916815	11.741020	21.314911
14.64	7.256501	4.484525	11.741026	21.316177
14.65	6.675427	5.065604	11.741032	21.318174
14.66	6.089929	5.651108	11.741037	21.320927
14.67	5.509006	6.232037	11.741043	21.324454
14.68	4.941575	6.799473	11.741048	21.328774
14.69	4.396335	7.344719	11.741053	21.333901
14.7	3.881631	7.859427	11.741058	21.339848
14.71	3.405332	8.335731	11.741063	21.346626
14.72	2.974707	8.766360	11.741067	21.354242
14.73	2.596315	9.144756	11.741071	21.362702
14.74	2.275905	9.465169	11.741074	21.372007
14.75	2.018329	9.722747	11.741076	21.382159
14.76	1.827469	9.913609	11.741078	21.393153
14.77	1.706177	10.034902	11.741079	21.404984
14.78	1.656231	10.084848	11.741079	21.417643
14.79	1.678311	10.062768	11.741079	21.431121
14.8	1.771987	9.969091	11.741078	21.445402
14.81	1.935728	9.805348	11.741077	21.460470
14.82	2.166924	9.574150	11.741074	21.476307
14.83	2.461929	9.279142	11.741071	21.492889
14.84	2.816116	8.924952	11.741068	21.510194
14.85	3.223948	8.517115	11.741064	21.528194
14.86	3.679066	8.061993	11.741059	21.546861
14.87	4.174384	7.566671	11.741055	21.566161
14.88	4.702198	7.038851	11.741050	21.586063
14.89	5.254310	6.486734	11.741044	21.606529
14.9	5.822146	5.918893	11.741039	21.627522
14.91	6.396894	5.344139	11.741033	21.649002
14.92	6.969636	4.771391	11.741028	21.670927
14.93	7.531488	4.209534	11.741022	21.693254
14.94	8.073732	3.667285	11.741017	21.715937
14.95	8.587955	3.153057	11.741012	21.738931
14.96	9.066174	2.674833	11.741007	21.762187
14.97	9.500961	2.240042	11.741003	21.785657
14.98	9.885557	1.855443	11.740999	21.809291
14.99	10.213972	1.527024	11.740996	21.833038
15	10.481082	1.259911	11.740993	21.856848
15.01	10.682705	1.058286	11.740991	21.880667
15.02	10.815665	0.925325	11.740990	21.904445
15.03	10.877842	0.863147	11.740989	21.928129
15.04	10.868202	0.872787	11.740989	21.951666
15.05	10.786816	0.954174	11.740990	21.975006
15.06	10.634857	1.106134	11.740992	21.998095
15.07	10.414582	1.326411	11.740994	22.020883
15.08	10.129299	1.611697	11.740996	22.043319
15.09	9.783315	1.957684	11.741000	22.065354
15.1	9.381871	2.359133	11.741003	22.086938
15.11	8.931059	2.809948	11.741008	22.108026
15.12	8.437736	3.303276	11.741012	22.128570
15.13	7.909411	3.831607	11.741017	22.148526
15.14	7.354133	4.386890	11.741023	22.167851
15.15	6.780373	4.960656	11.741028	22.186504
15.16	6.196885	5.544149	11.741034	22.204445
15.17	5.612583	6.128457	11.741039	22.221638
15.18	5.036395	6.704650	11.741045	22.238047
15.19	4.477135	7.263915	11.741050	22.253640
15.2	3.943363	7.797692	11.741055	22.268386
15.21	3.443257	8.297803	11.741060	22.282258
15.22	2.984488	8.756577	11.741065	22.295231
15.23	2.574102	9.166967	11.741069	22.307282
15.24	2.218415	9.522657	11.741072	22.318392
15.25	1.922915	9.818160	11.741075	22.328544
15.26	1.692180	10.048897	11.741077	22.337724
15.27	1.529806	10.211273	11.741079	22.345921
15.28	1.438357	10.302723	11.741080	22.353128
15.29	1.419321	10.321759	11.741080	22.359339
15.3	1.473091	10.267988	11.741079	22.364554
15.31	1.598961	10.142117	11.741078	22.368773
15.32	1.795131	9.945946	11.741077	22.372001
15.33	2.058741	9.682334	11.741074	22.374246
15.34	2.385911	9.355160	11.741071	22.375518
15.35	2.771803	8.969265	11.741067	22.375831
15.36	3.210693	8.530371	11.741063	22.375202
15.37	3.696058	8.045001	11.741059	22.373649
15.38	4.220678	7.520376	11.741054	22.371197
15.39	4.776742	6.964307	11.741049	22.367869
15.4	5.355970	6.385074	11.741043	22.363695
15.41	5.949736	5.791302	11.741038	22.358704
15.42	6.549201	5.191831	11.741032	22.352931
15.43	7.145446	4.595581	11.741027	22.346410
15.44	7.729606	4.011415	11.741021	22.339181
15.45	8.293005	3.448011	11.741016	22.331284
15.46	8.827285	2.913726	11.741011	22.322760
15.47	9.324536	2.416470	11.741007	22.313655
15.48	9.777410	1.963593	11.741002	22.304014
15.49	10.179232	1.561767	11.740999	22.293886
15.5	10.524102	1.216893	11.740996	22.283321
15.51	10.806983	0.934010	11.740993	22.272369
15.52	11.023770	0.717221	11.740991	22.261082
15.53	11.171357	0.569633	11.740990	22.249513
15.54	11.247678	0.493311	11.740989	22.237717
15.55	11.251736	0.489253	11.740989	22.225749
15.56	11.183618	0.557372	11.740990	22.213663
15.57	11.044490	0.696502	11.740991	22.201516
15.58	10.836575	0.904419	11.740993	22.189363
15.59	10.563121	1.177875	11.740996	22.177261
15.6	10.228345	1.512654	11.740999	22.165264
15.61	9.837372	1.903631	11.741003	22.153429
15.62	9.396149	2.344858	11.741007	22.141811
15.63	8.911358	2.829653	11.741012	22.130463
15.64	8.390311	3.350705	11.741017	22.119439
15.65	7.840838	3.900184	11.741022	22.108792
15.66	7.271166	4.469861	11.741027	22.098572
15.67	6.689796	5.051237	11.741032	22.088829
15.68	6.105371	5.635667	11.741038	22.079613
15.69	5.526546	6.214497	11.741043	22.070968
15.7	4.961860	6.779188	11.741048	22.062941
15.71	4.419601	7.321452	11.741053	22.055574
15.72	3.907686	7.833372	11.741058	22.048908
15.73	3.433542	8.307520	11.741062	22.042982
15.74	3.003995	8.737071	11.741066	22.037831
15.75	2.625168	9.115901	11.741069	22.033490
15.76	2.302392	9.438680	11.741072	22.029991
15.77	2.040128	9.700946	11.741074	22.027361
15.78	1.841903	9.899173	11.741076	22.025628
15.79	1.710259	10.030818	11.741077	22.024813
15.8	1.646722	10.094356	11.741077	22.024938
15.81	1.651778	10.089299	11.741077	22.026021
15.82	1.724876	10.016200	11.741076	22.028074
15.83	1.864435	9.876639	11.741074	22.031111
15.84	2.067877	9.673195	11.741072	22.035138
15.85	2.331670	9.409400	11.741069	22.040163
15.86	2.651383	9.089683	11.741066	22.046187
15.87	3.021763	8.719300	11.741062	22.053209
15.88	3.436814	8.304244	11.741058	22.061226
15.89	3.889896	7.851158	11.741054	22.070230
15.9	4.373826	7.367223	11.741049	22.080213
15.91	4.880995	6.860049	11.741044	22.091160
15.92	5.403480	6.337559	11.741039	22.103057
15.93	5.933174	5.807859	11.741034	22.115885
15.94	6.461906	5.279122	11.741029	22.129622
15.95	6.981569	4.759454	11.741024	22.144244
15.96	7.484243	4.256776	11.741019	22.159725
15.97	7.962316	3.778699	11.741014	22.176035
15.98	8.408600	3.332410	11.741010	22.193143
15.99	8.816438	2.924568	11.741006	22.211015
16	9.179807	2.561196	11.741003	22.229614
16.01	9.493403	2.247597	11.741000	22.248901
16.02	9.752721	1.988277	11.740998	22.268838
16.03	9.954123	1.786873	11.740996	22.289380
16.04	10.094886	1.646110	11.740995	22.310485
16.05	10.173239	1.567756	11.740995	22.332107
16.06	10.188391	1.552604	11.740995	22.354200
16.07	10.140532	1.600464	11.740996	22.376714
16.08	10.030827	1.710170	11.740997	22.399601
16.09	9.861395	1.879603	11.740999	22.422810
16.1	9.635270	2.105731	11.741001	22.446291
16.11	9.356348	2.384657	11.741004	22.469993
16.12	9.029322	2.711686	11.741008	22.493862
16.13	8.659608	3.081403	11.741011	22.517846
16.14	8.253256	3.487760	11.741016	22.541894
16.15	7.816850	3.924170	11.741020	22.565952
16.16	7.357405	4.383619	11.741024	22.589968
16.17	6.882258	4.858771	11.741029	22.613891
16.18	6.398947	5.342087	11.741034	22.637668
16.19	5.915096	5.825943	11.741039	22.661249
16.2	5.438294	6.302749	11.741043	22.684584
16.21	4.975979	6.765068	11.741048	22.707624
16.22	4.535320	7.205732	11.741052	22.730321
16.23	4.123105	7.617951	11.741056	22.752628
16.24	3.745642	7.995418	11.741060	22.774499
16.25	3.408656	8.332406	11.741063	22.795891
16.26	3.117210	8.623856	11.741066	22.816762
16.27	2.875618	8.865450	11.741068	22.837071
16.28	2.687392	9.053678	11.741069	22.856779
16.29	2.555182	9.185888	11.741070	22.875850
16.3	2.480744	9.260327	11.741071	22.894249
16.31	2.464913	9.276158	11.741071	22.911943
16.32	2.507594	9.233476	11.741070	22.928903
16.33	2.607770	9.133299	11.741069	22.945099
16.34	2.763519	8.977548	11.741067	22.960507
16.35	2.972051	8.769014	11.741065	22.975104
16.36	3.229751	8.511311	11.741062	22.988867
16.37	3.532244	8.208815	11.741059	23.001780
16.38	3.874463	7.866592	11.741056	23.013826
16.39	4.250736	7.490316	11.741052	23.024992
16.4	4.654871	7.086176	11.741048	23.035267
16.41	5.080263	6.660781	11.741043	23.044644
16.42	5.519992	6.221047	11.741039	23.053117
16.43	5.966940	5.774095	11.741034	23.060682
16.44	6.413898	5.327132	11.741030	23.067340
16.45	6.853685	4.887340	11.741025	23.073092
16.46	7.279257	4.461764	11.741021	23.077943
16.47	7.683820	4.057197	11.741017	23.081900
16.48	8.060935	3.680079	11.741013	23.084972
16.49	8.404616	3.336394	11.741010	23.087170
16.5	8.709429	3.031578	11.741007	23.088510
16.51	8.970571	2.770434	11.741004	23.089006
16.52	9.183942	2.557061	11.741002	23.088676
16.53	9.346213	2.394787	11.741001	23.087542
16.54	9.454873	2.286126	11.741000	23.085624
16.55	9.508265	2.232734	11.740999	23.082947
16.56	9.505611	2.235388	11.740999	23.079536
16.57	9.447022	2.293978	11.741000	23.075418
16.58	9.333492	2.407510	11.741001	23.070621
16.59	9.166881	2.574122	11.741003	23.065177
16.6	8.949886	2.791119	11.741005	23.059115
16.61	8.685989	3.055019	11.741008	23.052469
16.62	8.379408	3.361603	11.741011	23.045271
16.63	8.035024	3.705990	11.741014	23.037555
16.64	7.658304	4.082714	11.741018	23.029357
16.65	7.255214	4.485808	11.741022	23.020713
16.66	6.832122	4.908904	11.741026	23.011657
16.67	6.395700	5.345331	11.741030	23.002226
16.68	5.952815	5.788219	11.741035	22.992458
16.69	5.510426	6.230613	11.741039	22.982389
16.7	5.075467	6.665576	11.741043	22.972054
16.71	4.654746	7.086301	11.741047	22.961492
16.72	4.254835	7.486217	11.741051	22.950737
16.73	3.881966	7.859089	11.741055	22.939826
16.74	3.541939	8.199120	11.741058	22.928795
16.75	3.240028	8.501033	11.741061	22.917677
16.76	2.980903	8.760161	11.741064	22.906507
16.77	2.768556	8.972510	11.741066	22.895317
16.78	2.606242	9.134825	11.741067	22.884140
16.79	2.496431	9.244637	11.741068	22.873006
16.8	2.440769	9.300300	11.741069	22.861947
16.81	2.440056	9.301012	11.741069	22.850989
16.82	2.494237	9.246831	11.741068	22.840162
16.83	2.602402	9.138665	11.741067	22.829489
16.84	2.762806	8.978259	11.741065	22.818997
16.85	2.972898	8.768165	11.741063	22.808708
16.86	3.229362	8.511699	11.741061	22.798644
16.87	3.528171	8.212887	11.741058	22.788824
16.88	3.864653	7.876401	11.741055	22.779266
16.89	4.233566	7.507485	11.741051	22.769987
16.9	4.629179	7.111869	11.741047	22.761002
16.91	5.045365	6.695678	11.741043	22.752324
16.92	5.475698	6.265341	11.741039	22.743964
16.93	5.913554	5.827481	11.741035	22.735931
16.94	6.352212	5.388819	11.741031	22.728233
16.95	6.784961	4.956065	11.741026	22.720877
16.96	7.205207	4.535816	11.741023	22.713866
16.97	7.606569	4.134450	11.741019	22.707203
16.98	7.982983	3.758033	11.741015	22.700888
16.99	8.328792	3.412220	11.741012	22.694922
17	8.638835	3.102174	11.741009	22.689301
17.01	8.908522	2.832484	11.741007	22.684021
17.02	9.133906	2.607098	11.741005	22.679078
17.03	9.311740	2.429263	11.741003	22.674463
17.04	9.439525	2.301477	11.741002	22.670169
17.05	9.515547	2.225454	11.741001	22.666186
17.06	9.538897	2.202104	11.741001	22.662504
17.07	9.509486	2.231516	11.741002	22.659109
17.08	9.428037	2.312966	11.741003	22.655988
17.09	9.296077	2.444927	11.741004	22.653128
17.1	9.115903	2.625103	11.741006	22.650513
17.11	8.890545	2.850463	11.741008	22.648127
17.12	8.623716	3.117295	11.741011	22.645954
17.13	8.319750	3.421264	11.741014	22.643976
17.14	7.983530	3.757488	11.741017	22.642174
17.15	7.620409	4.120612	11.741021	22.640532
17.16	7.236127	4.504898	11.741025	22.639029
17.17	6.836716	4.904313	11.741029	22.637647
17.18	6.428403	5.312630	11.741033	22.636366
17.19	6.017516	5.723521	11.741037	22.635168
17.2	5.610379	6.130661	11.741041	22.634033
17.21	5.213219	6.527826	11.741044	22.632941
17.22	4.832061	6.908987	11.741048	22.631875
17.23	4.472641	7.268411	11.741051	22.630816
17.24	4.140315	7.600739	11.741054	22.629744
17.25	3.839979	7.901078	11.741057	22.628644
17.26	3.575989	8.165070	11.741059	22.627497
17.27	3.352103	8.388958	11.741061	22.626288
17.28	3.171420	8.569643	11.741063	22.625000
17.29	3.036337	8.704727	11.741064	22.623620
17.3	2.948516	8.792549	11.741064	22.622132
17.31	2.908859	8.832205	11.741065	22.620524
17.32	2.917505	8.823559	11.741064	22.618784
17.33	2.973824	8.767240	11.741063	22.616901
17.34	3.076437	8.664625	11.741062	22.614866
17.35	3.223244	8.517816	11.741060	22.612669
17.36	3.411456	8.329602	11.741058	22.610304
17.37	3.637648	8.103407	11.741056	22.607764
17.38	3.897818	7.843234	11.741053	22.605044
17.39	4.187451	7.553598	11.741050	22.602141
17.4	4.501597	7.239449	11.741046	22.599053
17.41	4.834952	6.906091	11.741043	22.595779
17.42	5.181944	6.559095	11.741039	22.592318
17.43	5.536826	6.204210	11.741036	22.588674
17.44	5.893768	5.847264	11.741032	22.584848
17.45	6.246950	5.494078	11.741028	22.580845
17.46	6.590660	5.150365	11.741025	22.576672
17.47	6.919378	4.821644	11.741022	22.572334
17.48	7.227871	4.513148	11.741019	22.567840
17.49	7.511270	4.229746	11.741016	22.563200
17.5	7.765152	3.975861	11.741013	22.558424
17.51	7.985605	3.755406	11.741011	22.553523
17.52	8.169289	3.571721	11.741010	22.548510
17.53	8.313488	3.427521	11.741008	22.543400
17.54	8.416151	3.324857	11.741007	22.538206
17.55	8.475920	3.265087	11.741007	22.532944
17.56	8.492151	3.248856	11.741007	22.527631
17.57	8.464919	3.276089	11.741008	22.522284
17.58	8.395014	3.345994	11.741009	22.516920
17.59	8.283925	3.457085	11.741010	22.511558
17.6	8.133811	3.607201	11.741012	22.506217
17.61	7.947465	3.793549	11.741014	22.500916
17.62	7.728266	4.012750	11.741016	22.495675
17.63	7.480118	4.260901	11.741019	22.490513
17.64	7.207387	4.533635	11.741022	22.485451
17.65	6.914828	4.826197	11.741025	22.480509
17.66	6.607506	5.133522	11.741028	22.475707
17.67	6.290710	5.450322	11.741032	22.471065
17.68	5.969867	5.771168	11.741035	22.466602
17.69	5.650455	6.090583	11.741039	22.462339
17.7	5.337911	6.403131	11.741042	22.458294
17.71	5.037541	6.703504	11.741045	22.454486
17.72	4.754439	6.986609	11.741048	22.450934
17.73	4.493399	7.247652	11.741051	22.447654
17.74	4.258840	7.482213	11.741053	22.444663
17.75	4.054736	7.686319	11.741056	22.441978
17.76	3.884550	7.856507	11.741057	22.439614
17.77	3.751179	7.989879	11.741059	22.437584
17.78	3.656912	8.084148	11.741060	22.435901
17.79	3.603387	8.137674	11.741060	22.434579
17.8	3.591573	8.149488	11.741061	22.433627
17.81	3.621752	8.119309	11.741060	22.433055
17.82	3.693515	8.047545	11.741060	22.432871
17.83	3.805774	7.935285	11.741059	22.433084
17.84	3.956776	7.784281	11.741057	22.433697
17.85	4.144138	7.596917	11.741055	22.434716
17.86	4.364882	7.376171	11.741053	22.436143
17.87	4.615489	7.125562	11.741051	22.437980
17.88	4.891953	6.849095	11.741048	22.440227
17.89	5.189850	6.551195	11.741045	22.442881
17.9	5.504410	6.236632	11.741042	22.445941
17.91	5.830593	5.910445	11.741038	22.449400
17.92	6.163175	5.577860	11.741035	22.453254
17.93	6.496827	5.244204	11.741032	22.457494
17.94	6.826209	4.914819	11.741028	22.462110
17.95	7.146050	4.594975	11.741025	22.467093
17.96	7.451236	4.289786	11.741022	22.472430
17.97	7.736894	4.004125	11.741019	22.478107
17.98	7.998467	3.742550	11.741017	22.484110
17.99	8.231789	3.509226	11.741014	22.490421
18	8.433152	3.307860	11.741012	22.497023
18.01	8.599365	3.141646	11.741011	22.503897
18.02	8.727803	3.013206	11.741009	22.511023
18.03	8.816451	2.924558	11.741009	22.518379
18.04	8.863932	2.877076	11.741008	22.525943
18.05	8.869532	2.871476	11.741008	22.533690
18.06	8.833207	2.907802	11.741008	22.541597
18.07	8.755584	2.985425	11.741009	22.549638
18.08	8.637951	3.103060	11.741010	22.557787
18.09	8.482229	3.258783	11.741012	22.566016
18.1	8.290948	3.450066	11.741014	22.574298
18.11	8.067198	3.673818	11.741016	22.582604
18.12	7.814583	3.926436	11.741019	22.590907
18.13	7.537157	4.203865	11.741022	22.599176
18.14	7.239361	4.501663	11.741025	22.607383
18.15	6.925951	4.815077	11.741028	22.615498
18.16	6.601917	5.139114	11.741031	22.623490
18.17	6.272405	5.468629	11.741034	22.631332
18.18	5.942632	5.798405	11.741037	22.638992
18.19	5.617803	6.123237	11.741041	22.646442
18.2	5.303027	6.438017	11.741044	22.653652
18.21	5.003232	6.737815	11.741047	22.660595
18.22	4.723089	7.017960	11.741049	22.667240
18.23	4.466938	7.274114	11.741052	22.673561
18.24	4.238715	7.502339	11.741054	22.679532
18.25	4.041892	7.699164	11.741056	22.685124
18.26	3.879423	7.861634	11.741057	22.690314
18.27	3.753697	7.987361	11.741058	22.695076
18.28	3.666501	8.074559	11.741059	22.699387
18.29	3.618990	8.122069	11.741059	22.703225
18.3	3.611678	8.129381	11.741059	22.706568
18.31	3.644425	8.096634	11.741059	22.709396
18.32	3.716443	8.024615	11.741058	22.711691
18.33	3.826314	7.914743	11.741057	22.713434
18.34	3.972010	7.769045	11.741055	22.714611
18.35	4.150936	7.590117	11.741053	22.715205
18.36	4.359965	7.381085	11.741051	22.715205
18.37	4.595501	7.145548	11.741048	22.714598
18.38	4.853529	6.887517	11.741046	22.713375
18.39	5.129692	6.611350	11.741043	22.711527
18.4	5.419359	6.321681	11.741040	22.709048
18.41	5.717701	6.023336	11.741037	22.705932
18.42	6.019774	5.721260	11.741034	22.702176
18.43	6.320598	5.420432	11.741030	22.697779
18.44	6.615245	5.125782	11.741027	22.692739
18.45	6.898912	4.842113	11.741025	22.687060
18.46	7.167006	4.574016	11.741022	22.680743
18.47	7.415218	4.325801	11.741019	22.673795
18.48	7.639593	4.101424	11.741017	22.666222
18.49	7.836596	3.904420	11.741015	22.658032
18.5	8.003165	3.737849	11.741014	22.649235
18.51	8.136769	3.604244	11.741012	22.639843
18.52	8.235440	3.505571	11.741012	22.629868
18.53	8.297811	3.443200	11.741011	22.619324
18.54	8.323134	3.417877	11.741011	22.608229
18.55	8.311290	3.429722	11.741011	22.596598
18.56	8.262793	3.478219	11.741012	22.584450
18.57	8.178780	3.562233	11.741013	22.571806
18.58	8.060986	3.680028	11.741015	22.558686
18.59	7.911720	3.829297	11.741016	22.545112
18.6	7.733820	4.007199	11.741018	22.531107
18.61	7.530608	4.210413	11.741021	22.516696
18.62	7.305832	4.435191	11.741023	22.501904
18.63	7.063603	4.677423	11.741026	22.486756
18.64	6.808325	4.932704	11.741029	22.471278
18.65	6.544618	5.196414	11.741032	22.455499
18.66	6.277245	5.463790	11.741035	22.439445
18.67	6.011025	5.730013	11.741038	22.423146
18.68	5.750757	5.990284	11.741041	22.406629
18.69	5.501134	6.239910	11.741044	22.389923
18.7	5.266667	6.474380	11.741046	22.373058
18.71	5.051605	6.689444	11.741049	22.356062
18.72	4.859865	6.881186	11.741051	22.338965
18.73	4.694964	7.046089	11.741053	22.321796
18.74	4.559958	7.181097	11.741055	22.304584
18.75	4.457389	7.283667	11.741056	22.287357
18.76	4.389242	7.351815	11.741057	22.270143
18.77	4.356908	7.384149	11.741057	22.252972
18.78	4.361163	7.379894	11.741057	22.235869
18.79	4.402146	7.338911	11.741057	22.218862
18.8	4.479359	7.261698	11.741056	22.201977
18.81	4.591673	7.149382	11.741055	22.185239
18.82	4.737345	7.003709	11.741054	22.168673
18.83	4.914043	6.827009	11.741052	22.152302
18.84	5.118884	6.622165	11.741050	22.136150
18.85	5.348482	6.392566	11.741047	22.120238
18.86	5.598999	6.142046	11.741045	22.104586
18.87	5.866211	5.874831	11.741042	22.089214
18.88	6.145578	5.595461	11.741039	22.074141
18.89	6.432314	5.308722	11.741036	22.059384
18.9	6.721472	5.019560	11.741033	22.044958
18.91	7.008022	4.733007	11.741030	22.030879
18.92	7.286938	4.454088	11.741026	22.017159
18.93	7.553280	4.187744	11.741023	22.003810
18.94	7.802278	3.938743	11.741021	21.990843
18.95	8.029415	3.711603	11.741018	21.978268
18.96	8.230501	3.510515	11.741016	21.966092
18.97	8.401748	3.339265	11.741014	21.954321
18.98	8.539835	3.201177	11.741012	21.942961
18.99	8.641963	3.099047	11.741010	21.932015
19	8.705913	3.035097	11.741009	21.921486
19.01	8.730078	3.010930	11.741009	21.911374
19.02	8.713502	3.027506	11.741009	21.901678
19.03	8.655896	3.085113	11.741009	21.892398
19.04	8.557647	3.183362	11.741010	21.883530
19.05	8.419822	3.321188	11.741011	21.875070
19.06	8.244150	3.496862	11.741012	21.867011
19.07	8.033002	3.708012	11.741014	21.859348
19.08	7.789356	3.951660	11.741016	21.852072
19.09	7.516753	4.224266	11.741019	21.845174
19.1	7.219241	4.521780	11.741022	21.838644
19.11	6.901320	4.839704	11.741025	21.832471
19.12	6.567865	5.173163	11.741028	21.826643
19.13	6.224050	5.516981	11.741031	21.821147
19.14	5.875273	5.865762	11.741035	21.815969
19.15	5.527062	6.213976	11.741038	21.811095
19.16	5.184991	6.556050	11.741042	21.806510
19.17	4.854591	6.886454	11.741045	21.802197
19.18	4.541255	7.199793	11.741048	21.798140
19.19	4.250158	7.490893	11.741051	21.794323
19.2	3.986164	7.754890	11.741054	21.790728
19.21	3.753752	7.987305	11.741057	21.787337
19.22	3.556936	8.184123	11.741059	21.784132
19.23	3.399201	8.341860	11.741061	21.781097
19.24	3.283441	8.457621	11.741062	21.778211
19.25	3.211910	8.529153	11.741063	21.775457
19.26	3.186180	8.554884	11.741064	21.772817
19.27	3.207112	8.533952	11.741064	21.770272
19.28	3.274837	8.466227	11.741063	21.767805
19.29	3.388747	8.352315	11.741062	21.765398
19.3	3.547505	8.193556	11.741061	21.763032
19.31	3.749054	7.992005	11.741059	21.760692
19.32	3.990650	7.750407	11.741057	21.758360
19.33	4.268899	7.472156	11.741055	21.756020
19.34	4.579807	7.161245	11.741052	21.753656
19.35	4.918839	6.822210	11.741049	21.751253
19.36	5.280988	6.460057	11.741045	21.748797
19.37	5.660851	6.080191	11.741042	21.746274
19.38	6.052710	5.688328	11.741038	21.743670
19.39	6.450624	5.290410	11.741034	21.740974
19.4	6.848518	4.892513	11.741030	21.738174
19.41	7.240279	4.500748	11.741027	21.735258
19.42	7.619854	4.121169	11.741023	21.732218
19.43	7.981342	3.759677	11.741019	21.729044
19.44	8.319091	3.421925	11.741016	21.725729
19.45	8.627787	3.113226	11.741013	21.722265
19.46	8.902537	2.838473	11.741010	21.718646
19.47	9.138953	2.602055	11.741008	21.714867
19.48	9.333219	2.407787	11.741006	21.710923
19.49	9.482156	2.258848	11.741004	21.706812
19.5	9.583275	2.157728	11.741003	21.702531
19.51	9.634819	2.106184	11.741003	21.698079
19.52	9.635792	2.105210	11.741003	21.693456
19.53	9.585983	2.155020	11.741003	21.688661
19.54	9.485967	2.255037	11.741004	21.683697
19.55	9.337105	2.403900	11.741005	21.678566
19.56	9.141521	2.599486	11.741007	21.673270
19.57	8.902075	2.838934	11.741009	21.667815
19.58	8.622321	3.118691	11.741012	21.662205
19.59	8.306453	3.434561	11.741015	21.656445
19.6	7.959243	3.781775	11.741018	21.650543
19.61	7.585965	4.155056	11.741022	21.644504
19.62	7.192320	4.548706	11.741025	21.638338
19.63	6.784341	4.956688	11.741029	21.632051
19.64	6.368306	5.372727	11.741033	21.625654
19.65	5.950637	5.790401	11.741037	21.619156
19.66	5.537798	6.203243	11.741041	21.612566
19.67	5.136198	6.604847	11.741045	21.605895
19.68	4.752086	6.988963	11.741049	21.599153
19.69	4.391453	7.349599	11.741053	21.592352
19.7	4.059939	7.681116	11.741056	21.585503
19.71	3.762741	7.978318	11.741059	21.578617
19.72	3.504528	8.236533	11.741061	21.571706
19.73	3.289370	8.451694	11.741063	21.564781
19.74	3.120667	8.620398	11.741065	21.557855
19.75	3.001099	8.739967	11.741066	21.550938
19.76	2.932574	8.808493	11.741067	21.544042
19.77	2.916200	8.824867	11.741067	21.537179
19.78	2.952265	8.788801	11.741067	21.530360
19.79	3.040228	8.700838	11.741066	21.523596
19.8	3.178723	8.562341	11.741065	21.516897
19.81	3.365583	8.375480	11.741063	21.510274
19.82	3.597865	8.143195	11.741060	21.503737
19.83	3.871900	7.869158	11.741058	21.497295
19.84	4.183343	7.557712	11.741055	21.490957
19.85	4.527242	7.213809	11.741051	21.484732
19.86	4.898115	6.842932	11.741047	21.478627
19.87	5.290034	6.451010	11.741044	21.472649
19.88	5.696714	6.044326	11.741039	21.466807
19.89	6.111616	5.629419	11.741035	21.461104
19.9	6.528047	5.212984	11.741031	21.455547
19.91	6.939267	4.801760	11.741027	21.450140
19.92	7.338592	4.402431	11.741023	21.444887
19.93	7.719503	4.021516	11.741019	21.439790
19.94	8.075750	3.665265	11.741015	21.434853
19.95	8.401450	3.339562	11.741012	21.430077
19.96	8.691183	3.049826	11.741009	21.425462
19.97	8.940080	2.800926	11.741006	21.421008
19.98	9.143902	2.597102	11.741004	21.416714
19.99	9.299107	2.441895	11.741002	21.412579
20	9.402916	2.338085	11.741001	21.408601
20.01	9.453350	2.287650	11.741000	21.404775
20.02	9.449276	2.291724	11.741000	21.401098
20.03	9.390420	2.350580	11.741000	21.397566
20.04	9.277380	2.463622	11.741001	21.394172
20.05	9.111616	2.629386	11.741003	21.390911
20.06	8.895438	2.845567	11.741005	21.387776
20.07	8.631965	3.109042	11.741007	21.384759
20.08	8.325087	3.415924	11.741010	21.381852
20.09	7.979401	3.761613	11.741013	21.379047
20.1	7.600147	4.140870	11.741017	21.376334
20.11	7.193125	4.547896	11.741021	21.373703
20.12	6.764607	4.976418	11.741025	21.371146
20.13	6.321243	5.419786	11.741029	21.368650
20.14	5.869954	5.871080	11.741034	21.366205
20.15	5.417825	6.323213	11.741038	21.363800
20.16	4.972000	6.769042	11.741043	21.361424
20.17	4.539563	7.201484	11.741047	21.359064
20.18	4.127427	7.613624	11.741051	21.356709
20.19	3.742232	7.998823	11.741055	21.354347
20.2	3.390228	8.350830	11.741059	21.351965
20.21	3.077186	8.663876	11.741062	21.349553
20.22	2.808296	8.932769	11.741065	21.347097
20.23	2.588090	9.152978	11.741067	21.344586
20.24	2.420361	9.320708	11.741069	21.342009
20.25	2.308106	9.432964	11.741070	21.339354
20.26	2.253471	9.487600	11.741071	21.336609
20.27	2.257715	9.483356	11.741071	21.333764
20.28	2.321184	9.419887	11.741071	21.330809
20.29	2.443302	9.297768	11.741070	21.327733
20.3	2.622577	9.118492	11.741069	21.324527
20.31	2.856615	8.884451	11.741067	21.321181
20.32	3.142160	8.598904	11.741064	21.317689
20.33	3.475130	8.265931	11.741061	21.314041
20.34	3.850687	7.890370	11.741058	21.310230
20.35	4.263302	7.477752	11.741054	21.306251
20.36	4.706838	7.034212	11.741050	21.302098
20.37	5.174644	6.566401	11.741045	21.297765
20.38	5.659655	6.081385	11.741040	21.293248
20.39	6.154500	5.586535	11.741036	21.288546
20.4	6.651614	5.089417	11.741031	21.283654
20.41	7.143352	4.597674	11.741026	21.278572
20.42	7.622113	4.118909	11.741022	21.273298
20.43	8.080451	3.660566	11.741017	21.267835
20.44	8.511197	3.229816	11.741013	21.262182
20.45	8.907564	2.833445	11.741009	21.256343
20.46	9.263262	2.477744	11.741005	21.250320
20.47	9.572589	2.168413	11.741002	21.244118
20.48	9.830528	1.910472	11.741000	21.237743
20.49	10.032824	1.708173	11.740997	21.231199
20.5	10.176054	1.564942	11.740996	21.224495
20.51	10.257684	1.483311	11.740995	21.217639
20.52	10.276109	1.464885	11.740994	21.210639
20.53	10.230686	1.510309	11.740995	21.203506
20.54	10.121744	1.619252	11.740995	21.196251
20.55	9.950585	1.790412	11.740997	21.188886
20.56	9.719469	2.021530	11.740999	21.181422
20.57	9.431579	2.309422	11.741001	21.173874
20.58	9.090981	2.650023	11.741004	21.166256
20.59	8.702561	3.038447	11.741008	21.158583
20.6	8.271956	3.469056	11.741012	21.150871
20.61	7.805467	3.935550	11.741016	21.143135
20.62	7.309968	4.431052	11.741021	21.135394
20.63	6.792804	4.948222	11.741026	21.127664
20.64	6.261674	5.479357	11.741031	21.119964
20.65	5.724521	6.016515	11.741036	21.112313
20.66	5.189406	6.551634	11.741041	21.104729
20.67	4.664392	7.076654	11.741046	21.097232
20.68	4.157410	7.583640	11.741050	21.089842
20.69	3.676149	8.064906	11.741055	21.082579
20.7	3.227928	8.513131	11.741059	21.075463
20.71	2.819591	8.921472	11.741063	21.068514
20.72	2.457393	9.283674	11.741067	21.061752
20.73	2.146910	9.594160	11.741070	21.055199
20.74	1.892946	9.848126	11.741072	21.048874
20.75	1.699463	10.041611	11.741074	21.042798
20.76	1.569515	10.171561	11.741075	21.036991
20.77	1.505196	10.235880	11.741076	21.031472
20.78	1.507613	10.233463	11.741076	21.026262
20.79	1.576862	10.164214	11.741076	21.021379
20.8	1.712023	10.029052	11.741074	21.016843
20.81	1.911176	9.829897	11.741073	21.012671
20.82	2.171424	9.569646	11.741070	21.008881
20.83	2.488939	9.252128	11.741067	21.005490
20.84	2.859014	8.882049	11.741064	21.002515
20.85	3.276139	8.464921	11.741060	20.999971
20.86	3.734077	8.006979	11.741056	20.997874
20.87	4.225963	7.515088	11.741051	20.996238
20.88	4.744407	6.996639	11.741046	20.995075
20.89	5.281603	6.459438	11.741041	20.994398
20.9	5.829452	5.911584	11.741036	20.994219
20.91	6.379683	5.361348	11.741031	20.994549
20.92	6.923978	4.817047	11.741025	20.995395
20.93	7.454103	4.286918	11.741020	20.996767
20.94	7.962029	3.778986	11.741016	20.998671
20.95	8.440061	3.300950	11.741011	21.001114
20.96	8.880952	2.860055	11.741007	21.004101
20.97	9.278015	2.462988	11.741003	21.007635
20.98	9.625229	2.115771	11.741000	21.011719
20.99	9.917328	1.823669	11.740997	21.016353
21	10.149886	1.591109	11.740995	21.021538
21.01	10.319385	1.421609	11.740993	21.027272
21.02	10.423267	1.317725	11.740992	21.033554
21.03	10.459981	1.281011	11.740992	21.040378
21.04	10.428998	1.311994	11.740992	21.047740
21.05	10.330830	1.410163	11.740993	21.055633
21.06	10.167018	1.573977	11.740995	21.064050
21.07	9.940107	1.800890	11.740997	21.072982
21.08	9.653615	2.087385	11.741000	21.082419
21.09	9.311973	2.429030	11.741003	21.092349
21.1	8.920461	2.820545	11.741007	21.102759
21.11	8.485127	3.255884	11.741011	21.113637
21.12	8.012692	3.728323	11.741016	21.124968
21.13	7.510453	4.230568	11.741021	21.136734
21.14	6.986163	4.754863	11.741026	21.148920
21.15	6.447919	5.293112	11.741031	21.161506
21.16	5.904034	5.837002	11.741036	21.174475
21.17	5.362909	6.378132	11.741041	21.187806
21.18	4.832904	6.908142	11.741046	21.201477
21.19	4.322209	7.418842	11.741051	21.215467
21.2	3.838717	7.902339	11.741056	21.229754
21.21	3.389902	8.351159	11.741060	21.244313
21.22	2.982703	8.758361	11.741064	21.259121
21.23	2.623417	9.117650	11.741068	21.274152
21.24	2.317601	9.423469	11.741071	21.289382
21.25	2.069984	9.671089	11.741073	21.304784
21.26	1.884394	9.856681	11.741075	21.320331
21.27	1.763698	9.977378	11.741076	21.335997
21.28	1.709757	10.031319	11.741077	21.351754
21.29	1.723397	10.017680	11.741076	21.367575
21.3	1.804392	9.936684	11.741076	21.383432
21.31	1.951469	9.789605	11.741074	21.399296
21.32	2.162328	9.578744	11.741072	21.415140
21.33	2.433672	9.307397	11.741070	21.430935
21.34	2.761263	8.979804	11.741066	21.446654
21.35	3.139980	8.601083	11.741063	21.462267
21.36	3.563902	8.177156	11.741058	21.477748
21.37	4.026400	7.714654	11.741054	21.493068
21.38	4.520234	7.220815	11.741049	21.508199
21.39	5.037669	6.703375	11.741044	21.523116
21.4	5.570591	6.170448	11.741039	21.537791
21.41	6.110637	5.630397	11.741033	21.552197
21.42	6.649319	5.091710	11.741028	21.566310
21.43	7.178160	4.562863	11.741023	21.580103
21.44	7.688824	4.052194	11.741018	21.593553
21.45	8.173247	3.567766	11.741013	21.606636
21.46	8.623758	3.117250	11.741009	21.619328
21.47	9.033207	2.707798	11.741005	21.631608
21.48	9.395068	2.345933	11.741001	21.643453
21.49	9.703550	2.037448	11.740998	21.654845
21.5	9.953680	1.787315	11.740995	21.665762
21.51	10.141391	1.599603	11.740993	21.676187
21.52	10.263576	1.477416	11.740992	21.686102
21.53	10.318150	1.422841	11.740991	21.695490
21.54	10.304074	1.436917	11.740991	21.704337
21.55	10.221381	1.519611	11.740992	21.712628
21.56	10.071174	1.669819	11.740993	21.720350
21.57	9.855612	1.885384	11.740995	21.727491
21.58	9.577878	2.163120	11.740998	21.734042
21.59	9.242135	2.498866	11.741001	21.739992
21.6	8.853462	2.887543	11.741005	21.745333
21.61	8.417777	3.323232	11.741009	21.750059
21.62	7.941749	3.799265	11.741014	21.754164
21.63	7.432694	4.308324	11.741019	21.757645
21.64	6.898468	4.842555	11.741024	21.760498
21.65	6.347344	5.393685	11.741029	21.762722
21.66	5.787884	5.953151	11.741035	21.764317
21.67	5.228811	6.512229	11.741040	21.765283
21.68	4.678874	7.062171	11.741045	21.765624
21.69	4.146711	7.594340	11.741051	21.765344
21.7	3.640718	8.100338	11.741056	21.764447
21.71	3.168917	8.572143	11.741060	21.762940
21.72	2.738835	9.002230	11.741065	21.760830
21.73	2.357382	9.383686	11.741069	21.758127
21.74	2.030749	9.710323	11.741072	21.754841
21.75	1.764304	9.976771	11.741075	21.750983
21.76	1.562514	10.178563	11.741077	21.746566
21.77	1.428869	10.312209	11.741079	21.741603
21.78	1.365831	10.375249	11.741079	21.736111
21.79	1.374787	10.366293	11.741080	21.730104
21.8	1.456031	10.285048	11.741079	21.723600
21.81	1.608754	10.132324	11.741078	21.716616
21.82	1.831051	9.910025	11.741076	21.709173
21.83	2.119954	9.621119	11.741074	21.701290
21.84	2.471467	9.269603	11.741070	21.692989
21.85	2.880630	8.860437	11.741067	21.684290
21.86	3.341587	8.399476	11.741063	21.675218
21.87	3.847680	7.893378	11.741058	21.665795
21.88	4.391542	7.349511	11.741053	21.656045
21.89	4.965210	6.775838	11.741048	21.645993
21.9	5.560245	6.180797	11.741042	21.635666
21.91	6.167860	5.573176	11.741037	21.625088
21.92	6.779049	4.961982	11.741031	21.614287
21.93	7.384727	4.356298	11.741025	21.603289
21.94	7.975867	3.765153	11.741020	21.592123
21.95	8.543633	3.197381	11.741014	21.580815
21.96	9.079522	2.661487	11.741009	21.569394
21.97	9.575485	2.165520	11.741005	21.557888
21.98	10.024055	1.716946	11.741000	21.546325
21.99	10.418458	1.322538	11.740997	21.534735
22	10.752720	0.988273	11.740994	21.523145
22.01	11.021754	0.719237	11.740991	21.511585
22.02	11.221442	0.519547	11.740989	21.500084
22.03	11.348695	0.392293	11.740988	21.488668
22.04	11.401504	0.339483	11.740987	21.477368
22.05	11.378970	0.362017	11.740987	21.466211
22.06	11.281320	0.459668	11.740988	21.455225
22.07	11.109902	0.631087	11.740990	21.444437
22.08	10.867169	0.873823	11.740992	21.433874
22.09	10.556640	1.184355	11.740995	21.423564
22.1	10.182850	1.558148	11.740998	21.413532
22.11	9.751281	1.989721	11.741002	21.403804
22.12	9.268281	2.472726	11.741007	21.394404
22.13	8.740967	3.000045	11.741011	21.385358
22.14	8.177119	3.563897	11.741017	21.376689
22.15	7.585066	4.155956	11.741022	21.368420
22.16	6.973555	4.767473	11.741028	21.360573
22.17	6.351623	5.389411	11.741034	21.353170
22.18	5.728460	6.012579	11.741039	21.346230
22.19	5.113272	6.627773	11.741045	21.339774
22.2	4.515139	7.225912	11.741051	21.333820
22.21	3.942883	7.798173	11.741056	21.328385
22.22	3.404931	8.336129	11.741061	21.323487
22.23	2.909192	8.831873	11.741065	21.319141
22.24	2.462933	9.278136	11.741069	21.315361
22.25	2.072677	9.668396	11.741073	21.312161
22.26	1.744099	9.996977	11.741076	21.309553
22.27	1.481945	10.259133	11.741078	21.307549
22.28	1.289958	10.451122	11.741080	21.306157
22.29	1.170828	10.570253	11.741081	21.305388
22.3	1.126145	10.614936	11.741081	21.305249
22.31	1.156385	10.584696	11.741081	21.305746
22.32	1.260895	10.480185	11.741080	21.306884
22.33	1.437912	10.303166	11.741078	21.308667
22.34	1.684586	10.056489	11.741075	21.311098
22.35	1.997030	9.744043	11.741072	21.314179
22.36	2.370372	9.370696	11.741069	21.317909
22.37	2.798840	8.942224	11.741065	21.322288
22.38	3.275843	8.465217	11.741060	21.327314
22.39	3.794076	7.946979	11.741055	21.332982
22.4	4.345631	7.395419	11.741050	21.339289
22.41	4.922116	6.818929	11.741044	21.346228
22.42	5.514787	6.226252	11.741039	21.353793
22.43	6.114678	5.626355	11.741033	21.361974
22.44	6.712738	5.028290	11.741028	21.370764
22.45	7.299970	4.441052	11.741022	21.380151
22.46	7.867564	3.873452	11.741017	21.390124
22.47	8.407037	3.333975	11.741012	21.400670
22.48	8.910351	2.830656	11.741007	21.411775
22.49	9.370047	2.370956	11.741003	21.423425
22.5	9.779345	1.961654	11.740999	21.435604
22.51	10.132254	1.608742	11.740996	21.448296
22.52	10.423658	1.317335	11.740993	21.461482
22.53	10.649394	1.091597	11.740991	21.475144
22.54	10.806311	0.934679	11.740990	21.489264
22.55	10.892318	0.848672	11.740989	21.503820
22.56	10.906411	0.834578	11.740989	21.518793
22.57	10.848690	0.892301	11.740990	21.534161
22.58	10.720350	1.020642	11.740992	21.549902
22.59	10.523665	1.217328	11.740994	21.565992
22.6	10.261949	1.479047	11.740996	21.582409
22.61	9.939501	1.801499	11.741000	21.599130
22.62	9.561540	2.179464	11.741003	21.616129
22.63	9.134122	2.606886	11.741008	21.633382
22.64	8.664046	3.076966	11.741012	21.650865
22.65	8.158748	3.582269	11.741017	21.668552
22.66	7.626184	4.114839	11.741022	21.686418
22.67	7.074709	4.666318	11.741028	21.704438
22.68	6.512950	5.228083	11.741033	21.722585
22.69	5.949668	5.791371	11.741039	21.740835
22.7	5.393627	6.347417	11.741044	21.759160
22.71	4.853458	6.887592	11.741049	21.777537
22.72	4.337529	7.403526	11.741054	21.795939
22.73	3.853813	7.887246	11.741059	21.814341
22.74	3.409772	8.331291	11.741063	21.832718
22.75	3.012238	8.728829	11.741067	21.851045
22.76	2.667312	9.073759	11.741071	21.869299
22.77	2.380271	9.360803	11.741073	21.887454
22.78	2.155488	9.585587	11.741075	21.905487
22.79	1.996370	9.744707	11.741077	21.923377
22.8	1.905301	9.835777	11.741078	21.941099
22.81	1.883611	9.857466	11.741078	21.958632
22.82	1.931560	9.809517	11.741077	21.975956
22.83	2.048330	9.692746	11.741076	21.993049
22.84	2.232043	9.509031	11.741074	22.009892
22.85	2.479791	9.261281	11.741072	22.026466
22.86	2.787681	8.953388	11.741069	22.042753
22.87	3.150900	8.590166	11.741065	22.058736
22.88	3.563785	8.177276	11.741061	22.074399
22.89	4.019917	7.721140	11.741057	22.089726
22.9	4.512215	7.228837	11.741052	22.104703
22.91	5.033052	6.707995	11.741047	22.119317
22.92	5.574366	6.166676	11.741042	22.133556
22.93	6.127791	5.613246	11.741037	22.147407
22.94	6.684780	5.056251	11.741031	22.160863
22.95	7.236740	4.504285	11.741026	22.173912
22.96	7.775165	3.965856	11.741021	22.186548
22.97	8.291760	3.449256	11.741016	22.198763
22.98	8.778575	2.962436	11.741011	22.210553
22.99	9.228122	2.512885	11.741007	22.221912
23	9.633489	2.107514	11.741003	22.232837
23.01	9.988449	1.752551	11.740999	22.243327
23.02	10.287547	1.453449	11.740996	22.253380
23.03	10.526191	1.214803	11.740994	22.262996
23.04	10.700714	1.040278	11.740993	22.272177
23.05	10.808431	0.932561	11.740991	22.280926
23.06	10.847678	0.893313	11.740991	22.289245
23.07	10.817839	0.923152	11.740991	22.297139
23.08	10.719347	1.021645	11.740992	22.304614
23.09	10.553683	1.187311	11.740994	22.311678
23.1	10.323346	1.417650	11.740996	22.318337
23.11	10.031816	1.709183	11.740999	22.324600
23.12	9.683498	2.057504	11.741002	22.330477
23.13	9.283653	2.457353	11.741006	22.335979
23.14	8.838318	2.902692	11.741010	22.341118
23.15	8.354211	3.386804	11.741015	22.345905
23.16	7.838624	3.902395	11.741019	22.350354
23.17	7.299320	4.441704	11.741025	22.354479
23.18	6.744404	4.996626	11.741030	22.358295
23.19	6.182203	5.558832	11.741035	22.361816
23.2	5.621142	6.119899	11.741040	22.365060
23.21	5.069607	6.671438	11.741045	22.368042
23.22	4.535829	7.205222	11.741050	22.370779
23.23	4.027748	7.713307	11.741055	22.373289
23.24	3.552901	8.188158	11.741060	22.375590
23.25	3.118305	8.622758	11.741064	22.377700
23.26	2.730353	9.010714	11.741067	22.379637
23.27	2.394716	9.346354	11.741070	22.381420
23.28	2.116263	9.624810	11.741073	22.383068
23.29	1.898985	9.842089	11.741075	22.384600
23.3	1.745942	9.995134	11.741076	22.386035
23.31	1.659214	10.081863	11.741076	22.387392
23.32	1.639876	10.101201	11.741077	22.388689
23.33	1.687983	10.053093	11.741076	22.389945
23.34	1.802575	9.938499	11.741075	22.391179
23.35	1.981694	9.759379	11.741073	22.392409
23.36	2.222413	9.518657	11.741070	22.393653
23.37	2.520892	9.220175	11.741068	22.394928
23.38	2.872434	8.868630	11.741064	22.396252
23.39	3.271559	8.469501	11.741060	22.397641
23.4	3.712095	8.028961	11.741056	22.399111
23.41	4.187270	7.553781	11.741051	22.400677
23.42	4.689821	7.051225	11.741047	22.402354
23.43	5.212104	6.528938	11.741042	22.404156
23.44	5.746211	5.994825	11.741037	22.406097
23.45	6.284097	5.456935	11.741032	22.408190
23.46	6.817695	4.923331	11.741027	22.410445
23.47	7.339047	4.401975	11.741022	22.412873
23.48	7.840417	3.900600	11.741017	22.415485
23.49	8.314417	3.426596	11.741013	22.418290
23.5	8.754107	2.986902	11.741009	22.421296
23.51	9.153110	2.587895	11.741005	22.424509
23.52	9.505697	2.235305	11.741002	22.427937
23.53	9.806878	1.934121	11.741000	22.431583
23.54	10.052472	1.688526	11.740997	22.435453
23.55	10.239163	1.501833	11.740996	22.439548
23.56	10.364555	1.376440	11.740995	22.443872
23.57	10.427196	1.313799	11.740995	22.448424
23.58	10.426597	1.314398	11.740995	22.453206
23.59	10.363237	1.377759	11.740996	22.458215
23.6	10.238547	1.502451	11.740997	22.463449
23.61	10.054884	1.686115	11.740999	22.468905
23.62	9.815492	1.925510	11.741002	22.474580
23.63	9.524441	2.216564	11.741005	22.480466
23.64	9.186566	2.554442	11.741008	22.486559
23.65	8.807384	2.933628	11.741012	22.492851
23.66	8.393007	3.348009	11.741016	22.499333
23.67	7.950043	3.790978	11.741021	22.505998
23.68	7.485491	4.255534	11.741025	22.512834
23.69	7.006632	4.734398	11.741030	22.519831
23.7	6.520912	5.220122	11.741035	22.526978
23.71	6.035830	5.705210	11.741039	22.534262
23.72	5.558815	6.182229	11.741044	22.541670
23.73	5.097118	6.643930	11.741048	22.549189
23.74	4.657696	7.083356	11.741052	22.556805
23.75	4.247107	7.493949	11.741056	22.564503
23.76	3.871410	7.869650	11.741060	22.572267
23.77	3.536075	8.204988	11.741063	22.580082
23.78	3.245900	8.495165	11.741065	22.587932
23.79	3.004940	8.736127	11.741067	22.595801
23.8	2.816451	8.924618	11.741069	22.603673
23.81	2.682839	9.058231	11.741070	22.611530
23.82	2.605633	9.135437	11.741070	22.619355
23.83	2.585461	9.155608	11.741070	22.627133
23.84	2.622052	9.119017	11.741069	22.634845
23.85	2.714239	9.026829	11.741068	22.642476
23.86	2.859986	8.881080	11.741066	22.650008
23.87	3.056427	8.684637	11.741064	22.657425
23.88	3.299912	8.441149	11.741061	22.664712
23.89	3.586071	8.154987	11.741058	22.671852
23.9	3.909889	7.831166	11.741054	22.678829
23.91	4.265784	7.475266	11.741051	22.685630
23.92	4.647704	7.093342	11.741047	22.692239
23.93	5.049222	6.691820	11.741042	22.698643
23.94	5.463639	6.277399	11.741038	22.704828
23.95	5.884095	5.856939	11.741034	22.710783
23.96	6.303675	5.437354	11.741029	22.716494
23.97	6.715521	5.025504	11.741025	22.721952
23.98	7.112940	4.628081	11.741021	22.727146
23.99	7.489509	4.251508	11.741017	22.732067
24	7.839178	3.901836	11.741014	22.736707
24.01	8.156360	3.584651	11.741011	22.741058
24.02	8.436021	3.304987	11.741008	22.745113
24.03	8.673758	3.067248	11.741006	22.748869
24.04	8.865862	2.875142	11.741004	22.752319
24.05	9.009379	2.731623	11.741003	22.755461
24.06	9.102151	2.638851	11.741002	22.758293
24.07	9.142846	2.598155	11.741001	22.760814
24.08	9.130978	2.610023	11.741002	22.763024
24.09	9.066911	2.674091	11.741002	22.764924
24.1	8.951849	2.789155	11.741004	22.766516
24.11	8.787812	2.953194	11.741005	22.767804
24.12	8.577603	3.163404	11.741008	22.768793
24.13	8.324762	3.416248	11.741010	22.769487
24.14	8.033502	3.707511	11.741013	22.769895
24.15	7.708642	4.032374	11.741017	22.770023
24.16	7.355530	4.385490	11.741020	22.769881
24.17	6.979953	4.761071	11.741024	22.769478
24.18	6.588043	5.152985	11.741028	22.768826
24.19	6.186181	5.554851	11.741032	22.767936
24.2	5.780894	5.960142	11.741036	22.766822
24.21	5.378747	6.362293	11.741040	22.765495
24.22	4.986243	6.754802	11.741044	22.763973
24.23	4.609716	7.131332	11.741048	22.762268
24.24	4.255233	7.485819	11.741052	22.760398
24.25	3.928497	7.812558	11.741055	22.758379
24.26	3.634759	8.106299	11.741058	22.756229
24.27	3.378731	8.362330	11.741060	22.753965
24.28	3.164519	8.576544	11.741063	22.751605
24.29	2.995554	8.745510	11.741064	22.749168
24.3	2.874542	8.866523	11.741066	22.746674
24.31	2.803423	8.937643	11.741066	22.744141
24.32	2.783339	8.957728	11.741066	22.741589
24.33	2.814621	8.926445	11.741066	22.739038
24.34	2.896784	8.844281	11.741065	22.736507
24.35	3.028538	8.712526	11.741064	22.734016
24.36	3.207809	8.533253	11.741062	22.731585
24.37	3.431774	8.309286	11.741060	22.729233
24.38	3.696906	8.044151	11.741057	22.726979
24.39	3.999036	7.742019	11.741055	22.724842
24.4	4.333413	7.407638	11.741051	22.722841
24.41	4.694787	7.046260	11.741048	22.720992
24.42	5.077491	6.663553	11.741044	22.719315
24.43	5.475528	6.265512	11.741040	22.717824
24.44	5.882672	5.858364	11.741036	22.716537
24.45	6.292562	5.448470	11.741032	22.715468
24.46	6.698805	5.042223	11.741028	22.714633
24.47	7.095077	4.645948	11.741024	22.714043
24.48	7.475218	4.265803	11.741021	22.713713
24.49	7.833335	3.907682	11.741017	22.713653
24.5	8.163891	3.577123	11.741014	22.713873
24.51	8.461788	3.279223	11.741011	22.714384
24.52	8.722452	3.018557	11.741009	22.715193
24.53	8.941897	2.799109	11.741006	22.716307
24.54	9.116792	2.624213	11.741005	22.717731
24.55	9.244507	2.496497	11.741004	22.719470
24.56	9.323153	2.417849	11.741003	22.721527
24.57	9.351613	2.389389	11.741003	22.723903
24.58	9.329552	2.411451	11.741003	22.726599
24.59	9.257422	2.483582	11.741004	22.729612
24.6	9.136454	2.604551	11.741005	22.732941
24.61	8.968633	2.772374	11.741007	22.736582
24.62	8.756668	2.984340	11.741009	22.740528
24.63	8.503945	3.237067	11.741011	22.744773
24.64	8.214469	3.526545	11.741014	22.749308
24.65	7.892806	3.848212	11.741017	22.754124
24.66	7.544001	4.197020	11.741021	22.759209
24.67	7.173504	4.567520	11.741024	22.764551
24.68	6.787081	4.953948	11.741028	22.770135
24.69	6.390718	5.350314	11.741032	22.775947
24.7	5.990535	5.750501	11.741036	22.781970
24.71	5.592680	6.148359	11.741040	22.788186
24.72	5.203241	6.537803	11.741043	22.794576
24.73	4.828144	6.912903	11.741047	22.801120
24.74	4.473065	7.267985	11.741050	22.807797
24.75	4.143340	7.597713	11.741053	22.814585
24.76	3.843884	7.897172	11.741056	22.821460
24.77	3.579115	8.161943	11.741058	22.828399
24.78	3.352888	8.388173	11.741060	22.835376
24.79	3.168433	8.572629	11.741062	22.842366
24.8	3.028314	8.712749	11.741063	22.849343
24.81	2.934387	8.806677	11.741064	22.856280
24.82	2.887776	8.853288	11.741064	22.863150
24.83	2.888859	8.852205	11.741064	22.869924
24.84	2.937264	8.803799	11.741063	22.876576
24.85	3.031883	8.709179	11.741062	22.883076
24.86	3.170889	8.570172	11.741061	22.889397
24.87	3.351771	8.389288	11.741059	22.895510
24.88	3.571378	8.169679	11.741056	22.901387
24.89	3.825969	7.915084	11.741054	22.907000
24.9	4.111282	7.629769	11.741051	22.912321
24.91	4.422595	7.318452	11.741047	22.917322
24.92	4.754813	6.986231	11.741044	22.921977
24.93	5.102545	6.638496	11.741041	22.926259
24.94	5.460192	6.280845	11.741037	22.930143
24.95	5.822042	5.918992	11.741033	22.933602
24.96	6.182353	5.558677	11.741030	22.936614
24.97	6.535453	5.205573	11.741026	22.939155
24.98	6.875825	4.865198	11.741023	22.941203
24.99	7.198197	4.542823	11.741020	22.942736
25	7.497621	4.243396	11.741017	22.943735
25.01	7.769554	3.971460	11.741015	22.944181
25.02	8.009928	3.731084	11.741012	22.944057
25.03	8.215210	3.525801	11.741011	22.943347
25.04	8.382455	3.358554	11.741009	22.942037
25.05	8.509355	3.231653	11.741008	22.940113
25.06	8.594265	3.146742	11.741007	22.937565
25.07	8.636234	3.104774	11.741007	22.934383
25.08	8.635006	3.106001	11.741008	22.930559
25.09	8.591029	3.149979	11.741008	22.926087
25.1	8.505440	3.235569	11.741009	22.920963
25.11	8.380041	3.360970	11.741011	22.915185
25.12	8.217267	3.523746	11.741013	22.908751
25.13	8.020146	3.720869	11.741015	22.901663
25.14	7.792243	3.948775	11.741018	22.893924
25.15	7.537598	4.203423	11.741020	22.885539
25.16	7.260661	4.480362	11.741023	22.876516
25.17	6.966216	4.774810	11.741027	22.866863
25.18	6.659302	5.081728	11.741030	22.856590
25.19	6.345126	5.395907	11.741033	22.845711
25.2	6.028980	5.712056	11.741036	22.834240
25.21	5.716157	6.024883	11.741040	22.822193
25.22	5.411856	6.329186	11.741043	22.809588
25.23	5.121107	6.619939	11.741046	22.796445
25.24	4.848682	6.892367	11.741049	22.782786
25.25	4.599021	7.142030	11.741051	22.768634
25.26	4.376162	7.364891	11.741053	22.754013
25.27	4.183675	7.557380	11.741055	22.738950
25.28	4.024604	7.716453	11.741057	22.723472
25.29	3.901422	7.839636	11.741058	22.707610
25.3	3.815991	7.925068	11.741059	22.691392
25.31	3.769536	7.971523	11.741059	22.674851
25.32	3.762625	7.978434	11.741059	22.658020
25.33	3.795164	7.945895	11.741059	22.640932
25.34	3.866398	7.874659	11.741058	22.623623
25.35	3.974933	7.766124	11.741056	22.606127
25.36	4.118753	7.622302	11.741055	22.588482
25.37	4.295261	7.445792	11.741053	22.570723
25.38	4.501324	7.239727	11.741051	22.552889
25.39	4.733322	7.007726	11.741048	22.535018
25.4	4.987217	6.753829	11.741045	22.517148
25.41	5.258613	6.482430	11.741042	22.499318
25.42	5.542837	6.198203	11.741039	22.481565
25.43	5.835013	5.906023	11.741036	22.463929
25.44	6.130145	5.610888	11.741033	22.446447
25.45	6.423202	5.317828	11.741030	22.429159
25.46	6.709198	5.031829	11.741027	22.412101
25.47	6.983277	4.757747	11.741024	22.395310
25.48	7.240795	4.500227	11.741021	22.378825
25.49	7.477392	4.263626	11.741019	22.362679
25.5	7.689071	4.051945	11.741016	22.346909
25.51	7.872258	3.868757	11.741015	22.331548
25.52	8.023863	3.717150	11.741013	22.316630
25.53	8.141330	3.599681	11.741012	22.302187
25.54	8.222683	3.518328	11.741011	22.288248
25.55	8.266552	3.474459	11.741010	22.274844
25.56	8.272199	3.468811	11.741010	22.262003
25.57	8.239530	3.501480	11.741011	22.249751
25.58	8.169095	3.571916	11.741011	22.238112
25.59	8.062080	3.678933	11.741013	22.227110
25.6	7.920283	3.820731	11.741014	22.216766
25.61	7.746092	3.994924	11.741016	22.207100
25.62	7.542436	4.198582	11.741018	22.198130
25.63	7.312744	4.428276	11.741020	22.189871
25.64	7.060884	4.680139	11.741023	22.182337
25.65	6.791101	4.949925	11.741026	22.175540
25.66	6.507945	5.233084	11.741029	22.169490
25.67	6.216198	5.524834	11.741032	22.164194
25.68	5.920792	5.820243	11.741035	22.159659
25.69	5.626732	6.114306	11.741038	22.155886
25.7	5.339008	6.402033	11.741041	22.152878
25.71	5.062518	6.678527	11.741044	22.150635
25.72	4.801980	6.939067	11.741047	22.149152
25.73	4.561862	7.179187	11.741050	22.148425
25.74	4.346303	7.394749	11.741052	22.148446
25.75	4.159045	7.582009	11.741054	22.149207
25.76	4.003371	7.737685	11.741056	22.150696
25.77	3.882052	7.859006	11.741057	22.152899
25.78	3.797298	7.943760	11.741058	22.155802
25.79	3.750725	7.990334	11.741059	22.159387
25.8	3.743323	7.997736	11.741059	22.163635
25.81	3.775441	7.965618	11.741059	22.168525
25.82	3.846781	7.894278	11.741058	22.174034
25.83	3.956400	7.784657	11.741057	22.180139
25.84	4.102729	7.638327	11.741056	22.186812
25.85	4.283591	7.457464	11.741054	22.194028
25.86	4.496240	7.244812	11.741052	22.201756
25.87	4.737406	7.003643	11.741050	22.209968
25.88	5.003345	6.737702	11.741047	22.218630
25.89	5.289901	6.451143	11.741044	22.227712
25.9	5.592572	6.148470	11.741041	22.237178
25.91	5.906584	5.834454	11.741038	22.246995
25.92	6.226969	5.514066	11.741035	22.257128
25.93	6.548645	5.192387	11.741032	22.267540
25.94	6.866498	4.874531	11.741029	22.278195
25.95	7.175467	4.565559	11.741026	22.289055
25.96	7.470625	4.270398	11.741023	22.300084
25.97	7.747261	3.993759	11.741020	22.311242
25.98	8.000953	3.740064	11.741017	22.322493
25.99	8.227648	3.513367	11.741015	22.333799
26	8.423720	3.317293	11.741013	22.345121
26.01	8.586034	3.154977	11.741012	22.356421
26.02	8.711998	3.029012	11.741010	22.367664
26.03	8.799603	2.941407	11.741009	22.378811
26.04	8.847458	2.893551	11.741009	22.389826
26.05	8.854813	2.886196	11.741009	22.400674
26.06	8.821572	2.919438	11.741009	22.411319
26.07	8.748294	2.992716	11.741010	22.421728
26.08	8.636187	3.104824	11.741011	22.431866
26.09	8.487085	3.253927	11.741013	22.441703
26.1	8.303423	3.437592	11.741015	22.451206
26.11	8.088193	3.652824	11.741017	22.460347
26.12	7.844900	3.896119	11.741019	22.469096
26.13	7.577502	4.163520	11.741022	22.477426
26.14	7.290350	4.450675	11.741025	22.485312
26.15	6.988110	4.752918	11.741028	22.492728
26.16	6.675695	5.065337	11.741031	22.499654
26.17	6.358179	5.382855	11.741034	22.506066
26.18	6.040720	5.700318	11.741038	22.511947
26.19	5.728468	6.012573	11.741041	22.517278
26.2	5.426488	6.314556	11.741044	22.522044
26.21	5.139673	6.601374	11.741047	22.526229
26.22	4.872664	6.868385	11.741049	22.529822
26.23	4.629778	7.111274	11.741052	22.532813
26.24	4.414929	7.326125	11.741054	22.535191
26.25	4.231572	7.509484	11.741056	22.536951
26.26	4.082638	7.658419	11.741057	22.538087
26.27	3.970494	7.770564	11.741058	22.538596
26.28	3.896895	7.844164	11.741059	22.538477
26.29	3.862960	7.878099	11.741059	22.537729
26.3	3.869151	7.871908	11.741059	22.536355
26.31	3.915266	7.825792	11.741059	22.534358
26.32	4.000440	7.740618	11.741058	22.531744
26.33	4.123158	7.617899	11.741056	22.528520
26.34	4.281280	7.459774	11.741055	22.524694
26.35	4.472079	7.268974	11.741053	22.520277
26.36	4.692278	7.048773	11.741050	22.515280
26.37	4.938108	6.802940	11.741048	22.509717
26.38	5.205370	6.535675	11.741045	22.503601
26.39	5.489501	6.251541	11.741042	22.496949
26.4	5.785650	5.955388	11.741039	22.489777
26.41	6.088761	5.652275	11.741035	22.482102
26.42	6.393649	5.347384	11.741032	22.473945
26.43	6.695093	5.045936	11.741029	22.465325
26.44	6.987920	4.753105	11.741026	22.456262
26.45	7.267091	4.473932	11.741023	22.446779
26.46	7.527783	4.213236	11.741020	22.436897
26.47	7.765475	3.975542	11.741017	22.426639
26.48	7.976019	3.764996	11.741015	22.416028
26.49	8.155713	3.585300	11.741013	22.405088
26.5	8.301363	3.439649	11.741011	22.393842
26.51	8.410340	3.330671	11.741010	22.382316
26.52	8.480623	3.260387	11.741009	22.370532
26.53	8.510838	3.230171	11.741009	22.358515
26.54	8.500281	3.240728	11.741009	22.346289
26.55	8.448936	3.292074	11.741009	22.333877
26.56	8.357474	3.383536	11.741010	22.321304
26.57	8.227250	3.513761	11.741011	22.308593
26.58	8.060281	3.680732	11.741013	22.295765
26.59	7.859216	3.881799	11.741015	22.282844
26.6	7.627297	4.113721	11.741017	22.269851
26.61	7.368306	4.372714	11.741020	22.256806
26.62	7.086508	4.654515	11.741023	22.243731
26.63	6.786583	4.954443	11.741026	22.230643
26.64	6.473550	5.267480	11.741029	22.217562
26.65	6.152684	5.588349	11.741033	22.204504
26.66	5.829436	5.911601	11.741036	22.191487
26.67	5.509338	6.231702	11.741040	22.178525
26.68	5.197917	6.543126	11.741043	22.165633
26.69	4.900601	6.840445	11.741046	22.152823
26.7	4.622632	7.118418	11.741050	22.140108
26.71	4.368972	7.372080	11.741052	22.127498
26.72	4.144229	7.596827	11.741055	22.115003
26.73	3.952569	7.788488	11.741057	22.102631
26.74	3.797653	7.943407	11.741059	22.090388
26.75	3.682566	8.058495	11.741061	22.078281
26.76	3.609767	8.131295	11.741062	22.066314
26.77	3.581044	8.160019	11.741063	22.054490
26.78	3.597474	8.143589	11.741063	22.042811
26.79	3.659407	8.081656	11.741063	22.031277
26.8	3.766450	7.974612	11.741062	22.019889
26.81	3.917470	7.823591	11.741061	22.008644
26.82	4.110602	7.630457	11.741059	21.997540
26.83	4.343280	7.397778	11.741057	21.986573
26.84	4.612265	7.128789	11.741055	21.975738
26.85	4.913700	6.827352	11.741052	21.965028
26.86	5.243159	6.497890	11.741049	21.954437
26.87	5.595718	6.145327	11.741045	21.943958
26.88	5.966030	5.775012	11.741042	21.933581
26.89	6.348406	5.392632	11.741038	21.923297
26.9	6.736904	5.004130	11.741034	21.913095
26.91	7.125420	4.615611	11.741030	21.902967
26.92	7.507786	4.233241	11.741027	21.892899
26.93	7.877869	3.863154	11.741023	21.882880
26.94	8.229667	3.511353	11.741019	21.872899
26.95	8.557403	3.183613	11.741016	21.862942
26.96	8.855625	2.885387	11.741013	21.852997
26.97	9.119290	2.621719	11.741010	21.843051
26.98	9.343849	2.397159	11.741007	21.833091
26.99	9.525319	2.215686	11.741005	21.823105
27	9.660359	2.080644	11.741004	21.813080
27.01	9.746320	1.994683	11.741002	21.803003
27.02	9.781292	1.959710	11.741002	21.792861
27.03	9.764145	1.976856	11.741001	21.782644
27.04	9.694550	2.046452	11.741002	21.772339
27.05	9.572989	2.168014	11.741003	21.761936
27.06	9.400753	2.340251	11.741004	21.751424
27.07	9.179931	2.561074	11.741006	21.740794
27.08	8.913382	2.827626	11.741008	21.730037
27.09	8.604691	3.136320	11.741011	21.719145
27.1	8.258126	3.482888	11.741014	21.708110
27.11	7.878571	3.862446	11.741017	21.696927
27.12	7.471454	4.269567	11.741021	21.685590
27.13	7.042669	4.698356	11.741025	21.674095
27.14	6.598486	5.142543	11.741029	21.662439
27.15	6.145455	5.595578	11.741033	21.650620
27.16	5.690308	6.050730	11.741037	21.638637
27.17	5.239853	6.501189	11.741041	21.626492
27.18	4.800872	6.940174	11.741046	21.614185
27.19	4.380014	7.361036	11.741050	21.601719
27.2	3.983692	7.757361	11.741053	21.589100
27.21	3.617982	8.123075	11.741057	21.576333
27.22	3.288526	8.452534	11.741060	21.563424
27.23	3.000446	8.740617	11.741063	21.550382
27.24	2.758257	8.982808	11.741065	21.537216
27.25	2.565799	9.175268	11.741067	21.523938
27.26	2.426171	9.314898	11.741069	21.510559
27.27	2.341679	9.399391	11.741070	21.497092
27.28	2.313802	9.427269	11.741070	21.483553
27.29	2.343157	9.397913	11.741070	21.469957
27.3	2.429493	9.311577	11.741069	21.456320
27.31	2.571685	9.169383	11.741068	21.442662
27.32	2.767754	8.973313	11.741066	21.429000
27.33	3.014885	8.726179	11.741064	21.415354
27.34	3.309477	8.431585	11.741061	21.401747
27.35	3.647186	8.093872	11.741058	21.388198
27.36	4.022997	7.718057	11.741055	21.374731
27.37	4.431293	7.309758	11.741051	21.361368
27.38	4.865941	6.875106	11.741047	21.348134
27.39	5.320387	6.420656	11.741042	21.335053
27.4	5.787751	5.953286	11.741038	21.322149
27.41	6.260939	5.480095	11.741033	21.309448
27.42	6.732743	5.008286	11.741029	21.296974
27.43	7.195958	4.545066	11.741025	21.284754
27.44	7.643494	4.097527	11.741020	21.272812
27.45	8.068480	3.672537	11.741016	21.261174
27.46	8.464376	3.276636	11.741012	21.249866
27.47	8.825075	2.915934	11.741009	21.238911
27.48	9.144994	2.596011	11.741006	21.228336
27.49	9.419169	2.321834	11.741003	21.218164
27.5	9.643328	2.097673	11.741001	21.208419
27.51	9.813959	1.927040	11.740999	21.199123
27.52	9.928372	1.812626	11.740998	21.190299
27.53	9.984738	1.756260	11.740997	21.181968
27.54	9.982120	1.758878	11.740997	21.174151
27.55	9.920492	1.820506	11.740998	21.166867
27.56	9.800742	1.940258	11.740999	21.160134
27.57	9.624657	2.116343	11.741001	21.153969
27.58	9.394904	2.346099	11.741003	21.148387
27.59	9.114984	2.626022	11.741006	21.143402
27.6	8.789184	2.951825	11.741009	21.139028
27.61	8.422511	3.318502	11.741012	21.135276
27.62	8.020617	3.720399	11.741016	21.132154
27.63	7.589713	4.151307	11.741020	21.129671
27.64	7.136472	4.604553	11.741025	21.127833
27.65	6.667927	5.073102	11.741029	21.126644
27.66	6.191363	5.549671	11.741034	21.126106
27.67	5.714206	6.026832	11.741039	21.126220
27.68	5.243904	6.497140	11.741043	21.126985
27.69	4.787812	6.953236	11.741048	21.128397
27.7	4.353081	7.387971	11.741052	21.130451
27.71	3.946539	7.794517	11.741056	21.133141
27.72	3.574592	8.166468	11.741060	21.136456
27.73	3.243115	8.497948	11.741063	21.140385
27.74	2.957363	8.783703	11.741066	21.144916
27.75	2.721889	9.019179	11.741068	21.150033
27.76	2.540465	9.200605	11.741070	21.155720
27.77	2.416029	9.325042	11.741071	21.161958
27.78	2.350628	9.390444	11.741072	21.168725
27.79	2.345391	9.395681	11.741072	21.175999
27.8	2.400503	9.340568	11.741072	21.183757
27.81	2.515205	9.225866	11.741071	21.191972
27.82	2.687796	9.053273	11.741069	21.200617
27.83	2.915663	8.825404	11.741067	21.209662
27.84	3.195317	8.545747	11.741064	21.219077
27.85	3.522442	8.218619	11.741061	21.228831
27.86	3.891963	7.849094	11.741057	21.238889
27.87	4.298124	7.442929	11.741053	21.249217
27.88	4.734571	7.006478	11.741049	21.259781
27.89	5.194453	6.546591	11.741044	21.270542
27.9	5.670526	6.070513	11.741040	21.281465
27.91	6.155265	5.585770	11.741035	21.292510
27.92	6.640980	5.100050	11.741030	21.303640
27.93	7.119937	4.621088	11.741025	21.314814
27.94	7.584476	4.156544	11.741021	21.325992
27.95	8.027134	3.713882	11.741016	21.337136
27.96	8.440758	3.300254	11.741012	21.348205
27.97	8.818623	2.922385	11.741008	21.359158
27.98	9.154531	2.586473	11.741005	21.369956
27.99	9.442919	2.298083	11.741002	21.380558
28	9.678938	2.062061	11.740999	21.390926
28.01	9.858539	1.882459	11.740997	21.401021
28.02	9.978534	1.762461	11.740996	21.410804
28.03	10.036654	1.704340	11.740995	21.420238
28.04	10.031582	1.709412	11.740995	21.429287
28.05	9.962981	1.778014	11.740995	21.437915
28.06	9.831500	1.909496	11.740996	21.446088
28.07	9.638773	2.102225	11.740998	21.453773
28.08	9.387392	2.353608	11.741000	21.460938
28.09	9.080873	2.660130	11.741003	21.467553
28.1	8.723606	3.017400	11.741006	21.473591
28.11	8.320788	3.420222	11.741010	21.479024
28.12	7.878348	3.862666	11.741014	21.483827
28.13	7.402857	4.338161	11.741018	21.487978
28.14	6.901430	4.839593	11.741023	21.491456
28.15	6.381616	5.359411	11.741028	21.494242
28.16	5.851287	5.889746	11.741033	21.496319
28.17	5.318513	6.422524	11.741038	21.497674
28.18	4.791443	6.949600	11.741043	21.498293
28.19	4.278174	7.462874	11.741048	21.498169
28.2	3.786634	7.954418	11.741053	21.497292
28.21	3.324453	8.416605	11.741057	21.495660
28.22	2.898845	8.842217	11.741061	21.493269
28.23	2.516499	9.224566	11.741065	21.490119
28.24	2.183472	9.557596	11.741069	21.486214
28.25	1.905095	9.835977	11.741071	21.481558
28.26	1.685885	10.055188	11.741074	21.476159
28.27	1.529479	10.211596	11.741075	21.470029
28.28	1.438570	10.302507	11.741076	21.463179
28.29	1.414864	10.326213	11.741077	21.455625
28.3	1.459052	10.282025	11.741077	21.447384
28.31	1.570795	10.170281	11.741076	21.438476
28.32	1.748726	9.992348	11.741074	21.428925
28.33	1.990467	9.750606	11.741072	21.418754
28.34	2.292663	9.448407	11.741069	21.407991
28.35	2.651031	9.090035	11.741066	21.396664
28.36	3.060421	8.680641	11.741063	21.384804
28.37	3.514895	8.226164	11.741058	21.372445
28.38	4.007810	7.733244	11.741054	21.359621
28.39	4.531923	7.209126	11.741049	21.346369
28.4	5.079499	6.661545	11.741044	21.332726
28.41	5.642424	6.098614	11.741039	21.318733
28.42	6.212332	5.528702	11.741033	21.304430
28.43	6.780728	4.960300	11.741028	21.289860
28.44	7.339121	4.401901	11.741023	21.275066
28.45	7.879152	3.861866	11.741018	21.260093
28.46	8.392719	3.348293	11.741013	21.244986
28.47	8.872105	2.868903	11.741008	21.229790
28.48	9.310094	2.430910	11.741004	21.214553
28.49	9.700081	2.040920	11.741001	21.199322
28.5	10.036175	1.704822	11.740997	21.184142
28.51	10.313293	1.427702	11.740995	21.169063
28.52	10.527231	1.213762	11.740993	21.154130
28.53	10.674736	1.066255	11.740991	21.139391
28.54	10.753557	0.987433	11.740991	21.124893
28.55	10.762476	0.978514	11.740990	21.110682
28.56	10.701332	1.039659	11.740991	21.096803
28.57	10.571022	1.169970	11.740992	21.083301
28.58	10.373493	1.367501	11.740994	21.070219
28.59	10.111708	1.629289	11.740997	21.057602
28.6	9.789607	1.951393	11.741000	21.045489
28.61	9.412044	2.328959	11.741003	21.033920
28.62	8.984717	2.756291	11.741007	21.022935
28.63	8.514079	3.226933	11.741012	21.012570
28.64	8.007244	3.733773	11.741016	21.002861
28.65	7.471875	4.269147	11.741022	20.993840
28.66	6.916069	4.824958	11.741027	20.985538
28.67	6.348236	5.392796	11.741032	20.977986
28.68	5.776967	5.964071	11.741038	20.971209
28.69	5.210904	6.530139	11.741043	20.965233
28.7	4.658611	7.082438	11.741048	20.960080
28.71	4.128438	7.612615	11.741053	20.955770
28.72	3.628398	8.112660	11.741058	20.952320
28.73	3.166041	8.575021	11.741062	20.949745
28.74	2.748340	8.992726	11.741066	20.948057
28.75	2.381583	9.359487	11.741070	20.947267
28.76	2.071276	9.669796	11.741073	20.947379
28.77	1.822062	9.919012	11.741075	20.948400
28.78	1.637646	10.103431	11.741077	20.950331
28.79	1.520736	10.220342	11.741078	20.953169
28.8	1.473008	10.268070	11.741078	20.956912
28.81	1.495074	10.246004	11.741078	20.961552
28.82	1.586476	10.154601	11.741077	20.967081
28.83	1.745690	9.995386	11.741075	20.973486
28.84	1.970151	9.770922	11.741073	20.980752
28.85	2.256292	9.484778	11.741070	20.988863
28.86	2.599599	9.141467	11.741067	20.997799
28.87	2.994680	8.746383	11.741063	21.007537
28.88	3.435346	8.305712	11.741059	21.018053
28.89	3.914709	7.826344	11.741054	21.029321
28.9	4.425288	7.315761	11.741049	21.041311
28.91	4.959119	6.781924	11.741044	21.053993
28.92	5.507887	6.233151	11.741038	21.067334
28.93	6.063044	5.677989	11.741033	21.081297
28.94	6.615949	5.125078	11.741028	21.095848
28.95	7.157996	4.583026	11.741022	21.110948
28.96	7.680751	4.060267	11.741017	21.126557
28.97	8.176076	3.564936	11.741012	21.142633
28.98	8.636265	3.104743	11.741008	21.159135
28.99	9.054152	2.686852	11.741004	21.176019
29	9.423231	2.317769	11.741000	21.193240
29.01	9.737751	2.003246	11.740997	21.210754
29.02	9.992809	1.748185	11.740995	21.228514
29.03	10.184425	1.556567	11.740993	21.246475
29.04	10.309604	1.431388	11.740992	21.264590
29.05	10.366382	1.374609	11.740991	21.282811
29.06	10.353859	1.387132	11.740991	21.301092
29.07	10.272215	1.468777	11.740992	21.319387
29.08	10.122703	1.618291	11.740993	21.337649
29.09	9.907635	1.833361	11.740995	21.355832
29.1	9.630346	2.110653	11.740998	21.373891
29.11	9.295142	2.445859	11.741001	21.391781
29.12	8.907238	2.833767	11.741005	21.409458
29.13	8.472672	3.268337	11.741009	21.426880
29.14	7.998219	3.742795	11.741014	21.444005
29.15	7.491282	4.249737	11.741019	21.460794
29.16	6.959782	4.781242	11.741024	21.477208
29.17	6.412032	5.328997	11.741030	21.493208
29.18	5.856614	5.884421	11.741035	21.508761
29.19	5.302241	6.438800	11.741040	21.523832
29.2	4.757626	6.983420	11.741046	21.538390
29.21	4.231348	7.509703	11.741051	21.552405
29.22	3.731715	8.009341	11.741056	21.565849
29.23	3.266641	8.474420	11.741061	21.578697
29.24	2.843517	8.897548	11.741065	21.590926
29.25	2.469101	9.271968	11.741069	21.602515
29.26	2.149410	9.591662	11.741072	21.613446
29.27	1.889628	9.851447	11.741074	21.623703
29.28	1.694021	10.047055	11.741077	21.633272
29.29	1.565876	10.175202	11.741078	21.642142
29.3	1.507441	10.233638	11.741079	21.650305
29.31	1.519894	10.221184	11.741079	21.657756
29.32	1.603323	10.137755	11.741078	21.664490
29.33	1.756720	9.984357	11.741077	21.670508
29.34	1.977996	9.763079	11.741075	21.675810
29.35	2.264010	9.477062	11.741072	21.680403
29.36	2.610620	9.130449	11.741069	21.684291
29.37	3.012739	8.728326	11.741065	21.687486
29.38	3.464415	8.276646	11.741061	21.689998
29.39	3.958920	7.782137	11.741056	21.691842
29.4	4.488851	7.252201	11.741052	21.693034
29.41	5.046244	6.694802	11.741046	21.693594
29.42	5.622695	6.118345	11.741041	21.693541
29.43	6.209487	5.531549	11.741035	21.692899
29.44	6.797721	4.943309	11.741030	21.691693
29.45	7.378458	4.362566	11.741024	21.689949
29.46	7.942849	3.798170	11.741019	21.687696
29.47	8.482274	3.258739	11.741014	21.684964
29.48	8.988475	2.752534	11.741009	21.681785
29.49	9.453680	2.287324	11.741004	21.678192
29.5	9.870723	1.870277	11.741000	21.674218
29.51	10.233156	1.507840	11.740997	21.669901
29.52	10.535348	1.205646	11.740994	21.665275
29.53	10.772570	0.968421	11.740991	21.660379
29.54	10.941071	0.799918	11.740990	21.655249
29.55	11.038136	0.702853	11.740989	21.649926
29.56	11.062126	0.678862	11.740988	21.644448
29.57	11.012510	0.728479	11.740989	21.638853
29.58	10.889869	0.851121	11.740990	21.633182
29.59	10.695891	1.045100	11.740991	21.627474
29.6	10.433350	1.307644	11.740994	21.621768
29.61	10.106057	1.634940	11.740997	21.616102
29.62	9.718812	2.022189	11.741000	21.610516
29.63	9.277326	2.463678	11.741004	21.605046
29.64	8.788141	2.952868	11.741009	21.599730
29.65	8.258527	3.482487	11.741014	21.594603
29.66	7.696372	4.044647	11.741019	21.589701
29.67	7.110070	4.630954	11.741025	21.585058
29.68	6.508386	5.232644	11.741030	21.580706
29.69	5.900329	5.840707	11.741036	21.576676
29.7	5.295013	6.446028	11.741042	21.572999
29.71	4.701522	7.039525	11.741047	21.569700
29.72	4.128771	7.612282	11.741053	21.566808
29.73	3.585370	8.155688	11.741058	21.564347
29.74	3.079496	8.661567	11.741063	21.562338
29.75	2.618769	9.122298	11.741067	21.560802
29.76	2.210136	9.530935	11.741071	21.559758
29.77	1.859767	9.881307	11.741074	21.559223
29.78	1.572961	10.168116	11.741077	21.559209
29.79	1.354065	10.387014	11.741079	21.559728
29.8	1.206411	10.534670	11.741080	21.560791
29.81	1.132264	10.608817	11.741081	21.562404
29.82	1.132789	10.608292	11.741081	21.564573
29.83	1.208032	10.533048	11.741080	21.567299
29.84	1.356923	10.384156	11.741079	21.570582
29.85	1.577289	10.163788	11.741077	21.574421
29.86	1.865887	9.875187	11.741074	21.578810
29.87	2.218459	9.522612	11.741071	21.583743
29.88	2.629789	9.111279	11.741067	21.589211
29.89	3.093788	8.647275	11.741063	21.595201
29.9	3.603583	8.137475	11.741058	21.601701
29.91	4.151625	7.589428	11.741053	21.608694
29.92	4.729797	7.011250	11.741048	21.616162
29.93	5.329544	6.411498	11.741042	21.624086
29.94	5.941996	5.799040	11.741037	21.632443
29.95	6.558106	5.182925	11.741031	21.641210
29.96	7.168784	4.572241	11.741025	21.650361
29.97	7.765035	3.975984	11.741020	21.659869
29.98	8.338096	3.402919	11.741015	21.669706
29.99	8.879561	2.861449	11.741010	21.679841
30	9.381515	2.359490	11.741005	21.690243
30.01	9.836649	1.904352	11.741001	21.700879
30.02	10.238366	1.502631	11.740997	21.711716
30.03	10.580884	1.160110	11.740994	21.722720
30.04	10.859317	0.881675	11.740992	21.733854
30.05	11.069751	0.671239	11.740990	21.745083
30.06	11.209297	0.531691	11.740989	21.756371
30.07	11.276135	0.464853	11.740988	21.767681
30.08	11.269537	0.471451	11.740989	21.778976
30.09	11.189877	0.551113	11.740990	21.790218
30.1	11.038620	0.702371	11.740991	21.801371
30.11	10.818301	0.922693	11.740993	21.812399
30.12	10.532481	1.208516	11.740996	21.823265
30.13	10.185690	1.555309	11.741000	21.833933
30.14	9.783360	1.957643	11.741003	21.844368
30.15	9.331734	2.409273	11.741008	21.854537
30.16	8.837776	2.903237	11.741013	21.864405
30.17	8.309056	3.431962	11.741018	21.873941
30.18	7.753641	3.987382	11.741023	21.883114
30.19	7.179967	4.561061	11.741028	21.891894
30.2	6.596712	5.144322	11.741034	21.900254
30.21	6.012661	5.728378	11.741039	21.908167
30.22	5.436576	6.304469	11.741045	21.915607
30.23	4.877059	6.863990	11.741050	21.922554
30.24	4.342429	7.398626	11.741055	21.928985
30.25	3.840587	7.900473	11.741059	21.934881
30.26	3.378905	8.362159	11.741064	21.940227
30.27	2.964114	8.776953	11.741067	21.945007
30.28	2.602202	9.138868	11.741071	21.949209
30.29	2.298328	9.442745	11.741073	21.952823
30.3	2.056744	9.684331	11.741075	21.955841
30.31	1.880736	9.860341	11.741077	21.958259
30.32	1.772576	9.968501	11.741078	21.960073
30.33	1.733493	10.007585	11.741078	21.961283
30.34	1.763655	9.977422	11.741077	21.961892
30.35	1.862173	9.878902	11.741076	21.961904
30.36	2.027120	9.713954	11.741074	21.961327
30.37	2.255561	9.485511	11.741072	21.960170
30.38	2.543602	9.197466	11.741069	21.958446
30.39	2.886459	8.854606	11.741065	21.956169
30.4	3.278527	8.462534	11.741061	21.953356
30.41	3.713475	8.027582	11.741057	21.950028
30.42	4.184342	7.556710	11.741052	21.946205
30.43	4.683651	7.057397	11.741047	21.941913
30.44	5.203520	6.537522	11.741042	21.937177
30.45	5.735791	6.005246	11.741037	21.932026
30.46	6.272151	5.468881	11.741032	21.926490
30.47	6.804263	4.936763	11.741027	21.920601
30.48	7.323897	4.417124	11.741022	21.914394
30.49	7.823052	3.917965	11.741017	21.907905
30.5	8.294079	3.446933	11.741012	21.901171
30.51	8.729801	3.011207	11.741008	21.894231
30.52	9.123619	2.617386	11.741004	21.887125
30.53	9.469612	2.271389	11.741001	21.879895
30.54	9.762628	1.978370	11.740998	21.872584
30.55	9.998358	1.742638	11.740996	21.865234
30.56	10.173401	1.567594	11.740995	21.857891
30.57	10.285311	1.455682	11.740994	21.850599
30.58	10.332637	1.408356	11.740994	21.843403
30.59	10.314936	1.426058	11.740994	21.836350
30.6	10.232778	1.508217	11.740995	21.829484
30.61	10.087735	1.653262	11.740997	21.822853
30.62	9.882352	1.858647	11.740999	21.816501
30.63	9.620104	2.120898	11.741001	21.810474
30.64	9.305340	2.435665	11.741005	21.804818
30.65	8.943213	2.797796	11.741008	21.799575
30.66	8.539593	3.201419	11.741012	21.794791
30.67	8.100982	3.640034	11.741017	21.790507
30.68	7.634403	4.106619	11.741021	21.786765
30.69	7.147292	4.593734	11.741026	21.783604
30.7	6.647385	5.093647	11.741031	21.781065
30.71	6.142590	5.598446	11.741036	21.779184
30.72	5.640871	6.100170	11.741041	21.777997
30.73	5.150120	6.590926	11.741046	21.777538
30.74	4.678035	7.063016	11.741051	21.777838
30.75	4.232001	7.509054	11.741055	21.778928
30.76	3.818980	7.922079	11.741059	21.780835
30.77	3.445397	8.295665	11.741063	21.783585
30.78	3.117051	8.624015	11.741066	21.787200
30.79	2.839018	8.902051	11.741068	21.791703
30.8	2.615579	9.125492	11.741071	21.797109
30.81	2.450156	9.290916	11.741072	21.803436
30.82	2.345259	9.395814	11.741073	21.810696
30.83	2.302453	9.438621	11.741074	21.818899
30.84	2.322330	9.418743	11.741073	21.828052
30.85	2.404510	9.336562	11.741072	21.838160
30.86	2.547645	9.193426	11.741071	21.849225
30.87	2.749441	8.991628	11.741069	21.861245
30.88	3.006701	8.734365	11.741066	21.874216
30.89	3.315374	8.425690	11.741063	21.888131
30.9	3.670617	8.070443	11.741060	21.902981
30.91	4.066878	7.674178	11.741056	21.918752
30.92	4.497980	7.243071	11.741052	21.935429
30.93	4.957219	6.783829	11.741047	21.952993
30.94	5.437466	6.303577	11.741043	21.971425
30.95	5.931284	5.809754	11.741038	21.990698
30.96	6.431040	5.309993	11.741033	22.010788
30.97	6.929024	4.812004	11.741028	22.031665
30.98	7.417567	4.323457	11.741024	22.053298
30.99	7.889161	3.851858	11.741019	22.075652
31	8.336574	3.404441	11.741015	22.098692
31.01	8.752959	2.988052	11.741011	22.122378
31.02	9.131961	2.609046	11.741007	22.146671
31.03	9.467813	2.273191	11.741004	22.171528
31.04	9.755419	1.985582	11.741001	22.196905
31.05	9.990437	1.750562	11.740999	22.222755
31.06	10.169338	1.571660	11.740998	22.249031
31.07	10.289461	1.451536	11.740996	22.275684
31.08	10.349049	1.391947	11.740996	22.302664
31.09	10.347277	1.393719	11.740996	22.329919
31.1	10.284255	1.456742	11.740997	22.357396
31.11	10.161030	1.579968	11.740998	22.385042
31.12	9.979562	1.761438	11.741000	22.412804
31.13	9.742693	1.998309	11.741002	22.440626
31.14	9.454100	2.286905	11.741005	22.468454
31.15	9.118234	2.622774	11.741008	22.496233
31.16	8.740251	3.000761	11.741012	22.523908
31.17	8.325928	3.415088	11.741016	22.551423
31.18	7.881573	3.859447	11.741020	22.578725
31.19	7.413925	4.327099	11.741024	22.605759
31.2	6.930052	4.810977	11.741029	22.632471
31.21	6.437235	5.303798	11.741033	22.658810
31.22	5.942862	5.798176	11.741038	22.684722
31.23	5.454309	6.286733	11.741043	22.710158
31.24	4.978830	6.762217	11.741047	22.735069
31.25	4.523444	7.217608	11.741051	22.759405
31.26	4.094828	7.646227	11.741055	22.783121
31.27	3.699219	8.041840	11.741059	22.806172
31.28	3.342317	8.398745	11.741062	22.828515
31.29	3.029202	8.711863	11.741064	22.850108
31.3	2.764256	8.976810	11.741067	22.870914
31.31	2.551105	9.189964	11.741068	22.890894
31.32	2.392559	9.348510	11.741070	22.910014
31.33	2.290582	9.450489	11.741070	22.928243
31.34	2.246257	9.494814	11.741071	22.945549
31.35	2.259782	9.481288	11.741070	22.961907
31.36	2.330468	9.410601	11.741069	22.977290
31.37	2.456756	9.284312	11.741068	22.991678
31.38	2.636244	9.104822	11.741066	23.005050
31.39	2.865732	8.875331	11.741063	23.017391
31.4	3.141274	8.599787	11.741060	23.028686
31.41	3.458244	8.282813	11.741057	23.038924
31.42	3.811415	7.929639	11.741053	23.048097
31.43	4.195036	7.546013	11.741050	23.056200
31.44	4.602935	7.138110	11.741045	23.063231
31.45	5.028608	6.712433	11.741041	23.069190
31.46	5.465328	6.275709	11.741037	23.074079
31.47	5.906248	5.834784	11.741033	23.077906
31.48	6.344513	5.396516	11.741028	23.080679
31.49	6.773359	4.967665	11.741024	23.082409
31.5	7.186226	4.554794	11.741020	23.083111
31.51	7.576856	4.164161	11.741017	23.082802
31.52	7.939387	3.801627	11.741013	23.081500
31.53	8.268444	3.472566	11.741010	23.079228
31.54	8.559222	3.181786	11.741008	23.076011
31.55	8.807553	2.933453	11.741006	23.071873
31.56	9.009970	2.731033	11.741004	23.066845
31.57	9.163759	2.577244	11.741003	23.060957
31.58	9.266989	2.474013	11.741002	23.054242
31.59	9.318548	2.422454	11.741002	23.046734
31.6	9.318144	2.422858	11.741002	23.038471
31.61	9.266313	2.474690	11.741003	23.029490
31.62	9.164400	2.576604	11.741004	23.019830
31.63	9.014533	2.726473	11.741006	23.009534
31.64	8.819586	2.921423	11.741008	22.998642
31.65	8.583125	3.157886	11.741011	22.987199
31.66	8.309351	3.431663	11.741014	22.975249
31.67	8.003026	3.737992	11.741017	22.962836
31.68	7.669393	4.071627	11.741021	22.950007
31.69	7.314095	4.426930	11.741024	22.936807
31.7	6.943073	4.797956	11.741028	22.923285
31.71	6.562478	5.178555	11.741032	22.909485
31.72	6.178566	5.562470	11.741036	22.895457
31.73	5.797601	5.943439	11.741040	22.881245
31.74	5.425750	6.315293	11.741044	22.866898
31.75	5.068991	6.672056	11.741047	22.852461
31.76	4.733011	7.008040	11.741051	22.837981
31.77	4.423122	7.317931	11.741054	22.823502
31.78	4.144177	7.596880	11.741056	22.809070
31.79	3.900490	7.840569	11.741059	22.794728
31.8	3.695775	8.045285	11.741061	22.780519
31.81	3.533089	8.207973	11.741062	22.766483
31.82	3.414781	8.326282	11.741063	22.752663
31.83	3.342465	8.398599	11.741064	22.739096
31.84	3.316992	8.424072	11.741064	22.725819
31.85	3.338442	8.402621	11.741063	22.712870
31.86	3.406129	8.334934	11.741062	22.700282
31.87	3.518611	8.222450	11.741061	22.688088
31.88	3.673723	8.067336	11.741059	22.676318
31.89	3.868608	7.872449	11.741057	22.665002
31.9	4.099772	7.641283	11.741054	22.654166
31.91	4.363141	7.377910	11.741052	22.643835
31.92	4.654132	7.086916	11.741048	22.634032
31.93	4.967725	6.773321	11.741045	22.624778
31.94	5.298548	6.442494	11.741042	22.616091
31.95	5.640969	6.100069	11.741038	22.607987
31.96	5.989182	5.751853	11.741034	22.600482
31.97	6.337306	5.403724	11.741031	22.593586
31.98	6.679483	5.061544	11.741027	22.587310
31.99	7.009963	4.731060	11.741024	22.581662
32	7.323211	4.417809	11.741020	22.576645
32.01	7.613983	4.127035	11.741017	22.572264
32.02	7.877418	3.863596	11.741014	22.568520
32.03	8.109115	3.631897	11.741012	22.565411
32.04	8.305200	3.435810	11.741010	22.562935
32.05	8.462389	3.278619	11.741008	22.561085
32.06	8.578042	3.162965	11.741007	22.559855
32.07	8.650199	3.090807	11.741006	22.559235
32.08	8.677617	3.063389	11.741006	22.559214
32.09	8.659782	3.081224	11.741006	22.559779
32.1	8.596919	3.144088	11.741007	22.560915
32.11	8.489988	3.251020	11.741008	22.562607
32.12	8.340664	3.400345	11.741009	22.564835
32.13	8.151312	3.589700	11.741011	22.567581
32.14	7.924943	3.816071	11.741013	22.570823
32.15	7.665169	4.075847	11.741016	22.574540
32.16	7.376142	4.364876	11.741019	22.578708
32.17	7.062486	4.678536	11.741022	22.583302
32.18	6.729221	5.011804	11.741025	22.588298
32.19	6.381683	5.359346	11.741029	22.593667
32.2	6.025438	5.715595	11.741032	22.599384
32.21	5.666190	6.074846	11.741036	22.605421
32.22	5.309692	6.431348	11.741040	22.611748
32.23	4.961653	6.779390	11.741043	22.618337
32.24	4.627644	7.113402	11.741046	22.625159
32.25	4.313014	7.428035	11.741050	22.632184
32.26	4.022800	7.718253	11.741053	22.639382
32.27	3.761647	7.979408	11.741055	22.646724
32.28	3.533740	8.207318	11.741057	22.654180
32.29	3.342730	8.398329	11.741059	22.661721
32.3	3.191683	8.549377	11.741061	22.669317
32.31	3.083030	8.658032	11.741062	22.676940
32.32	3.018527	8.722536	11.741063	22.684561
32.33	2.999230	8.741833	11.741063	22.692153
32.34	3.025482	8.715581	11.741063	22.699689
32.35	3.096904	8.644158	11.741062	22.707142
32.36	3.212405	8.528655	11.741061	22.714487
32.37	3.370203	8.370856	11.741059	22.721699
32.38	3.567849	8.173208	11.741057	22.728755
32.39	3.802273	7.938782	11.741055	22.735632
32.4	4.069831	7.671222	11.741052	22.742309
32.41	4.366364	7.374686	11.741050	22.748765
32.42	4.687267	7.053779	11.741046	22.754982
32.43	5.027564	6.713479	11.741043	22.760941
32.44	5.381983	6.359057	11.741040	22.766627
32.45	5.745047	5.995989	11.741036	22.772023
32.46	6.111155	5.629878	11.741033	22.777117
32.47	6.474677	5.266352	11.741029	22.781896
32.48	6.830040	4.910986	11.741026	22.786350
32.49	7.171815	4.569207	11.741023	22.790467
32.5	7.494809	4.246211	11.741020	22.794241
32.51	7.794138	3.946879	11.741017	22.797665
32.52	8.065310	3.675705	11.741014	22.800734
32.53	8.304292	3.436719	11.741012	22.803443
32.54	8.507576	3.233434	11.741010	22.805791
32.55	8.672225	3.068783	11.741009	22.807776
32.56	8.795928	2.945080	11.741008	22.809398
32.57	8.877024	2.863983	11.741007	22.810660
32.58	8.914536	2.826471	11.741007	22.811564
32.59	8.908174	2.832833	11.741007	22.812114
32.6	8.858345	2.882663	11.741008	22.812315
32.61	8.766137	2.974872	11.741009	22.812175
32.62	8.633305	3.107705	11.741010	22.811700
32.63	8.462235	3.278777	11.741012	22.810900
32.64	8.255906	3.485109	11.741014	22.809783
32.65	8.017837	3.723180	11.741017	22.808360
32.66	7.752032	3.988988	11.741020	22.806643
32.67	7.462909	4.278113	11.741023	22.804643
32.68	7.155234	4.585792	11.741026	22.802373
32.69	6.834033	4.906996	11.741029	22.799847
32.7	6.504521	5.236512	11.741032	22.797078
32.71	6.172007	5.569029	11.741036	22.794081
32.72	5.841817	5.899222	11.741039	22.790870
32.73	5.519201	6.221842	11.741042	22.787461
32.74	5.209252	6.531793	11.741045	22.783869
32.75	4.916825	6.824223	11.741048	22.780109
32.76	4.646458	7.094592	11.741051	22.776197
32.77	4.402301	7.338752	11.741053	22.772148
32.78	4.188049	7.553006	11.741055	22.767979
32.79	4.006887	7.734170	11.741057	22.763703
32.8	3.861437	7.879621	11.741058	22.759336
32.81	3.753723	7.987335	11.741059	22.754893
32.82	3.685137	8.055922	11.741059	22.750389
32.83	3.656420	8.084639	11.741059	22.745837
32.84	3.667653	8.073406	11.741059	22.741251
32.85	3.718261	8.022797	11.741058	22.736644
32.86	3.807022	7.934035	11.741057	22.732027
32.87	3.932093	7.808963	11.741056	22.727414
32.88	4.091041	7.650013	11.741054	22.722814
32.89	4.280887	7.460165	11.741051	22.718239
32.9	4.498157	7.242892	11.741049	22.713697
32.91	4.738942	7.002105	11.741046	22.709196
32.92	4.998962	6.742081	11.741043	22.704746
32.93	5.273643	6.467398	11.741040	22.700352
32.94	5.558188	6.182849	11.741037	22.696020
32.95	5.847662	5.893372	11.741034	22.691756
32.96	6.137073	5.603958	11.741031	22.687563
32.97	6.421454	5.319574	11.741028	22.683444
32.98	6.695947	5.045078	11.741025	22.679402
32.99	6.955884	4.785139	11.741022	22.675437
33	7.196861	4.544159	11.741020	22.671549
33.01	7.414815	4.326203	11.741018	22.667739
33.02	7.606088	4.134927	11.741016	22.664003
33.03	7.767489	3.973525	11.741014	22.660339
33.04	7.896344	3.844669	11.741013	22.656744
33.05	7.990542	3.750470	11.741012	22.653212
33.06	8.048568	3.692443	11.741011	22.649739
33.07	8.069528	3.671483	11.741011	22.646319
33.08	8.053161	3.687850	11.741011	22.642943
33.09	7.999848	3.741164	11.741012	22.639606
33.1	7.910596	3.830416	11.741013	22.636297
33.11	7.787031	3.953984	11.741014	22.633008
33.12	7.631360	4.109656	11.741016	22.629729
33.13	7.446342	4.294676	11.741018	22.626451
33.14	7.235236	4.505784	11.741020	22.623161
33.15	7.001750	4.739272	11.741023	22.619850
33.16	6.749977	4.991049	11.741026	22.616506
33.17	6.484324	5.256705	11.741029	22.613117
33.18	6.209443	5.531588	11.741032	22.609670
33.19	5.930152	5.810883	11.741035	22.606154
33.2	5.651349	6.089688	11.741038	22.602555
33.21	5.377939	6.363102	11.741041	22.598863
33.22	5.114743	6.626301	11.741044	22.595065
33.23	4.866423	6.874623	11.741046	22.591147
33.24	4.637402	7.103647	11.741049	22.587099
33.25	4.431789	7.309262	11.741051	22.582908
33.26	4.253309	7.487744	11.741053	22.578562
33.27	4.105244	7.635812	11.741055	22.574051
33.28	3.990370	7.750686	11.741056	22.569364
33.29	3.910919	7.830139	11.741058	22.564490
33.3	3.868531	7.872527	11.741058	22.559420
33.31	3.864233	7.876825	11.741058	22.554144
33.32	3.898415	7.842643	11.741058	22.548655
33.33	3.970824	7.770233	11.741058	22.542943
33.34	4.080567	7.660489	11.741057	22.537003
33.35	4.226122	7.514933	11.741055	22.530828
33.36	4.405363	7.335690	11.741054	22.524413
33.37	4.615594	7.125458	11.741052	22.517752
33.38	4.853588	6.887461	11.741049	22.510844
33.39	5.115644	6.625403	11.741047	22.503684
33.4	5.397643	6.343401	11.741044	22.496273
33.41	5.695117	6.045924	11.741041	22.488608
33.42	6.003317	5.737720	11.741038	22.480691
33.43	6.317299	5.423736	11.741035	22.472522
33.44	6.631994	5.109038	11.741032	22.464106
33.45	6.942300	4.798729	11.741028	22.455445
33.46	7.243160	4.497865	11.741025	22.446544
33.47	7.529651	4.211371	11.741022	22.437410
33.48	7.797058	3.943962	11.741020	22.428048
33.49	8.040958	3.700060	11.741017	22.418467
33.5	8.257290	3.483724	11.741015	22.408676
33.51	8.442428	3.298585	11.741013	22.398686
33.52	8.593234	3.147777	11.741011	22.388506
33.53	8.707118	3.033891	11.741010	22.378150
33.54	8.782080	2.958929	11.741009	22.367630
33.55	8.816742	2.924266	11.741009	22.356960
33.56	8.810378	2.930630	11.741009	22.346156
33.57	8.762925	2.978084	11.741009	22.335231
33.58	8.674985	3.066025	11.741010	22.324204
33.59	8.547822	3.193189	11.741011	22.313091
33.6	8.383338	3.357674	11.741013	22.301910
33.61	8.184052	3.556963	11.741014	22.290679
33.62	7.953052	3.787965	11.741017	22.279417
33.63	7.693953	4.047066	11.741019	22.268145
33.64	7.410839	4.330183	11.741022	22.256881
33.65	7.108198	4.632827	11.741025	22.245646
33.66	6.790847	4.950181	11.741028	22.234461
33.67	6.463860	5.277171	11.741032	22.223346
33.68	6.132485	5.608550	11.741035	22.212323
33.69	5.802057	5.938981	11.741038	22.201413
33.7	5.477913	6.263129	11.741042	22.190636
33.71	5.165306	6.575738	11.741045	22.180013
33.72	4.869321	6.871727	11.741048	22.169567
33.73	4.594786	7.146264	11.741051	22.159316
33.74	4.346201	7.394852	11.741053	22.149282
33.75	4.127656	7.613399	11.741055	22.139484
33.76	3.942770	7.798287	11.741057	22.129943
33.77	3.794626	7.946433	11.741059	22.120676
33.78	3.685722	8.055338	11.741060	22.111704
33.79	3.617926	8.123135	11.741061	22.103042
33.8	3.592447	8.148614	11.741061	22.094710
33.81	3.609812	8.131249	11.741061	22.086722
33.82	3.669852	8.071209	11.741060	22.079094
33.83	3.771707	7.969352	11.741060	22.071842
33.84	3.913838	7.827220	11.741058	22.064977
33.85	4.094045	7.647011	11.741056	22.058514
33.86	4.309504	7.431550	11.741054	22.052464
33.87	4.556811	7.184241	11.741052	22.046837
33.88	4.832033	6.909016	11.741049	22.041642
33.89	5.130774	6.610272	11.741046	22.036887
33.9	5.448240	6.292803	11.741043	22.032580
33.91	5.779320	5.961720	11.741039	22.028725
33.92	6.118664	5.622372	11.741036	22.025327
33.93	6.460773	5.280259	11.741033	22.022389
33.94	6.800085	4.940944	11.741029	22.019912
33.95	7.131064	4.609962	11.741026	22.017897
33.96	7.448295	4.292728	11.741022	22.016342
33.97	7.746567	3.994452	11.741019	22.015245
33.98	8.020963	3.720053	11.741017	22.014602
33.99	8.266937	3.474077	11.741014	22.014407
34	8.480391	3.260621	11.741012	22.014655
34.01	8.657744	3.083266	11.741010	22.015336
34.02	8.795992	2.945017	11.741008	22.016442
34.03	8.892756	2.848251	11.741007	22.017962
34.04	8.946329	2.794678	11.741007	22.019884
34.05	8.955700	2.785306	11.741006	22.022195
34.06	8.920578	2.820428	11.741007	22.024880
34.07	8.841399	2.899609	11.741007	22.027923
34.08	8.719317	3.021692	11.741009	22.031309
34.09	8.556195	3.184815	11.741010	22.035018
34.1	8.354575	3.386437	11.741012	22.039032
34.11	8.117638	3.623377	11.741015	22.043331
34.12	7.849158	3.891860	11.741017	22.047895
34.13	7.553440	4.187580	11.741020	22.052700
34.14	7.235256	4.505768	11.741023	22.057726
34.15	6.899767	4.841260	11.741027	22.062948
34.16	6.552443	5.188587	11.741030	22.068342
34.17	6.198973	5.542061	11.741034	22.073884
34.18	5.845176	5.895862	11.741038	22.079548
34.19	5.496906	6.244136	11.741041	22.085309
34.2	5.159956	6.581089	11.741045	22.091141
34.21	4.839968	6.901081	11.741048	22.097017
34.22	4.542334	7.198717	11.741051	22.102911
34.23	4.272114	7.468941	11.741054	22.108795
34.24	4.033946	7.707111	11.741057	22.114644
34.25	3.831972	7.909087	11.741059	22.120429
34.26	3.669769	8.071292	11.741061	22.126125
34.27	3.550285	8.190778	11.741062	22.131704
34.28	3.475788	8.265276	11.741063	22.137140
34.29	3.447826	8.293238	11.741064	22.142407
34.3	3.467201	8.273863	11.741064	22.147479
34.31	3.533944	8.207119	11.741064	22.152331
34.32	3.647317	8.093745	11.741063	22.156937
34.33	3.805817	7.935244	11.741061	22.161274
34.34	4.007195	7.733864	11.741059	22.165318
34.35	4.248489	7.492568	11.741057	22.169046
34.36	4.526067	7.214988	11.741054	22.172436
34.37	4.835680	6.905372	11.741051	22.175468
34.38	5.172528	6.568520	11.741048	22.178120
34.39	5.531333	6.209711	11.741045	22.180373
34.4	5.906421	5.834619	11.741041	22.182209
34.41	6.291810	5.449227	11.741037	22.183611
34.42	6.681303	5.059730	11.741033	22.184563
34.43	7.068588	4.672440	11.741029	22.185050
34.44	7.447339	4.293686	11.741025	22.185058
34.45	7.811313	3.929708	11.741021	22.184574
34.46	8.154455	3.586563	11.741018	22.183588
34.47	8.470994	3.270020	11.741014	22.182089
34.48	8.755537	2.985474	11.741011	22.180068
34.49	9.003160	2.737848	11.741008	22.177519
34.5	9.209486	2.531520	11.741006	22.174435
34.51	9.370763	2.370241	11.741004	22.170812
34.52	9.483924	2.257079	11.741003	22.166647
34.53	9.546644	2.194358	11.741002	22.161936
34.54	9.557380	2.183621	11.741001	22.156681
34.55	9.515404	2.225597	11.741001	22.150880
34.56	9.420817	2.320185	11.741002	22.144538
34.57	9.274556	2.466448	11.741003	22.137656
34.58	9.078383	2.662622	11.741005	22.130241
34.59	8.834866	2.906141	11.741007	22.122296
34.6	8.547342	3.193668	11.741009	22.113831
34.61	8.219870	3.521142	11.741012	22.104852
34.62	7.857176	3.883840	11.741016	22.095371
34.63	7.464576	4.276443	11.741019	22.085397
34.64	7.047906	4.693117	11.741023	22.074942
34.65	6.613425	5.127603	11.741027	22.064020
34.66	6.167726	5.573306	11.741032	22.052644
34.67	5.717633	6.023403	11.741036	22.040829
34.68	5.270097	6.470943	11.741040	22.028590
34.69	4.832086	6.908959	11.741045	22.015945
34.7	4.410477	7.330572	11.741049	22.002911
34.71	4.011949	7.729104	11.741053	21.989506
34.72	3.642877	8.098179	11.741056	21.975749
34.73	3.309231	8.431829	11.741060	21.961659
34.74	3.016479	8.724584	11.741063	21.947256
34.75	2.769500	8.971566	11.741066	21.932561
34.76	2.572503	9.168565	11.741068	21.917596
34.77	2.428960	9.312110	11.741069	21.902380
34.78	2.341542	9.399528	11.741071	21.886936
34.79	2.312080	9.428992	11.741071	21.871286
34.8	2.341523	9.399549	11.741071	21.855452
34.81	2.429924	9.311147	11.741071	21.839456
34.82	2.576431	9.164638	11.741070	21.823319
34.83	2.779296	8.961772	11.741068	21.807065
34.84	3.035893	8.705173	11.741066	21.790716
34.85	3.342757	8.398306	11.741063	21.774293
34.86	3.695631	8.045429	11.741060	21.757817
34.87	4.089527	7.651530	11.741056	21.741312
34.88	4.518797	7.222255	11.741053	21.724797
34.89	4.977221	6.763828	11.741048	21.708293
34.9	5.458091	6.282953	11.741044	21.691822
34.91	5.954320	5.786719	11.741039	21.675402
34.92	6.458542	5.282492	11.741035	21.659054
34.93	6.963228	4.777801	11.741030	21.642795
34.94	7.460798	4.280227	11.741025	21.626645
34.95	7.943737	3.797284	11.741021	21.610621
34.96	8.404711	3.336306	11.741016	21.594739
34.97	8.836679	2.904333	11.741012	21.579016
34.98	9.233004	2.508004	11.741008	21.563467
34.99	9.587554	2.153450	11.741005	21.548108
35	9.894800	1.846201	11.741002	21.532950
35.01	10.149901	1.591098	11.740999	21.518009
35.02	10.348781	1.392216	11.740997	21.503295
35.03	10.488196	1.252800	11.740996	21.488820
35.04	10.565786	1.175209	11.740995	21.474595
35.05	10.580114	1.160881	11.740994	21.460629
35.06	10.530691	1.210303	11.740995	21.446931
35.07	10.417990	1.323006	11.740996	21.433508
35.08	10.243437	1.497560	11.740997	21.420367
35.09	10.009397	1.731602	11.740999	21.407515
35.1	9.719139	2.021862	11.741002	21.394956
35.11	9.376790	2.364214	11.741005	21.382695
35.12	8.987275	2.753734	11.741008	21.370734
35.13	8.556241	3.184771	11.741012	21.359078
35.14	8.089979	3.651037	11.741017	21.347727
35.15	7.595325	4.145696	11.741021	21.336683
35.16	7.079560	4.661466	11.741026	21.325945
35.17	6.550298	5.190733	11.741031	21.315513
35.18	6.015372	5.725663	11.741036	21.305386
35.19	5.482717	6.258324	11.741041	21.295561
35.2	4.960243	6.780803	11.741046	21.286037
35.21	4.455722	7.285328	11.741050	21.276810
35.22	3.976664	7.764391	11.741055	21.267876
35.23	3.530204	8.210855	11.741059	21.259231
35.24	3.122990	8.618073	11.741063	21.250870
35.25	2.761083	8.979983	11.741066	21.242787
35.26	2.449862	9.291207	11.741069	21.234977
35.27	2.193942	9.547129	11.741071	21.227434
35.28	1.997099	9.743974	11.741073	21.220151
35.29	1.862215	9.878860	11.741074	21.213122
35.3	1.791228	9.949847	11.741075	21.206338
35.31	1.785105	9.955970	11.741075	21.199794
35.32	1.843823	9.897251	11.741074	21.193482
35.33	1.966371	9.774702	11.741073	21.187394
35.34	2.150760	9.590312	11.741071	21.181522
35.35	2.394055	9.347014	11.741069	21.175859
35.36	2.692419	9.048646	11.741066	21.170397
35.37	3.041172	8.699891	11.741062	21.165128
35.38	3.434856	8.306203	11.741059	21.160045
35.39	3.867327	7.873728	11.741054	21.155141
35.4	4.331841	7.409209	11.741050	21.150407
35.41	4.821162	6.919883	11.741045	21.145838
35.42	5.327672	6.413368	11.741040	21.141426
35.43	5.843486	5.897549	11.741035	21.137163
35.44	6.360575	5.380455	11.741030	21.133045
35.45	6.870892	4.870133	11.741025	21.129065
35.46	7.366492	4.374529	11.741020	21.125217
35.47	7.839656	3.901360	11.741016	21.121496
35.48	8.283014	3.457997	11.741011	21.117897
35.49	8.689656	3.051351	11.741007	21.114415
35.5	9.053240	2.687764	11.741004	21.111046
35.51	9.368092	2.372909	11.741001	21.107786
35.52	9.629294	2.111705	11.740998	21.104633
35.53	9.832759	1.908237	11.740996	21.101583
35.54	9.975302	1.765693	11.740995	21.098634
35.55	10.054683	1.686311	11.740994	21.095784
35.56	10.069645	1.671349	11.740994	21.093032
35.57	10.019939	1.721055	11.740994	21.090377
35.58	9.906325	1.834670	11.740995	21.087818
35.59	9.730562	2.010436	11.740997	21.085355
35.6	9.495382	2.245617	11.740999	21.082990
35.61	9.204453	2.536549	11.741002	21.080723
35.62	8.862317	2.878689	11.741006	21.078555
35.63	8.474325	3.266684	11.741009	21.076488
35.64	8.046554	3.694459	11.741014	21.074525
35.65	7.585714	4.155304	11.741018	21.072668
35.66	7.099044	4.641979	11.741023	21.070920
35.67	6.594199	5.146829	11.741028	21.069285
35.68	6.079134	5.661899	11.741033	21.067767
35.69	5.561980	6.179058	11.741038	21.066369
35.7	5.050919	6.690125	11.741043	21.065097
35.71	4.554050	7.186998	11.741048	21.063954
35.72	4.079274	7.661779	11.741053	21.062946
35.73	3.634159	8.106898	11.741057	21.062078
35.74	3.225830	8.515231	11.741061	21.061355
35.75	2.860853	8.880212	11.741065	21.060782
35.76	2.545132	9.195936	11.741068	21.060366
35.77	2.283815	9.457256	11.741071	21.060111
35.78	2.081214	9.659859	11.741073	21.060025
35.79	1.940734	9.800340	11.741075	21.060111
35.8	1.864819	9.876256	11.741076	21.060376
35.81	1.854910	9.886166	11.741076	21.060826
35.82	1.911422	9.829654	11.741075	21.061467
35.83	2.033732	9.707342	11.741074	21.062302
35.84	2.220190	9.520883	11.741073	21.063339
35.85	2.468136	9.272934	11.741071	21.064582
35.86	2.773946	8.967122	11.741068	21.066036
35.87	3.133077	8.607987	11.741064	21.067705
35.88	3.540143	8.200918	11.741060	21.069595
35.89	3.988989	7.752067	11.741056	21.071708
35.9	4.472790	7.268261	11.741052	21.074049
35.91	4.984152	6.756895	11.741047	21.076621
35.92	5.515222	6.225820	11.741042	21.079427
35.93	6.057815	5.683221	11.741036	21.082469
35.94	6.603533	5.137498	11.741031	21.085750
35.95	7.143899	4.597126	11.741026	21.089271
35.96	7.670485	4.070536	11.741021	21.093033
35.97	8.175041	3.565975	11.741016	21.097037
35.98	8.649627	3.091383	11.741011	21.101282
35.99	9.086736	2.654271	11.741007	21.105769
36	9.479404	2.261598	11.741003	21.110496
36.01	9.821330	1.919669	11.740999	21.115461
36.02	10.106966	1.634030	11.740996	21.120662
36.03	10.331610	1.409384	11.740994	21.126097
36.04	10.491476	1.249516	11.740992	21.131762
36.05	10.583762	1.157229	11.740991	21.137653
36.06	10.606688	1.134303	11.740990	21.143766
36.07	10.559532	1.181459	11.740991	21.150094
36.08	10.442643	1.298348	11.740992	21.156633
36.09	10.257438	1.483555	11.740993	21.163375
36.1	10.006382	1.734613	11.740995	21.170315
36.11	9.692957	2.048041	11.740998	21.177444
36.12	9.321607	2.419394	11.741001	21.184753
36.13	8.897678	2.843327	11.741005	21.192235
36.14	8.427334	3.313676	11.741010	21.199880
36.15	7.917467	3.823548	11.741014	21.207679
36.16	7.375593	4.365426	11.741019	21.215620
36.17	6.809741	4.931283	11.741025	21.223693
36.18	6.228329	5.512701	11.741030	21.231887
36.19	5.640039	6.100997	11.741036	21.240190
36.2	5.053682	6.687359	11.741041	21.248590
36.21	4.478068	7.262978	11.741046	21.257074
36.22	3.921871	7.819180	11.741052	21.265630
36.23	3.393494	8.347563	11.741057	21.274244
36.24	2.900943	8.840119	11.741061	21.282902
36.25	2.451703	9.289363	11.741066	21.291592
36.26	2.052627	9.688443	11.741070	21.300298
36.27	1.709824	10.031249	11.741073	21.309006
36.28	1.428570	10.312505	11.741076	21.317702
36.29	1.213227	10.527850	11.741078	21.326372
36.3	1.067170	10.673909	11.741079	21.335001
36.31	0.992739	10.748341	11.741080	21.343573
36.32	0.991199	10.749881	11.741080	21.352074
36.33	1.062722	10.678358	11.741079	21.360490
36.34	1.206380	10.534699	11.741078	21.368806
36.35	1.420159	10.320917	11.741076	21.377006
36.36	1.700989	10.040084	11.741074	21.385078
36.37	2.044789	9.696282	11.741071	21.393005
36.38	2.446524	9.294543	11.741067	21.400774
36.39	2.900287	8.840775	11.741063	21.408372
36.4	3.399384	8.341674	11.741058	21.415783
36.41	3.936432	7.804621	11.741053	21.422997
36.42	4.503478	7.237570	11.741048	21.429998
36.43	5.092111	6.648932	11.741042	21.436775
36.44	5.693594	6.047443	11.741037	21.443315
36.45	6.298997	5.442034	11.741031	21.449607
36.46	6.899328	4.841698	11.741026	21.455640
36.47	7.485672	4.255348	11.741020	21.461402
36.48	8.049328	3.691687	11.741015	21.466884
36.49	8.581936	3.159073	11.741010	21.472076
36.5	9.075610	2.665395	11.741005	21.476970
36.51	9.523052	2.217949	11.741001	21.481556
36.52	9.917666	1.823332	11.740998	21.485827
36.53	10.253657	1.487337	11.740995	21.489776
36.54	10.526121	1.214871	11.740992	21.493397
36.55	10.731115	1.009876	11.740990	21.496683
36.56	10.865720	0.875269	11.740989	21.499632
36.57	10.928085	0.812903	11.740989	21.502237
36.58	10.917454	0.823535	11.740989	21.504497
36.59	10.834176	0.906814	11.740990	21.506407
36.6	10.679700	1.061291	11.740991	21.507968
36.61	10.456554	1.284440	11.740994	21.509177
36.62	10.168303	1.572694	11.740996	21.510035
36.63	9.819496	1.921504	11.741000	21.510543
36.64	9.415595	2.325408	11.741004	21.510701
36.65	8.962894	2.778114	11.741008	21.510513
36.66	8.468417	3.272596	11.741013	21.509982
36.67	7.939815	3.801203	11.741018	21.509111
36.68	7.385246	4.355777	11.741023	21.507907
36.69	6.813252	4.927777	11.741029	21.506373
36.7	6.232626	5.508408	11.741034	21.504517
36.71	5.652281	6.088760	11.741040	21.502347
36.72	5.081107	6.659939	11.741046	21.499870
36.73	4.527842	7.213208	11.741051	21.497096
36.74	4.000936	7.740120	11.741056	21.494033
36.75	3.508418	8.232642	11.741061	21.490694
36.76	3.057780	8.683285	11.741065	21.487087
36.77	2.655857	9.085212	11.741069	21.483227
36.78	2.308725	9.432347	11.741072	21.479124
36.79	2.021608	9.719466	11.741075	21.474794
36.8	1.798801	9.942275	11.741077	21.470248
36.81	1.643601	10.097478	11.741078	21.465503
36.82	1.558257	10.182822	11.741079	21.460572
36.83	1.543941	10.197138	11.741079	21.455473
36.84	1.600726	10.140352	11.741078	21.450220
36.85	1.727588	10.013489	11.741077	21.444831
36.86	1.922423	9.818652	11.741075	21.439324
36.87	2.182077	9.558995	11.741072	21.433715
36.88	2.502400	9.238669	11.741069	21.428022
36.89	2.878306	8.862759	11.741065	21.422265
36.9	3.303855	8.437206	11.741061	21.416461
36.91	3.772343	7.968714	11.741057	21.410630
36.92	4.276408	7.464644	11.741052	21.404792
36.93	4.808141	6.932905	11.741046	21.398965
36.94	5.359211	6.381830	11.741041	21.393169
36.95	5.920992	5.820044	11.741036	21.387425
36.96	6.484695	5.256335	11.741030	21.381751
36.97	7.041508	4.699517	11.741025	21.376169
36.98	7.582726	4.158293	11.741019	21.370697
36.99	8.099890	3.641124	11.741014	21.365356
37	8.584917	3.156092	11.741009	21.360165
37.01	9.030221	2.710784	11.741005	21.355145
37.02	9.428833	2.312168	11.741001	21.350314
37.03	9.774510	1.966488	11.740998	21.345693
37.04	10.061826	1.679169	11.740995	21.341300
37.05	10.286263	1.454730	11.740993	21.337153
37.06	10.444273	1.296718	11.740991	21.333273
37.07	10.533340	1.207651	11.740990	21.329675
37.08	10.552012	1.188978	11.740990	21.326379
37.09	10.499931	1.241060	11.740991	21.323401
37.1	10.377832	1.363159	11.740992	21.320758
37.11	10.187538	1.553456	11.740993	21.318466
37.12	9.931926	1.809070	11.740996	21.316541
37.13	9.614890	2.126109	11.740999	21.314998
37.14	9.241274	2.499728	11.741002	21.313851
37.15	8.816806	2.924200	11.741007	21.313114
37.16	8.348004	3.393007	11.741011	21.312799
37.17	7.842078	3.898938	11.741016	21.312919
37.18	7.306820	4.434201	11.741021	21.313485
37.19	6.750485	4.990541	11.741027	21.314508
37.2	6.181665	5.559367	11.741032	21.315997
37.21	5.609154	6.131884	11.741038	21.317961
37.22	5.041817	6.699226	11.741043	21.320409
37.23	4.488453	7.252596	11.741048	21.323347
37.24	3.957659	7.783395	11.741054	21.326781
37.25	3.457699	8.283359	11.741059	21.330717
37.26	2.996379	8.744684	11.741063	21.335158
37.27	2.580924	9.160143	11.741067	21.340108
37.28	2.217870	9.523201	11.741071	21.345568
37.29	1.912961	9.828113	11.741074	21.351540
37.3	1.671065	10.070011	11.741076	21.358024
37.31	1.496095	10.244983	11.741078	21.365019
37.32	1.390951	10.350128	11.741079	21.372523
37.33	1.357476	10.383604	11.741080	21.380531
37.34	1.396424	10.344655	11.741079	21.389041
37.35	1.507454	10.233625	11.741079	21.398047
37.36	1.689128	10.051949	11.741077	21.407542
37.37	1.938938	9.802137	11.741075	21.417519
37.38	2.253340	9.487732	11.741072	21.427970
37.39	2.627811	9.113257	11.741069	21.438885
37.4	3.056915	8.684150	11.741065	21.450253
37.41	3.534384	8.206676	11.741060	21.462062
37.42	4.053219	7.687836	11.741055	21.474301
37.43	4.605789	7.135261	11.741050	21.486954
37.44	5.183953	6.557092	11.741045	21.500009
37.45	5.779176	5.961864	11.741039	21.513448
37.46	6.382666	5.358368	11.741034	21.527256
37.47	6.985502	4.755527	11.741028	21.541415
37.48	7.578771	4.162252	11.741023	21.555907
37.49	8.153702	3.587316	11.741018	21.570713
37.5	8.701798	3.039214	11.741012	21.585812
37.51	9.214968	2.526040	11.741008	21.601184
37.52	9.685641	2.055363	11.741003	21.616808
37.53	10.106887	1.634112	11.741000	21.632661
37.54	10.472520	1.268476	11.740996	21.648721
37.55	10.777187	0.963806	11.740993	21.664964
37.56	11.016451	0.724540	11.740991	21.681367
37.57	11.186856	0.554134	11.740990	21.697904
37.58	11.285978	0.455011	11.740989	21.714551
37.59	11.312459	0.428530	11.740989	21.731282
37.6	11.266028	0.474961	11.740989	21.748072
37.61	11.147503	0.593488	11.740990	21.764895
37.62	10.958774	0.782218	11.740992	21.781724
37.63	10.702778	1.038217	11.740995	21.798533
37.64	10.383447	1.357551	11.740998	21.815295
37.65	10.005652	1.735349	11.741001	21.831984
37.66	9.575124	2.165881	11.741005	21.848573
37.67	9.098369	2.642641	11.741010	21.865035
37.68	8.582565	3.158450	11.741015	21.881343
37.69	8.035453	3.705566	11.741020	21.897472
37.7	7.465224	4.275801	11.741025	21.913395
37.71	6.880385	4.860646	11.741031	21.929085
37.72	6.289639	5.451397	11.741036	21.944519
37.73	5.701749	6.039292	11.741042	21.959669
37.74	5.125405	6.615642	11.741047	21.974513
37.75	4.569094	7.171958	11.741052	21.989025
37.76	4.040975	7.700082	11.741057	22.003182
37.77	3.548753	8.192308	11.741061	22.016961
37.78	3.099566	8.641500	11.741065	22.030340
37.79	2.699879	9.041190	11.741069	22.043297
37.8	2.355389	9.385683	11.741072	22.055812
37.81	2.070939	9.670135	11.741074	22.067865
37.82	1.850452	9.890624	11.741076	22.079438
37.83	1.696872	10.044206	11.741077	22.090512
37.84	1.612121	10.128957	11.741078	22.101072
37.85	1.597079	10.143999	11.741078	22.111100
37.86	1.651571	10.089506	11.741077	22.120583
37.87	1.774374	9.966701	11.741076	22.129507
37.88	1.963241	9.777832	11.741074	22.137860
37.89	2.214938	9.526133	11.741071	22.145631
37.9	2.525297	9.215771	11.741068	22.152811
37.91	2.889284	8.851780	11.741064	22.159391
37.92	3.301079	8.439981	11.741060	22.165365
37.93	3.754166	7.986890	11.741056	22.170727
37.94	4.241438	7.499613	11.741051	22.175472
37.95	4.755307	6.985739	11.741046	22.179599
37.96	5.287819	6.453222	11.741041	22.183106
37.97	5.830781	5.910255	11.741036	22.185992
37.98	6.375882	5.365148	11.741030	22.188261
37.99	6.914828	4.826198	11.741025	22.189915
38	7.439459	4.301562	11.741020	22.190959
38.01	7.941880	3.799136	11.741016	22.191398
38.02	8.414580	3.326431	11.741011	22.191242
38.03	8.850541	2.890466	11.741007	22.190498
38.04	9.243347	2.497656	11.741004	22.189178
38.05	9.587279	2.153722	11.741001	22.187293
38.06	9.877397	1.863602	11.740998	22.184857
38.07	10.109613	1.631383	11.740996	22.181885
38.08	10.280754	1.460241	11.740995	22.178394
38.09	10.388600	1.352394	11.740994	22.174400
38.1	10.431915	1.309078	11.740994	22.169923
38.11	10.410467	1.330527	11.740994	22.164984
38.12	10.325019	1.415977	11.740995	22.159603
38.13	10.177315	1.563682	11.740997	22.153803
38.14	9.970054	1.770946	11.740999	22.147609
38.15	9.706833	2.034169	11.741002	22.141045
38.16	9.392099	2.348906	11.741005	22.134137
38.17	9.031066	2.709943	11.741009	22.126912
38.18	8.629639	3.111374	11.741013	22.119398
38.19	8.194312	3.546705	11.741017	22.111625
38.2	7.732073	4.008949	11.741022	22.103620
38.21	7.250285	4.490742	11.741027	22.095415
38.22	6.756578	4.984454	11.741032	22.087041
38.23	6.258722	5.482315	11.741037	22.078529
38.24	5.764514	5.976527	11.741041	22.069911
38.25	5.281651	6.459396	11.741046	22.061220
38.26	4.817612	6.923439	11.741051	22.052488
38.27	4.379546	7.361509	11.741055	22.043749
38.28	3.974159	7.766899	11.741059	22.035035
38.29	3.607616	8.133446	11.741062	22.026380
38.3	3.285441	8.455624	11.741065	22.017818
38.31	3.012442	8.728626	11.741068	22.009381
38.32	2.792633	8.948437	11.741070	22.001103
38.33	2.629179	9.111892	11.741071	21.993017
38.34	2.524351	9.216721	11.741072	21.985154
38.35	2.479489	9.261583	11.741072	21.977548
38.36	2.494993	9.246079	11.741072	21.970231
38.37	2.570316	9.170755	11.741071	21.963232
38.38	2.703976	9.037094	11.741069	21.956582
38.39	2.893587	8.847481	11.741067	21.950312
38.4	3.135897	8.605168	11.741065	21.944449
38.41	3.426844	8.314217	11.741062	21.939022
38.42	3.761622	7.979436	11.741058	21.934059
38.43	4.134759	7.606295	11.741055	21.929583
38.44	4.540206	7.200845	11.741050	21.925622
38.45	4.971431	6.769615	11.741046	21.922197
38.46	5.421528	6.319514	11.741042	21.919332
38.47	5.883322	5.857715	11.741037	21.917047
38.48	6.349484	5.391549	11.741032	21.915363
38.49	6.812645	4.928383	11.741028	21.914296
38.5	7.265512	4.475512	11.741023	21.913865
38.51	7.700981	4.040038	11.741019	21.914084
38.52	8.112249	3.628766	11.741015	21.914967
38.53	8.492917	3.248095	11.741011	21.916525
38.54	8.837087	2.903921	11.741008	21.918770
38.55	9.139457	2.601548	11.741005	21.921710
38.56	9.395396	2.345607	11.741003	21.925351
38.57	9.601019	2.139982	11.741001	21.929700
38.58	9.753239	1.987760	11.740999	21.934759
38.59	9.849818	1.891181	11.740999	21.940531
38.6	9.889394	1.851604	11.740998	21.947014
38.61	9.871502	1.869496	11.740999	21.954208
38.62	9.796576	1.944423	11.740999	21.962109
38.63	9.665940	2.075061	11.741001	21.970712
38.64	9.481782	2.259221	11.741003	21.980009
38.65	9.247119	2.493886	11.741005	21.989991
38.66	8.965745	2.775263	11.741008	22.000649
38.67	8.642171	3.098840	11.741011	22.011969
38.68	8.281549	3.459466	11.741015	22.023939
38.69	7.889589	3.851430	11.741019	22.036542
38.7	7.472470	4.268552	11.741023	22.049762
38.71	7.036743	4.704283	11.741027	22.063579
38.72	6.589223	5.151808	11.741031	22.077975
38.73	6.136883	5.604153	11.741036	22.092927
38.74	5.686746	6.054294	11.741040	22.108413
38.75	5.245776	6.495268	11.741044	22.124409
38.76	4.820767	6.920281	11.741048	22.140889
38.77	4.418238	7.322814	11.741052	22.157827
38.78	4.044334	7.696722	11.741056	22.175195
38.79	3.704730	8.036329	11.741059	22.192965
38.8	3.404547	8.336515	11.741062	22.211107
38.81	3.148269	8.592795	11.741064	22.229591
38.82	2.939684	8.801383	11.741066	22.248385
38.83	2.781817	8.959250	11.741067	22.267459
38.84	2.676898	9.064170	11.741068	22.286779
38.85	2.626320	9.114749	11.741069	22.306313
38.86	2.630626	9.110442	11.741068	22.326027
38.87	2.689506	9.051562	11.741068	22.345888
38.88	2.801799	8.939268	11.741067	22.365861
38.89	2.965521	8.775544	11.741065	22.385914
38.9	3.177898	8.563165	11.741063	22.406013
38.91	3.435410	8.305650	11.741060	22.426122
38.92	3.733852	8.007204	11.741057	22.446209
38.93	4.068404	7.672650	11.741054	22.466240
38.94	4.433704	7.307346	11.741050	22.486182
38.95	4.823940	6.917106	11.741046	22.506002
38.96	5.232938	6.508104	11.741042	22.525668
38.97	5.654264	6.086774	11.741038	22.545149
38.98	6.081323	5.659710	11.741034	22.564414
38.99	6.507465	5.233564	11.741030	22.583433
39	6.926088	4.814938	11.741026	22.602176
39.01	7.330739	4.410283	11.741022	22.620616
39.02	7.715218	4.025800	11.741018	22.638725
39.03	8.073672	3.667343	11.741015	22.656478
39.04	8.400684	3.340328	11.741012	22.673848
39.05	8.691355	3.049653	11.741009	22.690814
39.06	8.941383	2.799624	11.741007	22.707352
39.07	9.147118	2.593887	11.741005	22.723440
39.08	9.305625	2.435378	11.741003	22.739061
39.09	9.414721	2.326281	11.741003	22.754195
39.1	9.473006	2.267996	11.741002	22.768825
39.11	9.479882	2.261121	11.741002	22.782937
39.12	9.435555	2.305448	11.741003	22.796517
39.13	9.341030	2.399974	11.741004	22.809552
39.14	9.198092	2.542914	11.741006	22.822033
39.15	9.009267	2.731740	11.741008	22.833950
39.16	8.777786	2.963224	11.741010	22.845296
39.17	8.507525	3.233488	11.741013	22.856066
39.18	8.202940	3.538076	11.741016	22.866255
39.19	7.868996	3.872023	11.741019	22.875862
39.2	7.511085	4.229938	11.741023	22.884886
39.21	7.134936	4.606091	11.741027	22.893327
39.22	6.746525	4.994506	11.741030	22.901189
39.23	6.351978	5.389056	11.741034	22.908474
39.24	5.957474	5.783564	11.741038	22.915190
39.25	5.569145	6.171897	11.741042	22.921342
39.26	5.192979	6.548066	11.741046	22.926940
39.27	4.834730	6.906319	11.741049	22.931993
39.28	4.499822	7.241230	11.741052	22.936513
39.29	4.193270	7.547785	11.741055	22.940513
39.3	3.919600	7.821457	11.741057	22.944005
39.31	3.682780	8.058279	11.741059	22.947006
39.32	3.486162	8.254899	11.741061	22.949531
39.33	3.332430	8.408632	11.741062	22.951597
39.34	3.223564	8.517499	11.741063	22.953223
39.35	3.160811	8.580253	11.741063	22.954428
39.36	3.144669	8.596395	11.741063	22.955231
39.37	3.174885	8.566178	11.741063	22.955653
39.38	3.250464	8.490598	11.741062	22.955716
39.39	3.369689	8.371371	11.741060	22.955440
39.4	3.530153	8.210906	11.741058	22.954850
39.41	3.728801	8.012255	11.741056	22.953966
39.42	3.961986	7.779068	11.741053	22.952812
39.43	4.225528	7.515523	11.741050	22.951411
39.44	4.514786	7.226261	11.741047	22.949787
39.45	4.824739	6.916305	11.741044	22.947962
39.46	5.150063	6.590978	11.741040	22.945960
39.47	5.485224	6.255813	11.741037	22.943805
39.48	5.824567	5.916466	11.741033	22.941518
39.49	6.162410	5.578620	11.741030	22.939122
39.5	6.493133	5.247893	11.741026	22.936640
39.51	6.811275	4.929748	11.741023	22.934094
39.52	7.111615	4.629405	11.741020	22.931503
39.53	7.389261	4.351756	11.741017	22.928889
39.54	7.639727	4.101288	11.741015	22.926270
39.55	7.859002	3.882011	11.741013	22.923667
39.56	8.043615	3.697395	11.741011	22.921097
39.57	8.190691	3.550318	11.741009	22.918577
39.58	8.297991	3.443017	11.741008	22.916122
39.59	8.363950	3.377058	11.741008	22.913749
39.6	8.387695	3.353313	11.741008	22.911470
39.61	8.369062	3.371947	11.741008	22.909299
39.62	8.308591	3.432418	11.741009	22.907247
39.63	8.207519	3.533491	11.741010	22.905324
39.64	8.067751	3.673261	11.741012	22.903539
39.65	7.891833	3.849181	11.741014	22.901900
39.66	7.682901	4.058115	11.741016	22.900413
39.67	7.444635	4.296384	11.741019	22.899083
39.68	7.181189	4.559832	11.741021	22.897914
39.69	6.897130	4.843895	11.741024	22.896908
39.7	6.597351	5.143677	11.741028	22.896065
39.71	6.287000	5.454031	11.741031	22.895386
39.72	5.971388	5.769647	11.741034	22.894869
39.73	5.655903	6.085134	11.741038	22.894509
39.74	5.345924	6.395117	11.741041	22.894304
39.75	5.046728	6.694316	11.741044	22.894246
39.76	4.763405	6.977642	11.741047	22.894328
39.77	4.500777	7.240273	11.741050	22.894543
39.78	4.263316	7.477737	11.741053	22.894881
39.79	4.055072	7.685982	11.741055	22.895331
39.8	3.879610	7.861446	11.741057	22.895881
39.81	3.739948	8.001111	11.741058	22.896519
39.82	3.638508	8.102552	11.741059	22.897230
39.83	3.577081	8.163979	11.741060	22.898000
39.84	3.556796	8.184265	11.741060	22.898813
39.85	3.578100	8.162960	11.741060	22.899652
39.86	3.640755	8.100305	11.741060	22.900502
39.87	3.743839	7.997219	11.741059	22.901343
39.88	3.885765	7.855292	11.741057	22.902158
39.89	4.064303	7.676753	11.741055	22.902927
39.9	4.276620	7.464434	11.741053	22.903632
39.91	4.519325	7.221726	11.741051	22.904253
39.92	4.788525	6.952524	11.741048	22.904770
39.93	5.079888	6.661157	11.741045	22.905164
39.94	5.388716	6.352326	11.741042	22.905415
39.95	5.710016	6.031022	11.741039	22.905502
39.96	6.038588	5.702447	11.741036	22.905406
39.97	6.369104	5.371928	11.741032	22.905109
39.98	6.696197	5.044832	11.741029	22.904590
39.99	7.014549	4.726477	11.741026	22.903831
40	7.318974	4.422048	11.741022	22.902814
40.01	7.604506	4.136514	11.741020	22.901521
40.02	7.866476	3.874541	11.741017	22.899935
40.03	8.100589	3.640426	11.741014	22.898041
40.04	8.302993	3.438019	11.741012	22.895823
40.05	8.470343	3.270668	11.741011	22.893266
40.06	8.599850	3.141159	11.741009	22.890358
40.07	8.689334	3.051674	11.741008	22.887086
40.08	8.737251	3.003757	11.741008	22.883438
40.09	8.742722	2.998285	11.741008	22.879405
40.1	8.705548	3.035460	11.741008	22.874978
40.11	8.626208	3.114801	11.741009	22.870151
40.12	8.505858	3.235151	11.741010	22.864915
40.13	8.346309	3.394703	11.741011	22.859268
40.14	8.149994	3.591019	11.741013	22.853205
40.15	7.919936	3.821080	11.741015	22.846726
40.16	7.659694	4.081324	11.741018	22.839830
40.17	7.373308	4.367713	11.741021	22.832517
40.18	7.065232	4.675791	11.741024	22.824792
40.19	6.740267	5.000759	11.741027	22.816659
40.2	6.403478	5.337552	11.741030	22.808123
40.21	6.060116	5.680918	11.741034	22.799192
40.22	5.715533	6.025504	11.741037	22.789875
40.23	5.375098	6.365942	11.741040	22.780183
40.24	5.044110	6.696934	11.741043	22.770128
40.25	4.727710	7.013337	11.741047	22.759724
40.26	4.430806	7.310243	11.741049	22.748986
40.27	4.157990	7.583062	11.741052	22.737930
40.28	3.913465	7.827590	11.741054	22.726575
40.29	3.700980	8.040076	11.741056	22.714940
40.3	3.523773	8.217285	11.741058	22.703046
40.31	3.384515	8.356544	11.741059	22.690914
40.32	3.285271	8.455789	11.741060	22.678568
40.33	3.227469	8.513592	11.741061	22.666031
40.34	3.211878	8.529183	11.741061	22.653329
40.35	3.238596	8.502464	11.741060	22.640489
40.36	3.307051	8.434008	11.741060	22.627536
40.37	3.416012	8.325047	11.741059	22.614500
40.38	3.563608	8.177449	11.741057	22.601408
40.39	3.747365	7.993690	11.741055	22.588290
40.4	3.964239	7.776814	11.741053	22.575175
40.41	4.210676	7.530374	11.741050	22.562093
40.42	4.482663	7.258385	11.741048	22.549075
40.43	4.775796	6.965248	11.741045	22.536152
40.44	5.085356	6.655685	11.741041	22.523353
40.45	5.406380	6.334658	11.741038	22.510710
40.46	5.733745	6.007290	11.741035	22.498254
40.47	6.062252	5.678780	11.741032	22.486014
40.48	6.386708	5.354321	11.741029	22.474020
40.49	6.702010	5.039015	11.741026	22.462303
40.5	7.003232	4.737790	11.741023	22.450892
40.51	7.285698	4.455322	11.741020	22.439814
40.52	7.545060	4.195958	11.741017	22.429098
40.53	7.777368	3.963647	11.741015	22.418771
40.54	7.979134	3.761879	11.741013	22.408858
40.55	8.147385	3.593627	11.741012	22.399384
40.56	8.279709	3.461302	11.741011	22.390373
40.57	8.374297	3.366713	11.741010	22.381848
40.58	8.429967	3.311043	11.741010	22.373830
40.59	8.446181	3.294829	11.741010	22.366338
40.6	8.423055	3.317955	11.741010	22.359392
40.61	8.361353	3.379658	11.741011	22.353007
40.62	8.262472	3.478541	11.741012	22.347199
40.63	8.128417	3.612597	11.741014	22.341982
40.64	7.961767	3.779248	11.741016	22.337367
40.65	7.765634	3.975384	11.741018	22.333364
40.66	7.543601	4.197419	11.741021	22.329982
40.67	7.299672	4.441352	11.741023	22.327226
40.68	7.038196	4.702830	11.741026	22.325101
40.69	6.763799	4.977230	11.741029	22.323609
40.7	6.481306	5.259726	11.741032	22.322751
40.71	6.195657	5.545378	11.741035	22.322525
40.72	5.911827	5.829211	11.741039	22.322928
40.73	5.634744	6.106298	11.741042	22.323953
40.74	5.369202	6.371842	11.741044	22.325594
40.75	5.119788	6.621259	11.741047	22.327840
40.76	4.890797	6.850252	11.741050	22.330680
40.77	4.686169	7.054883	11.741052	22.334101
40.78	4.509415	7.231638	11.741054	22.338088
40.79	4.363566	7.377489	11.741055	22.342622
40.8	4.251117	7.489940	11.741056	22.347685
40.81	4.173985	7.567072	11.741057	22.353256
40.82	4.133481	7.607576	11.741058	22.359312
40.83	4.130285	7.610772	11.741058	22.365829
40.84	4.164434	7.576623	11.741057	22.372782
40.85	4.235321	7.505735	11.741057	22.380142
40.86	4.341707	7.399348	11.741055	22.387881
40.87	4.481738	7.259316	11.741054	22.395969
40.88	4.652978	7.088074	11.741052	22.404375
40.89	4.852448	6.888602	11.741050	22.413065
40.9	5.076676	6.664371	11.741047	22.422006
40.91	5.321754	6.419291	11.741045	22.431163
40.92	5.583403	6.157639	11.741042	22.440502
40.93	5.857045	5.883993	11.741039	22.449985
40.94	6.137880	5.603155	11.741036	22.459577
40.95	6.420965	5.320068	11.741033	22.469238
40.96	6.701295	5.039734	11.741029	22.478933
40.97	6.973895	4.767132	11.741026	22.488622
40.98	7.233893	4.507131	11.741024	22.498267
40.99	7.476612	4.264409	11.741021	22.507831
41	7.697645	4.043374	11.741018	22.517274
41.01	7.892929	3.848087	11.741016	22.526560
41.02	8.058820	3.682193	11.741014	22.535650
41.03	8.192152	3.548860	11.741012	22.544507
41.04	8.290293	3.450718	11.741011	22.553094
41.05	8.351192	3.389818	11.741010	22.561376
41.06	8.373420	3.367590	11.741010	22.569316
41.07	8.356191	3.384819	11.741010	22.576882
41.08	8.299384	3.441626	11.741010	22.584040
41.09	8.203547	3.537464	11.741011	22.590757
41.1	8.069891	3.671121	11.741012	22.597003
41.11	7.900276	3.840737	11.741013	22.602748
41.12	7.697183	4.043833	11.741015	22.607964
41.13	7.463674	4.277343	11.741018	22.612625
41.14	7.203352	4.537668	11.741020	22.616705
41.15	6.920298	4.820725	11.741023	22.620181
41.16	6.619010	5.122016	11.741026	22.623032
41.17	6.304330	5.436699	11.741029	22.625237
41.18	5.981370	5.759662	11.741032	22.626780
41.19	5.655425	6.085611	11.741036	22.627643
41.2	5.331891	6.409149	11.741039	22.627814
41.21	5.016174	6.724869	11.741043	22.627280
41.22	4.713605	7.027441	11.741046	22.626032
41.23	4.429349	7.311700	11.741049	22.624062
41.24	4.168322	7.572729	11.741052	22.621364
41.25	3.935109	7.805946	11.741054	22.617936
41.26	3.733882	8.007175	11.741057	22.613775
41.27	3.568337	8.172722	11.741059	22.608883
41.28	3.441625	8.299435	11.741060	22.603263
41.29	3.356298	8.384764	11.741061	22.596921
41.3	3.314265	8.426797	11.741062	22.589863
41.31	3.316755	8.424307	11.741063	22.582099
41.32	3.364294	8.376768	11.741062	22.573641
41.33	3.456689	8.284373	11.741062	22.564502
41.34	3.593027	8.148034	11.741061	22.554698
41.35	3.771686	7.969374	11.741059	22.544247
41.36	3.990356	7.750702	11.741058	22.533167
41.37	4.246068	7.494987	11.741055	22.521479
41.38	4.535243	7.205810	11.741053	22.509207
41.39	4.853739	6.887311	11.741050	22.496375
41.4	5.196917	6.544130	11.741047	22.483009
41.41	5.559711	6.181333	11.741043	22.469136
41.42	5.936706	5.804334	11.741040	22.454786
41.43	6.322222	5.418814	11.741036	22.439989
41.44	6.710404	5.030628	11.741032	22.424775
41.45	7.095311	4.645717	11.741029	22.409177
41.46	7.471013	4.270012	11.741025	22.393230
41.47	7.831683	3.909339	11.741021	22.376966
41.48	8.171691	3.569327	11.741018	22.360420
41.49	8.485697	3.255318	11.741015	22.343629
41.5	8.768731	2.972282	11.741012	22.326628
41.51	9.016279	2.724730	11.741010	22.309455
41.52	9.224358	2.516649	11.741007	22.292144
41.53	9.389577	2.351429	11.741006	22.274734
41.54	9.509196	2.231809	11.741005	22.257261
41.55	9.581174	2.159830	11.741004	22.239762
41.56	9.604205	2.136799	11.741003	22.222274
41.57	9.577739	2.163265	11.741003	22.204832
41.58	9.501999	2.239005	11.741004	22.187472
41.59	9.377978	2.363028	11.741005	22.170230
41.6	9.207428	2.533579	11.741007	22.153139
41.61	8.992836	2.748173	11.741009	22.136234
41.62	8.737390	3.003621	11.741011	22.119547
41.63	8.444928	3.296086	11.741014	22.103110
41.64	8.119883	3.621134	11.741017	22.086954
41.65	7.767215	3.973805	11.741020	22.071108
41.66	7.392337	4.348687	11.741024	22.055600
41.67	7.001026	4.740002	11.741028	22.040457
41.68	6.599341	5.141690	11.741032	22.025703
41.69	6.193522	5.547513	11.741036	22.011364
41.7	5.789895	5.951144	11.741040	21.997461
41.71	5.394773	6.346271	11.741044	21.984014
41.72	5.014354	6.726694	11.741047	21.971043
41.73	4.654624	7.086427	11.741051	21.958563
41.74	4.321262	7.419792	11.741054	21.946592
41.75	4.019548	7.721509	11.741057	21.935141
41.76	3.754280	7.986780	11.741060	21.924222
41.77	3.529691	8.211371	11.741062	21.913846
41.78	3.349385	8.391679	11.741064	21.904018
41.79	3.216277	8.524788	11.741065	21.894746
41.8	3.132542	8.608524	11.741066	21.886033
41.81	3.099577	8.641489	11.741066	21.877880
41.82	3.117980	8.623086	11.741066	21.870288
41.83	3.187533	8.553533	11.741066	21.863255
41.84	3.307205	8.433860	11.741065	21.856776
41.85	3.475164	8.265899	11.741063	21.850847
41.86	3.688803	8.052258	11.741061	21.845459
41.87	3.944779	7.796280	11.741058	21.840604
41.88	4.239061	7.501995	11.741055	21.836271
41.89	4.566994	7.174058	11.741052	21.832446
41.9	4.923370	6.817679	11.741049	21.829115
41.91	5.302505	6.438540	11.741045	21.826264
41.92	5.698331	6.042709	11.741041	21.823875
41.93	6.104491	5.636546	11.741037	21.821928
41.94	6.514434	5.226599	11.741033	21.820406
41.95	6.921524	4.819505	11.741028	21.819285
41.96	7.319141	4.421883	11.741024	21.818545
41.97	7.700791	4.040230	11.741020	21.818162
41.98	8.060202	3.680815	11.741017	21.818112
41.99	8.391432	3.349581	11.741013	21.818371
42	8.688962	3.052048	11.741010	21.818912
42.01	8.947785	2.793222	11.741007	21.819709
42.02	9.163489	2.577516	11.741005	21.820736
42.03	9.332329	2.408675	11.741003	21.821965
42.04	9.451291	2.289711	11.741002	21.823370
42.05	9.518142	2.222859	11.741001	21.824922
42.06	9.531472	2.209528	11.741000	21.826594
42.07	9.490716	2.250285	11.741001	21.828358
42.08	9.396171	2.344831	11.741001	21.830186
42.09	9.248994	2.492008	11.741003	21.832052
42.1	9.051190	2.689814	11.741004	21.833929
42.11	8.805582	2.935425	11.741007	21.835790
42.12	8.515773	3.225237	11.741009	21.837608
42.13	8.186091	3.554922	11.741012	21.839360
42.14	7.821527	3.919489	11.741016	21.841019
42.15	7.427658	4.313362	11.741020	21.842564
42.16	7.010563	4.730461	11.741024	21.843970
42.17	6.576728	5.164300	11.741028	21.845216
42.18	6.132948	5.608084	11.741032	21.846281
42.19	5.686223	6.054814	11.741037	21.847145
42.2	5.243642	6.497399	11.741041	21.847791
42.21	4.812281	6.928764	11.741046	21.848201
42.22	4.399085	7.341965	11.741050	21.848359
42.23	4.010760	7.730294	11.741054	21.848250
42.24	3.653666	8.087391	11.741058	21.847863
42.25	3.333717	8.407344	11.741061	21.847185
42.26	3.056282	8.684782	11.741064	21.846205
42.27	2.826099	8.914967	11.741066	21.844917
42.28	2.647201	9.093868	11.741068	21.843311
42.29	2.522840	9.218230	11.741070	21.841384
42.3	2.455441	9.285629	11.741071	21.839131
42.31	2.446554	9.294518	11.741071	21.836550
42.32	2.496822	9.244249	11.741071	21.833639
42.33	2.605974	9.135096	11.741070	21.830400
42.34	2.772816	8.968253	11.741069	21.826835
42.35	2.995248	8.745819	11.741067	21.822947
42.36	3.270290	8.470775	11.741065	21.818742
42.37	3.594125	8.146937	11.741062	21.814226
42.38	3.962149	7.778910	11.741059	21.809406
42.39	4.369045	7.372010	11.741055	21.804293
42.4	4.808856	6.932195	11.741051	21.798897
42.41	5.275074	6.465973	11.741046	21.793229
42.42	5.760740	5.980302	11.741042	21.787302
42.43	6.258549	5.482488	11.741037	21.781130
42.44	6.760958	4.980074	11.741032	21.774728
42.45	7.260306	4.480722	11.741028	21.768112
42.46	7.748926	3.992097	11.741023	21.761298
42.47	8.219268	3.521750	11.741018	21.754304
42.48	8.664015	3.076999	11.741014	21.747147
42.49	9.076195	2.664815	11.741010	21.739847
42.5	9.449293	2.291713	11.741006	21.732422
42.51	9.777350	1.963653	11.741003	21.724893
42.52	10.055061	1.685939	11.741000	21.717277
42.53	10.277859	1.463139	11.740998	21.709597
42.54	10.441987	1.299009	11.740996	21.701870
42.55	10.544560	1.196434	11.740995	21.694118
42.56	10.583617	1.157377	11.740994	21.686360
42.57	10.558151	1.182843	11.740994	21.678617
42.58	10.468131	1.272864	11.740995	21.670906
42.59	10.314506	1.426490	11.740996	21.663247
42.6	10.099196	1.641802	11.740998	21.655660
42.61	9.825067	1.915933	11.741000	21.648160
42.62	9.495889	2.245114	11.741003	21.640766
42.63	9.116287	2.624719	11.741006	21.633494
42.64	8.691668	3.049342	11.741010	21.626359
42.65	8.228145	3.512869	11.741014	21.619377
42.66	7.732448	4.008571	11.741019	21.612560
42.67	7.211820	4.529203	11.741024	21.605922
42.68	6.673911	5.067118	11.741028	21.599472
42.69	6.126661	5.614372	11.741034	21.593223
42.7	5.578184	6.162855	11.741039	21.587183
42.71	5.036638	6.704405	11.741044	21.581358
42.72	4.510110	7.230939	11.741049	21.575757
42.73	4.006484	7.734570	11.741053	21.570383
42.74	3.533324	8.207734	11.741058	21.565240
42.75	3.097761	8.643301	11.741062	21.560330
42.76	2.706376	9.034690	11.741066	21.555653
42.77	2.365103	9.375966	11.741069	21.551209
42.78	2.079138	9.661934	11.741072	21.546995
42.79	1.852853	9.888221	11.741074	21.543007
42.8	1.689730	10.051346	11.741075	21.539240
42.81	1.592307	10.148770	11.741076	21.535687
42.82	1.562133	10.178944	11.741077	21.532340
42.83	1.599747	10.141329	11.741076	21.529189
42.84	1.704662	10.036413	11.741075	21.526222
42.85	1.875374	9.865700	11.741074	21.523428
42.86	2.109380	9.631691	11.741072	21.520792
42.87	2.403217	9.337852	11.741069	21.518300
42.88	2.752509	8.988557	11.741066	21.515935
42.89	3.152032	8.589030	11.741062	21.513680
42.9	3.595798	8.145260	11.741058	21.511516
42.91	4.077135	7.663919	11.741053	21.509425
42.92	4.588794	7.152254	11.741048	21.507386
42.93	5.123059	6.617984	11.741043	21.505377
42.94	5.671859	6.069179	11.741038	21.503377
42.95	6.226893	5.514140	11.741033	21.501364
42.96	6.779758	4.961270	11.741028	21.499314
42.97	7.322072	4.418951	11.741023	21.497203
42.98	7.845607	3.895411	11.741018	21.495010
42.99	8.342413	3.398600	11.741013	21.492708
43	8.804938	2.936071	11.741008	21.490274
43.01	9.226145	2.514859	11.741004	21.487684
43.02	9.599622	2.141379	11.741001	21.484914
43.03	9.919677	1.821321	11.740998	21.481939
43.04	10.181428	1.559568	11.740995	21.478737
43.05	10.380878	1.360115	11.740993	21.475285
43.06	10.514978	1.226014	11.740992	21.471559
43.07	10.581674	1.159317	11.740991	21.467538
43.08	10.579938	1.161054	11.740992	21.463200
43.09	10.509785	1.231207	11.740992	21.458527
43.1	10.372278	1.368715	11.740993	21.453497
43.11	10.169507	1.571488	11.740995	21.448094
43.12	9.904561	1.836437	11.740998	21.442299
43.13	9.581480	2.159521	11.741001	21.436098
43.14	9.205195	2.535809	11.741005	21.429477
43.15	8.781454	2.959555	11.741009	21.422421
43.16	8.316731	3.424282	11.741013	21.414920
43.17	7.818132	3.922886	11.741018	21.406964
43.18	7.293282	4.447741	11.741023	21.398546
43.19	6.750211	4.990817	11.741028	21.389659
43.2	6.197231	5.543803	11.741033	21.380298
43.21	5.642805	6.098233	11.741039	21.370461
43.22	5.095424	6.645620	11.741044	21.360148
43.23	4.563468	7.177582	11.741049	21.349359
43.24	4.055083	7.685971	11.741054	21.338099
43.25	3.578056	8.163003	11.741059	21.326372
43.26	3.139689	8.601374	11.741063	21.314186
43.27	2.746692	8.994374	11.741066	21.301551
43.28	2.405077	9.335992	11.741070	21.288478
43.29	2.120066	9.621006	11.741072	21.274981
43.3	1.896008	9.845067	11.741075	21.261075
43.31	1.736311	10.004765	11.741076	21.246779
43.32	1.643395	10.097682	11.741077	21.232112
43.33	1.618644	10.122433	11.741077	21.217095
43.34	1.662392	10.078685	11.741077	21.201753
43.35	1.773914	9.967162	11.741076	21.186110
43.36	1.951436	9.789638	11.741074	21.170195
43.37	2.192162	9.548910	11.741072	21.154036
43.38	2.492316	9.248752	11.741069	21.137664
43.39	2.847202	8.893863	11.741065	21.121112
43.4	3.251270	8.489791	11.741061	21.104413
43.41	3.698209	8.042848	11.741057	21.087602
43.42	4.181035	7.560017	11.741052	21.070717
43.43	4.692207	7.048840	11.741047	21.053795
43.44	5.223736	6.517306	11.741042	21.036874
43.45	5.767311	5.973725	11.741037	21.019996
43.46	6.314429	5.426602	11.741031	21.003201
43.47	6.856523	4.884503	11.741026	20.986530
43.48	7.385095	4.355925	11.741021	20.970025
43.49	7.891851	3.849165	11.741016	20.953730
43.5	8.368824	3.372187	11.741011	20.937687
43.51	8.808502	2.932505	11.741007	20.921939
43.52	9.203943	2.537060	11.741003	20.906530
43.53	9.548883	2.192116	11.740999	20.891503
43.54	9.837835	1.903162	11.740996	20.876901
43.55	10.066172	1.674822	11.740994	20.862767
43.56	10.230205	1.510788	11.740992	20.849142
43.57	10.327235	1.413757	11.740991	20.836068
43.58	10.355601	1.385390	11.740991	20.823586
43.59	10.314705	1.426286	11.740991	20.811735
43.6	10.205024	1.535969	11.740992	20.800554
43.61	10.028102	1.712892	11.740994	20.790082
43.62	9.786533	1.954464	11.740996	20.780352
43.63	9.483914	2.257085	11.740999	20.771401
43.64	9.124801	2.616201	11.741002	20.763262
43.65	8.714633	3.026373	11.741006	20.755964
43.66	8.259652	3.481358	11.741011	20.749539
43.67	7.766809	3.974206	11.741015	20.744013
43.68	7.243656	4.497364	11.741020	20.739411
43.69	6.698232	5.042793	11.741026	20.735757
43.7	6.138940	5.602091	11.741031	20.733072
43.71	5.574417	6.166620	11.741037	20.731374
43.72	5.013401	6.727641	11.741042	20.730679
43.73	4.464601	7.276446	11.741047	20.731001
43.74	3.936556	7.804497	11.741052	20.732351
43.75	3.437507	8.303550	11.741057	20.734736
43.76	2.975273	8.765789	11.741062	20.738164
43.77	2.557123	9.183943	11.741066	20.742636
43.78	2.189667	9.551403	11.741070	20.748152
43.79	1.878754	9.862319	11.741073	20.754711
43.8	1.629380	10.111696	11.741075	20.762306
43.81	1.445608	10.295469	11.741077	20.770929
43.82	1.330508	10.410571	11.741079	20.780570
43.83	1.286102	10.454977	11.741079	20.791213
43.84	1.313338	10.427741	11.741079	20.802843
43.85	1.412069	10.329009	11.741078	20.815440
43.86	1.581054	10.160023	11.741077	20.828982
43.87	1.817976	9.923098	11.741075	20.843444
43.88	2.119477	9.621595	11.741072	20.858799
43.89	2.481202	9.259867	11.741069	20.875016
43.9	2.897871	8.843194	11.741065	20.892064
43.91	3.363355	8.377706	11.741061	20.909908
43.92	3.870765	7.870290	11.741056	20.928510
43.93	4.412564	7.328487	11.741051	20.947832
43.94	4.980671	6.760374	11.741045	20.967832
43.95	5.566593	6.174447	11.741040	20.988467
43.96	6.161546	5.579488	11.741034	21.009692
43.97	6.756594	4.984434	11.741029	21.031460
43.98	7.342783	4.398240	11.741023	21.053723
43.99	7.911276	3.829742	11.741018	21.076431
44	8.453488	3.287524	11.741013	21.099533
44.01	8.961221	2.779787	11.741008	21.122977
44.02	9.426784	2.314220	11.741004	21.146709
44.03	9.843111	1.897889	11.741000	21.170676
44.04	10.203872	1.537124	11.740996	21.194823
44.05	10.503570	1.237424	11.740993	21.219095
44.06	10.737620	1.003371	11.740991	21.243437
44.07	10.902426	0.838564	11.740989	21.267792
44.08	10.995431	0.745557	11.740988	21.292104
44.09	11.015163	0.725826	11.740988	21.316320
44.1	10.961249	0.779740	11.740989	21.340382
44.11	10.834429	0.906561	11.740990	21.364237
44.12	10.636543	1.104448	11.740992	21.387831
44.13	10.370503	1.370491	11.740994	21.411110
44.14	10.040250	1.700747	11.740997	21.434022
44.15	9.650692	2.090309	11.741001	21.456516
44.16	9.207634	2.533371	11.741005	21.478543
44.17	8.717688	3.023321	11.741010	21.500054
44.18	8.188173	3.552841	11.741015	21.521002
44.19	7.627003	4.114016	11.741020	21.541342
44.2	7.042570	4.698455	11.741025	21.561033
44.21	6.443613	5.297418	11.741031	21.580031
44.22	5.839089	5.901947	11.741036	21.598300
44.23	5.238034	6.503008	11.741042	21.615801
44.24	4.649429	7.091618	11.741048	21.632501
44.25	4.082063	7.658990	11.741053	21.648368
44.26	3.544396	8.196662	11.741058	21.663373
44.27	3.044439	8.696624	11.741063	21.677489
44.28	2.589624	9.151443	11.741067	21.690693
44.29	2.186698	9.554372	11.741071	21.702963
44.3	1.841619	9.899455	11.741074	21.714281
44.31	1.559464	10.181613	11.741076	21.724632
44.32	1.344356	10.396722	11.741078	21.734003
44.33	1.199403	10.541677	11.741080	21.742386
44.34	1.126646	10.614434	11.741080	21.749774
44.35	1.127037	10.614043	11.741080	21.756164
44.36	1.200418	10.540661	11.741079	21.761555
44.37	1.345531	10.395547	11.741078	21.765950
44.38	1.560034	10.181041	11.741076	21.769356
44.39	1.840541	9.900531	11.741073	21.771780
44.4	2.182673	9.558396	11.741070	21.773234
44.41	2.581126	9.159939	11.741066	21.773732
44.42	3.029754	8.711307	11.741061	21.773293
44.43	3.521662	8.219395	11.741057	21.771937
44.44	4.049314	7.691738	11.741052	21.769685
44.45	4.604648	7.136398	11.741046	21.766564
44.46	5.179199	6.561841	11.741041	21.762601
44.47	5.764230	5.976805	11.741035	21.757827
44.48	6.350864	5.390165	11.741030	21.752274
44.49	6.930222	4.810803	11.741024	21.745978
44.5	7.493554	4.247465	11.741019	21.738974
44.51	8.032378	3.708636	11.741014	21.731304
44.52	8.538607	3.202402	11.741009	21.723005
44.53	9.004669	2.736336	11.741005	21.714123
44.54	9.423627	2.317374	11.741001	21.704699
44.55	9.789279	1.951719	11.740998	21.694780
44.56	10.096255	1.644740	11.740995	21.684412
44.57	10.340096	1.400896	11.740993	21.673643
44.58	10.517323	1.223668	11.740991	21.662521
44.59	10.625486	1.115505	11.740990	21.651096
44.6	10.663198	1.077792	11.740990	21.639417
44.61	10.630161	1.110830	11.740991	21.627535
44.62	10.527162	1.213830	11.740992	21.615501
44.63	10.356063	1.384930	11.740994	21.603364
44.64	10.119769	1.621227	11.740996	21.591176
44.65	9.822180	1.918819	11.740999	21.578987
44.66	9.468133	2.272870	11.741003	21.566847
44.67	9.063324	2.677683	11.741007	21.554804
44.68	8.614218	3.126793	11.741011	21.542909
44.69	8.127951	3.613065	11.741016	21.531208
44.7	7.612216	4.128805	11.741021	21.519749
44.71	7.075146	4.665880	11.741026	21.508576
44.72	6.525188	5.215843	11.741032	21.497734
44.73	5.970971	5.770066	11.741037	21.487265
44.74	5.421174	6.319868	11.741042	21.477211
44.75	4.884392	6.856656	11.741048	21.467611
44.76	4.369002	7.372050	11.741053	21.458503
44.77	3.883040	7.858017	11.741057	21.449921
44.78	3.434069	8.306993	11.741062	21.441900
44.79	3.029071	8.711995	11.741066	21.434471
44.8	2.674334	9.066735	11.741069	21.427662
44.81	2.375362	9.365711	11.741072	21.421500
44.82	2.136784	9.604291	11.741074	21.416010
44.83	1.962291	9.778785	11.741076	21.411213
44.84	1.854575	9.886502	11.741077	21.407128
44.85	1.815291	9.925786	11.741078	21.403772
44.86	1.845032	9.896045	11.741077	21.401159
44.87	1.943322	9.797754	11.741076	21.399299
44.88	2.108623	9.632452	11.741075	21.398203
44.89	2.338359	9.402714	11.741072	21.397874
44.9	2.628959	9.112110	11.741070	21.398318
44.91	2.975915	8.765151	11.741066	21.399533
44.92	3.373844	8.367218	11.741062	21.401518
44.93	3.816582	7.924476	11.741058	21.404268
44.94	4.297272	7.443781	11.741053	21.407776
44.95	4.808473	6.932575	11.741048	21.412031
44.96	5.342276	6.398767	11.741043	21.417021
44.97	5.890425	5.850613	11.741038	21.422731
44.98	6.444442	5.296591	11.741033	21.429144
44.99	6.995762	4.745265	11.741027	21.436239
45	7.535863	4.205159	11.741022	21.443996
45.01	8.056394	3.684623	11.741017	21.452390
45.02	8.549307	3.191705	11.741012	21.461395
45.03	9.006980	2.734028	11.741008	21.470983
45.04	9.422332	2.318672	11.741004	21.481125
45.05	9.788932	1.952069	11.741000	21.491789
45.06	10.101096	1.639901	11.740997	21.502943
45.07	10.353978	1.387017	11.740995	21.514552
45.08	10.543638	1.197354	11.740993	21.526580
45.09	10.667107	1.073885	11.740992	21.538991
45.1	10.722426	1.018565	11.740991	21.551747
45.11	10.708681	1.032310	11.740991	21.564810
45.12	10.626013	1.114979	11.740992	21.578140
45.13	10.475617	1.265376	11.740993	21.591697
45.14	10.259720	1.481275	11.740995	21.605442
45.15	9.981550	1.759448	11.740998	21.619333
45.16	9.645282	2.095719	11.741001	21.633331
45.17	9.255977	2.485027	11.741005	21.647395
45.18	8.819504	2.921505	11.741009	21.661485
45.19	8.342445	3.398568	11.741013	21.675560
45.2	7.832001	3.909017	11.741018	21.689582
45.21	7.295876	4.445147	11.741023	21.703511
45.22	6.742164	4.998864	11.741029	21.717309
45.23	6.179221	5.561813	11.741034	21.730941
45.24	5.615540	6.125499	11.741039	21.744369
45.25	5.059624	6.681420	11.741044	21.757559
45.26	4.519852	7.221198	11.741050	21.770477
45.27	4.004354	7.736700	11.741054	21.783092
45.28	3.520893	8.220166	11.741059	21.795373
45.29	3.076737	8.664326	11.741063	21.807291
45.3	2.678560	9.062506	11.741067	21.818820
45.31	2.332338	9.408732	11.741070	21.829934
45.32	2.043256	9.697817	11.741073	21.840610
45.33	1.815637	9.925438	11.741075	21.850826
45.34	1.652875	10.088202	11.741076	21.860565
45.35	1.557384	10.183693	11.741077	21.869808
45.36	1.530568	10.210509	11.741078	21.878541
45.37	1.572798	10.168280	11.741077	21.886753
45.38	1.683407	10.057669	11.741076	21.894432
45.39	1.860710	9.880364	11.741074	21.901570
45.4	2.102024	9.639048	11.741072	21.908163
45.41	2.403714	9.337355	11.741069	21.914208
45.42	2.761253	8.979813	11.741066	21.919703
45.43	3.169287	8.571775	11.741062	21.924650
45.44	3.621723	8.119335	11.741058	21.929053
45.45	4.111820	7.629233	11.741053	21.932919
45.46	4.632297	7.108752	11.741049	21.936256
45.47	5.175438	6.565606	11.741043	21.939075
45.48	5.733215	6.007823	11.741038	21.941389
45.49	6.297409	5.443624	11.741033	21.943213
45.5	6.859734	4.881294	11.741028	21.944565
45.51	7.411960	4.329063	11.741023	21.945463
45.52	7.946043	3.794975	11.741018	21.945928
45.53	8.454240	3.286773	11.741014	21.945985
45.54	8.929228	2.811781	11.741009	21.945657
45.55	9.364209	2.376796	11.741005	21.944971
45.56	9.753016	1.987986	11.741002	21.943955
45.57	10.090198	1.650801	11.740999	21.942637
45.58	10.371103	1.369894	11.740997	21.941050
45.59	10.591943	1.149052	11.740995	21.939224
45.6	10.749846	0.991148	11.740994	21.937192
45.61	10.842898	0.898095	11.740993	21.934989
45.62	10.870165	0.870828	11.740993	21.932648
45.63	10.831702	0.909291	11.740994	21.930205
45.64	10.728550	1.012445	11.740995	21.927696
45.65	10.562710	1.178287	11.740997	21.925156
45.66	10.337113	1.403887	11.740999	21.922622
45.67	10.055565	1.685437	11.741002	21.920131
45.68	9.722689	2.018317	11.741006	21.917719
45.69	9.343847	2.397162	11.741009	21.915422
45.7	8.925057	2.815956	11.741013	21.913276
45.71	8.472893	3.268125	11.741018	21.911316
45.72	7.994386	3.746637	11.741022	21.909577
45.73	7.496911	4.244116	11.741027	21.908093
45.74	6.988076	4.752956	11.741032	21.906897
45.75	6.475598	5.265439	11.741037	21.906021
45.76	5.967192	5.773850	11.741042	21.905496
45.77	5.470447	6.270600	11.741046	21.905352
45.78	4.992712	6.748338	11.741051	21.905617
45.79	4.540989	7.200066	11.741055	21.906319
45.8	4.121821	7.619237	11.741058	21.907481
45.81	3.741200	7.999862	11.741062	21.909128
45.82	3.404474	8.336590	11.741065	21.911282
45.83	3.116276	8.624791	11.741067	21.913962
45.84	2.880449	8.860620	11.741069	21.917187
45.85	2.699998	9.041072	11.741070	21.920972
45.86	2.577048	9.164023	11.741071	21.925330
45.87	2.512816	9.228255	11.741071	21.930275
45.88	2.507599	9.233472	11.741071	21.935814
45.89	2.560778	9.180292	11.741070	21.941956
45.9	2.670832	9.070237	11.741068	21.948705
45.91	2.835366	8.905700	11.741066	21.956064
45.92	3.051160	8.689903	11.741064	21.964033
45.93	3.314221	8.426840	11.741061	21.972611
45.94	3.619850	8.121207	11.741058	21.981792
45.95	3.962724	7.778330	11.741054	21.991570
45.96	4.336980	7.404070	11.741050	22.001937
45.97	4.736313	7.004733	11.741046	22.012880
45.98	5.154076	6.586965	11.741042	22.024388
45.99	5.583391	6.157647	11.741037	22.036443
46	6.017250	5.723783	11.741033	22.049028
46.01	6.448636	5.292392	11.741028	22.062123
46.02	6.870628	4.870396	11.741024	22.075707
46.03	7.276508	4.464512	11.741020	22.089755
46.04	7.659872	4.081145	11.741016	22.104242
46.05	8.014721	3.726292	11.741013	22.119141
46.06	8.335560	3.405450	11.741010	22.134422
46.07	8.617480	3.123528	11.741007	22.150054
46.08	8.856227	2.884778	11.741005	22.166005
46.09	9.048273	2.692730	11.741003	22.182242
46.1	9.190863	2.550139	11.741002	22.198730
46.11	9.282054	2.458947	11.741001	22.215433
46.12	9.320742	2.420259	11.741001	22.232313
46.13	9.306675	2.434327	11.741002	22.249334
46.14	9.240451	2.500552	11.741003	22.266457
46.15	9.123503	2.617501	11.741004	22.283642
46.16	8.958075	2.782930	11.741006	22.300850
46.17	8.747178	2.993831	11.741008	22.318042
46.18	8.494537	3.246474	11.741011	22.335176
46.19	8.204533	3.536481	11.741014	22.352212
46.2	7.882125	3.858892	11.741017	22.369112
46.21	7.532770	4.208251	11.741021	22.385834
46.22	7.162331	4.578694	11.741025	22.402340
46.23	6.776984	4.964045	11.741029	22.418590
46.24	6.383118	5.357915	11.741033	22.434547
46.25	5.987228	5.753809	11.741037	22.450173
46.26	5.595816	6.145225	11.741041	22.465431
46.27	5.215282	6.525763	11.741045	22.480287
46.28	4.851825	6.889223	11.741049	22.494704
46.29	4.511346	7.229707	11.741052	22.508652
46.3	4.199349	7.541707	11.741055	22.522098
46.31	3.920861	7.820197	11.741058	22.535013
46.32	3.680352	8.060709	11.741060	22.547367
46.33	3.481662	8.259401	11.741062	22.559135
46.34	3.327946	8.413118	11.741064	22.570291
46.35	3.221626	8.519439	11.741065	22.580813
46.36	3.164353	8.576713	11.741066	22.590681
46.37	3.156982	8.584084	11.741066	22.599875
46.38	3.199566	8.541499	11.741065	22.608378
46.39	3.291355	8.449710	11.741064	22.616178
46.4	3.430809	8.310253	11.741063	22.623260
46.41	3.615631	8.125430	11.741061	22.629617
46.42	3.842798	7.898261	11.741059	22.635240
46.43	4.108618	7.632438	11.741056	22.640125
46.44	4.408789	7.332264	11.741053	22.644269
46.45	4.738468	7.002581	11.741049	22.647672
46.46	5.092354	6.648692	11.741046	22.650336
46.47	5.464768	6.276275	11.741042	22.652266
46.48	5.849748	5.891291	11.741038	22.653469
46.49	6.241145	5.499889	11.741034	22.653955
46.5	6.632722	5.108309	11.741031	22.653736
46.51	7.018249	4.722778	11.741027	22.652825
46.52	7.391606	4.349417	11.741023	22.651240
46.53	7.746881	3.994139	11.741019	22.648999
46.54	8.078458	3.662559	11.741016	22.646123
46.55	8.381109	3.359905	11.741013	22.642635
46.56	8.650076	3.090935	11.741011	22.638561
46.57	8.881143	2.859865	11.741008	22.633926
46.58	9.070703	2.670304	11.741007	22.628761
46.59	9.215810	2.525195	11.741005	22.623095
46.6	9.314230	2.426775	11.741004	22.616961
46.61	9.364465	2.376539	11.741004	22.610392
46.62	9.365782	2.375221	11.741004	22.603425
46.63	9.318221	2.422784	11.741004	22.596096
46.64	9.222585	2.518420	11.741005	22.588442
46.65	9.080435	2.660572	11.741007	22.580502
46.66	8.894054	2.846954	11.741009	22.572317
46.67	8.666414	3.074597	11.741011	22.563927
46.68	8.401122	3.339891	11.741013	22.555373
46.69	8.102366	3.638650	11.741016	22.546698
46.7	7.774842	3.966178	11.741020	22.537943
46.71	7.423679	4.317344	11.741023	22.529152
46.72	7.054357	4.686669	11.741027	22.520367
46.73	6.672621	5.068409	11.741030	22.511632
46.74	6.284385	5.456649	11.741034	22.502988
46.75	5.895639	5.845399	11.741038	22.494478
46.76	5.512356	6.228685	11.741041	22.486144
46.77	5.140396	6.600649	11.741045	22.478027
46.78	4.785415	6.955634	11.741048	22.470169
46.79	4.452772	7.288279	11.741051	22.462609
46.8	4.147454	7.593600	11.741054	22.455386
46.81	3.873988	7.867068	11.741057	22.448539
46.82	3.636382	8.104677	11.741059	22.442102
46.83	3.438054	8.303007	11.741061	22.436113
46.84	3.281788	8.459274	11.741062	22.430605
46.85	3.169690	8.571373	11.741063	22.425610
46.86	3.103157	8.637906	11.741063	22.421159
46.87	3.082859	8.658204	11.741063	22.417282
46.88	3.108732	8.632331	11.741063	22.414005
46.89	3.179982	8.561079	11.741062	22.411353
46.9	3.295104	8.445956	11.741060	22.409351
46.91	3.451905	8.289154	11.741059	22.408018
46.92	3.647544	8.093512	11.741056	22.407375
46.93	3.878585	7.862469	11.741054	22.407437
46.94	4.141048	7.600003	11.741051	22.408221
46.95	4.430479	7.310569	11.741048	22.409737
46.96	4.742024	6.999021	11.741045	22.411997
46.97	5.070509	6.670533	11.741042	22.415007
46.98	5.410520	6.330518	11.741038	22.418773
46.99	5.756499	5.984535	11.741035	22.423299
47	6.102826	5.638205	11.741031	22.428583
47.01	6.443915	5.297113	11.741028	22.434626
47.02	6.774299	4.966725	11.741024	22.441422
47.03	7.088724	4.652297	11.741021	22.448964
47.04	7.382225	4.358794	11.741018	22.457244
47.05	7.650208	4.090808	11.741016	22.466251
47.06	7.888524	3.852489	11.741013	22.475971
47.07	8.093531	3.647480	11.741012	22.486388
47.08	8.262150	3.478860	11.741010	22.497485
47.09	8.391913	3.349096	11.741009	22.509241
47.1	8.481001	3.260007	11.741008	22.521635
47.11	8.528267	3.212741	11.741008	22.534642
47.12	8.533255	3.207753	11.741008	22.548236
47.13	8.496200	3.244808	11.741009	22.562390
47.14	8.418025	3.322984	11.741010	22.577075
47.15	8.300320	3.440691	11.741011	22.592259
47.16	8.145311	3.595702	11.741013	22.607910
47.17	7.955827	3.785188	11.741015	22.623994
47.18	7.735244	4.005773	11.741017	22.640475
47.19	7.487432	4.253588	11.741020	22.657318
47.2	7.216689	4.524334	11.741023	22.674485
47.21	6.927665	4.813361	11.741026	22.691937
47.22	6.625290	5.115739	11.741029	22.709635
47.23	6.314688	5.426345	11.741032	22.727539
47.24	6.001094	5.739941	11.741036	22.745609
47.25	5.689768	6.051271	11.741039	22.763803
47.26	5.385906	6.355136	11.741042	22.782080
47.27	5.094558	6.646488	11.741045	22.800398
47.28	4.820543	6.920505	11.741048	22.818715
47.29	4.568374	7.172677	11.741051	22.836991
47.3	4.342180	7.398873	11.741053	22.855182
47.31	4.145644	7.595410	11.741055	22.873248
47.32	3.981941	7.759116	11.741057	22.891148
47.33	3.853687	7.887371	11.741058	22.908842
47.34	3.762899	7.978160	11.741059	22.926289
47.35	3.710963	8.030096	11.741059	22.943451
47.36	3.698615	8.042444	11.741059	22.960290
47.37	3.725924	8.015134	11.741059	22.976767
47.38	3.792301	7.948757	11.741058	22.992848
47.39	3.896505	7.844552	11.741057	23.008496
47.4	4.036664	7.704391	11.741055	23.023679
47.41	4.210314	7.530739	11.741053	23.038363
47.42	4.414433	7.326619	11.741051	23.052518
47.43	4.645496	7.095553	11.741049	23.066113
47.44	4.899536	6.841510	11.741046	23.079122
47.45	5.172205	6.568838	11.741043	23.091517
47.46	5.458853	6.282187	11.741040	23.103274
47.47	5.754598	5.986439	11.741037	23.114370
47.48	6.054415	5.686619	11.741034	23.124783
47.49	6.353212	5.387819	11.741031	23.134495
47.5	6.645920	5.095108	11.741027	23.143488
47.51	6.927572	4.813452	11.741024	23.151746
47.52	7.193390	4.547631	11.741022	23.159256
47.53	7.438860	4.302159	11.741019	23.166005
47.54	7.659807	4.081210	11.741017	23.171985
47.55	7.852465	3.888549	11.741015	23.177187
47.56	8.013541	3.727472	11.741013	23.181606
47.57	8.140264	3.600748	11.741011	23.185238
47.58	8.230435	3.510576	11.741010	23.188080
47.59	8.282462	3.458548	11.741010	23.190133
47.6	8.295386	3.445624	11.741010	23.191399
47.61	8.268898	3.472112	11.741010	23.191881
47.62	8.203342	3.537668	11.741010	23.191584
47.63	8.099714	3.641298	11.741012	23.190517
47.64	7.959640	3.781373	11.741013	23.188687
47.65	7.785354	3.955661	11.741015	23.186106
47.66	7.579660	4.161357	11.741017	23.182786
47.67	7.345886	4.395133	11.741019	23.178741
47.68	7.087832	4.653189	11.741022	23.173986
47.69	6.809705	4.931320	11.741025	23.168538
47.7	6.516051	5.224977	11.741028	23.162414
47.71	6.211681	5.529350	11.741031	23.155635
47.72	5.901594	5.839440	11.741034	23.148221
47.73	5.590893	6.150144	11.741037	23.140194
47.74	5.284703	6.456337	11.741040	23.131576
47.75	4.988086	6.752958	11.741043	23.122390
47.76	4.705958	7.035089	11.741046	23.112662
47.77	4.443010	7.298039	11.741049	23.102417
47.78	4.203631	7.537421	11.741052	23.091680
47.79	3.991833	7.749221	11.741054	23.080477
47.8	3.811190	7.929866	11.741056	23.068837
47.81	3.664774	8.076283	11.741057	23.056786
47.82	3.555109	8.185950	11.741059	23.044352
47.83	3.484124	8.256935	11.741059	23.031563
47.84	3.453127	8.287933	11.741060	23.018447
47.85	3.462777	8.278283	11.741060	23.005031
47.86	3.513077	8.227982	11.741059	22.991345
47.87	3.603371	8.137688	11.741059	22.977415
47.88	3.732353	8.008704	11.741057	22.963270
47.89	3.898091	7.842965	11.741056	22.948937
47.9	4.098052	7.643001	11.741054	22.934443
47.91	4.329150	7.411902	11.741052	22.919815
47.92	4.587787	7.153262	11.741049	22.905078
47.93	4.869917	6.871129	11.741046	22.890258
47.94	5.171109	6.569934	11.741043	22.875380
47.95	5.486618	6.254422	11.741040	22.860468
47.96	5.811462	5.929575	11.741037	22.845546
47.97	6.140503	5.600531	11.741034	22.830636
47.98	6.468529	5.272502	11.741030	22.815759
47.99	6.790338	4.950689	11.741027	22.800937
48	7.100825	4.640199	11.741024	22.786190
48.01	7.395062	4.345959	11.741021	22.771536
48.02	7.668379	4.072640	11.741019	22.756993
48.03	7.916437	3.824579	11.741016	22.742579
48.04	8.135304	3.605710	11.741014	22.728308
48.05	8.321514	3.419498	11.741012	22.714196
48.06	8.472126	3.268884	11.741011	22.700256
48.07	8.584771	3.156238	11.741009	22.686501
48.08	8.657690	3.083319	11.741009	22.672942
48.09	8.689764	3.051245	11.741008	22.659590
48.1	8.680530	3.060478	11.741009	22.646454
48.11	8.630194	3.110815	11.741009	22.633542
48.12	8.539623	3.201387	11.741010	22.620861
48.13	8.410330	3.330681	11.741011	22.608417
48.14	8.244457	3.496556	11.741013	22.596215
48.15	8.044732	3.696283	11.741015	22.584260
48.16	7.814430	3.926587	11.741018	22.572555
48.17	7.557320	4.183700	11.741020	22.561101
48.18	7.277601	4.463422	11.741023	22.549900
48.19	6.979834	4.761192	11.741026	22.538952
48.2	6.668874	5.072156	11.741029	22.528256
48.21	6.349781	5.391251	11.741032	22.517812
48.22	6.027747	5.713288	11.741036	22.507618
48.23	5.708008	6.033031	11.741039	22.497671
48.24	5.395755	6.345287	11.741042	22.487967
48.25	5.096056	6.644989	11.741045	22.478502
48.26	4.813769	6.927279	11.741048	22.469273
48.27	4.553465	7.187586	11.741051	22.460274
48.28	4.319351	7.421703	11.741053	22.451500
48.29	4.115202	7.625853	11.741055	22.442944
48.3	3.944302	7.796755	11.741057	22.434602
48.31	3.809385	7.931673	11.741058	22.426467
48.32	3.712595	8.028464	11.741059	22.418532
48.33	3.655447	8.085613	11.741060	22.410791
48.34	3.638803	8.102257	11.741060	22.403236
48.35	3.662858	8.078201	11.741059	22.395861
48.36	3.727138	8.013921	11.741059	22.388659
48.37	3.830503	7.910555	11.741058	22.381623
48.38	3.971169	7.769887	11.741056	22.374746
48.39	4.146735	7.594319	11.741054	22.368023
48.4	4.354224	7.386829	11.741052	22.361446
48.41	4.590127	7.150922	11.741050	22.355009
48.42	4.850467	6.890579	11.741047	22.348706
48.43	5.130858	6.610186	11.741044	22.342533
48.44	5.426580	6.314461	11.741041	22.336483
48.45	5.732653	6.008384	11.741038	22.330551
48.46	6.043926	5.697108	11.741034	22.324734
48.47	6.355154	5.385877	11.741031	22.319027
48.48	6.661088	5.079939	11.741028	22.313427
48.49	6.956563	4.784461	11.741025	22.307929
48.5	7.236581	4.504440	11.741022	22.302533
48.51	7.496397	4.244622	11.741019	22.297235
48.52	7.731594	4.009423	11.741016	22.292034
48.53	7.938161	3.802854	11.741014	22.286929
48.54	8.112559	3.628453	11.741012	22.281919
48.55	8.251781	3.489230	11.741011	22.277004
48.56	8.353404	3.387606	11.741010	22.272185
48.57	8.415627	3.325382	11.741009	22.267462
48.58	8.437311	3.303698	11.741009	22.262836
48.59	8.417991	3.323018	11.741009	22.258310
48.6	8.357893	3.383117	11.741009	22.253887
48.61	8.257928	3.483083	11.741010	22.249568
48.62	8.119683	3.621329	11.741012	22.245357
48.63	7.945396	3.795618	11.741014	22.241258
48.64	7.737920	4.003095	11.741016	22.237274
48.65	7.500683	4.240335	11.741018	22.233410
48.66	7.237628	4.503393	11.741021	22.229671
48.67	6.953153	4.787871	11.741024	22.226062
48.68	6.652042	5.088985	11.741027	22.222587
48.69	6.339386	5.401644	11.741030	22.219253
48.7	6.020498	5.720536	11.741034	22.216064
48.71	5.700831	6.040206	11.741037	22.213026
48.72	5.385886	6.355154	11.741041	22.210145
48.73	5.081122	6.659922	11.741044	22.207427
48.74	4.791865	6.949182	11.741047	22.204877
48.75	4.523222	7.217828	11.741050	22.202501
48.76	4.279991	7.461062	11.741053	22.200305
48.77	4.066585	7.674471	11.741055	22.198294
48.78	3.886954	7.854104	11.741058	22.196474
48.79	3.744519	7.996540	11.741059	22.194848
48.8	3.642112	8.098949	11.741061	22.193423
48.81	3.581923	8.159138	11.741062	22.192203
48.82	3.565465	8.175597	11.741062	22.191190
48.83	3.593541	8.147521	11.741062	22.190390
48.84	3.666227	8.074835	11.741062	22.189805
48.85	3.782863	7.958198	11.741061	22.189437
48.86	3.942067	7.798993	11.741060	22.189290
48.87	4.141741	7.599317	11.741058	22.189364
48.88	4.379108	7.361948	11.741056	22.189661
48.89	4.650751	7.090302	11.741053	22.190180
48.9	4.952660	6.788390	11.741050	22.190922
48.91	5.280298	6.460749	11.741047	22.191885
48.92	5.628665	6.112379	11.741044	22.193068
48.93	5.992381	5.748660	11.741040	22.194468
48.94	6.365764	5.375273	11.741037	22.196082
48.95	6.742925	4.998108	11.741033	22.197906
48.96	7.117859	4.623170	11.741029	22.199936
48.97	7.484538	4.256487	11.741025	22.202165
48.98	7.837013	3.904009	11.741022	22.204587
48.99	8.169506	3.571513	11.741018	22.207195
49	8.476504	3.264511	11.741015	22.209982
49.01	8.752852	2.988160	11.741012	22.212938
49.02	8.993835	2.747174	11.741010	22.216054
49.03	9.195259	2.545748	11.741007	22.219320
49.04	9.353520	2.387486	11.741005	22.222724
49.05	9.465666	2.275338	11.741004	22.226255
49.06	9.529449	2.211554	11.741003	22.229900
49.07	9.543366	2.197636	11.741003	22.233646
49.08	9.506691	2.234312	11.741003	22.237479
49.09	9.419484	2.321519	11.741003	22.241385
49.1	9.282606	2.458398	11.741004	22.245348
49.11	9.097704	2.643302	11.741006	22.249353
49.12	8.867193	2.873815	11.741008	22.253382
49.13	8.594223	3.146787	11.741010	22.257421
49.14	8.282635	3.458378	11.741013	22.261451
49.15	7.936904	3.804113	11.741016	22.265454
49.16	7.562074	4.178946	11.741020	22.269413
49.17	7.163682	4.577341	11.741023	22.273310
49.18	6.747676	4.993352	11.741027	22.277125
49.19	6.320320	5.420711	11.741031	22.280840
49.2	5.888104	5.852931	11.741035	22.284436
49.21	5.457638	6.283401	11.741040	22.287895
49.22	5.035553	6.705490	11.741044	22.291196
49.23	4.628396	7.112651	11.741048	22.294321
49.24	4.242527	7.498525	11.741051	22.297252
49.25	3.884018	7.857037	11.741055	22.299968
49.26	3.558559	8.182499	11.741058	22.302452
49.27	3.271364	8.469697	11.741061	22.304686
49.28	3.027090	8.713974	11.741064	22.306650
49.29	2.829755	8.911310	11.741066	22.308328
49.3	2.682682	9.058385	11.741067	22.309702
49.31	2.588434	9.152635	11.741068	22.310755
49.32	2.548773	9.192296	11.741069	22.311472
49.33	2.564632	9.176437	11.741069	22.311836
49.34	2.636090	9.104979	11.741069	22.311833
49.35	2.762371	8.978697	11.741068	22.311448
49.36	2.941849	8.799217	11.741066	22.310668
49.37	3.172072	8.568992	11.741064	22.309480
49.38	3.449793	8.291269	11.741062	22.307873
49.39	3.771017	7.970042	11.741059	22.305835
49.4	4.131060	7.609995	11.741055	22.303356
49.41	4.524621	7.216430	11.741052	22.300427
49.42	4.945858	6.795190	11.741048	22.297040
49.43	5.388476	6.352568	11.741044	22.293189
49.44	5.845826	5.895213	11.741039	22.288867
49.45	6.311004	5.430031	11.741035	22.284069
49.46	6.776958	4.964072	11.741030	22.278792
49.47	7.236597	4.504429	11.741026	22.273032
49.48	7.682900	4.058122	11.741022	22.266789
49.49	8.109024	3.631993	11.741018	22.260063
49.5	8.508416	3.232598	11.741014	22.252853
49.51	8.874910	2.866100	11.741010	22.245163
49.52	9.202827	2.538180	11.741007	22.236994
49.53	9.487064	2.253940	11.741004	22.228353
49.54	9.723177	2.017824	11.741002	22.219244
49.55	9.907451	1.833549	11.741000	22.209675
49.56	10.036961	1.704038	11.740999	22.199652
49.57	10.109617	1.631381	11.740998	22.189185
49.58	10.124205	1.616793	11.740998	22.178285
49.59	10.080405	1.660593	11.740998	22.166962
49.6	9.978802	1.762197	11.740999	22.155229
49.61	9.820874	1.920127	11.741001	22.143098
49.62	9.608979	2.132024	11.741003	22.130586
49.63	9.346318	2.394688	11.741005	22.117706
49.64	9.036886	2.704122	11.741008	22.104475
49.65	8.685418	3.055593	11.741011	22.090910
49.66	8.297311	3.443704	11.741015	22.077030
49.67	7.878548	3.862472	11.741019	22.062852
49.68	7.435600	4.305423	11.741023	22.048396
49.69	6.975335	4.765693	11.741028	22.033684
49.7	6.504906	5.236127	11.741033	22.018734
49.71	6.031641	5.709396	11.741037	22.003569
49.72	5.562932	6.178110	11.741042	21.988211
49.73	5.106117	6.634929	11.741046	21.972682
49.74	4.668369	7.072681	11.741051	21.957004
49.75	4.256579	7.484476	11.741055	21.941202
49.76	3.877248	7.863810	11.741058	21.925298
49.77	3.536390	8.204672	11.741062	21.909316
49.78	3.239428	8.501637	11.741065	21.893280
49.79	2.991114	8.749953	11.741067	21.877214
49.8	2.795448	8.945621	11.741069	21.861141
49.81	2.655616	9.085455	11.741071	21.845086
49.82	2.573936	9.167135	11.741072	21.829072
49.83	2.551818	9.189253	11.741072	21.813122
49.84	2.589742	9.151330	11.741072	21.797261
49.85	2.687240	9.053830	11.741071	21.781510
49.86	2.842911	8.898158	11.741069	21.765894
49.87	3.054429	8.686638	11.741067	21.750433
49.88	3.318581	8.422484	11.741065	21.735151
49.89	3.631315	8.109747	11.741062	21.720067
49.9	3.987795	7.753263	11.741058	21.705204
49.91	4.382482	7.358573	11.741054	21.690580
49.92	4.809208	6.931842	11.741050	21.676215
49.93	5.261278	6.479768	11.741046	21.662129
49.94	5.731568	6.009473	11.741041	21.648338
49.95	6.212638	5.528399	11.741036	21.634859
49.96	6.696842	5.044189	11.741031	21.621710
49.97	7.176454	4.564573	11.741027	21.608904
49.98	7.643780	4.097242	11.741022	21.596457
49.99	8.091285	3.649733	11.741017	21.584381
50	8.511707	3.229306	11.741013	21.572689
