#time	ekin		epot		etot		chain_length
0	11.740600	0.000000	11.740600	22.000000
0.01	11.709353	0.038568	11.747921	22.031685
0.02	11.601818	0.153702	11.755520	22.063308
0.03	11.419202	0.343698	11.762900	22.094807
0.04	11.164204	0.605746	11.769950	22.126121
0.05	10.840597	0.935970	11.776567	22.157188
0.06	10.453164	1.329489	11.782653	22.187948
0.07	10.007630	1.780489	11.788119	22.218341
0.08	9.510573	2.282311	11.792884	22.248311
0.09	8.969327	2.827551	11.796879	22.277799
0.1	8.391872	3.408173	11.800045	22.306749
0.11	7.786711	4.015626	11.802337	22.335109
0.12	7.162743	4.640979	11.803723	22.362825
0.13	6.529132	5.275051	11.804183	22.389847
0.14	5.895165	5.908548	11.803713	22.416127
0.15	5.270116	6.532205	11.802321	22.441619
0.16	4.663104	7.136927	11.800031	22.466279
0.17	4.082960	7.713919	11.796879	22.490065
0.18	3.538091	8.254823	11.792914	22.512938
0.19	3.036357	8.751841	11.788198	22.534863
0.2	2.584952	9.197849	11.782802	22.555806
0.21	2.190301	9.586508	11.776809	22.575736
0.22	1.857959	9.912353	11.770312	22.594625
0.23	1.592533	10.170874	11.763407	22.612450
0.24	1.397617	10.358584	11.756201	22.629187
0.25	1.275733	10.473069	11.748802	22.644820
0.26	1.228304	10.513018	11.741322	22.659331
0.27	1.255627	10.478246	11.733873	22.672710
0.28	1.356877	10.369690	11.726567	22.684948
0.29	1.530121	10.189392	11.719514	22.696038
0.3	1.772350	9.940469	11.712818	22.705977
0.31	2.079525	9.627056	11.706580	22.714768
0.32	2.446644	9.254249	11.700892	22.722413
0.33	2.867819	8.828019	11.695838	22.728920
0.34	3.336369	8.355121	11.691490	22.734299
0.35	3.844923	7.842991	11.687914	22.738563
0.36	4.385531	7.299628	11.685159	22.741728
0.37	4.949790	6.733474	11.683264	22.743814
0.38	5.528974	6.153281	11.682255	22.744843
0.39	6.114163	5.567979	11.682142	22.744839
0.4	6.696383	4.986542	11.682925	22.743830
0.41	7.266743	4.417845	11.684588	22.741847
0.42	7.816567	3.870534	11.687101	22.738921
0.43	8.337528	3.352895	11.690423	22.735088
0.44	8.821777	2.872723	11.694500	22.730384
0.45	9.262054	2.437212	11.699266	22.724850
0.46	9.651804	2.052841	11.704646	22.718527
0.47	9.985273	1.725281	11.710554	22.711456
0.48	10.257591	1.459307	11.716898	22.703684
0.49	10.464849	1.258730	11.723579	22.695256
0.5	10.604150	1.126342	11.730492	22.686220
0.51	10.673657	1.063873	11.737531	22.676625
0.52	10.672612	1.071974	11.744586	22.666520
0.53	10.601348	1.150200	11.751548	22.655955
0.54	10.461281	1.297031	11.758312	22.644983
0.55	10.254880	1.509891	11.764772	22.633655
0.56	9.985635	1.785194	11.770830	22.622024
0.57	9.657992	2.118401	11.776393	22.610141
0.58	9.277286	2.504093	11.781378	22.598059
0.59	8.849655	2.936055	11.785709	22.585830
0.6	8.381945	3.407377	11.789322	22.573506
0.61	7.881600	3.910561	11.792161	22.561138
0.62	7.356548	4.437638	11.794186	22.548778
0.63	6.815076	4.980291	11.795367	22.536475
0.64	6.265702	5.529988	11.795690	22.524278
0.65	5.717041	6.078109	11.795150	22.512235
0.66	5.177675	6.616084	11.793759	22.500392
0.67	4.656018	7.135523	11.791541	22.488795
0.68	4.160188	7.628343	11.788532	22.477488
0.69	3.697881	8.086900	11.784780	22.466511
0.7	3.276252	8.504095	11.780347	22.455907
0.71	2.901810	8.873492	11.775302	22.445712
0.72	2.580313	9.189412	11.769725	22.435963
0.73	2.316686	9.447018	11.763704	22.426694
0.74	2.114943	9.642391	11.757334	22.417938
0.75	1.978127	9.772586	11.750714	22.409724
0.76	1.908268	9.835679	11.743947	22.402079
0.77	1.906349	9.830791	11.737139	22.395028
0.78	1.972296	9.758101	11.730397	22.388594
0.79	2.104981	9.618843	11.723824	22.382796
0.8	2.302241	9.415281	11.717522	22.377653
0.81	2.560912	9.150677	11.711589	22.373178
0.82	2.876882	8.829235	11.706117	22.369383
0.83	3.245153	8.456037	11.701190	22.366279
0.84	3.659924	8.036959	11.696883	22.363872
0.85	4.114678	7.578585	11.693263	22.362166
0.86	4.602287	7.088098	11.690386	22.361164
0.87	5.115121	6.573172	11.688294	22.360863
0.88	5.645167	6.041852	11.687019	22.361260
0.89	6.184155	5.502426	11.686580	22.362350
0.9	6.723682	4.963302	11.686984	22.364124
0.91	7.255349	4.432875	11.688224	22.366571
0.92	7.770881	3.919397	11.690278	22.369678
0.93	8.262265	3.430851	11.693116	22.373429
0.94	8.721863	2.974829	11.696691	22.377806
0.95	9.142537	2.558413	11.700950	22.382791
0.96	9.517755	2.188070	11.705825	22.388361
0.97	9.841690	1.869551	11.711241	22.394493
0.98	10.109310	1.607804	11.717114	22.401162
0.99	10.316454	1.406899	11.723353	22.408339
1	10.459895	1.269967	11.729862	22.415998
1.01	10.537387	1.199153	11.736540	22.424107
1.02	10.547702	1.195584	11.743286	22.432636
1.03	10.490639	1.259356	11.749995	22.441552
1.04	10.367036	1.389529	11.756565	22.450821
1.05	10.178748	1.584147	11.762895	22.460410
1.06	9.928618	1.840270	11.768888	22.470283
1.07	9.620436	2.154018	11.774454	22.480405
1.08	9.258873	2.520634	11.779506	22.490740
1.09	8.849413	2.934557	11.783970	22.501250
1.1	8.398265	3.389512	11.787776	22.511899
1.11	7.912266	3.878602	11.790869	22.522651
1.12	7.398779	4.394422	11.793201	22.533469
1.13	6.865573	4.929165	11.794738	22.544317
1.14	6.320707	5.474751	11.795458	22.555158
1.15	5.772409	6.022943	11.795352	22.565957
1.16	5.228940	6.565482	11.794422	22.576679
1.17	4.698479	7.094204	11.792683	22.587291
1.18	4.188991	7.601174	11.790165	22.597758
1.19	3.708105	8.078801	11.786906	22.608049
1.2	3.263002	8.519955	11.782957	22.618133
1.21	2.860305	8.918076	11.778380	22.627979
1.22	2.505976	9.267271	11.773247	22.637560
1.23	2.205231	9.562404	11.767636	22.646848
1.24	1.962458	9.799175	11.761633	22.655817
1.25	1.781155	9.974176	11.755331	22.664444
1.26	1.663876	10.084951	11.748827	22.672706
1.27	1.612196	10.130023	11.742219	22.680584
1.28	1.626691	10.108917	11.735608	22.688057
1.29	1.706928	10.022167	11.729095	22.695110
1.3	1.851479	9.871299	11.722779	22.701727
1.31	2.057943	9.658811	11.716754	22.707896
1.32	2.322985	9.388126	11.711111	22.713605
1.33	2.642391	9.063544	11.705935	22.718846
1.34	3.011137	8.690166	11.701303	22.723611
1.35	3.423463	8.273819	11.697283	22.727897
1.36	3.872971	7.820963	11.693934	22.731700
1.37	4.352718	7.338587	11.691305	22.735019
1.38	4.855328	6.834105	11.689433	22.737855
1.39	5.373104	6.315239	11.688343	22.740213
1.4	5.898151	5.789899	11.688050	22.742097
1.41	6.422491	5.266063	11.688554	22.743514
1.42	6.938192	4.751652	11.689844	22.744473
1.43	7.437485	4.254412	11.691897	22.744986
1.44	7.912886	3.781794	11.694679	22.745065
1.45	8.357304	3.340840	11.698145	22.744724
1.46	8.764156	2.938081	11.702238	22.743979
1.47	9.127459	2.579433	11.706892	22.742848
1.48	9.441922	2.270113	11.712035	22.741349
1.49	9.703026	2.014561	11.717586	22.739504
1.5	9.907086	1.816371	11.723457	22.737334
1.51	10.051310	1.678248	11.729558	22.734861
1.52	10.133833	1.601960	11.735794	22.732110
1.53	10.153744	1.588324	11.742068	22.729105
1.54	10.111096	1.637189	11.748285	22.725873
1.55	10.006899	1.747450	11.754349	22.722440
1.56	9.843103	1.917065	11.760168	22.718832
1.57	9.622563	2.143092	11.765655	22.715078
1.58	9.348988	2.421738	11.770726	22.711206
1.59	9.026885	2.748421	11.775305	22.707243
1.6	8.661481	3.117846	11.779326	22.703219
1.61	8.258642	3.524088	11.782729	22.699162
1.62	7.824779	3.960687	11.785466	22.695100
1.63	7.366744	4.420752	11.787496	22.691062
1.64	6.891728	4.897067	11.788794	22.687075
1.65	6.407138	5.382205	11.789344	22.683168
1.66	5.920493	5.868646	11.789140	22.679365
1.67	5.439298	6.348892	11.788191	22.675695
1.68	4.970933	6.815582	11.786515	22.672182
1.69	4.522534	7.261608	11.784142	22.668851
1.7	4.100891	7.680223	11.781114	22.665726
1.71	3.712336	8.065144	11.777480	22.662828
1.72	3.362655	8.410647	11.773302	22.660180
1.73	3.056992	8.711655	11.768647	22.657800
1.74	2.799780	8.963810	11.763590	22.655709
1.75	2.594670	9.163542	11.758212	22.653922
1.76	2.444482	9.308118	11.752599	22.652456
1.77	2.351161	9.395680	11.746841	22.651325
1.78	2.315754	9.425273	11.741027	22.650542
1.79	2.338397	9.396851	11.735249	22.650117
1.8	2.418319	9.311278	11.729597	22.650059
1.81	2.553854	9.170305	11.724159	22.650376
1.82	2.742475	8.976544	11.719019	22.651074
1.83	2.980839	8.733417	11.714256	22.652155
1.84	3.264839	8.445104	11.709943	22.653623
1.85	3.589674	8.116470	11.706144	22.655477
1.86	3.949928	7.752990	11.702918	22.657715
1.87	4.339657	7.360653	11.700310	22.660335
1.88	4.752487	6.945874	11.698360	22.663330
1.89	5.181711	6.515384	11.697095	22.666693
1.9	5.620400	6.076130	11.696530	22.670415
1.91	6.061513	5.635159	11.696672	22.674486
1.92	6.498007	5.199507	11.697514	22.678893
1.93	6.922945	4.776094	11.699039	22.683622
1.94	7.329611	4.371610	11.701220	22.688656
1.95	7.711608	3.992412	11.704020	22.693980
1.96	8.062963	3.644428	11.707390	22.699574
1.97	8.378215	3.333060	11.711275	22.705418
1.98	8.652502	3.063109	11.715612	22.711491
1.99	8.881634	2.838694	11.720328	22.717769
2	9.062153	2.663194	11.725347	22.724229
2.01	9.191393	2.539197	11.730590	22.730846
2.02	9.267509	2.468462	11.735970	22.737593
2.03	9.289509	2.451894	11.741403	22.744445
2.04	9.257265	2.489537	11.746802	22.751373
2.05	9.171512	2.580568	11.752080	22.758349
2.06	9.033832	2.723324	11.757156	22.765344
2.07	8.846626	2.915322	11.761948	22.772330
2.08	8.613075	3.153307	11.766382	22.779276
2.09	8.337084	3.433303	11.770387	22.786152
2.1	8.023222	3.750682	11.773903	22.792929
2.11	7.676641	4.100234	11.776875	22.799577
2.12	7.303000	4.476257	11.779257	22.806066
2.13	6.908369	4.872645	11.781013	22.812366
2.14	6.499132	5.282986	11.782118	22.818448
2.15	6.081890	5.700665	11.782555	22.824283
2.16	5.663348	6.118971	11.782319	22.829844
2.17	5.250217	6.531199	11.781416	22.835103
2.18	4.849102	6.930760	11.779862	22.840033
2.19	4.466403	7.311280	11.777683	22.844609
2.2	4.108210	7.666706	11.774916	22.848805
2.21	3.780210	7.991395	11.771605	22.852598
2.22	3.487601	8.280204	11.767805	22.855967
2.23	3.235007	8.528568	11.763575	22.858888
2.24	3.026410	8.732575	11.758985	22.861344
2.25	2.865089	8.889019	11.754108	22.863315
2.26	2.753567	8.995453	11.749020	22.864784
2.27	2.693579	9.050223	11.743803	22.865737
2.28	2.686044	9.052495	11.738539	22.866160
2.29	2.731051	9.002260	11.733311	22.866041
2.3	2.827865	8.900337	11.728202	22.865369
2.31	2.974935	8.748356	11.723290	22.864137
2.32	3.169926	8.548728	11.718654	22.862338
2.33	3.409755	8.304609	11.714364	22.859968
2.34	3.690645	8.019844	11.710488	22.857023
2.35	4.008179	7.698907	11.707086	22.853504
2.36	4.357381	7.346828	11.704209	22.849410
2.37	4.732789	6.969112	11.701901	22.844746
2.38	5.128543	6.571654	11.700197	22.839516
2.39	5.538481	6.160642	11.699123	22.833727
2.4	5.956234	5.742458	11.698692	22.827387
2.41	6.375327	5.323584	11.698911	22.820508
2.42	6.789283	4.910492	11.699775	22.813102
2.43	7.191719	4.509548	11.701267	22.805182
2.44	7.576453	4.126910	11.703363	22.796766
2.45	7.937593	3.768436	11.706029	22.787870
2.46	8.269634	3.439587	11.709221	22.778514
2.47	8.567540	3.145349	11.712889	22.768719
2.48	8.826820	2.890153	11.716973	22.758507
2.49	9.043600	2.677808	11.721408	22.747902
2.5	9.214679	2.511447	11.726126	22.736930
2.51	9.337575	2.393475	11.731050	22.725615
2.52	9.410567	2.325539	11.736105	22.713987
2.53	9.432711	2.308500	11.741211	22.702074
2.54	9.403859	2.342430	11.746289	22.689905
2.55	9.324654	2.426606	11.751259	22.677511
2.56	9.196518	2.559528	11.756046	22.664924
2.57	9.021627	2.738949	11.760576	22.652174
2.58	8.802875	2.961905	11.764779	22.639296
2.59	8.543820	3.224772	11.768592	22.626321
2.6	8.248635	3.523322	11.771957	22.613283
2.61	7.922032	3.852793	11.774825	22.600216
2.62	7.569189	4.207963	11.777152	22.587154
2.63	7.195667	4.583238	11.778905	22.574129
2.64	6.807322	4.972739	11.780061	22.561176
2.65	6.410211	5.370393	11.780603	22.548327
2.66	6.010494	5.770034	11.780528	22.535616
2.67	5.614342	6.165496	11.779838	22.523076
2.68	5.227837	6.550712	11.778549	22.510737
2.69	4.856878	6.919805	11.776683	22.498632
2.7	4.507089	7.267184	11.774273	22.486791
2.71	4.183733	7.587627	11.771360	22.475243
2.72	3.891631	7.876360	11.767991	22.464016
2.73	3.635089	8.129133	11.764223	22.453140
2.74	3.417834	8.342281	11.760115	22.442639
2.75	3.242956	8.512778	11.755734	22.432538
2.76	3.112867	8.638284	11.751151	22.422862
2.77	3.029264	8.717174	11.746438	22.413633
2.78	2.993105	8.748564	11.741670	22.404871
2.79	3.004605	8.732316	11.736921	22.396596
2.8	3.063229	8.669036	11.732265	22.388824
2.81	3.167710	8.560066	11.727775	22.381573
2.82	3.316072	8.407449	11.723521	22.374856
2.83	3.505665	8.213900	11.719566	22.368685
2.84	3.733213	7.982757	11.715970	22.363071
2.85	3.994868	7.717920	11.712789	22.358022
2.86	4.286275	7.423793	11.710068	22.353546
2.87	4.602643	7.105203	11.707846	22.349646
2.88	4.938827	6.767328	11.706155	22.346327
2.89	5.289411	6.415607	11.705018	22.343588
2.9	5.648792	6.055655	11.704447	22.341429
2.91	6.011276	5.693170	11.704447	22.339848
2.92	6.371167	5.333846	11.705013	22.338838
2.93	6.722856	4.983277	11.706133	22.338395
2.94	7.060912	4.646870	11.707782	22.338508
2.95	7.380168	4.329763	11.709931	22.339168
2.96	7.675800	4.036740	11.712540	22.340363
2.97	7.943403	3.772161	11.715565	22.342079
2.98	8.179061	3.539891	11.718952	22.344299
2.99	8.379400	3.343245	11.722645	22.347008
3	8.541646	3.184935	11.726581	22.350186
3.01	8.663662	3.067034	11.730696	22.353812
3.02	8.743976	2.990944	11.734920	22.357866
3.03	8.781805	2.957380	11.739185	22.362323
3.04	8.777059	2.966362	11.743421	22.367160
3.05	8.730338	3.017222	11.747560	22.372351
3.06	8.642921	3.108615	11.751535	22.377869
3.07	8.516736	3.238548	11.755284	22.383687
3.08	8.354327	3.404418	11.758746	22.389775
3.09	8.158810	3.603058	11.761867	22.396105
3.1	7.933812	3.830788	11.764600	22.402645
3.11	7.683415	4.083487	11.766903	22.409366
3.12	7.412086	4.356655	11.768741	22.416236
3.13	7.124595	4.645494	11.770089	22.423222
3.14	6.825942	4.944984	11.770927	22.430294
3.15	6.521271	5.249975	11.771246	22.437417
3.16	6.215782	5.555263	11.771045	22.444561
3.17	5.914650	5.855682	11.770332	22.451693
3.18	5.622935	6.146186	11.769121	22.458779
3.19	5.345504	6.421935	11.767438	22.465788
3.2	5.086946	6.678368	11.765314	22.472689
3.21	4.851504	6.911283	11.762787	22.479449
3.22	4.643002	7.116900	11.759903	22.486038
3.23	4.464786	7.291925	11.756712	22.492425
3.24	4.319671	7.433599	11.753270	22.498581
3.25	4.209894	7.539743	11.749637	22.504476
3.26	4.137085	7.608790	11.745876	22.510083
3.27	4.102239	7.639811	11.742050	22.515375
3.28	4.105702	7.632523	11.738225	22.520325
3.29	4.147171	7.587294	11.734465	22.524909
3.3	4.225699	7.505135	11.730834	22.529103
3.31	4.339716	7.387678	11.727394	22.532884
3.32	4.487055	7.237146	11.724201	22.536232
3.33	4.664992	7.056316	11.721309	22.539125
3.34	4.870295	6.848471	11.718766	22.541546
3.35	5.099276	6.617337	11.716614	22.543479
3.36	5.347859	6.367030	11.714888	22.544906
3.37	5.611644	6.101973	11.713617	22.545814
3.38	5.885987	5.826834	11.712821	22.546192
3.39	6.166076	5.546435	11.712512	22.546027
3.4	6.447013	5.265681	11.712694	22.545311
3.41	6.723894	4.989471	11.713364	22.544036
3.42	6.991894	4.722615	11.714509	22.542197
3.43	7.246349	4.469761	11.716109	22.539788
3.44	7.482829	4.235307	11.718136	22.536806
3.45	7.697218	4.023337	11.720555	22.533252
3.46	7.885779	3.837546	11.723325	22.529124
3.47	8.045217	3.681181	11.726398	22.524425
3.48	8.172735	3.556987	11.729722	22.519159
3.49	8.266079	3.467161	11.733240	22.513330
3.5	8.323578	3.413315	11.736893	22.506946
3.51	8.344169	3.396449	11.740618	22.500013
3.52	8.327416	3.416936	11.744352	22.492541
3.53	8.273517	3.474515	11.748032	22.484540
3.54	8.183304	3.568291	11.751595	22.476023
3.55	8.058222	3.696758	11.754980	22.467003
3.56	7.900313	3.857817	11.758130	22.457493
3.57	7.712177	4.048815	11.760992	22.447509
3.58	7.496931	4.266584	11.763515	22.437068
3.59	7.258156	4.507501	11.765657	22.426186
3.6	6.999841	4.767540	11.767381	22.414882
3.61	6.726313	5.042343	11.768656	22.403175
3.62	6.442166	5.327294	11.769460	22.391084
3.63	6.152188	5.617591	11.769778	22.378630
3.64	5.861276	5.908327	11.769603	22.365833
3.65	5.574362	6.194575	11.768937	22.352715
3.66	5.296323	6.471466	11.767788	22.339297
3.67	5.031906	6.734269	11.766175	22.325601
3.68	4.785648	6.978475	11.764123	22.311651
3.69	4.561796	7.199868	11.761664	22.297467
3.7	4.364243	7.394595	11.758838	22.283073
3.71	4.196456	7.559235	11.755691	22.268491
3.72	4.061424	7.690849	11.752273	22.253743
3.73	3.961601	7.787039	11.748640	22.238851
3.74	3.898871	7.845979	11.744851	22.223837
3.75	3.874512	7.866456	11.740968	22.208724
3.76	3.889172	7.847882	11.737054	22.193531
3.77	3.942862	7.790313	11.733175	22.178279
3.78	4.034950	7.694444	11.729394	22.162990
3.79	4.164171	7.561602	11.725773	22.147681
3.8	4.328647	7.393724	11.722372	22.132373
3.81	4.525917	7.193330	11.719247	22.117083
3.82	4.752974	6.963477	11.716451	22.101829
3.83	5.006315	6.707716	11.714031	22.086628
3.84	5.281995	6.430030	11.712026	22.071494
3.85	5.575695	6.134776	11.710471	22.056444
3.86	5.882785	5.826608	11.709393	22.041490
3.87	6.198407	5.510404	11.708811	22.026646
3.88	6.517546	5.191189	11.708735	22.011925
3.89	6.835118	4.874051	11.709169	21.997335
3.9	7.146049	4.564057	11.710106	21.982889
3.91	7.445360	4.266173	11.711533	21.968594
3.92	7.728246	3.985182	11.713427	21.954459
3.93	7.990157	3.725604	11.715760	21.940490
3.94	8.226872	3.491623	11.718495	21.926694
3.95	8.434568	3.287020	11.721588	21.913074
3.96	8.609883	3.115107	11.724990	21.899634
3.97	8.749972	2.978674	11.728646	21.886378
3.98	8.852554	2.879944	11.732498	21.873306
3.99	8.915951	2.820533	11.736484	21.860420
4	8.939114	2.801427	11.740540	21.847719
4.01	8.921643	2.822958	11.744601	21.835202
4.02	8.863795	2.884805	11.748600	21.822867
4.03	8.766480	2.985993	11.752473	21.810712
4.04	8.631245	3.124912	11.756157	21.798732
4.05	8.460255	3.299337	11.759592	21.786923
4.06	8.256254	3.506470	11.762724	21.775280
4.07	8.022521	3.742979	11.765500	21.763798
4.08	7.762821	4.005054	11.767875	21.752469
4.09	7.481340	4.288471	11.769811	21.741288
4.1	7.182621	4.588656	11.771277	21.730246
4.11	6.871488	4.900760	11.772248	21.719336
4.12	6.552965	5.219743	11.772708	21.708550
4.13	6.232202	5.540448	11.772650	21.697880
4.14	5.914382	5.857693	11.772075	21.687316
4.15	5.604642	6.166350	11.770992	21.676850
4.16	5.307986	6.461433	11.769419	21.666473
4.17	5.029205	6.738177	11.767381	21.656176
4.18	4.772794	6.992119	11.764913	21.645951
4.19	4.542883	7.219172	11.762055	21.635788
4.2	4.343166	7.415687	11.758853	21.625678
4.21	4.176838	7.578522	11.755360	21.615614
4.22	4.046545	7.705090	11.751635	21.605588
4.23	3.954337	7.793401	11.747739	21.595590
4.24	3.901635	7.842101	11.743736	21.585615
4.25	3.889202	7.850490	11.739692	21.575655
4.26	3.917136	7.818540	11.735676	21.565703
4.27	3.984862	7.746891	11.731753	21.555755
4.28	4.091141	7.636849	11.727990	21.545803
4.29	4.234089	7.490360	11.724449	21.535845
4.3	4.411207	7.309983	11.721190	21.525876
4.31	4.619420	7.098848	11.718268	21.515893
4.32	4.855128	6.860604	11.715732	21.505894
4.33	5.114262	6.599365	11.713627	21.495876
4.34	5.392350	6.319638	11.711988	21.485840
4.35	5.684590	6.026254	11.710844	21.475785
4.36	5.985930	5.724286	11.710216	21.465712
4.37	6.291149	5.418966	11.710116	21.455624
4.38	6.594945	5.115602	11.710547	21.445522
4.39	6.892018	4.819486	11.711504	21.435412
4.4	7.177164	4.535811	11.712974	21.425296
4.41	7.445355	4.269579	11.714934	21.415181
4.42	7.691829	4.025523	11.717352	21.405073
4.43	7.912167	3.808024	11.720191	21.394979
4.44	8.102368	3.621036	11.723404	21.384908
4.45	8.258917	3.468023	11.726940	21.374868
4.46	8.378847	3.351894	11.730741	21.364870
4.47	8.459789	3.274956	11.734745	21.354924
4.48	8.500016	3.238869	11.738885	21.345041
4.49	8.498473	3.244620	11.743093	21.335233
4.5	8.454802	3.292497	11.747299	21.325514
4.51	8.369347	3.382085	11.751432	21.315897
4.52	8.243156	3.512267	11.755422	21.306397
4.53	8.077966	3.681236	11.759202	21.297027
4.54	7.876182	3.886525	11.762707	21.287802
4.55	7.640836	4.125039	11.765876	21.278740
4.56	7.375548	4.393105	11.768653	21.269855
4.57	7.084464	4.686525	11.770988	21.261165
4.58	6.772196	5.000645	11.772841	21.252685
4.59	6.443748	5.330426	11.774174	21.244432
4.6	6.104437	5.670525	11.774962	21.236425
4.61	5.759809	6.015377	11.775186	21.228679
4.62	5.415547	6.359290	11.774838	21.221211
4.63	5.077386	6.696531	11.773917	21.214040
4.64	4.751010	7.021423	11.772433	21.207181
4.65	4.441970	7.328436	11.770406	21.200651
4.66	4.155585	7.612278	11.767863	21.194468
4.67	3.896856	7.867983	11.764839	21.188645
4.68	3.670386	8.090995	11.761381	21.183200
4.69	3.480295	8.277244	11.757539	21.178148
4.7	3.330158	8.423213	11.753372	21.173502
4.71	3.222939	8.526005	11.748944	21.169278
4.72	3.160935	8.583388	11.744323	21.165487
4.73	3.145741	8.593842	11.739583	21.162143
4.74	3.178215	8.556584	11.734799	21.159257
4.75	3.258456	8.471589	11.730045	21.156840
4.76	3.385802	8.339597	11.725400	21.154901
4.77	3.558830	8.162107	11.720937	21.153450
4.78	3.775374	7.941356	11.716730	21.152494
4.79	4.032555	7.680294	11.712849	21.152039
4.8	4.326819	7.382539	11.709358	21.152092
4.81	4.653991	7.052326	11.706316	21.152656
4.82	5.009332	6.694445	11.703776	21.153735
4.83	5.387615	6.314168	11.701783	21.155330
4.84	5.783200	5.917172	11.700372	21.157442
4.85	6.190123	5.509449	11.699572	21.160069
4.86	6.602185	5.097217	11.699401	21.163210
4.87	7.013049	4.686819	11.699868	21.166862
4.88	7.416340	4.284631	11.700971	21.171019
4.89	7.805742	3.896956	11.702698	21.175674
4.9	8.175101	3.529927	11.705028	21.180821
4.91	8.518521	3.189409	11.707930	21.186451
4.92	8.830457	2.880907	11.711364	21.192551
4.93	9.105807	2.609474	11.715281	21.199112
4.94	9.339993	2.379631	11.719624	21.206120
4.95	9.529035	2.195295	11.724330	21.213560
4.96	9.669621	2.059708	11.729329	21.221416
4.97	9.759158	1.975389	11.734546	21.229672
4.98	9.795820	1.944083	11.739903	21.238308
4.99	9.778581	1.966737	11.745318	21.247307
5	9.707236	2.043472	11.750708	21.256646
5.01	9.582408	2.173584	11.755991	21.266304
5.02	9.405543	2.355542	11.761086	21.276258
5.03	9.178896	2.587016	11.765912	21.286484
5.04	8.905495	2.864899	11.770394	21.296957
5.05	8.589103	3.185359	11.774463	21.307652
5.06	8.234163	3.543890	11.778052	21.318542
5.07	7.845729	3.935377	11.781105	21.329600
5.08	7.429396	4.354177	11.783573	21.340798
5.09	6.991216	4.794198	11.785414	21.352106
5.1	6.537602	5.248996	11.786598	21.363497
5.11	6.075235	5.711868	11.787103	21.374940
5.12	5.610961	6.175957	11.786918	21.386405
5.13	5.151687	6.634356	11.786043	21.397862
5.14	4.704272	7.080217	11.784489	21.409281
5.15	4.275424	7.506853	11.782277	21.420631
5.16	3.871593	7.907844	11.779437	21.431881
5.17	3.498875	8.277136	11.776011	21.443001
5.18	3.162911	8.609137	11.772048	21.453960
5.19	2.868802	8.898806	11.767608	21.464729
5.2	2.621029	9.141727	11.762756	21.475277
5.21	2.423379	9.334188	11.757566	21.485574
5.22	2.278884	9.473232	11.752116	21.495592
5.23	2.189775	9.556713	11.746487	21.505303
5.24	2.157442	9.583325	11.740767	21.514678
5.25	2.182413	9.552628	11.735041	21.523691
5.26	2.264339	9.465059	11.729397	21.532315
5.27	2.402000	9.321923	11.723923	21.540525
5.28	2.593320	9.125381	11.718701	21.548296
5.29	2.835400	8.878413	11.713813	21.555606
5.3	3.124555	8.584779	11.709334	21.562432
5.31	3.456372	8.248962	11.705333	21.568753
5.32	3.825777	7.876096	11.701873	21.574550
5.33	4.227112	7.471896	11.699008	21.579803
5.34	4.654218	7.042563	11.696781	21.584496
5.35	5.100535	6.594694	11.695229	21.588613
5.36	5.559197	6.135180	11.694377	21.592140
5.37	6.023140	5.671097	11.694237	21.595064
5.38	6.485212	5.209601	11.694813	21.597374
5.39	6.938283	4.757814	11.696097	21.599061
5.4	7.375356	4.322713	11.698069	21.600116
5.41	7.789675	3.911024	11.700699	21.600533
5.42	8.174833	3.529115	11.703948	21.600307
5.43	8.524867	3.182897	11.707765	21.599437
5.44	8.834359	2.877731	11.712091	21.597919
5.45	9.098515	2.618344	11.716859	21.595755
5.46	9.313243	2.408752	11.721996	21.592947
5.47	9.475221	2.252200	11.727421	21.589499
5.48	9.581944	2.151106	11.733050	21.585416
5.49	9.631771	2.107024	11.738795	21.580705
5.5	9.623948	2.120619	11.744567	21.575375
5.51	9.558622	2.191653	11.750276	21.569437
5.52	9.436842	2.318988	11.755830	21.562903
5.53	9.260543	2.500601	11.761144	21.555787
5.54	9.032518	2.733616	11.766134	21.548103
5.55	8.756373	3.014347	11.770720	21.539869
5.56	8.436478	3.338353	11.774831	21.531103
5.57	8.077894	3.700506	11.778400	21.521824
5.58	7.686299	4.095073	11.781372	21.512054
5.59	7.267896	4.515802	11.783698	21.501814
5.6	6.829323	4.956018	11.785341	21.491129
5.61	6.377543	5.408731	11.786274	21.480022
5.62	5.919739	5.866742	11.786481	21.468521
5.63	5.463201	6.322756	11.785957	21.456651
5.64	5.015212	6.769498	11.784710	21.444440
5.65	4.582932	7.199826	11.782757	21.431918
5.66	4.173287	7.606842	11.780129	21.419114
5.67	3.792859	7.984007	11.776866	21.406058
5.68	3.447780	8.325238	11.773018	21.392781
5.69	3.143635	8.625009	11.768644	21.379315
5.7	2.885375	8.878438	11.763812	21.365692
5.71	2.677234	9.081365	11.758599	21.351944
5.72	2.522664	9.230422	11.753086	21.338104
5.73	2.424275	9.323084	11.747359	21.324204
5.74	2.383793	9.357716	11.741509	21.310279
5.75	2.402031	9.333596	11.735628	21.296361
5.76	2.478874	9.250934	11.729809	21.282484
5.77	2.613276	9.110869	11.724145	21.268680
5.78	2.803273	8.915452	11.718726	21.254982
5.79	3.046017	8.667622	11.713639	21.241423
5.8	3.337809	8.371156	11.708965	21.228035
5.81	3.674163	8.030618	11.704781	21.214850
5.82	4.049870	7.651284	11.701154	21.201899
5.83	4.459076	7.239068	11.698144	21.189212
5.84	4.895377	6.800424	11.695801	21.176820
5.85	5.351912	6.342253	11.694165	21.164751
5.86	5.821474	5.871790	11.693264	21.153034
5.87	6.296621	5.396495	11.693115	21.141696
5.88	6.769790	4.923936	11.693725	21.130763
5.89	7.233418	4.461669	11.695087	21.120261
5.9	7.680061	4.017122	11.697183	21.110214
5.91	8.102509	3.597473	11.699982	21.100645
5.92	8.493902	3.209542	11.703444	21.091577
5.93	8.847838	2.859679	11.707517	21.083028
5.94	9.158479	2.553661	11.712141	21.075020
5.95	9.420639	2.296604	11.717243	21.067569
5.96	9.629871	2.092876	11.722748	21.060693
5.97	9.782542	1.946027	11.728569	21.054406
5.98	9.875888	1.858729	11.734617	21.048722
5.99	9.908067	1.832731	11.740798	21.043653
6	9.878186	1.868831	11.747016	21.039210
6.01	9.786322	1.966851	11.753173	21.035403
6.02	9.633528	2.125645	11.759173	21.032238
6.03	9.421812	2.343108	11.764920	21.029722
6.04	9.154120	2.616204	11.770324	21.027859
6.05	8.834286	2.941011	11.775297	21.026652
6.06	8.466983	3.312778	11.779760	21.026104
6.07	8.057647	3.725995	11.783641	21.026213
6.08	7.612400	4.174476	11.786876	21.026978
6.09	7.137960	4.651451	11.789411	21.028395
6.1	6.641531	5.149671	11.791202	21.030461
6.11	6.130703	5.661516	11.792219	21.033169
6.12	5.613328	6.179112	11.792440	21.036512
6.13	5.097403	6.694455	11.791858	21.040480
6.14	4.590948	7.199530	11.790478	21.045064
6.15	4.101878	7.686439	11.788317	21.050251
6.16	3.637881	8.147522	11.785403	21.056028
6.17	3.206302	8.575477	11.781779	21.062382
6.18	2.814022	8.963473	11.777495	21.069297
6.19	2.467354	9.305262	11.772615	21.076756
6.2	2.171940	9.595271	11.767211	21.084742
6.21	1.932664	9.828699	11.761363	21.093235
6.22	1.753571	10.001587	11.755158	21.102216
6.23	1.637804	10.110886	11.748690	21.111665
6.24	1.587547	10.154511	11.742058	21.121559
6.25	1.603993	10.131369	11.735361	21.131876
6.26	1.687317	10.041386	11.728702	21.142594
6.27	1.836672	9.885512	11.722184	21.153688
6.28	2.050198	9.665707	11.715906	21.165133
6.29	2.325045	9.384919	11.709965	21.176906
6.3	2.657414	9.047039	11.704454	21.188979
6.31	3.042611	8.656847	11.699458	21.201329
6.32	3.475116	8.219940	11.695056	21.213927
6.33	3.948664	7.742654	11.691318	21.226748
6.34	4.456340	7.231963	11.688303	21.239765
6.35	4.990681	6.695379	11.686060	21.252950
6.36	5.543787	6.140838	11.684626	21.266278
6.37	6.107445	5.576580	11.684026	21.279721
6.38	6.673248	5.011024	11.684272	21.293252
6.39	7.232726	4.452638	11.685363	21.306845
6.4	7.777474	3.909813	11.687287	21.320472
6.41	8.299284	3.390733	11.690016	21.334108
6.42	8.790264	2.903248	11.693513	21.347727
6.43	9.242967	2.454758	11.697725	21.361303
6.44	9.650502	2.052091	11.702593	21.374811
6.45	10.006638	1.701405	11.708043	21.388226
6.46	10.305909	1.408086	11.713996	21.401524
6.47	10.543692	1.176670	11.720362	21.414682
6.48	10.716283	1.010763	11.727046	21.427676
6.49	10.820954	0.912993	11.733948	21.440486
6.5	10.856002	0.884962	11.740963	21.453089
6.51	10.820770	0.927217	11.747987	21.465465
6.52	10.715665	1.039246	11.754912	21.477594
6.53	10.542154	1.219479	11.761633	21.489458
6.54	10.302742	1.465307	11.768049	21.501038
6.55	10.000935	1.773126	11.774061	21.512317
6.56	9.641194	2.138384	11.779578	21.523280
6.57	9.228863	2.555652	11.784515	21.533912
6.58	8.770095	3.018701	11.788796	21.544199
6.59	8.271754	3.520602	11.792356	21.554127
6.6	7.741318	4.053821	11.795139	21.563685
6.61	7.186760	4.610342	11.797102	21.572863
6.62	6.616434	5.181781	11.798214	21.581651
6.63	6.038941	5.759517	11.798458	21.590040
6.64	5.463005	6.334822	11.797827	21.598023
6.65	4.897337	6.898993	11.796331	21.605593
6.66	4.350504	7.443487	11.793991	21.612746
6.67	3.830794	7.960048	11.790842	21.619478
6.68	3.346095	8.440835	11.786931	21.625786
6.69	2.903772	8.878544	11.782316	21.631667
6.7	2.510551	9.266516	11.777067	21.637123
6.71	2.172420	9.598843	11.771263	21.642152
6.72	1.894535	9.870457	11.764992	21.646756
6.73	1.681141	10.077208	11.758349	21.650939
6.74	1.535502	10.215932	11.751434	21.654704
6.75	1.459858	10.284494	11.744353	21.658055
6.76	1.455383	10.281830	11.737213	21.660998
6.77	1.522168	10.207955	11.730123	21.663540
6.78	1.659219	10.063973	11.723191	21.665688
6.79	1.864470	9.852053	11.716523	21.667452
6.8	2.134816	9.575405	11.710221	21.668840
6.81	2.466155	9.238225	11.704380	21.669862
6.82	2.853456	8.845635	11.699091	21.670531
6.83	3.290827	8.403607	11.694434	21.670857
6.84	3.771613	7.918868	11.690481	21.670853
6.85	4.288489	7.398803	11.687292	21.670533
6.86	4.833577	6.851339	11.684917	21.669911
6.87	5.398565	6.284826	11.683391	21.669001
6.88	5.974832	5.707908	11.682740	21.667818
6.89	6.553581	5.129392	11.682973	21.666378
6.9	7.125972	4.558115	11.684087	21.664698
6.91	7.683261	4.002805	11.686065	21.662793
6.92	8.216928	3.471950	11.688878	21.660682
6.93	8.718815	2.973667	11.692483	21.658381
6.94	9.181245	2.515579	11.696824	21.655909
6.95	9.597141	2.104695	11.701836	21.653283
6.96	9.960139	1.747303	11.707442	21.650521
6.97	10.264682	1.448874	11.713557	21.647643
6.98	10.506107	1.213979	11.720086	21.644666
6.99	10.680717	1.046214	11.726930	21.641609
7	10.785838	0.948147	11.733985	21.638492
7.01	10.819862	0.921278	11.741141	21.635332
7.02	10.782273	0.966015	11.748288	21.632148
7.03	10.673654	1.081664	11.755318	21.628960
7.04	10.495679	1.266444	11.762122	21.625784
7.05	10.251088	1.517508	11.768596	21.622641
7.06	9.943649	1.830989	11.774638	21.619547
7.07	9.578098	2.202059	11.780157	21.616520
7.08	9.160067	2.625001	11.785068	21.613579
7.09	8.696000	3.093293	11.789293	21.610740
7.1	8.193054	3.599713	11.792768	21.608021
7.11	7.658991	4.136447	11.795438	21.605436
7.12	7.102057	4.695205	11.797262	21.603004
7.13	6.530858	5.267353	11.798211	21.600739
7.14	5.954228	5.844041	11.798269	21.598656
7.15	5.381094	6.416340	11.797435	21.596770
7.16	4.820338	6.975382	11.795719	21.595095
7.17	4.280661	7.512488	11.793149	21.593644
7.18	3.770451	8.019311	11.789762	21.592431
7.19	3.297652	8.487957	11.785609	21.591467
7.2	2.869645	8.911109	11.780754	21.590764
7.21	2.493128	9.282141	11.775269	21.590333
7.22	2.174020	9.595218	11.769239	21.590184
7.23	1.917367	9.845388	11.762754	21.590327
7.24	1.727259	10.028656	11.755915	21.590771
7.25	1.606774	10.142052	11.748825	21.591523
7.26	1.557924	10.183669	11.741594	21.592591
7.27	1.581629	10.152702	11.734330	21.593983
7.28	1.677692	10.049455	11.727147	21.595703
7.29	1.844813	9.875340	11.720154	21.597757
7.3	2.080598	9.632859	11.713458	21.600149
7.31	2.381599	9.325563	11.707162	21.602883
7.32	2.743365	8.957998	11.701364	21.605962
7.33	3.160508	8.535644	11.696152	21.609388
7.34	3.626785	8.064823	11.691608	21.613162
7.35	4.135193	7.552608	11.687801	21.617286
7.36	4.678073	7.006718	11.684792	21.621758
7.37	5.247231	6.435395	11.682626	21.626578
7.38	5.834055	5.847285	11.681340	21.631745
7.39	6.429653	5.251299	11.680953	21.637257
7.4	7.024986	4.656487	11.681472	21.643110
7.41	7.611001	4.071891	11.682892	21.649300
7.42	8.178778	3.506414	11.685193	21.655824
7.43	8.719658	2.968681	11.688339	21.662677
7.44	9.225379	2.466906	11.692286	21.669853
7.45	9.688201	2.008772	11.696973	21.677345
7.46	10.101024	1.601307	11.702332	21.685148
7.47	10.457498	1.250783	11.708281	21.693254
7.48	10.752117	0.962614	11.714731	21.701654
7.49	10.980308	0.741277	11.721585	21.710342
7.5	11.138497	0.590243	11.728740	21.719307
7.51	11.224165	0.511923	11.736088	21.728541
7.52	11.235888	0.507630	11.743518	21.738034
7.53	11.173360	0.577557	11.750917	21.747775
7.54	11.037395	0.720779	11.758174	21.757755
7.55	10.829919	0.935261	11.765180	21.767963
7.56	10.553938	1.217889	11.771827	21.778387
7.57	10.213496	1.564520	11.778016	21.789016
7.58	9.813613	1.970039	11.783652	21.799838
7.59	9.360208	2.428443	11.788651	21.810842
7.6	8.860012	2.932925	11.792936	21.822015
7.61	8.320463	3.475980	11.796443	21.833345
7.62	7.749600	4.049519	11.799119	21.844821
7.63	7.155932	4.644990	11.800922	21.856429
7.64	6.548320	5.253506	11.801826	21.868158
7.65	5.935833	5.865983	11.801816	21.879994
7.66	5.327620	6.473273	11.800892	21.891926
7.67	4.732764	7.066305	11.799069	21.903941
7.68	4.160151	7.636223	11.796373	21.916027
7.69	3.618331	8.174514	11.792845	21.928172
7.7	3.115395	8.673143	11.788538	21.940363
7.71	2.658846	9.124671	11.783517	21.952589
7.72	2.255490	9.522367	11.777857	21.964839
7.73	1.911335	9.860308	11.771643	21.977100
7.74	1.631497	10.133472	11.764969	21.989363
7.75	1.420127	10.337808	11.757935	22.001615
7.76	1.280347	10.470299	11.750647	22.013847
7.77	1.214205	10.529008	11.743213	22.026048
7.78	1.222644	10.513102	11.735746	22.038210
7.79	1.305488	10.422869	11.728357	22.050321
7.8	1.461450	10.259708	11.721157	22.062374
7.81	1.688147	10.026106	11.714253	22.074360
7.82	1.982143	9.725606	11.707749	22.086271
7.83	2.338996	9.362744	11.701741	22.098099
7.84	2.753332	8.942985	11.696318	22.109838
7.85	3.218924	8.472636	11.691560	22.121480
7.86	3.728787	7.958751	11.687538	22.133019
7.87	4.275287	7.409024	11.684311	22.144451
7.88	4.850253	6.831672	11.681925	22.155770
7.89	5.445106	6.235309	11.680415	22.166972
7.9	6.050986	5.628815	11.679801	22.178052
7.91	6.658886	5.021204	11.680090	22.189008
7.92	7.259789	4.421487	11.681276	22.199837
7.93	7.844804	3.838536	11.683340	22.210537
7.94	8.405300	3.280948	11.686248	22.221105
7.95	8.933033	2.756921	11.689954	22.231541
7.96	9.420274	2.274127	11.694400	22.241845
7.97	9.859920	1.839599	11.699519	22.252015
7.98	10.245602	1.459629	11.705231	22.262054
7.99	10.571780	1.139669	11.711449	22.271962
8	10.833820	0.884258	11.718079	22.281740
8.01	11.028068	0.696950	11.725018	22.291391
8.02	11.151896	0.580266	11.732163	22.300918
8.03	11.203744	0.535661	11.739405	22.310322
8.04	11.183136	0.563499	11.746635	22.319609
8.05	11.090688	0.663057	11.753745	22.328781
8.06	10.928090	0.832537	11.760627	22.337843
8.07	10.698084	1.069097	11.767181	22.346800
8.08	10.404412	1.368896	11.773308	22.355656
8.09	10.051759	1.727158	11.778918	22.364418
8.1	9.645681	2.138247	11.783928	22.373090
8.11	9.192512	2.595753	11.788266	22.381679
8.12	8.699271	3.092597	11.791869	22.390191
8.13	8.173548	3.621137	11.794686	22.398631
8.14	7.623391	4.173287	11.796678	22.407008
8.15	7.057177	4.740642	11.797819	22.415327
8.16	6.483488	5.314609	11.798096	22.423595
8.17	5.910975	5.886534	11.797509	22.431819
8.18	5.348231	6.447840	11.796071	22.440006
8.19	4.803655	6.990153	11.793809	22.448162
8.2	4.285329	7.505431	11.790760	22.456295
8.21	3.800892	7.986084	11.786976	22.464411
8.22	3.357428	8.425089	11.782518	22.472517
8.23	2.961359	8.816098	11.777457	22.480619
8.24	2.618348	9.153527	11.771874	22.488723
8.25	2.333217	9.432641	11.765858	22.496836
8.26	2.109878	9.649624	11.759502	22.504963
8.27	1.951272	9.801635	11.752907	22.513109
8.28	1.859334	9.886840	11.746174	22.521281
8.29	1.834961	9.904447	11.739408	22.529482
8.3	1.878008	9.854705	11.732713	22.537717
8.31	1.987293	9.738900	11.726193	22.545989
8.32	2.160616	9.559329	11.719946	22.554303
8.33	2.394804	9.319264	11.714067	22.562662
8.34	2.685756	9.022891	11.708647	22.571067
8.35	3.028516	8.675250	11.703766	22.579520
8.36	3.417352	8.282145	11.699497	22.588023
8.37	3.845845	7.850057	11.695903	22.596577
8.38	4.306995	7.386042	11.693037	22.605182
8.39	4.793326	6.897613	11.690939	22.613837
8.4	5.297012	6.392628	11.689639	22.622541
8.41	5.809990	5.879164	11.689154	22.631291
8.42	6.324093	5.365392	11.689486	22.640087
8.43	6.831176	4.859450	11.690626	22.648924
8.44	7.323238	4.369316	11.692554	22.657798
8.45	7.792550	3.902685	11.695235	22.666706
8.46	8.231775	3.466851	11.698625	22.675641
8.47	8.634074	3.068593	11.702667	22.684597
8.48	8.993219	2.714076	11.707296	22.693568
8.49	9.303682	2.408754	11.712436	22.702547
8.5	9.560719	2.157285	11.718004	22.711525
8.51	9.760445	1.963468	11.723912	22.720493
8.52	9.899886	1.830181	11.730067	22.729443
8.53	9.977028	1.759341	11.736369	22.738363
8.54	9.990841	1.751879	11.742720	22.747244
8.55	9.941295	1.807725	11.749020	22.756074
8.56	9.829354	1.925816	11.755170	22.764841
8.57	9.656960	2.104113	11.761073	22.773532
8.58	9.427002	2.339636	11.766638	22.782135
8.59	9.143263	2.628515	11.771779	22.790637
8.6	8.810364	2.966050	11.776414	22.799022
8.61	8.433683	3.346790	11.780473	22.807278
8.62	8.019277	3.764617	11.783894	22.815389
8.63	7.573779	4.212844	11.786623	22.823340
8.64	7.104298	4.684322	11.788620	22.831116
8.65	6.618302	5.171553	11.789856	22.838701
8.66	6.123506	5.666804	11.790310	22.846080
8.67	5.627746	6.162233	11.789980	22.853236
8.68	5.138861	6.650009	11.788869	22.860154
8.69	4.664567	7.122431	11.786999	22.866818
8.7	4.212342	7.572056	11.784398	22.873210
8.71	3.789303	7.991806	11.781109	22.879316
8.72	3.402104	8.375080	11.777184	22.885120
8.73	3.056826	8.715860	11.772685	22.890605
8.74	2.758889	9.008795	11.767684	22.895756
8.75	2.512966	9.249293	11.762259	22.900559
8.76	2.322915	9.433580	11.756495	22.904997
8.77	2.191715	9.558767	11.750482	22.909058
8.78	2.121429	9.622885	11.744314	22.912726
8.79	2.113167	9.624921	11.738088	22.915988
8.8	2.167075	9.564824	11.731900	22.918831
8.81	2.282333	9.443513	11.725845	22.921244
8.82	2.457169	9.262850	11.720019	22.923214
8.83	2.688890	9.025621	11.714511	22.924730
8.84	2.973924	8.735482	11.709405	22.925783
8.85	3.307878	8.396903	11.704781	22.926363
8.86	3.685607	8.015103	11.700710	22.926461
8.87	4.101296	7.595957	11.697253	22.926072
8.88	4.548550	7.145913	11.694463	22.925187
8.89	5.020494	6.671888	11.692383	22.923802
8.9	5.509883	6.181159	11.691043	22.921912
8.91	6.009211	5.681253	11.690464	22.919515
8.92	6.510828	5.179825	11.690653	22.916607
8.93	7.007060	4.684546	11.691606	22.913188
8.94	7.490327	4.202980	11.693308	22.909259
8.95	7.953259	3.742472	11.695731	22.904821
8.96	8.388808	3.310028	11.698837	22.899875
8.97	8.790359	2.912218	11.702577	22.894428
8.98	9.151826	2.555068	11.706893	22.888483
8.99	9.467748	2.243970	11.711719	22.882048
9	9.733372	1.983606	11.716978	22.875129
9.01	9.944721	1.777870	11.722591	22.867737
9.02	10.098654	1.629816	11.728470	22.859882
9.03	10.192913	1.541612	11.734526	22.851576
9.04	10.226156	1.514509	11.740665	22.842831
9.05	10.197971	1.548824	11.746795	22.833661
9.06	10.108885	1.643937	11.752821	22.824084
9.07	9.960347	1.798307	11.758653	22.814114
9.08	9.754708	2.009495	11.764203	22.803771
9.09	9.495178	2.274208	11.769386	22.793073
9.1	9.185779	2.588347	11.774126	22.782041
9.11	8.831273	2.947078	11.778351	22.770695
9.12	8.437093	3.344908	11.782001	22.759060
9.13	8.009253	3.775768	11.785020	22.747158
9.14	7.554256	4.233111	11.787367	22.735013
9.15	7.078991	4.710017	11.789007	22.722651
9.16	6.590627	5.199294	11.789920	22.710098
9.17	6.096499	5.693596	11.790095	22.697382
9.18	5.603999	6.185532	11.789531	22.684530
9.19	5.120459	6.667784	11.788242	22.671571
9.2	4.653037	7.133213	11.786251	22.658533
9.21	4.208615	7.574975	11.783590	22.645447
9.22	3.793687	7.986619	11.780305	22.632342
9.23	3.414263	8.362186	11.776449	22.619249
9.24	3.075781	8.696302	11.772083	22.606199
9.25	2.783025	8.984252	11.767277	22.593222
9.26	2.540054	9.222054	11.762107	22.580350
9.27	2.350142	9.406513	11.756654	22.567614
9.28	2.215734	9.535269	11.751003	22.555045
9.29	2.138413	9.606829	11.745242	22.542675
9.3	2.118875	9.620584	11.739459	22.530533
9.31	2.156931	9.576813	11.733744	22.518651
9.32	2.251507	9.476676	11.728183	22.507059
9.33	2.400671	9.322190	11.722861	22.495786
9.34	2.601664	9.116194	11.717858	22.484862
9.35	2.850950	8.862299	11.713249	22.474315
9.36	3.144273	8.564828	11.709101	22.464173
9.37	3.476732	8.228745	11.705477	22.454463
9.38	3.842852	7.859575	11.702427	22.445211
9.39	4.236682	7.463313	11.699995	22.436443
9.4	4.651884	7.046330	11.698214	22.428182
9.41	5.081838	6.615269	11.697107	22.420452
9.42	5.519742	6.176943	11.696685	22.413274
9.43	5.958725	5.738225	11.696951	22.406668
9.44	6.391951	5.305943	11.697894	22.400655
9.45	6.812725	4.886769	11.699494	22.395252
9.46	7.214602	4.487121	11.701722	22.390474
9.47	7.591478	4.113060	11.704538	22.386338
9.48	7.937692	3.770201	11.707893	22.382856
9.49	8.248107	3.463623	11.711730	22.380041
9.5	8.518190	3.197795	11.715985	22.377901
9.51	8.744077	2.976511	11.720588	22.376445
9.52	8.922631	2.802832	11.725463	22.375680
9.53	9.051488	2.679042	11.730531	22.375611
9.54	9.129090	2.606620	11.735710	22.376240
9.55	9.154701	2.586217	11.740918	22.377569
9.56	9.128417	2.617654	11.746071	22.379597
9.57	9.051158	2.699929	11.751087	22.382322
9.58	8.924650	2.831239	11.755889	22.385739
9.59	8.751392	3.009008	11.760400	22.389842
9.6	8.534611	3.229940	11.764551	22.394622
9.61	8.278206	3.490071	11.768277	22.400071
9.62	7.986687	3.784836	11.771523	22.406177
9.63	7.665093	4.109145	11.774239	22.412925
9.64	7.318914	4.457470	11.776384	22.420301
9.65	6.953998	4.823931	11.777929	22.428288
9.66	6.576457	5.202395	11.778852	22.436867
9.67	6.192569	5.586573	11.779142	22.446018
9.68	5.808675	5.970124	11.778799	22.455719
9.69	5.431078	6.346752	11.777831	22.465947
9.7	5.065944	6.710313	11.776257	22.476675
9.71	4.719202	7.054905	11.774107	22.487880
9.72	4.396452	7.374967	11.771419	22.499531
9.73	4.102873	7.665365	11.768238	22.511601
9.74	3.843150	7.921469	11.764619	22.524060
9.75	3.621393	8.139230	11.760622	22.536875
9.76	3.441077	8.315238	11.756315	22.550015
9.77	3.304991	8.446777	11.751767	22.563446
9.78	3.215194	8.531862	11.747055	22.577133
9.79	3.172984	8.569271	11.742255	22.591043
9.8	3.178884	8.558561	11.737445	22.605139
9.81	3.232635	8.500069	11.732704	22.619385
9.82	3.333200	8.394907	11.728107	22.633744
9.83	3.478790	8.244940	11.723730	22.648180
9.84	3.666891	8.052751	11.719642	22.662654
9.85	3.894308	7.821600	11.715908	22.677129
9.86	4.157220	7.555368	11.712588	22.691567
9.87	4.451242	7.258492	11.709735	22.705931
9.88	4.771500	6.935893	11.707393	22.720183
9.89	5.112707	6.592891	11.705598	22.734286
9.9	5.469252	6.235128	11.704379	22.748202
9.91	5.835290	5.868464	11.703754	22.761897
9.92	6.204839	5.498891	11.703730	22.775333
9.93	6.571873	5.132435	11.704308	22.788475
9.94	6.930420	4.775057	11.705477	22.801288
9.95	7.274659	4.432557	11.707216	22.813740
9.96	7.599011	4.110485	11.709496	22.825797
9.97	7.898229	3.814051	11.712280	22.837428
9.98	8.167481	3.548040	11.715521	22.848602
9.99	8.402426	3.316741	11.719167	22.859289
10	8.599284	3.123875	11.723159	22.869462
10.01	8.754890	2.972541	11.727431	22.879094
10.02	8.866749	2.865166	11.731915	22.888160
10.03	8.933072	2.803466	11.736538	22.896635
10.04	8.952802	2.788425	11.741227	22.904498
10.05	8.925630	2.820275	11.745905	22.911728
10.06	8.851998	2.898501	11.750499	22.918306
10.07	8.733091	3.021844	11.754935	22.924216
10.08	8.570813	3.188329	11.759142	22.929441
10.09	8.367760	3.395293	11.763053	22.933968
10.1	8.127174	3.639434	11.766607	22.937786
10.11	7.852889	3.916859	11.769748	22.940884
10.12	7.549272	4.223154	11.772426	22.943256
10.13	7.221148	4.553451	11.774599	22.944894
10.14	6.873725	4.902509	11.776234	22.945795
10.15	6.512510	5.264795	11.777305	22.945957
10.16	6.143221	5.634575	11.777796	22.945380
10.17	5.771693	6.006008	11.777701	22.944065
10.18	5.403789	6.373232	11.777021	22.942016
10.19	5.045304	6.730465	11.775769	22.939238
10.2	4.701875	7.072091	11.773966	22.935740
10.21	4.378891	7.392749	11.771640	22.931529
10.22	4.081408	7.687422	11.768830	22.926618
10.23	3.814072	7.951509	11.765581	22.921020
10.24	3.581043	8.180901	11.761944	22.914747
10.25	3.385934	8.372044	11.757978	22.907818
10.26	3.231754	8.521992	11.753746	22.900249
10.27	3.120861	8.628453	11.749314	22.892059
10.28	3.054929	8.689825	11.744754	22.883270
10.29	3.034923	8.705213	11.740136	22.873904
10.3	3.061084	8.674450	11.735534	22.863984
10.31	3.132930	8.598088	11.731019	22.853534
10.32	3.249267	8.477394	11.726661	22.842581
10.33	3.408205	8.314324	11.722529	22.831152
10.34	3.607197	8.111488	11.718686	22.819274
10.35	3.843079	7.872112	11.715191	22.806976
10.36	4.112120	7.599977	11.712097	22.794288
10.37	4.410086	7.299366	11.709452	22.781239
10.38	4.732310	6.974985	11.707294	22.767862
10.39	5.073763	6.631893	11.705656	22.754186
10.4	5.429140	6.275420	11.704560	22.740245
10.41	5.792942	5.911079	11.704021	22.726070
10.42	6.159565	5.544480	11.704045	22.711692
10.43	6.523391	5.181238	11.704629	22.697145
10.44	6.878871	4.826888	11.705759	22.682461
10.45	7.220622	4.486795	11.707417	22.667672
10.46	7.543501	4.166071	11.709572	22.652810
10.47	7.842695	3.869493	11.712187	22.637907
10.48	8.113789	3.601431	11.715220	22.622994
10.49	8.352838	3.365781	11.718620	22.608101
10.5	8.556426	3.165904	11.722330	22.593259
10.51	8.721717	3.004574	11.726291	22.578498
10.52	8.846496	2.883942	11.730438	22.563845
10.53	8.929205	2.805499	11.734704	22.549330
10.54	8.968961	2.770061	11.739022	22.534979
10.55	8.965565	2.777757	11.743322	22.520817
10.56	8.919506	2.828030	11.747536	22.506870
10.57	8.831945	2.919653	11.751598	22.493162
10.58	8.704694	3.050751	11.755445	22.479714
10.59	8.540183	3.218833	11.759016	22.466549
10.6	8.341418	3.420840	11.762258	22.453685
10.61	8.111927	3.653193	11.765121	22.441142
10.62	7.855704	3.911857	11.767561	22.428936
10.63	7.577138	4.192406	11.769544	22.417084
10.64	7.280941	4.490100	11.771041	22.405599
10.65	6.972070	4.799962	11.772032	22.394493
10.66	6.655646	5.116859	11.772505	22.383779
10.67	6.336870	5.435587	11.772457	22.373465
10.68	6.020935	5.750958	11.771893	22.363559
10.69	5.712947	6.057879	11.770826	22.354068
10.7	5.417838	6.351441	11.769279	22.344996
10.71	5.140288	6.626992	11.767281	22.336346
10.72	4.884652	6.880215	11.764867	22.328121
10.73	4.654888	7.107194	11.762081	22.320320
10.74	4.454495	7.304478	11.758973	22.312942
10.75	4.286461	7.469134	11.755595	22.305984
10.76	4.153215	7.598791	11.752007	22.299441
10.77	4.056591	7.691677	11.748268	22.293308
10.78	3.997798	7.746645	11.744443	22.287577
10.79	3.977411	7.763185	11.740596	22.282240
10.8	3.995357	7.741434	11.736791	22.277287
10.81	4.050926	7.682164	11.733091	22.272707
10.82	4.142784	7.586774	11.729557	22.268487
10.83	4.268996	7.457253	11.726249	22.264615
10.84	4.427066	7.296153	11.723219	22.261075
10.85	4.613979	7.106538	11.720516	22.257853
10.86	4.826254	6.891932	11.718185	22.254933
10.87	5.060004	6.656258	11.716263	22.252296
10.88	5.311005	6.403773	11.714778	22.249926
10.89	5.574766	6.138988	11.713754	22.247804
10.9	5.846606	5.866600	11.713205	22.245911
10.91	6.121734	5.591404	11.713139	22.244227
10.92	6.395332	5.318221	11.713553	22.242732
10.93	6.662630	5.051808	11.714438	22.241406
10.94	6.918993	4.796783	11.715776	22.240229
10.95	7.159995	4.557547	11.717543	22.239179
10.96	7.381496	4.338209	11.719705	22.238237
10.97	7.579706	4.142519	11.722225	22.237380
10.98	7.751254	3.973803	11.725057	22.236589
10.99	7.893240	3.834912	11.728152	22.235843
11	8.003285	3.728170	11.731454	22.235122
11.01	8.079568	3.655340	11.734907	22.234405
11.02	8.120860	3.617591	11.738450	22.233674
11.03	8.126540	3.615482	11.742022	22.232910
11.04	8.096606	3.648954	11.745560	22.232093
11.05	8.031674	3.717329	11.749003	22.231207
11.06	7.932970	3.819322	11.752292	22.230234
11.07	7.802302	3.953067	11.755368	22.229158
11.08	7.642035	4.116144	11.758180	22.227963
11.09	7.455050	4.305627	11.760677	22.226634
11.1	7.244692	4.518124	11.762816	22.225159
11.11	7.014715	4.749845	11.764560	22.223524
11.12	6.769219	4.996660	11.765878	22.221717
11.13	6.512579	5.254168	11.766746	22.219728
11.14	6.249372	5.517777	11.767149	22.217548
11.15	5.984299	5.782778	11.767077	22.215167
11.16	5.722106	6.044426	11.766532	22.212578
11.17	5.467501	6.298020	11.765521	22.209775
11.18	5.225078	6.538982	11.764060	22.206753
11.19	4.999233	6.762939	11.762172	22.203509
11.2	4.794097	6.965793	11.759889	22.200038
11.21	4.613455	7.143793	11.757249	22.196340
11.22	4.460692	7.293602	11.754294	22.192415
11.23	4.338725	7.412350	11.751075	22.188262
11.24	4.249958	7.497687	11.747645	22.183885
11.25	4.196237	7.547825	11.744062	22.179284
11.26	4.178817	7.561570	11.740387	22.174466
11.27	4.198341	7.538340	11.736681	22.169434
11.28	4.254823	7.478185	11.733008	22.164195
11.29	4.347648	7.381783	11.729431	22.158756
11.3	4.475579	7.250432	11.726011	22.153124
11.31	4.636773	7.086033	11.722807	22.147309
11.32	4.828814	6.891060	11.719874	22.141319
11.33	5.048746	6.668518	11.717265	22.135166
11.34	5.293122	6.421902	11.715025	22.128859
11.35	5.558059	6.155135	11.713195	22.122412
11.36	5.839301	5.872506	11.711808	22.115835
11.37	6.132288	5.578603	11.710890	22.109142
11.38	6.432229	5.278233	11.710462	22.102345
11.39	6.734182	4.976350	11.710533	22.095459
11.4	7.033138	4.677968	11.711105	22.088496
11.41	7.324096	4.388078	11.712174	22.081471
11.42	7.602153	4.111571	11.713724	22.074398
11.43	7.862586	3.853149	11.715735	22.067290
11.44	8.100923	3.617253	11.718176	22.060163
11.45	8.313028	3.407981	11.721009	22.053029
11.46	8.495166	3.229026	11.724192	22.045903
11.47	8.644066	3.083609	11.727674	22.038798
11.48	8.756980	2.974421	11.731401	22.031727
11.49	8.831732	2.903581	11.735313	22.024703
11.5	8.866751	2.872596	11.739347	22.017738
11.51	8.861109	2.882331	11.743439	22.010844
11.52	8.814531	2.932991	11.747523	22.004033
11.53	8.727411	3.024120	11.751531	21.997314
11.54	8.600802	3.154595	11.755397	21.990698
11.55	8.436410	3.322649	11.759059	21.984193
11.56	8.236563	3.525892	11.762455	21.977807
11.57	8.004181	3.761347	11.765529	21.971549
11.58	7.742732	4.025496	11.768228	21.965423
11.59	7.456173	4.314334	11.770507	21.959435
11.6	7.148896	4.623430	11.772325	21.953590
11.61	6.825654	4.947998	11.773652	21.947890
11.62	6.491489	5.282973	11.774462	21.942338
11.63	6.151649	5.623090	11.774738	21.936935
11.64	5.811504	5.962970	11.774474	21.931680
11.65	5.476465	6.297206	11.773671	21.926573
11.66	5.151890	6.620447	11.772338	21.921611
11.67	4.843001	6.927492	11.770493	21.916791
11.68	4.554798	7.213366	11.768163	21.912107
11.69	4.291976	7.473408	11.765383	21.907554
11.7	4.058851	7.703345	11.762196	21.903125
11.71	3.859284	7.899365	11.758649	21.898811
11.72	3.696622	8.058176	11.754798	21.894605
11.73	3.573634	8.177069	11.750703	21.890494
11.74	3.492472	8.253956	11.746428	21.886469
11.75	3.454627	8.287414	11.742041	21.882517
11.76	3.460905	8.276706	11.737611	21.878625
11.77	3.511408	8.221801	11.733210	21.874778
11.78	3.605534	8.123373	11.728907	21.870962
11.79	3.741977	7.982795	11.724772	21.867162
11.8	3.918749	7.802124	11.720873	21.863359
11.81	4.133207	7.584065	11.717271	21.859539
11.82	4.382093	7.331935	11.714027	21.855683
11.83	4.661584	7.049611	11.711195	21.851772
11.84	4.967348	6.741472	11.708820	21.847789
11.85	5.294616	6.412328	11.706944	21.843714
11.86	5.638251	6.067347	11.705598	21.839528
11.87	5.992832	5.711974	11.704806	21.835212
11.88	6.352740	5.351844	11.704584	21.830746
11.89	6.712245	4.992692	11.704937	21.826110
11.9	7.065599	4.640264	11.705863	21.821286
11.91	7.407127	4.300221	11.707349	21.816254
11.92	7.731320	3.978053	11.709373	21.810995
11.93	8.032920	3.678986	11.711906	21.805490
11.94	8.307011	3.407898	11.714909	21.799721
11.95	8.549094	3.169242	11.718336	21.793671
11.96	8.755165	2.966970	11.722135	21.787322
11.97	8.921776	2.804469	11.726245	21.780657
11.98	9.046100	2.684503	11.730603	21.773662
11.99	9.125971	2.609169	11.735140	21.766321
12	9.159927	2.579856	11.739783	21.758620
12.01	9.147236	2.597224	11.744460	21.750548
12.02	9.087905	2.661190	11.749095	21.742092
12.03	8.982693	2.770921	11.753614	21.733241
12.04	8.833092	2.924852	11.757944	21.723987
12.05	8.641314	3.120702	11.762016	21.714322
12.06	8.410252	3.355510	11.765762	21.704239
12.07	8.143443	3.625679	11.769122	21.693733
12.08	7.845009	3.927031	11.772040	21.682801
12.09	7.519596	4.254871	11.774467	21.671440
12.1	7.172303	4.604060	11.776363	21.659651
12.11	6.808598	4.969098	11.777695	21.647433
12.12	6.434236	5.344204	11.778440	21.634790
12.13	6.055167	5.723415	11.778583	21.621727
12.14	5.677442	6.100676	11.778118	21.608250
12.15	5.307115	6.469937	11.777052	21.594365
12.16	4.950146	6.825253	11.775398	21.580084
12.17	4.612307	7.160874	11.773181	21.565417
12.18	4.299090	7.471344	11.770434	21.550376
12.19	4.015613	7.751585	11.767198	21.534978
12.2	3.766539	7.996985	11.763524	21.519237
12.21	3.556001	8.203467	11.759468	21.503173
12.22	3.387529	8.367564	11.755093	21.486803
12.23	3.263997	8.486473	11.750470	21.470150
12.24	3.187567	8.558103	11.745670	21.453237
12.25	3.159655	8.581115	11.740770	21.436086
12.26	3.180903	8.554945	11.735849	21.418724
12.27	3.251169	8.479816	11.730985	21.401177
12.28	3.369518	8.356739	11.726257	21.383474
12.29	3.534239	8.187503	11.721741	21.365644
12.3	3.742867	7.974646	11.717512	21.347717
12.31	3.992217	7.721422	11.713639	21.329724
12.32	4.278433	7.431753	11.710186	21.311699
12.33	4.597046	7.110165	11.707211	21.293675
12.34	4.943039	6.761725	11.704764	21.275684
12.35	5.310929	6.391959	11.702888	21.257763
12.36	5.694849	6.006767	11.701615	21.239947
12.37	6.088639	5.612332	11.700972	21.222270
12.38	6.485945	5.215025	11.700970	21.204770
12.39	6.880318	4.821297	11.701615	21.187482
12.4	7.265313	4.437586	11.702899	21.170443
12.41	7.634599	4.070209	11.704808	21.153689
12.42	7.982052	3.725261	11.707313	21.137257
12.43	8.301859	3.408520	11.710379	21.121182
12.44	8.588612	3.125349	11.713961	21.105499
12.45	8.837393	2.880611	11.718004	21.090245
12.46	9.043857	2.678592	11.722449	21.075453
12.47	9.204304	2.522921	11.727225	21.061158
12.48	9.315741	2.416519	11.732261	21.047392
12.49	9.375936	2.361541	11.737476	21.034187
12.5	9.383452	2.359339	11.742791	21.021574
12.51	9.337683	2.410438	11.748121	21.009583
12.52	9.238859	2.514523	11.753382	20.998243
12.53	9.088056	2.670434	11.758490	20.987580
12.54	8.887178	2.876186	11.763363	20.977621
12.55	8.638934	3.128989	11.767923	20.968388
12.56	8.346802	3.425293	11.772095	20.959905
12.57	8.014977	3.760834	11.775811	20.952192
12.58	7.648308	4.130701	11.779009	20.945267
12.59	7.252228	4.529406	11.781635	20.939149
12.6	6.832674	4.950969	11.783643	20.933851
12.61	6.395990	5.389008	11.784998	20.929386
12.62	5.948838	5.836836	11.785674	20.925765
12.63	5.498091	6.287564	11.785655	20.922997
12.64	5.050726	6.734210	11.784936	20.921087
12.65	4.613720	7.169805	11.783524	20.920041
12.66	4.193935	7.587501	11.781436	20.919860
12.67	3.798018	7.980682	11.778700	20.920543
12.68	3.432286	8.343067	11.775353	20.922088
12.69	3.102636	8.668807	11.771443	20.924491
12.7	2.814444	8.952583	11.767027	20.927742
12.71	2.572480	9.189690	11.762170	20.931834
12.72	2.380832	9.376112	11.756944	20.936754
12.73	2.242836	9.508591	11.751427	20.942488
12.74	2.161025	9.584679	11.745703	20.949020
12.75	2.137078	9.602781	11.739858	20.956331
12.76	2.171796	9.562186	11.733982	20.964400
12.77	2.265083	9.463082	11.728165	20.973206
12.78	2.415941	9.306555	11.722496	20.982722
12.79	2.622481	9.094582	11.717063	20.992924
12.8	2.881952	8.829999	11.711951	21.003781
12.81	3.190774	8.516467	11.707241	21.015263
12.82	3.544590	8.158416	11.703006	21.027339
12.83	3.938333	7.760981	11.699314	21.039975
12.84	4.366296	7.329927	11.696223	21.053136
12.85	4.822222	6.871564	11.693786	21.066785
12.86	5.299393	6.392648	11.692041	21.080883
12.87	5.790734	5.900285	11.691019	21.095393
12.88	6.288921	5.401818	11.690739	21.110274
12.89	6.786489	4.904719	11.691208	21.125485
12.9	7.275952	4.416472	11.692424	21.140984
12.91	7.749910	3.944460	11.694370	21.156728
12.92	8.201172	3.495848	11.697019	21.172675
12.93	8.622859	3.077476	11.700336	21.188780
12.94	9.008518	2.695753	11.704271	21.205000
12.95	9.352216	2.356551	11.708767	21.221290
12.96	9.648636	2.065121	11.713758	21.237608
12.97	9.893165	1.826005	11.719169	21.253908
12.98	10.081957	1.642964	11.724921	21.270147
12.99	10.212004	1.518922	11.730926	21.286282
13	10.281181	1.455913	11.737094	21.302271
13.01	10.288279	1.455053	11.743332	21.318070
13.02	10.233032	1.516514	11.749545	21.333639
13.03	10.116117	1.639522	11.755640	21.348938
13.04	9.939153	1.822368	11.761522	21.363927
13.05	9.704673	2.062428	11.767102	21.378567
13.06	9.416092	2.356203	11.772295	21.392823
13.07	9.077651	2.699369	11.777020	21.406659
13.08	8.694362	3.086843	11.781206	21.420041
13.09	8.271927	3.512860	11.784787	21.432937
13.1	7.816652	3.971055	11.787707	21.445315
13.11	7.335355	4.454568	11.789923	21.457148
13.12	6.835258	4.956140	11.791398	21.468409
13.13	6.323882	5.468227	11.792109	21.479072
13.14	5.808927	5.983117	11.792045	21.489115
13.15	5.298158	6.493047	11.791205	21.498517
13.16	4.799280	6.990322	11.789602	21.507260
13.17	4.319828	7.467433	11.787260	21.515328
13.18	3.867041	7.917173	11.784214	21.522707
13.19	3.447758	8.332753	11.780510	21.529384
13.2	3.068307	8.707898	11.776205	21.535351
13.21	2.734409	9.036956	11.771365	21.540601
13.22	2.451088	9.314975	11.766062	21.545130
13.23	2.222592	9.537788	11.760380	21.548934
13.24	2.052328	9.702077	11.754405	21.552015
13.25	1.942806	9.805423	11.748230	21.554375
13.26	1.895602	9.846347	11.741949	21.556020
13.27	1.911327	9.824332	11.735659	21.556955
13.28	1.989623	9.739835	11.729458	21.557192
13.29	2.129163	9.594279	11.723442	21.556741
13.3	2.327671	9.390033	11.717704	21.555618
13.31	2.581957	9.130376	11.712333	21.553837
13.32	2.887964	8.819449	11.707412	21.551418
13.33	3.240831	8.462188	11.703019	21.548380
13.34	3.634968	8.064253	11.699221	21.544746
13.35	4.064140	7.631939	11.696078	21.540540
13.36	4.521564	7.172075	11.693639	21.535787
13.37	5.000017	6.691926	11.691943	21.530514
13.38	5.491940	6.199076	11.691016	21.524751
13.39	5.989565	5.701308	11.690873	21.518528
13.4	6.485027	5.206489	11.691517	21.511876
13.41	6.970494	4.722443	11.692937	21.504829
13.42	7.438284	4.256830	11.695114	21.497419
13.43	7.880986	3.817026	11.698012	21.489682
13.44	8.291579	3.410008	11.701586	21.481653
13.45	8.663539	3.042243	11.705782	21.473369
13.46	8.990944	2.719590	11.710534	21.464866
13.47	9.268568	2.447201	11.715768	21.456182
13.48	9.491959	2.229442	11.721402	21.447353
13.49	9.657519	2.069828	11.727347	21.438418
13.5	9.762553	1.970957	11.733510	21.429414
13.51	9.805319	1.934475	11.739795	21.420378
13.52	9.785056	1.961046	11.746102	21.411348
13.53	9.701995	2.050336	11.752331	21.402360
13.54	9.557362	2.201023	11.758385	21.393451
13.55	9.353358	2.410808	11.764166	21.384656
13.56	9.093128	2.676455	11.769583	21.376009
13.57	8.780715	2.993834	11.774549	21.367544
13.58	8.420997	3.357988	11.778985	21.359295
13.59	8.019614	3.763204	11.782819	21.351292
13.6	7.582882	4.203105	11.785987	21.343565
13.61	7.117695	4.670744	11.788439	21.336144
13.62	6.631420	5.158713	11.790133	21.329057
13.63	6.131780	5.659259	11.791039	21.322327
13.64	5.626740	6.164401	11.791141	21.315981
13.65	5.124377	6.666056	11.790433	21.310040
13.66	4.632757	7.156167	11.788924	21.304524
13.67	4.159810	7.626824	11.786635	21.299453
13.68	3.713203	8.070394	11.783597	21.294842
13.69	3.300219	8.479637	11.779857	21.290707
13.7	2.927647	8.847822	11.775469	21.287060
13.71	2.601667	9.168832	11.770499	21.283911
13.72	2.327758	9.437266	11.765023	21.281270
13.73	2.110605	9.648520	11.759125	21.279141
13.74	1.954026	9.798868	11.752895	21.277529
13.75	1.860911	9.885518	11.746428	21.276436
13.76	1.833167	9.906658	11.739825	21.275861
13.77	1.871692	9.861497	11.733188	21.275802
13.78	1.976353	9.750268	11.726621	21.276255
13.79	2.145986	9.574240	11.720226	21.277212
13.8	2.378408	9.335695	11.714103	21.278665
13.81	2.670450	9.037899	11.708350	21.280602
13.82	3.018000	8.685057	11.703057	21.283012
13.83	3.416061	8.282247	11.698308	21.285879
13.84	3.858832	7.835349	11.694181	21.289186
13.85	4.339788	7.350954	11.690742	21.292916
13.86	4.851778	6.836269	11.688048	21.297048
13.87	5.387140	6.299004	11.686143	21.301561
13.88	5.937807	5.747256	11.685063	21.306430
13.89	6.495439	5.189387	11.684827	21.311633
13.9	7.051546	4.633897	11.685443	21.317142
13.91	7.597618	4.089288	11.686906	21.322931
13.92	8.125257	3.563941	11.689198	21.328971
13.93	8.626307	3.065981	11.692287	21.335234
13.94	9.092979	2.603152	11.696131	21.341688
13.95	9.517973	2.182701	11.700674	21.348304
13.96	9.894591	1.811259	11.705850	21.355051
13.97	10.216843	1.494740	11.711583	21.361895
13.98	10.479540	1.238247	11.717788	21.368806
13.99	10.678378	1.045994	11.724372	21.375751
14	10.810005	0.921232	11.731238	21.382697
14.01	10.872078	0.866203	11.738281	21.389612
14.02	10.863299	0.882097	11.745396	21.396465
14.03	10.783444	0.969032	11.752476	21.403224
14.04	10.633362	1.126049	11.759411	21.409857
14.05	10.414975	1.351123	11.766098	21.416335
14.06	10.131242	1.641191	11.772433	21.422626
14.07	9.786127	1.992192	11.778320	21.428703
14.08	9.384536	2.399131	11.783667	21.434537
14.09	8.932245	2.856147	11.788392	21.440102
14.1	8.435818	3.356604	11.792422	21.445373
14.11	7.902508	3.893185	11.795693	21.450324
14.12	7.340147	4.458007	11.798154	21.454934
14.13	6.757031	5.042733	11.799764	21.459182
14.14	6.161796	5.638701	11.800497	21.463047
14.15	5.563286	6.237054	11.800340	21.466513
14.16	4.970418	6.828874	11.799292	21.469564
14.17	4.392051	7.405316	11.797366	21.472185
14.18	3.836849	7.957741	11.794590	21.474366
14.19	3.313150	8.477853	11.791002	21.476095
14.2	2.828839	8.957816	11.786655	21.477366
14.21	2.391229	9.390384	11.781613	21.478173
14.22	2.006945	9.769004	11.775949	21.478512
14.23	1.681828	10.087919	11.769747	21.478383
14.24	1.420841	10.342258	11.763099	21.477786
14.25	1.227996	10.528109	11.756105	21.476725
14.26	1.106287	10.642581	11.748868	21.475206
14.27	1.057649	10.683848	11.741497	21.473236
14.28	1.082922	10.651180	11.734102	21.470825
14.29	1.181840	10.544954	11.726794	21.467986
14.3	1.353032	10.366651	11.719683	21.464734
14.31	1.594043	10.118832	11.712874	21.461084
14.32	1.901367	9.805104	11.706472	21.457057
14.33	2.270504	9.430067	11.700571	21.452672
14.34	2.696020	8.999241	11.695262	21.447952
14.35	3.171636	8.518987	11.690623	21.442922
14.36	3.690315	7.996409	11.686724	21.437609
14.37	4.244374	7.439251	11.683625	21.432041
14.38	4.825596	6.855777	11.681372	21.426248
14.39	5.425355	6.254645	11.679999	21.420261
14.4	6.034746	5.644781	11.679527	21.414113
14.41	6.644722	5.035240	11.679962	21.407838
14.42	7.246227	4.435071	11.681298	21.401472
14.43	7.830334	3.853179	11.683514	21.395052
14.44	8.388384	3.298193	11.686577	21.388614
14.45	8.912111	2.778328	11.690440	21.382197
14.46	9.393773	2.301271	11.695044	21.375840
14.47	9.826265	1.874055	11.700320	21.369582
14.48	10.203228	1.502960	11.706188	21.363463
14.49	10.519147	1.193410	11.712557	21.357523
14.5	10.769433	0.949900	11.719333	21.351803
14.51	10.950492	0.775920	11.726412	21.346342
14.52	11.059779	0.673908	11.733687	21.341180
14.53	11.095838	0.645209	11.741047	21.336357
14.54	11.058323	0.690058	11.748381	21.331912
14.55	10.948001	0.807577	11.755578	21.327884
14.56	10.766743	0.995786	11.762529	21.324309
14.57	10.517493	1.251636	11.769129	21.321225
14.58	10.204222	1.571055	11.775278	21.318667
14.59	9.831870	1.949013	11.780883	21.316669
14.6	9.406266	2.379594	11.785860	21.315264
14.61	8.934041	2.856092	11.790134	21.314484
14.62	8.422529	3.371111	11.793641	21.314358
14.63	7.879649	3.916679	11.796328	21.314915
14.64	7.313789	4.484367	11.798156	21.316180
14.65	6.733675	5.065424	11.799098	21.318178
14.66	6.148236	5.650905	11.799141	21.320931
14.67	5.566475	6.231811	11.798285	21.324458
14.68	4.997320	6.799225	11.796546	21.328778
14.69	4.449499	7.344450	11.793950	21.333905
14.7	3.931399	7.859139	11.790538	21.339852
14.71	3.450940	8.335424	11.786364	21.346630
14.72	3.015457	8.766037	11.781494	21.354246
14.73	2.631583	9.144418	11.776001	21.362706
14.74	2.305153	9.464819	11.769973	21.372012
14.75	2.041113	9.722387	11.763501	21.382163
14.76	1.843444	9.913242	11.756685	21.393157
14.77	1.715102	10.034530	11.749632	21.404988
14.78	1.657974	10.084475	11.742449	21.417647
14.79	1.672852	10.062396	11.735248	21.431125
14.8	1.759416	9.968722	11.728138	21.445406
14.81	1.916244	9.804986	11.721230	21.460474
14.82	2.140833	9.573797	11.714630	21.476310
14.83	2.429639	9.278800	11.708439	21.492893
14.84	2.778129	8.924624	11.702752	21.510198
14.85	3.180854	8.516803	11.697657	21.528198
14.86	3.631534	8.061699	11.693232	21.546864
14.87	4.123149	7.566396	11.689545	21.566164
14.88	4.648056	7.038596	11.686652	21.586066
14.89	5.198097	6.486501	11.684598	21.606532
14.9	5.764732	5.918681	11.683413	21.627525
14.91	6.339167	5.343950	11.683117	21.649005
14.92	6.912489	4.771224	11.683714	21.670929
14.93	7.475804	4.209389	11.685193	21.693256
14.94	8.020373	3.667161	11.687533	21.715939
14.95	8.537745	3.152953	11.690698	21.738932
14.96	9.019890	2.674748	11.694638	21.762188
14.97	9.459319	2.239973	11.699292	21.785658
14.98	9.849201	1.855389	11.704591	21.809292
14.99	10.183467	1.526984	11.710451	21.833039
15	10.456901	1.259882	11.716783	21.856848
15.01	10.665224	1.058265	11.723489	21.880667
15.02	10.805159	0.925308	11.730467	21.904445
15.03	10.874475	0.863134	11.737609	21.928128
15.04	10.872032	0.872774	11.744806	21.951665
15.05	10.797788	0.954158	11.751946	21.975004
15.06	10.652808	1.106113	11.758920	21.998093
15.07	10.439241	1.326381	11.765622	22.020881
15.08	10.160291	1.611656	11.771947	22.043317
15.09	9.820169	1.957631	11.777800	22.065351
15.1	9.424024	2.359064	11.783088	22.086936
15.11	8.977870	2.809863	11.787733	22.108023
15.12	8.488488	3.303172	11.791660	22.128567
15.13	7.963329	3.831482	11.794811	22.148523
15.14	7.410393	4.386744	11.797136	22.167848
15.15	6.838112	4.960488	11.798600	22.186500
15.16	6.255220	5.543959	11.799178	22.204441
15.17	5.670619	6.128244	11.798863	22.221634
15.18	5.093242	6.704415	11.797657	22.238043
15.19	4.531921	7.263659	11.795580	22.253635
15.2	3.995245	7.797416	11.792661	22.268382
15.21	3.491437	8.297507	11.788945	22.282254
15.22	3.028224	8.756264	11.784487	22.295226
15.23	2.612719	9.166638	11.779356	22.307277
15.24	2.251314	9.522314	11.773628	22.318387
15.25	1.949586	9.817805	11.767391	22.328539
15.26	1.712205	10.048534	11.760739	22.337719
15.27	1.542869	10.210902	11.753772	22.345916
15.28	1.444247	10.302349	11.746596	22.353123
15.29	1.417935	10.321384	11.739319	22.359334
15.3	1.464438	10.267614	11.732052	22.364549
15.31	1.583156	10.141748	11.724904	22.368768
15.32	1.772401	9.945583	11.717984	22.371997
15.33	2.029415	9.681981	11.711396	22.374241
15.34	2.350420	9.354820	11.705240	22.375513
15.35	2.730669	8.968938	11.699608	22.375826
15.36	3.164525	8.530061	11.694585	22.375197
15.37	3.645539	8.044709	11.690247	22.373645
15.38	4.166556	7.520104	11.686660	22.371192
15.39	4.719821	6.964055	11.683876	22.367865
15.4	5.297095	6.384843	11.681938	22.363691
15.41	5.889780	5.791094	11.680874	22.358700
15.42	6.489055	5.191645	11.680700	22.352927
15.43	7.086000	4.595417	11.681417	22.346407
15.44	7.671741	4.011273	11.683015	22.339178
15.45	8.237577	3.447890	11.685468	22.331280
15.46	8.775114	2.913624	11.688739	22.322757
15.47	9.276390	2.416387	11.692778	22.313652
15.48	9.733997	1.963527	11.697523	22.304012
15.49	10.141188	1.561716	11.702904	22.293884
15.5	10.491982	1.216855	11.708837	22.283319
15.51	10.781252	0.933982	11.715234	22.272367
15.52	11.004797	0.717201	11.721998	22.261080
15.53	11.159409	0.569618	11.729026	22.249512
15.54	11.242916	0.493299	11.736215	22.237716
15.55	11.254214	0.489241	11.743455	22.225748
15.56	11.193282	0.557357	11.750638	22.213663
15.57	11.061176	0.696481	11.757658	22.201516
15.58	10.860018	0.904390	11.764408	22.189363
15.59	10.592954	1.177836	11.770790	22.177261
15.6	10.264107	1.512602	11.776709	22.165265
15.61	9.878514	1.903564	11.782078	22.153430
15.62	9.442043	2.344775	11.786818	22.141812
15.63	8.961307	2.829552	11.790859	22.130464
15.64	8.443561	3.350584	11.794145	22.119441
15.65	7.896586	3.900042	11.796628	22.108794
15.66	7.328576	4.469698	11.798274	22.098574
15.67	6.748009	5.051052	11.799062	22.088832
15.68	6.163521	5.635461	11.798982	22.079615
15.69	5.583771	6.214269	11.798040	22.070971
15.7	5.017314	6.778940	11.796254	22.062944
15.71	4.472468	7.321184	11.793653	22.055578
15.72	3.957195	7.833085	11.790280	22.048912
15.73	3.478973	8.307216	11.786189	22.042985
15.74	3.044694	8.736751	11.781446	22.037835
15.75	2.660555	9.115568	11.776124	22.033495
15.76	2.331970	9.438336	11.770306	22.029995
15.77	2.063489	9.700593	11.764083	22.027366
15.78	1.858736	9.898814	11.757550	22.025632
15.79	1.720353	10.030455	11.750807	22.024818
15.8	1.649967	10.093991	11.743958	22.024943
15.81	1.648171	10.088935	11.737106	22.026025
15.82	1.714515	10.015840	11.730356	22.028079
15.83	1.847522	9.876286	11.723808	22.031116
15.84	2.044711	9.672850	11.717561	22.035143
15.85	2.302643	9.409066	11.711709	22.040168
15.86	2.616975	9.089363	11.706337	22.046192
15.87	2.982531	8.718994	11.701525	22.053214
15.88	3.393388	8.303955	11.697343	22.061231
15.89	3.842964	7.850887	11.693851	22.070235
15.9	4.324127	7.366970	11.691097	22.080217
15.91	4.829304	6.859817	11.689121	22.091165
15.92	5.350601	6.337347	11.687947	22.103062
15.93	5.879921	5.807668	11.687589	22.115889
15.94	6.409096	5.278951	11.688047	22.129626
15.95	6.930006	4.759303	11.689309	22.144248
15.96	7.434708	4.256644	11.691352	22.159729
15.97	7.915554	3.778584	11.694138	22.176039
15.98	8.365309	3.332313	11.697622	22.193147
15.99	8.777259	2.924486	11.701745	22.211019
16	9.145313	2.561127	11.706440	22.229617
16.01	9.464091	2.247540	11.711630	22.248905
16.02	9.729006	1.988228	11.717234	22.268841
16.03	9.936330	1.786831	11.723162	22.289383
16.04	10.083247	1.646073	11.729320	22.310488
16.05	10.167891	1.567721	11.735612	22.332110
16.06	10.189371	1.552569	11.741940	22.354202
16.07	10.147779	1.600426	11.748205	22.376716
16.08	10.044184	1.710127	11.754311	22.399602
16.09	9.880610	1.879553	11.760163	22.422812
16.1	9.660003	2.105671	11.765673	22.446293
16.11	9.386173	2.384585	11.770757	22.469993
16.12	9.063738	2.711600	11.775338	22.493862
16.13	8.698046	3.081303	11.779348	22.517847
16.14	8.295085	3.487643	11.782728	22.541894
16.15	7.861392	3.924036	11.785428	22.565952
16.16	7.403944	4.383466	11.787411	22.589968
16.17	6.930049	4.858600	11.788649	22.613890
16.18	6.447231	5.341896	11.789127	22.637667
16.19	5.963110	5.825733	11.788843	22.661248
16.2	5.485284	6.302520	11.787805	22.684583
16.21	5.021211	6.764822	11.786033	22.707623
16.22	4.578090	7.205469	11.783559	22.730319
16.23	4.162754	7.617672	11.780426	22.752625
16.24	3.781562	7.995124	11.776686	22.774497
16.25	3.440303	8.332100	11.772403	22.795889
16.26	3.144106	8.623539	11.767645	22.816759
16.27	2.897366	8.865123	11.762490	22.837068
16.28	2.703677	9.053345	11.757021	22.856776
16.29	2.565776	9.185551	11.751327	22.875846
16.3	2.485511	9.259987	11.745498	22.894245
16.31	2.463808	9.275818	11.739626	22.911939
16.32	2.500666	9.233139	11.733805	22.928899
16.33	2.595160	9.132966	11.728126	22.945095
16.34	2.745457	8.977222	11.722679	22.960503
16.35	2.948851	8.768698	11.717548	22.975099
16.36	3.201808	8.511006	11.712814	22.988863
16.37	3.500026	8.208522	11.708549	23.001776
16.38	3.838505	7.866313	11.704819	23.013821
16.39	4.211628	7.490052	11.701680	23.024988
16.4	4.613252	7.085929	11.699181	23.035263
16.41	5.036808	6.660551	11.697358	23.044640
16.42	5.475403	6.220835	11.696238	23.053112
16.43	5.921935	5.773901	11.695836	23.060678
16.44	6.369199	5.326956	11.696155	23.067335
16.45	6.810005	4.887182	11.697187	23.073087
16.46	7.237293	4.461622	11.698915	23.077938
16.47	7.644237	4.057072	11.701308	23.081895
16.48	8.024358	3.679969	11.704327	23.084967
16.49	8.371624	3.336297	11.707921	23.087166
16.5	8.680539	3.031493	11.712032	23.088506
16.51	8.946233	2.770360	11.716593	23.089002
16.52	9.164536	2.556995	11.721531	23.088672
16.53	9.332037	2.394728	11.726766	23.087538
16.54	9.446143	2.286072	11.732214	23.085620
16.55	9.505109	2.232681	11.737790	23.082943
16.56	9.508069	2.235335	11.743404	23.079532
16.57	9.455045	2.293923	11.748968	23.075414
16.58	9.346944	2.407450	11.754393	23.070618
16.59	9.185540	2.574055	11.759595	23.065174
16.6	8.973447	2.791044	11.764491	23.059112
16.61	8.714073	3.054933	11.769006	23.052466
16.62	8.411563	3.361505	11.773068	23.045268
16.63	8.070736	3.705879	11.776614	23.037553
16.64	7.697003	4.082587	11.779591	23.029355
16.65	7.296285	4.485666	11.781951	23.020710
16.66	6.874914	4.908745	11.783659	23.011655
16.67	6.439535	5.345155	11.784690	23.002225
16.68	5.997002	5.788026	11.785028	22.992457
16.69	5.554267	6.230403	11.784669	22.982387
16.7	5.118273	6.665349	11.783621	22.972053
16.71	4.695844	7.086057	11.781901	22.961491
16.72	4.293581	7.485957	11.779538	22.950736
16.73	3.917754	7.858815	11.776568	22.939826
16.74	3.574209	8.198832	11.773041	22.928794
16.75	3.268278	8.500734	11.769012	22.917677
16.76	3.004693	8.759851	11.764544	22.906506
16.77	2.787518	8.972192	11.759710	22.895317
16.78	2.620083	9.134501	11.754584	22.884140
16.79	2.504938	9.244308	11.749247	22.873007
16.8	2.443813	9.299969	11.743782	22.861947
16.81	2.437594	9.300682	11.738276	22.850990
16.82	2.486310	9.246503	11.732813	22.840162
16.83	2.589138	9.138341	11.727479	22.829490
16.84	2.744414	8.977942	11.722355	22.818998
16.85	2.949666	8.767856	11.717522	22.808709
16.86	3.201653	8.511399	11.713052	22.798645
16.87	3.496416	8.212599	11.709015	22.788825
16.88	3.829345	7.876126	11.705472	22.779267
16.89	4.195251	7.507225	11.702476	22.769989
16.9	4.588448	7.111623	11.700072	22.761004
16.91	5.002846	6.695449	11.698295	22.752326
16.92	5.432044	6.265128	11.697172	22.743965
16.93	5.869433	5.827285	11.696718	22.735933
16.94	6.308296	5.388640	11.696936	22.728235
16.95	6.741919	4.955903	11.697822	22.720879
16.96	7.163691	4.535669	11.699360	22.713867
16.97	7.567205	4.134319	11.701523	22.707204
16.98	7.946361	3.757915	11.704276	22.700890
16.99	8.295459	3.412116	11.707575	22.694923
17	8.609283	3.102081	11.711365	22.689302
17.01	8.883185	2.832402	11.715586	22.684023
17.02	9.113149	2.607024	11.720173	22.679079
17.03	9.295856	2.429195	11.725051	22.674465
17.04	9.428732	2.301413	11.730145	22.670171
17.05	9.509982	2.225393	11.735375	22.666188
17.06	9.538616	2.202043	11.740659	22.662505
17.07	9.514463	2.231454	11.745916	22.659110
17.08	9.438166	2.312899	11.751065	22.655989
17.09	9.311172	2.444855	11.756027	22.653129
17.1	9.135702	2.625024	11.760725	22.650514
17.11	8.914715	2.850375	11.765090	22.648128
17.12	8.651859	3.117195	11.769054	22.645955
17.13	8.351407	3.421152	11.772559	22.643977
17.14	8.018191	3.757363	11.775554	22.642175
17.15	7.657522	4.120473	11.777995	22.640532
17.16	7.275104	4.504743	11.779848	22.639029
17.17	6.876943	4.904143	11.781087	22.637647
17.18	6.469253	5.312444	11.781697	22.636366
17.19	6.058353	5.723319	11.781673	22.635168
17.2	5.650575	6.130444	11.781019	22.634033
17.21	5.252157	6.527593	11.779750	22.632941
17.22	4.869149	6.908741	11.777890	22.631875
17.23	4.507321	7.268150	11.775472	22.630816
17.24	4.172071	7.600466	11.772537	22.629744
17.25	3.868341	7.900795	11.769135	22.628644
17.26	3.600547	8.164777	11.765324	22.627497
17.27	3.372507	8.388657	11.761165	22.626288
17.28	3.187390	8.569336	11.756726	22.625000
17.29	3.047665	8.704416	11.752080	22.623619
17.3	2.955067	8.792235	11.747302	22.622131
17.31	2.910576	8.831891	11.742467	22.620523
17.32	2.914405	8.823247	11.737652	22.618783
17.33	2.966003	8.766931	11.732934	22.616900
17.34	3.064065	8.664321	11.728386	22.614865
17.35	3.206561	8.517519	11.724080	22.612668
17.36	3.390768	8.329314	11.720081	22.610303
17.37	3.613323	8.103129	11.716452	22.607763
17.38	3.870280	7.842967	11.713247	22.605043
17.39	4.157170	7.553343	11.710514	22.602140
17.4	4.469086	7.239207	11.708293	22.599052
17.41	4.800752	6.905863	11.706615	22.595778
17.42	5.146623	6.558882	11.705505	22.592317
17.43	5.500963	6.204011	11.704974	22.588673
17.44	5.857947	5.847080	11.705027	22.584847
17.45	6.211751	5.493908	11.705659	22.580844
17.46	6.556646	5.150209	11.706855	22.576671
17.47	6.887091	4.821501	11.708591	22.572333
17.48	7.197819	4.513017	11.710836	22.567839
17.49	7.483924	4.229626	11.713550	22.563199
17.5	7.740933	3.975751	11.716684	22.558423
17.51	7.964880	3.755305	11.720185	22.553522
17.52	8.152367	3.571626	11.723993	22.548510
17.53	8.300612	3.427431	11.728043	22.543399
17.54	8.407498	3.324771	11.732269	22.538206
17.55	8.471595	3.265003	11.736598	22.532944
17.56	8.492188	3.248772	11.740960	22.527631
17.57	8.469281	3.276002	11.745283	22.522284
17.58	8.403591	3.345905	11.749496	22.516920
17.59	8.296539	3.456990	11.753529	22.511559
17.6	8.150218	3.607099	11.757317	22.506218
17.61	7.967362	3.793438	11.760800	22.500917
17.62	7.751290	4.012630	11.763920	22.495675
17.63	7.505858	4.260770	11.766628	22.490514
17.64	7.235389	4.533492	11.768881	22.485452
17.65	6.944602	4.826041	11.770643	22.480510
17.66	6.638535	5.133353	11.771888	22.475708
17.67	6.322457	5.450140	11.772596	22.471065
17.68	6.001786	5.770972	11.772758	22.466603
17.69	5.681999	6.090374	11.772372	22.462340
17.7	5.368539	6.402908	11.771447	22.458295
17.71	5.066731	6.703268	11.770000	22.454487
17.72	4.781693	6.986361	11.768055	22.450935
17.73	4.518253	7.247393	11.765646	22.447655
17.74	4.280869	7.481944	11.762813	22.444665
17.75	4.073564	7.686042	11.759606	22.441980
17.76	3.899853	7.856222	11.756076	22.439615
17.77	3.762694	7.989589	11.752282	22.437585
17.78	3.664435	8.083853	11.748289	22.435903
17.79	3.606784	8.137376	11.744160	22.434581
17.8	3.590776	8.149190	11.739965	22.433629
17.81	3.616762	8.119012	11.735773	22.433057
17.82	3.684402	8.047250	11.731652	22.432873
17.83	3.792675	7.934994	11.727670	22.433086
17.84	3.939895	7.783996	11.723891	22.433699
17.85	4.123738	7.596640	11.720378	22.434718
17.86	4.341285	7.375903	11.717187	22.436145
17.87	4.589068	7.125303	11.714372	22.437982
17.88	4.863128	6.848848	11.711976	22.440229
17.89	5.159080	6.550959	11.710039	22.442883
17.9	5.472184	6.236409	11.708593	22.445943
17.91	5.797425	5.910235	11.707660	22.449402
17.92	6.129592	5.577664	11.707256	22.453256
17.93	6.463365	5.244021	11.707386	22.457495
17.94	6.793399	4.914649	11.708049	22.462112
17.95	7.114415	4.594818	11.709233	22.467095
17.96	7.421278	4.289641	11.710919	22.472432
17.97	7.709088	4.003992	11.713080	22.478109
17.98	7.973253	3.742427	11.715680	22.484111
17.99	8.209566	3.509112	11.718678	22.490422
18	8.414269	3.307755	11.722024	22.497024
18.01	8.584118	3.141547	11.725665	22.503898
18.02	8.716429	3.013113	11.729542	22.511024
18.03	8.809125	2.924468	11.733593	22.518380
18.04	8.860764	2.876988	11.737752	22.525944
18.05	8.870565	2.871388	11.741953	22.533691
18.06	8.838417	2.907712	11.746129	22.541598
18.07	8.764880	2.985332	11.750212	22.549639
18.08	8.651175	3.102962	11.754138	22.557787
18.09	8.499165	3.258679	11.757844	22.566016
18.1	8.311317	3.449955	11.761271	22.574298
18.11	8.090669	3.673698	11.764366	22.582604
18.12	7.840774	3.926305	11.767080	22.590906
18.13	7.565646	4.203723	11.769369	22.599176
18.14	7.269690	4.501510	11.771200	22.607382
18.15	6.957632	4.814911	11.772543	22.615497
18.16	6.634444	5.138935	11.773379	22.623490
18.17	6.305258	5.468438	11.773696	22.631331
18.18	5.975289	5.798201	11.773490	22.638991
18.19	5.649747	6.123020	11.772767	22.646441
18.2	5.333752	6.437787	11.771539	22.653651
18.21	5.032256	6.737573	11.769829	22.660593
18.22	4.749958	7.017707	11.767665	22.667239
18.23	4.491233	7.273851	11.765085	22.673560
18.24	4.260062	7.502068	11.762130	22.679530
18.25	4.059965	7.698885	11.758850	22.685122
18.26	3.893950	7.861349	11.755299	22.690312
18.27	3.764464	7.987072	11.751535	22.695074
18.28	3.673354	8.074266	11.747621	22.699385
18.29	3.621843	8.121775	11.743619	22.703223
18.3	3.610507	8.129088	11.739594	22.706566
18.31	3.639271	8.096342	11.735613	22.709394
18.32	3.707412	8.024327	11.731739	22.711688
18.33	3.813574	7.914460	11.728034	22.713432
18.34	3.955789	7.768768	11.724558	22.714608
18.35	4.131517	7.589848	11.721365	22.715202
18.36	4.337682	7.380826	11.718507	22.715202
18.37	4.570730	7.145298	11.716028	22.714595
18.38	4.826690	6.887278	11.713967	22.713372
18.39	5.101233	6.611123	11.712356	22.711524
18.4	5.389752	6.321465	11.711217	22.709045
18.41	5.687435	6.023133	11.710568	22.705929
18.42	5.989346	5.721069	11.710415	22.702173
18.43	6.290507	5.420254	11.710760	22.697775
18.44	6.585978	5.125616	11.711594	22.692736
18.45	6.870942	4.841958	11.712900	22.687056
18.46	7.140782	4.573872	11.714653	22.680740
18.47	7.391156	4.325667	11.716823	22.673792
18.48	7.618073	4.101299	11.719371	22.666219
18.49	7.817950	3.904302	11.722253	22.658029
18.5	7.987679	3.737738	11.725417	22.649232
18.51	8.124673	3.604138	11.728810	22.639840
18.52	8.226905	3.505469	11.732374	22.629865
18.53	8.292948	3.443099	11.736048	22.619322
18.54	8.321991	3.417777	11.739768	22.608226
18.55	8.313852	3.429620	11.743472	22.596595
18.56	8.268982	3.478115	11.747097	22.584448
18.57	8.188456	3.562125	11.750581	22.571804
18.58	8.073951	3.679914	11.753866	22.558684
18.59	7.927720	3.829176	11.756895	22.545110
18.6	7.752549	4.007070	11.759619	22.531105
18.61	7.551716	4.210275	11.761990	22.516694
18.62	7.328927	4.435043	11.763969	22.501902
18.63	7.088261	4.677263	11.765524	22.486754
18.64	6.834094	4.932533	11.766626	22.471277
18.65	6.571029	5.196230	11.767260	22.455498
18.66	6.303818	5.463595	11.767413	22.439444
18.67	6.037278	5.729806	11.767083	22.423145
18.68	5.776213	5.990065	11.766278	22.406628
18.69	5.525330	6.239680	11.765009	22.389922
18.7	5.289162	6.474139	11.763300	22.373057
18.71	5.071987	6.689193	11.761180	22.356062
18.72	4.877759	6.880926	11.758685	22.338965
18.73	4.710036	7.045821	11.755858	22.321796
18.74	4.571924	7.180823	11.752747	22.304583
18.75	4.466017	7.283388	11.749405	22.287357
18.76	4.394359	7.351533	11.745892	22.270143
18.77	4.358401	7.383864	11.742266	22.252972
18.78	4.358981	7.379609	11.738590	22.235869
18.79	4.396302	7.338628	11.734929	22.218862
18.8	4.469930	7.261417	11.731346	22.201977
18.81	4.578798	7.149105	11.727904	22.185240
18.82	4.721224	7.003437	11.724662	22.168674
18.83	4.894934	6.826745	11.721679	22.152303
18.84	5.097097	6.621910	11.719007	22.136151
18.85	5.324375	6.392320	11.716695	22.120239
18.86	5.572974	6.141811	11.714784	22.104587
18.87	5.838705	5.874607	11.713312	22.089216
18.88	6.117056	5.595249	11.712305	22.074143
18.89	6.403264	5.308522	11.711786	22.059386
18.9	6.692393	5.019373	11.711766	22.044960
18.91	6.979418	4.732833	11.712251	22.030881
18.92	7.259309	4.453926	11.713235	22.017161
18.93	7.527114	4.187594	11.714708	22.003812
18.94	7.778043	3.938604	11.716647	21.990845
18.95	8.007550	3.711475	11.719025	21.978270
18.96	8.211410	3.510396	11.721805	21.966094
18.97	8.385790	3.339155	11.724945	21.954323
18.98	8.527320	3.201074	11.728394	21.942963
18.99	8.633149	3.098949	11.732098	21.932017
19	8.700995	3.035003	11.735997	21.921488
19.01	8.729190	3.010839	11.740029	21.911376
19.02	8.716711	3.027416	11.744127	21.901681
19.03	8.663202	3.085022	11.748224	21.892400
19.04	8.568983	3.183269	11.752252	21.883532
19.05	8.435053	3.321090	11.756143	21.875072
19.06	8.263075	3.496758	11.759833	21.867013
19.07	8.055358	3.707900	11.763258	21.859350
19.08	7.814820	3.951540	11.766359	21.852073
19.09	7.544947	4.224136	11.769083	21.845175
19.1	7.249742	4.521639	11.771381	21.838646
19.11	6.933661	4.839551	11.773211	21.832473
19.12	6.601543	5.172997	11.774539	21.826645
19.13	6.258538	5.516801	11.775339	21.821149
19.14	5.910023	5.865568	11.775591	21.815971
19.15	5.561519	6.213768	11.775287	21.811097
19.16	5.218598	6.555829	11.774426	21.806511
19.17	4.886798	6.886219	11.773017	21.802198
19.18	4.571532	7.199545	11.771077	21.798141
19.19	4.277998	7.490633	11.768632	21.794324
19.2	4.011097	7.754618	11.765716	21.790729
19.21	3.775348	7.987023	11.762371	21.787338
19.22	3.574815	8.183833	11.758648	21.784133
19.23	3.413039	8.341562	11.754601	21.781097
19.24	3.292975	8.457318	11.750293	21.778212
19.25	3.216943	8.528846	11.745789	21.775458
19.26	3.186585	8.554574	11.741159	21.772818
19.27	3.202834	8.533641	11.736475	21.770273
19.28	3.265893	8.465918	11.731811	21.767806
19.29	3.375230	8.352009	11.727240	21.765398
19.3	3.529579	8.193256	11.722835	21.763032
19.31	3.726955	7.991712	11.718666	21.760692
19.32	3.964680	7.750122	11.714802	21.758360
19.33	4.239424	7.471881	11.711305	21.756020
19.34	4.547251	7.160981	11.708232	21.753656
19.35	4.883676	6.821958	11.705634	21.751253
19.36	5.243738	6.459819	11.703557	21.748797
19.37	5.622067	6.079967	11.702035	21.746273
19.38	6.012977	5.688119	11.701096	21.743670
19.39	6.410542	5.290217	11.700758	21.740973
19.4	6.808697	4.892334	11.701032	21.738173
19.41	7.201331	4.500584	11.701915	21.735258
19.42	7.582378	4.121021	11.703399	21.732217
19.43	7.945920	3.759543	11.705463	21.729044
19.44	8.286275	3.421804	11.708079	21.725728
19.45	8.598091	3.113118	11.711209	21.722264
19.46	8.876431	2.838376	11.714807	21.718645
19.47	9.116853	2.601967	11.718820	21.714866
19.48	9.315479	2.407707	11.723187	21.710922
19.49	9.469067	2.258775	11.727841	21.706811
19.5	9.575055	2.157659	11.732713	21.702530
19.51	9.631610	2.106117	11.737728	21.698078
19.52	9.637662	2.105144	11.742807	21.693455
19.53	9.592920	2.154953	11.747872	21.688660
19.54	9.497879	2.254966	11.752845	21.683696
19.55	9.353823	2.403825	11.757648	21.678565
19.56	9.162801	2.599403	11.762205	21.673270
19.57	8.927602	2.838843	11.766444	21.667814
19.58	8.651710	3.118588	11.770299	21.662204
19.59	8.339260	3.434447	11.773707	21.656445
19.6	7.994967	3.781648	11.776615	21.650542
19.61	7.624060	4.154915	11.778975	21.644504
19.62	7.232200	4.548549	11.780749	21.638337
19.63	6.825391	4.956516	11.781907	21.632051
19.64	6.409890	5.372539	11.782429	21.625654
19.65	5.992109	5.790196	11.782306	21.619155
19.66	5.578514	6.203023	11.781537	21.612565
19.67	5.175521	6.604611	11.780132	21.605894
19.68	4.789400	6.988712	11.778112	21.599153
19.69	4.426174	7.349334	11.775508	21.592352
19.7	4.091519	7.680838	11.772357	21.585503
19.71	3.790682	7.978028	11.768710	21.578617
19.72	3.528387	8.236233	11.764620	21.571706
19.73	3.308768	8.451385	11.760152	21.564781
19.74	3.135294	8.620082	11.755376	21.557855
19.75	3.010718	8.739647	11.750365	21.550938
19.76	2.937028	8.808170	11.745198	21.544042
19.77	2.915414	8.824543	11.739957	21.537179
19.78	2.946245	8.788478	11.734724	21.530360
19.79	3.029063	8.700518	11.729581	21.523596
19.8	3.162584	8.562027	11.724611	21.516897
19.81	3.344720	8.375173	11.719893	21.510275
19.82	3.572605	8.142897	11.715502	21.503737
19.83	3.842639	7.868870	11.711509	21.497295
19.84	4.150542	7.557437	11.707979	21.490958
19.85	4.491421	7.213548	11.704968	21.484732
19.86	4.859842	6.842686	11.702528	21.478627
19.87	5.249918	6.450779	11.700697	21.472650
19.88	5.655396	6.044111	11.699508	21.466807
19.89	6.069759	5.629222	11.698981	21.461105
19.9	6.486324	5.212803	11.699127	21.455548
19.91	6.898351	4.801596	11.699946	21.450140
19.92	7.299145	4.402283	11.701429	21.444887
19.93	7.682169	4.021384	11.703552	21.439791
19.94	8.041139	3.665148	11.706287	21.434854
19.95	8.370132	3.339458	11.709590	21.430077
19.96	8.663678	3.049734	11.713412	21.425462
19.97	8.916850	2.800845	11.717695	21.421009
19.98	9.125341	2.597030	11.722371	21.416715
19.99	9.285539	2.441830	11.727369	21.412580
20	9.394584	2.338026	11.732610	21.408602
20.01	9.450419	2.287593	11.738012	21.404776
20.02	9.451821	2.291668	11.743489	21.401099
20.03	9.398432	2.350523	11.748955	21.397567
20.04	9.290761	2.463561	11.754322	21.394173
20.05	9.130186	2.629320	11.759506	21.390912
20.06	8.918929	2.845493	11.764421	21.387776
20.07	8.660032	3.108958	11.768990	21.384759
20.08	8.357310	3.415828	11.773138	21.381852
20.09	8.015292	3.761504	11.776796	21.379047
20.1	7.639157	4.140747	11.779904	21.376334
20.11	7.234652	4.547758	11.782409	21.373704
20.12	6.808007	4.976263	11.784269	21.371146
20.13	6.365837	5.419614	11.785450	21.368650
20.14	5.915040	5.870890	11.785930	21.366206
20.15	5.462692	6.323005	11.785697	21.363801
20.16	5.015934	6.768817	11.784751	21.361424
20.17	4.581860	7.201241	11.783102	21.359064
20.18	4.167407	7.613364	11.780771	21.356709
20.19	3.779245	7.998548	11.777793	21.354347
20.2	3.423669	8.350541	11.774209	21.351965
20.21	3.106500	8.663573	11.770073	21.349553
20.22	2.832991	8.932454	11.765445	21.347097
20.23	2.607742	9.152654	11.760396	21.344586
20.24	2.434625	9.320376	11.755002	21.342009
20.25	2.316718	9.432627	11.749345	21.339353
20.26	2.256253	9.487260	11.743512	21.336608
20.27	2.254579	9.483015	11.737594	21.333763
20.28	2.312135	9.419547	11.731682	21.330808
20.29	2.428437	9.297432	11.725869	21.327732
20.3	2.602083	9.118162	11.720245	21.324526
20.31	2.830771	8.884129	11.714899	21.321181
20.32	3.111325	8.598592	11.709917	21.317688
20.33	3.439747	8.265631	11.705377	21.314040
20.34	3.811270	7.890084	11.701353	21.310230
20.35	4.220430	7.477480	11.697911	21.306250
20.36	4.661149	7.033957	11.695106	21.302097
20.37	5.126822	6.566164	11.692987	21.297764
20.38	5.610422	6.081167	11.691589	21.293248
20.39	6.104603	5.586336	11.690939	21.288545
20.4	6.601814	5.089237	11.691051	21.283653
20.41	7.094415	4.597513	11.691928	21.278571
20.42	7.574793	4.118766	11.693559	21.273298
20.43	8.035484	3.660441	11.695925	21.267834
20.44	8.469284	3.229708	11.698992	21.262181
20.45	8.869365	2.833353	11.702718	21.256342
20.46	9.229382	2.477666	11.707048	21.250319
20.47	9.543571	2.168348	11.711920	21.244117
20.48	9.806843	1.910417	11.717260	21.237742
20.49	10.014863	1.708128	11.722991	21.231198
20.5	10.164122	1.564902	11.729025	21.224494
20.51	10.251995	1.483276	11.735271	21.217638
20.52	10.276784	1.464852	11.741636	21.210638
20.53	10.237747	1.510275	11.748022	21.203506
20.54	10.135117	1.619215	11.754332	21.196251
20.55	9.970100	1.790369	11.760469	21.188885
20.56	9.744858	2.021479	11.766338	21.181422
20.57	9.462487	2.309362	11.771849	21.173874
20.58	9.126965	2.649951	11.776915	21.166256
20.59	8.743099	3.038360	11.781459	21.158583
20.6	8.316454	3.468954	11.785408	21.150870
20.61	7.853270	3.935430	11.788700	21.143135
20.62	7.360367	4.430914	11.791282	21.135394
20.63	6.845047	4.948065	11.793112	21.127664
20.64	6.314979	5.479180	11.794159	21.119965
20.65	5.778087	6.016318	11.794404	21.112313
20.66	5.242425	6.551417	11.793842	21.104730
20.67	4.716060	7.076417	11.792477	21.097233
20.68	4.206944	7.583384	11.790327	21.089843
20.69	3.722792	8.064631	11.787424	21.082580
20.7	3.270969	8.512839	11.783807	21.075463
20.71	2.858367	8.921165	11.779531	21.068514
20.72	2.491306	9.283352	11.774658	21.061753
20.73	2.175434	9.593826	11.769260	21.055200
20.74	1.915636	9.847782	11.763418	21.048875
20.75	1.715961	10.041259	11.757220	21.042799
20.76	1.579554	10.171204	11.750757	21.036992
20.77	1.508609	10.235520	11.744129	21.031474
20.78	1.504332	10.233103	11.737435	21.026264
20.79	1.566920	10.163856	11.730776	21.021381
20.8	1.695556	10.028698	11.724254	21.016845
20.81	1.888417	9.829550	11.717967	21.012673
20.82	2.142704	9.569309	11.712013	21.008883
20.83	2.454678	9.251803	11.706481	21.005492
20.84	2.819720	8.881738	11.701457	21.002517
20.85	3.232393	8.464625	11.697018	20.999974
20.86	3.686532	8.006700	11.693232	20.997877
20.87	4.175330	7.514828	11.690157	20.996240
20.88	4.691444	6.996398	11.687842	20.995077
20.89	5.227105	6.459217	11.686322	20.994401
20.9	5.774239	5.911383	11.685622	20.994222
20.91	6.324585	5.361168	11.685754	20.994551
20.92	6.869826	4.816889	11.686715	20.995397
20.93	7.401713	4.286779	11.688492	20.996769
20.94	7.912193	3.778867	11.691060	20.998674
20.95	8.393530	3.300849	11.694379	21.001117
20.96	8.838429	2.859971	11.698400	21.004104
20.97	9.240143	2.462919	11.703062	21.007638
20.98	9.592578	2.115715	11.708293	21.011722
20.99	9.890390	1.823625	11.714015	21.016356
21	10.129067	1.591073	11.720141	21.021541
21.01	10.304997	1.421580	11.726576	21.027275
21.02	10.415523	1.317700	11.733223	21.033556
21.03	10.458993	1.280988	11.739980	21.040380
21.04	10.434775	1.311969	11.746744	21.047742
21.05	10.343276	1.410134	11.753411	21.055636
21.06	10.185936	1.573942	11.759878	21.064053
21.07	9.965201	1.800846	11.766048	21.072984
21.08	9.684493	2.087330	11.771823	21.082421
21.09	9.348155	2.428962	11.777117	21.092351
21.1	8.961385	2.820463	11.781848	21.102762
21.11	8.530157	3.255785	11.785942	21.113640
21.12	8.061131	3.728206	11.789337	21.124970
21.13	7.561549	4.230431	11.791980	21.136736
21.14	7.039124	4.754706	11.793830	21.148922
21.15	6.501925	5.292934	11.794859	21.161508
21.16	5.958248	5.836803	11.795051	21.174477
21.17	5.416490	6.377912	11.794402	21.187807
21.18	4.885021	6.907902	11.792923	21.201479
21.19	4.372054	7.418582	11.790636	21.215469
21.2	3.885516	7.902060	11.787576	21.229755
21.21	3.432929	8.350862	11.783791	21.244314
21.22	3.021290	8.758049	11.779339	21.259122
21.23	2.656964	9.117324	11.774288	21.274153
21.24	2.345586	9.423131	11.768717	21.289383
21.25	2.091971	9.670741	11.762712	21.304784
21.26	1.900040	9.856326	11.756366	21.320332
21.27	1.772759	9.977018	11.749778	21.335997
21.28	1.712092	10.030957	11.743049	21.351755
21.29	1.718966	10.017318	11.736284	21.367575
21.3	1.793262	9.936325	11.729588	21.383432
21.31	1.933813	9.789252	11.723065	21.399296
21.32	2.138418	9.578399	11.716817	21.415140
21.33	2.403879	9.307063	11.710942	21.430935
21.34	2.726049	8.979482	11.705531	21.446653
21.35	3.099892	8.600776	11.700668	21.462267
21.36	3.519566	8.176866	11.696431	21.477747
21.37	3.978505	7.714381	11.692886	21.493067
21.38	4.469527	7.220562	11.690088	21.508198
21.39	4.984941	6.703142	11.688083	21.523115
21.4	5.516667	6.170236	11.686903	21.537789
21.41	6.056360	5.630206	11.686566	21.552196
21.42	6.595540	5.091540	11.687080	21.566308
21.43	7.125722	4.562714	11.688437	21.580101
21.44	7.638553	4.052065	11.690618	21.593551
21.45	8.125932	3.567657	11.693590	21.606634
21.46	8.580148	3.117159	11.697307	21.619326
21.47	8.993991	2.707723	11.701714	21.631606
21.48	9.360870	2.345873	11.706743	21.643451
21.49	9.674915	2.037401	11.712315	21.654842
21.5	9.931068	1.787278	11.718346	21.665760
21.51	10.125169	1.599573	11.724742	21.676184
21.52	10.254012	1.477392	11.731404	21.686099
21.53	10.315408	1.422820	11.738228	21.695488
21.54	10.308214	1.436896	11.745109	21.704334
21.55	10.232353	1.519587	11.751940	21.712625
21.56	10.088822	1.669790	11.758612	21.720347
21.57	9.879676	1.885347	11.765023	21.727488
21.58	9.607998	2.163073	11.771071	21.734039
21.59	9.277854	2.498806	11.776660	21.739988
21.6	8.894236	2.887468	11.781704	21.745330
21.61	8.462980	3.323141	11.786121	21.750056
21.62	7.990685	3.799155	11.789840	21.754161
21.63	7.484606	4.308195	11.792802	21.757642
21.64	6.952552	4.842406	11.794958	21.760495
21.65	6.402757	5.393514	11.796271	21.762719
21.66	5.843762	5.952958	11.796719	21.764313
21.67	5.284278	6.512014	11.796292	21.765280
21.68	4.733057	7.061935	11.794992	21.765621
21.69	4.198755	7.594082	11.792837	21.765341
21.7	3.689797	8.100060	11.789857	21.764444
21.71	3.214248	8.571847	11.786095	21.762937
21.72	2.779690	9.001916	11.781606	21.760827
21.73	2.393099	9.383357	11.776455	21.758124
21.74	2.060741	9.709980	11.770721	21.754838
21.75	1.788072	9.976417	11.764489	21.750980
21.76	1.579652	10.178200	11.757852	21.746563
21.77	1.439072	10.311840	11.750911	21.741601
21.78	1.368896	10.374876	11.743771	21.736108
21.79	1.370622	10.365919	11.736541	21.730101
21.8	1.444655	10.284676	11.729330	21.723597
21.81	1.590293	10.131957	11.722249	21.716614
21.82	1.805742	9.909664	11.715406	21.709171
21.83	2.088138	9.620769	11.708907	21.701288
21.84	2.433586	9.269265	11.702851	21.692987
21.85	2.837218	8.860114	11.697332	21.684289
21.86	3.293267	8.399169	11.692436	21.675216
21.87	3.795149	7.893089	11.688238	21.665793
21.88	4.335563	7.349243	11.684806	21.656043
21.89	4.906603	6.775590	11.682193	21.645992
21.9	5.499870	6.180571	11.680442	21.635665
21.91	6.106607	5.572973	11.679581	21.625087
21.92	6.717825	4.961801	11.679626	21.614286
21.93	7.324440	4.356140	11.680580	21.603289
21.94	7.917413	3.765017	11.682430	21.592122
21.95	8.487884	3.197267	11.685151	21.580814
21.96	9.027311	2.661393	11.688704	21.569393
21.97	9.527594	2.165444	11.693039	21.557887
21.98	9.981203	1.716887	11.698091	21.546325
21.99	10.381291	1.322495	11.703786	21.534735
22	10.721798	0.988243	11.710041	21.523146
22.01	10.997546	0.719217	11.716763	21.511586
22.02	11.204316	0.519535	11.723852	21.500084
22.03	11.338916	0.392286	11.731202	21.488669
22.04	11.399226	0.339479	11.738705	21.477369
22.05	11.384235	0.362012	11.746247	21.466212
22.06	11.294057	0.459660	11.753717	21.455226
22.07	11.129929	0.631073	11.761003	21.444438
22.08	10.894195	0.873800	11.767995	21.433875
22.09	10.590269	1.184321	11.774589	21.423565
22.1	10.222586	1.558101	11.780687	21.413533
22.11	9.796539	1.989658	11.786197	21.403805
22.12	9.318391	2.472645	11.791036	21.394406
22.13	8.795187	2.999944	11.795132	21.385360
22.14	8.234648	3.563776	11.798423	21.376691
22.15	7.645049	4.155813	11.800862	21.368422
22.16	7.035103	4.767307	11.802410	21.360576
22.17	6.413824	5.389222	11.803046	21.353172
22.18	5.790392	6.012367	11.802760	21.346232
22.19	5.174017	6.627539	11.801556	21.339776
22.2	4.573799	7.225655	11.799454	21.333822
22.21	3.998590	7.797895	11.796485	21.328388
22.22	3.456863	8.335832	11.792694	21.323490
22.23	2.956582	8.831557	11.788139	21.319143
22.24	2.505085	9.277803	11.782889	21.315364
22.25	2.108973	9.668049	11.777022	21.312164
22.26	1.774010	9.996618	11.770628	21.309556
22.27	1.505038	10.258765	11.763803	21.307552
22.28	1.305903	10.450746	11.756649	21.306160
22.29	1.179401	10.569874	11.749275	21.305391
22.3	1.127236	10.614555	11.741791	21.305252
22.31	1.149992	10.584317	11.734309	21.305749
22.32	1.247132	10.479810	11.726943	21.306887
22.33	1.417002	10.302798	11.719801	21.308670
22.34	1.656860	10.056131	11.712991	21.311102
22.35	1.962918	9.743697	11.706615	21.314182
22.36	2.330403	9.370365	11.700767	21.317912
22.37	2.753626	8.941909	11.695535	21.322291
22.38	3.226075	8.464919	11.690995	21.327317
22.39	3.740512	7.946701	11.687214	21.332985
22.4	4.289084	7.395163	11.684247	21.339292
22.41	4.863443	6.818694	11.682137	21.346231
22.42	5.454874	6.226040	11.680914	21.353796
22.43	6.054427	5.626166	11.680593	21.361978
22.44	6.653055	5.028122	11.681177	21.370767
22.45	7.241748	4.440907	11.682655	21.380154
22.46	7.811673	3.873329	11.685002	21.390127
22.47	8.354307	3.333872	11.688179	21.400673
22.48	8.861565	2.830571	11.692136	21.411778
22.49	9.325922	2.370888	11.696811	21.423428
22.5	9.740528	1.961602	11.702130	21.435607
22.51	10.099308	1.608703	11.708010	21.448298
22.52	10.397056	1.317306	11.714362	21.461484
22.53	10.629509	1.091576	11.721085	21.475147
22.54	10.793414	0.934663	11.728077	21.489266
22.55	10.886572	0.848659	11.735231	21.503823
22.56	10.907870	0.834565	11.742436	21.518795
22.57	10.857297	0.892285	11.749582	21.534163
22.58	10.735940	1.020620	11.756560	21.549903
22.59	10.545966	1.217298	11.763264	21.565994
22.6	10.290585	1.479007	11.769592	21.582411
22.61	9.974003	1.801445	11.775448	21.599131
22.62	9.601348	2.179395	11.780743	21.616130
22.63	9.178599	2.606800	11.785399	21.633383
22.64	8.712482	3.076862	11.789344	21.650866
22.65	8.210375	3.582146	11.792521	21.668553
22.66	7.680188	4.114694	11.794882	21.686419
22.67	7.130241	4.666152	11.796394	21.704439
22.68	6.569140	5.227895	11.797035	21.722586
22.69	6.005636	5.791161	11.796797	21.740835
22.7	5.448501	6.347186	11.795687	21.759161
22.71	4.906384	6.887339	11.793723	21.777537
22.72	4.387685	7.403253	11.790938	21.795939
22.73	3.900422	7.886954	11.787376	21.814341
22.74	3.452112	8.330982	11.783094	21.832718
22.75	3.049655	8.728505	11.778160	21.851045
22.76	2.699230	9.073421	11.772651	21.869298
22.77	2.406199	9.360454	11.766653	21.887453
22.78	2.175030	9.585230	11.760260	21.905487
22.79	2.009227	9.744344	11.753571	21.923376
22.8	1.911279	9.835411	11.746690	21.941098
22.81	1.882624	9.857099	11.739723	21.958631
22.82	1.923626	9.809151	11.732778	21.975954
22.83	2.033577	9.692385	11.725962	21.993047
22.84	2.210703	9.508677	11.719380	22.009890
22.85	2.452197	9.260937	11.713134	22.026464
22.86	2.754263	8.953056	11.707319	22.042752
22.87	3.112177	8.589847	11.702024	22.058735
22.88	3.520357	8.176974	11.697331	22.074397
22.89	3.972455	7.720856	11.693310	22.089724
22.9	4.461453	7.228571	11.690024	22.104701
22.91	4.979772	6.707750	11.687522	22.119315
22.92	5.519390	6.166451	11.685842	22.133554
22.93	6.071965	5.613043	11.685008	22.147405
22.94	6.628963	5.056070	11.685033	22.160860
22.95	7.181791	4.504125	11.685916	22.173910
22.96	7.721926	3.965716	11.687642	22.186546
22.97	8.241048	3.449136	11.690184	22.198761
22.98	8.731168	2.962335	11.693503	22.210550
22.99	9.184745	2.512802	11.697547	22.221910
23	9.594807	2.107446	11.702253	22.232835
23.01	9.955052	1.752497	11.707549	22.243325
23.02	10.259946	1.453407	11.713353	22.253378
23.03	10.504807	1.214770	11.719577	22.262994
23.04	10.685872	1.040252	11.726125	22.272175
23.05	10.800357	0.932539	11.732896	22.280924
23.06	10.846495	0.893293	11.739787	22.289243
23.07	10.823562	0.923131	11.746694	22.297137
23.08	10.731890	1.021620	11.753510	22.304612
23.09	10.572853	1.187280	11.760133	22.311676
23.1	10.348851	1.417610	11.766461	22.318335
23.11	10.063267	1.709132	11.772400	22.324598
23.12	9.720418	2.057441	11.777858	22.330475
23.13	9.325481	2.457274	11.782755	22.335977
23.14	8.884420	2.902597	11.787016	22.341116
23.15	8.403888	3.386691	11.790578	22.345903
23.16	7.891126	3.902262	11.793388	22.350352
23.17	7.353854	4.441551	11.795405	22.354478
23.18	6.800147	4.996452	11.796600	22.358293
23.19	6.238318	5.558637	11.796955	22.361815
23.2	5.676784	6.119683	11.796467	22.365059
23.21	5.123944	6.671202	11.795146	22.368041
23.22	4.588047	7.204965	11.793012	22.370778
23.23	4.077068	7.713032	11.790100	22.373288
23.24	3.598591	8.187865	11.786456	22.375589
23.25	3.159688	8.622449	11.782137	22.377699
23.26	2.766817	9.010391	11.777208	22.379636
23.27	2.425729	9.346018	11.771747	22.381419
23.28	2.141373	9.624464	11.765837	22.383068
23.29	1.917832	9.841736	11.759568	22.384600
23.3	1.758261	9.994775	11.753036	22.386035
23.31	1.664839	10.081501	11.746340	22.387391
23.32	1.638743	10.100839	11.739582	22.388688
23.33	1.680131	10.052733	11.732864	22.389945
23.34	1.788142	9.938144	11.726286	22.391179
23.35	1.960917	9.759031	11.719948	22.392409
23.36	2.195625	9.518319	11.713944	22.393653
23.37	2.488515	9.219849	11.708363	22.394929
23.38	2.834970	8.868317	11.703288	22.396252
23.39	3.229589	8.469204	11.698793	22.397641
23.4	3.666263	8.028681	11.694943	22.399111
23.41	4.138276	7.553519	11.691795	22.400677
23.42	4.638409	7.050982	11.689391	22.402355
23.43	5.159051	6.528714	11.687765	22.404157
23.44	5.692317	5.994622	11.686938	22.406098
23.45	6.230168	5.456751	11.686919	22.408190
23.46	6.764536	4.923168	11.687704	22.410445
23.47	7.287445	4.401831	11.689276	22.412874
23.48	7.791134	3.900474	11.691609	22.415486
23.49	8.268174	3.426488	11.694662	22.418291
23.5	8.711576	2.986810	11.698386	22.421297
23.51	9.114902	2.587818	11.702720	22.424510
23.52	9.472356	2.235240	11.707595	22.427938
23.53	9.778869	1.934067	11.712935	22.431584
23.54	10.030176	1.688480	11.718656	22.435454
23.55	10.222875	1.501793	11.724667	22.439549
23.56	10.354474	1.376404	11.730877	22.443873
23.57	10.423426	1.313764	11.737190	22.448426
23.58	10.429146	1.314362	11.743508	22.453207
23.59	10.372016	1.377720	11.749736	22.458216
23.6	10.253374	1.502406	11.755779	22.463450
23.61	10.075485	1.686062	11.761547	22.468907
23.62	9.841505	1.925447	11.766952	22.474581
23.63	9.555427	2.216489	11.771915	22.480467
23.64	9.222010	2.554353	11.776363	22.486560
23.65	8.846708	2.933524	11.780232	22.492852
23.66	8.435577	3.347889	11.783465	22.499334
23.67	7.995179	3.790840	11.786019	22.505999
23.68	7.532480	4.255378	11.787858	22.512835
23.69	7.054737	4.734223	11.788960	22.519832
23.7	6.569385	5.219929	11.789314	22.526978
23.71	6.083921	5.704997	11.788918	22.534262
23.72	5.605788	6.181998	11.787786	22.541671
23.73	5.142258	6.643682	11.785940	22.549190
23.74	4.700322	7.083092	11.783414	22.556805
23.75	4.286583	7.493670	11.780253	22.564503
23.76	3.907155	7.869356	11.776511	22.572267
23.77	3.567568	8.204682	11.772250	22.580082
23.78	3.272692	8.494850	11.767542	22.587932
23.79	3.026659	8.735803	11.762462	22.595801
23.8	2.832807	8.924288	11.757094	22.603673
23.81	2.693628	9.057896	11.751524	22.611529
23.82	2.610740	9.135101	11.745841	22.619355
23.83	2.584862	9.155273	11.740135	22.627132
23.84	2.615812	9.118685	11.734496	22.634845
23.85	2.702512	9.026502	11.729013	22.642475
23.86	2.843012	8.880759	11.723771	22.650007
23.87	3.034526	8.684325	11.718851	22.657425
23.88	3.273481	8.440849	11.714330	22.664711
23.89	3.555576	8.154699	11.710275	22.671851
23.9	3.875857	7.830892	11.706748	22.678828
23.91	4.228795	7.475007	11.703802	22.685629
23.92	4.608380	7.093099	11.701480	22.692238
23.93	5.008220	6.691594	11.699814	22.698642
23.94	5.421637	6.277190	11.698826	22.704827
23.95	5.841782	5.856747	11.698529	22.710781
23.96	6.261743	5.437180	11.698923	22.716493
23.97	6.674650	5.025347	11.699997	22.721951
23.98	7.073790	4.627940	11.701730	22.727145
23.99	7.452708	4.251382	11.704090	22.732066
24	7.805313	3.901724	11.707036	22.736705
24.01	8.125967	3.584551	11.710518	22.741056
24.02	8.409578	3.304898	11.714476	22.745112
24.03	8.651676	3.067168	11.718845	22.748867
24.04	8.848482	2.875070	11.723552	22.752317
24.05	8.996963	2.731557	11.728519	22.755460
24.06	9.094879	2.638788	11.733667	22.758292
24.07	9.140816	2.598094	11.738910	22.760813
24.08	9.134203	2.609961	11.744164	22.763022
24.09	9.075318	2.674026	11.749344	22.764922
24.1	8.965282	2.789085	11.754367	22.766515
24.11	8.806035	2.953117	11.759152	22.767803
24.12	8.600305	3.163319	11.763624	22.768791
24.13	8.351559	3.416152	11.767711	22.769486
24.14	8.063945	3.707403	11.771348	22.769894
24.15	7.742226	4.032253	11.774478	22.770022
24.16	7.391699	4.385354	11.777053	22.769880
24.17	7.018113	4.760920	11.779033	22.769477
24.18	6.627568	5.152818	11.780386	22.768825
24.19	6.226426	5.554667	11.781093	22.767935
24.2	5.821202	5.959942	11.781144	22.766821
24.21	5.418463	6.362077	11.780540	22.765494
24.22	5.024722	6.754569	11.779291	22.763972
24.23	4.646334	7.131085	11.777419	22.762267
24.24	4.289398	7.485557	11.774955	22.760398
24.25	3.959656	7.812283	11.771939	22.758379
24.26	3.662408	8.106012	11.768421	22.756228
24.27	3.402425	8.362032	11.764457	22.753964
24.28	3.183874	8.576238	11.760112	22.751604
24.29	3.010257	8.745198	11.755455	22.749168
24.3	2.884355	8.866205	11.750561	22.746674
24.31	2.808185	8.937322	11.745508	22.744141
24.32	2.782970	8.957406	11.740376	22.741589
24.33	2.809123	8.926125	11.735248	22.739038
24.34	2.886240	8.843964	11.730204	22.736507
24.35	3.013111	8.712213	11.725325	22.734017
24.36	3.187739	8.532948	11.720686	22.731586
24.37	3.407373	8.308989	11.716362	22.729234
24.38	3.668556	8.043865	11.712421	22.726980
24.39	3.967179	7.741744	11.708923	22.724843
24.4	4.298547	7.407377	11.705924	22.722841
24.41	4.657456	7.046013	11.703469	22.720993
24.42	5.038277	6.663321	11.701598	22.719316
24.43	5.435042	6.265295	11.700338	22.717825
24.44	5.841545	5.858163	11.699708	22.716538
24.45	6.251432	5.448285	11.699717	22.715469
24.46	6.658311	5.042054	11.700365	22.714634
24.47	7.055844	4.645794	11.701638	22.714045
24.48	7.437854	4.265664	11.703518	22.713714
24.49	7.798416	3.907557	11.705973	22.713654
24.5	8.131952	3.577011	11.708963	22.713875
24.51	8.433318	3.279122	11.712441	22.714386
24.52	8.697885	3.018466	11.716351	22.715195
24.53	8.921604	2.799027	11.720632	22.716308
24.54	9.101078	2.624138	11.725215	22.717733
24.55	9.233603	2.496426	11.730029	22.719472
24.56	9.317216	2.417782	11.734998	22.721529
24.57	9.350722	2.389323	11.740045	22.723905
24.58	9.333706	2.411383	11.745089	22.726600
24.59	9.266543	2.483511	11.750054	22.729614
24.6	9.150386	2.604476	11.754862	22.732943
24.61	8.987147	2.772291	11.759438	22.736583
24.62	8.779463	2.984250	11.763713	22.740529
24.63	8.530655	3.236966	11.767621	22.744774
24.64	8.244669	3.526433	11.771102	22.749309
24.65	7.926017	3.848087	11.774104	22.754125
24.66	7.579701	4.196882	11.776582	22.759210
24.67	7.211133	4.567368	11.778500	22.764552
24.68	6.826050	4.953780	11.779830	22.770136
24.69	6.430423	5.350131	11.780554	22.775948
24.7	6.030360	5.750303	11.780663	22.781971
24.71	5.632012	6.148146	11.780158	22.788187
24.72	5.241476	6.537574	11.779050	22.794577
24.73	4.864699	6.912661	11.777359	22.801121
24.74	4.507385	7.267730	11.775115	22.807798
24.75	4.174909	7.597445	11.772354	22.814585
24.76	3.872230	7.896892	11.769122	22.821461
24.77	3.603819	8.161654	11.765473	22.828399
24.78	3.373589	8.387876	11.761465	22.835376
24.79	3.184837	8.572325	11.757163	22.842366
24.8	3.040194	8.712441	11.752635	22.849343
24.81	2.941589	8.806365	11.747954	22.856280
24.82	2.890218	8.852975	11.743193	22.863149
24.83	2.886535	8.851893	11.738428	22.869924
24.84	2.930243	8.803490	11.733733	22.876575
24.85	3.020307	8.708875	11.729182	22.883075
24.86	3.154970	8.569874	11.724843	22.889396
24.87	3.331788	8.388997	11.720786	22.895509
24.88	3.547673	8.169398	11.717070	22.901386
24.89	3.798939	7.914814	11.713753	22.906999
24.9	4.081373	7.629510	11.710883	22.912319
24.91	4.390298	7.318206	11.708504	22.917320
24.92	4.720650	6.985998	11.706648	22.921975
24.93	5.067066	6.638277	11.705343	22.926257
24.94	5.423963	6.280640	11.704604	22.930140
24.95	5.785637	5.918802	11.704438	22.933600
24.96	6.146345	5.558501	11.704846	22.936612
24.97	6.500403	5.205411	11.705815	22.939153
24.98	6.842277	4.865049	11.707326	22.941200
24.99	7.166665	4.542687	11.709352	22.942733
25	7.468584	4.243272	11.711855	22.943732
25.01	7.743447	3.971346	11.714793	22.944178
25.02	7.987137	3.730978	11.718115	22.944054
25.03	8.196062	3.525703	11.721765	22.943344
25.04	8.367220	3.358462	11.725681	22.942034
25.05	8.498235	3.231565	11.729800	22.940110
25.06	8.587396	3.146656	11.734053	22.937562
25.07	8.633681	3.104689	11.738369	22.934380
25.08	8.636765	3.105916	11.742681	22.930556
25.09	8.597026	3.149890	11.746916	22.926084
25.1	8.515532	3.235476	11.751008	22.920960
25.11	8.394020	3.360871	11.754891	22.915181
25.12	8.234864	3.523639	11.758503	22.908747
25.13	8.041035	3.720753	11.761788	22.901659
25.14	7.816045	3.948649	11.764694	22.893921
25.15	7.563891	4.203286	11.767177	22.885536
25.16	7.288985	4.480214	11.769199	22.876513
25.17	6.996081	4.774649	11.770729	22.866859
25.18	6.690194	5.081554	11.771747	22.856587
25.19	6.376519	5.395720	11.772239	22.845708
25.2	6.060346	5.711855	11.772201	22.834237
25.21	5.746967	6.024669	11.771636	22.822190
25.22	5.441597	6.328960	11.770557	22.809585
25.23	5.149285	6.619700	11.768985	22.796442
25.24	4.874833	6.892117	11.766950	22.782783
25.25	4.622717	7.141770	11.764487	22.768631
25.26	4.397018	7.364622	11.761640	22.754011
25.27	4.201355	7.557104	11.758459	22.738948
25.28	4.038828	7.716170	11.754998	22.723470
25.29	3.911968	7.839349	11.751317	22.707608
25.3	3.822700	7.924777	11.747477	22.691391
25.31	3.772312	7.971231	11.743543	22.674850
25.32	3.761440	7.978142	11.739582	22.658019
25.33	3.790055	7.945605	11.735660	22.640931
25.34	3.857469	7.874373	11.731842	22.623622
25.35	3.962350	7.765842	11.728192	22.606126
25.36	4.102742	7.622027	11.724769	22.588481
25.37	4.276107	7.445524	11.721631	22.570723
25.38	4.479360	7.239469	11.718829	22.552889
25.39	4.708931	7.007477	11.716408	22.535018
25.4	4.960817	6.753591	11.714408	22.517149
25.41	5.230658	6.482204	11.712862	22.499318
25.42	5.513804	6.197989	11.711792	22.481565
25.43	5.805395	5.905822	11.711218	22.463929
25.44	6.100446	5.610699	11.711145	22.446448
25.45	6.393924	5.317652	11.711576	22.429160
25.46	6.680835	5.031665	11.712500	22.412102
25.47	6.956307	4.757595	11.713902	22.395312
25.48	7.215671	4.500085	11.715756	22.378826
25.49	7.454537	4.263495	11.718032	22.362681
25.5	7.668867	4.051823	11.720690	22.346911
25.51	7.855042	3.868642	11.723685	22.331551
25.52	8.009923	3.717043	11.726965	22.316633
25.53	8.130898	3.599579	11.730476	22.302189
25.54	8.215930	3.518228	11.734159	22.288251
25.55	8.263589	3.474361	11.737950	22.274847
25.56	8.273073	3.468714	11.741787	22.262006
25.57	8.244223	3.501382	11.745605	22.249754
25.58	8.177524	3.571815	11.749339	22.238115
25.59	8.074100	3.678827	11.752927	22.227113
25.6	7.935689	3.820619	11.756308	22.216769
25.61	7.764621	3.994805	11.759426	22.207104
25.62	7.563774	4.198455	11.762228	22.198133
25.63	7.336528	4.428139	11.764667	22.189874
25.64	7.086710	4.679991	11.766701	22.182341
25.65	6.818530	4.949766	11.768296	22.175544
25.66	6.536511	5.232913	11.769424	22.169494
25.67	6.245415	5.524651	11.770066	22.164198
25.68	5.950164	5.820047	11.770211	22.159662
25.69	5.655756	6.114098	11.769854	22.155890
25.7	5.367188	6.401812	11.769001	22.152882
25.71	5.089370	6.678294	11.767664	22.150638
25.72	4.827043	6.938823	11.765866	22.149155
25.73	4.584701	7.178933	11.763635	22.148428
25.74	4.366520	7.394486	11.761006	22.148450
25.75	4.176284	7.581738	11.758022	22.149210
25.76	4.017325	7.737406	11.754732	22.150699
25.77	3.892468	7.858721	11.751189	22.152903
25.78	3.803979	7.943471	11.747451	22.155805
25.79	3.753536	7.990043	11.743578	22.159390
25.8	3.742191	7.997444	11.739635	22.163638
25.81	3.770359	7.965327	11.735686	22.168528
25.82	3.837807	7.893989	11.731795	22.174037
25.83	3.943655	7.784372	11.728027	22.180141
25.84	4.086396	7.638047	11.724443	22.186815
25.85	4.263912	7.457191	11.721103	22.194030
25.86	4.473514	7.244547	11.718061	22.201759
25.87	4.711980	7.003388	11.715368	22.209970
25.88	4.975612	6.737457	11.713069	22.218632
25.89	5.260293	6.450909	11.711202	22.227713
25.9	5.561551	6.148247	11.709798	22.237180
25.91	5.874638	5.834245	11.708882	22.246997
25.92	6.194600	5.513869	11.708469	22.257130
25.93	6.516364	5.192203	11.708567	22.267542
25.94	6.834816	4.874359	11.709176	22.278196
25.95	7.144886	4.565399	11.710285	22.289056
25.96	7.441629	4.270250	11.711880	22.300084
25.97	7.720310	3.993623	11.713933	22.311243
25.98	7.976476	3.739938	11.716414	22.322494
25.99	8.206032	3.513250	11.719282	22.333799
26	8.405308	3.317184	11.722492	22.345120
26.01	8.571117	3.154875	11.725992	22.356421
26.02	8.700811	3.028915	11.729726	22.367663
26.03	8.792321	2.941313	11.733634	22.378810
26.04	8.844193	2.893459	11.737653	22.389825
26.05	8.855613	2.886105	11.741718	22.400673
26.06	8.826418	2.919345	11.745763	22.411318
26.07	8.757103	2.992620	11.749723	22.421726
26.08	8.648811	3.104724	11.753535	22.431865
26.09	8.503315	3.253821	11.757136	22.441701
26.1	8.322990	3.437478	11.760468	22.451205
26.11	8.110776	3.652701	11.763477	22.460345
26.12	7.870127	3.895987	11.766115	22.469094
26.13	7.604961	4.163377	11.768338	22.477424
26.14	7.319590	4.450521	11.770111	22.485309
26.15	7.018654	4.752751	11.771405	22.492726
26.16	6.707042	5.065157	11.772199	22.499651
26.17	6.389819	5.382663	11.772481	22.506064
26.18	6.072134	5.700112	11.772246	22.511945
26.19	5.759144	6.012355	11.771499	22.517276
26.2	5.455925	6.314326	11.770251	22.522041
26.21	5.167392	6.601132	11.768524	22.526226
26.22	4.898214	6.868132	11.766346	22.529819
26.23	4.652742	7.111011	11.763753	22.532810
26.24	4.434935	7.325853	11.760788	22.535188
26.25	4.248294	7.509205	11.757500	22.536948
26.26	4.095809	7.658134	11.753943	22.538084
26.27	3.979901	7.770275	11.750176	22.538593
26.28	3.902389	7.843872	11.746261	22.538474
26.29	3.864458	7.877806	11.742263	22.537726
26.3	3.866634	7.871615	11.738249	22.536352
26.31	3.908783	7.825501	11.734284	22.534355
26.32	3.990105	7.740331	11.730435	22.531741
26.33	4.109149	7.617617	11.726766	22.528517
26.34	4.263838	7.459499	11.723337	22.524691
26.35	4.451500	7.268707	11.720206	22.520274
26.36	4.668911	7.048515	11.717426	22.515278
26.37	4.912350	6.802692	11.715043	22.509714
26.38	5.177658	6.535439	11.713097	22.503599
26.39	5.460304	6.251317	11.711621	22.496946
26.4	5.755464	5.955177	11.710641	22.489774
26.41	6.058097	5.652077	11.710173	22.482100
26.42	6.363029	5.347198	11.710227	22.473943
26.43	6.665039	5.045764	11.710803	22.465323
26.44	6.958945	4.752946	11.711891	22.456260
26.45	7.239690	4.473784	11.713475	22.446777
26.46	7.502428	4.213100	11.715529	22.436895
26.47	7.742603	3.975416	11.718019	22.426637
26.48	7.956027	3.764880	11.720906	22.416026
26.49	8.138950	3.585192	11.724142	22.405086
26.5	8.288125	3.439547	11.727672	22.393841
26.51	8.400865	3.330574	11.731440	22.382314
26.52	8.475087	3.260294	11.735381	22.370531
26.53	8.509350	3.230080	11.739430	22.358514
26.54	8.502882	3.240637	11.743519	22.346288
26.55	8.455598	3.291981	11.747579	22.333877
26.56	8.368102	3.383440	11.751542	22.321304
26.57	8.241679	3.513660	11.755339	22.308592
26.58	8.078282	3.680624	11.758906	22.295765
26.59	7.880498	3.881683	11.762181	22.282844
26.6	7.651511	4.113596	11.765107	22.269851
26.61	7.395053	4.372579	11.767632	22.256806
26.62	7.115343	4.654368	11.769711	22.243731
26.63	6.817023	4.954283	11.771306	22.230643
26.64	6.505080	5.267307	11.772386	22.217562
26.65	6.184768	5.588162	11.772930	22.204504
26.66	5.861523	5.911400	11.772923	22.191487
26.67	5.540875	6.231488	11.772362	22.178525
26.68	5.228353	6.542898	11.771251	22.165633
26.69	4.929400	6.840204	11.769605	22.152823
26.7	4.649280	7.118165	11.767445	22.140108
26.71	4.392987	7.371815	11.764803	22.127499
26.72	4.165167	7.596551	11.761718	22.115003
26.73	3.970035	7.788204	11.758239	22.102631
26.74	3.811304	7.943114	11.754418	22.090389
26.75	3.692119	8.058196	11.750315	22.078282
26.76	3.615005	8.130991	11.745996	22.066315
26.77	3.581816	8.159713	11.741529	22.054491
26.78	3.593704	8.143282	11.736986	22.042812
26.79	3.651091	8.081350	11.732441	22.031278
26.8	3.753660	7.974308	11.727968	22.019890
26.81	3.900349	7.823292	11.723642	22.008645
26.82	4.089368	7.630165	11.719533	21.997541
26.83	4.318219	7.397493	11.715712	21.986574
26.84	4.583728	7.128514	11.712242	21.975738
26.85	4.882097	6.827088	11.709185	21.965029
26.86	5.208955	6.497639	11.706594	21.954438
26.87	5.559425	6.145089	11.704515	21.943958
26.88	5.928199	5.774788	11.702987	21.933581
26.89	6.309618	5.392423	11.702041	21.923297
26.9	6.697761	5.003937	11.701698	21.913096
26.91	7.086537	4.615432	11.701969	21.902967
26.92	7.469780	4.233078	11.702858	21.892899
26.93	7.841350	3.863006	11.704355	21.882880
26.94	8.195225	3.511219	11.706444	21.872899
26.95	8.525606	3.183493	11.709098	21.862942
26.96	8.827001	2.885280	11.712281	21.852997
26.97	9.094324	2.621624	11.715947	21.843051
26.98	9.322971	2.397073	11.720044	21.833091
26.99	9.508904	2.215609	11.724512	21.823105
27	9.648711	2.080574	11.729285	21.813080
27.01	9.739672	1.994617	11.734290	21.803002
27.02	9.779804	1.959647	11.739451	21.792861
27.03	9.767897	1.976794	11.744691	21.782643
27.04	9.703539	2.046389	11.749928	21.772339
27.05	9.587132	2.167948	11.755080	21.761936
27.06	9.419888	2.340180	11.760068	21.751424
27.07	9.203816	2.560996	11.764812	21.740794
27.08	8.941698	2.827539	11.769237	21.730037
27.09	8.637050	3.136222	11.773272	21.719144
27.1	8.294075	3.482778	11.776852	21.708110
27.11	7.917596	3.862323	11.779919	21.696926
27.12	7.512991	4.269429	11.782420	21.685589
27.13	7.086112	4.698202	11.784314	21.674094
27.14	6.643195	5.142373	11.785567	21.662438
27.15	6.190765	5.595391	11.786156	21.650619
27.16	5.735540	6.050526	11.786065	21.638637
27.17	5.284326	6.500968	11.785294	21.626491
27.18	4.843912	6.939936	11.783849	21.614184
27.19	4.420965	7.360782	11.781747	21.601719
27.2	4.021925	7.757092	11.779018	21.589099
27.21	3.652907	8.122792	11.775698	21.576332
27.22	3.319599	8.452238	11.771837	21.563423
27.23	3.027179	8.740309	11.767488	21.550381
27.24	2.780226	8.982491	11.762717	21.537216
27.25	2.582651	9.174943	11.757594	21.523937
27.26	2.437628	9.314567	11.752196	21.510558
27.27	2.347547	9.399056	11.746603	21.497092
27.28	2.313967	9.426932	11.740900	21.483553
27.29	2.337596	9.397577	11.735173	21.469957
27.3	2.418267	9.311244	11.729511	21.456320
27.31	2.554945	9.169054	11.723999	21.442662
27.32	2.745732	8.972991	11.718723	21.429000
27.33	2.987898	8.725867	11.713765	21.415355
27.34	3.277917	8.431283	11.709200	21.401747
27.35	3.611517	8.093583	11.705100	21.388198
27.36	3.983748	7.717782	11.701530	21.374731
27.37	4.389048	7.309498	11.698546	21.361369
27.38	4.821333	6.874862	11.696196	21.348135
27.39	5.274087	6.420429	11.694517	21.335054
27.4	5.740459	5.953078	11.693537	21.322150
27.41	6.213369	5.479904	11.693273	21.309449
27.42	6.685618	5.008114	11.693732	21.296976
27.43	7.149997	4.544912	11.694909	21.284755
27.44	7.599397	4.097389	11.696786	21.272814
27.45	8.026922	3.672416	11.699337	21.261176
27.46	8.425994	3.276531	11.702525	21.249867
27.47	8.790459	2.915842	11.706302	21.238913
27.48	9.114678	2.595932	11.710611	21.228338
27.49	9.393621	2.321765	11.715386	21.218166
27.5	9.622943	2.097614	11.720557	21.208421
27.51	9.799055	1.926987	11.726042	21.199125
27.52	9.919182	1.812578	11.731760	21.190301
27.53	9.981407	1.756214	11.737621	21.181971
27.54	9.984703	1.758832	11.743535	21.174154
27.55	9.928953	1.820459	11.749412	21.166870
27.56	9.814953	1.940206	11.755159	21.160137
27.57	9.644403	2.116285	11.760688	21.153972
27.58	9.419881	2.346032	11.765913	21.148390
27.59	9.144807	2.625944	11.770752	21.143405
27.6	8.823393	2.951735	11.775128	21.139032
27.61	8.460577	3.318397	11.778975	21.135279
27.62	8.061950	3.720279	11.782230	21.132157
27.63	7.633671	4.151171	11.784841	21.129674
27.64	7.182369	4.604399	11.786768	21.127836
27.65	6.715048	5.072930	11.787978	21.126647
27.66	6.238972	5.549480	11.788452	21.126109
27.67	5.761557	6.026623	11.788180	21.126223
27.68	5.290254	6.496912	11.787166	21.126988
27.69	4.832434	6.952990	11.785424	21.128400
27.7	4.395270	7.387709	11.782978	21.130455
27.71	3.985630	7.794238	11.779868	21.133144
27.72	3.609964	8.166174	11.776138	21.136459
27.73	3.274206	8.497641	11.771847	21.140388
27.74	2.983676	8.783384	11.767060	21.144919
27.75	2.743001	9.018851	11.761852	21.150036
27.76	2.556034	9.200269	11.756303	21.155723
27.77	2.425797	9.324702	11.750498	21.161960
27.78	2.354429	9.390100	11.744530	21.168727
27.79	2.343153	9.395337	11.738490	21.176002
27.8	2.392247	9.340226	11.732473	21.183759
27.81	2.501047	9.225528	11.726574	21.191974
27.82	2.667946	9.052941	11.720887	21.200619
27.83	2.890420	8.825080	11.715500	21.209664
27.84	3.165065	8.545435	11.710500	21.219079
27.85	3.487647	8.218319	11.705966	21.228832
27.86	3.853163	7.848808	11.701972	21.238890
27.87	4.255922	7.442659	11.698581	21.249219
27.88	4.689624	7.006225	11.695849	21.259782
27.89	5.147465	6.546356	11.693821	21.270543
27.9	5.622235	6.070298	11.692532	21.281466
27.91	6.106432	5.585573	11.692005	21.292511
27.92	6.592378	5.099873	11.692251	21.303640
27.93	7.072338	4.620930	11.693269	21.314814
27.94	7.538641	4.156405	11.695046	21.325992
27.95	7.983796	3.713761	11.697557	21.337136
27.96	8.400618	3.300149	11.700767	21.348204
27.97	8.782331	2.922297	11.704627	21.359157
27.98	9.122682	2.586399	11.709081	21.369955
27.99	9.416040	2.298020	11.714060	21.380557
28	9.657481	2.062009	11.719490	21.390925
28.01	9.842874	1.882414	11.725288	21.401019
28.02	9.968942	1.762423	11.731365	21.410802
28.03	10.033321	1.704305	11.737626	21.420236
28.04	10.034598	1.709378	11.743977	21.429285
28.05	9.972338	1.777979	11.750317	21.437913
28.06	9.847092	1.909456	11.756548	21.446085
28.07	9.660394	2.102179	11.762573	21.453770
28.08	9.414744	2.353553	11.768297	21.460935
28.09	9.113566	2.660064	11.773630	21.467551
28.1	8.761165	3.017322	11.778487	21.473588
28.11	8.362661	3.420129	11.782790	21.479021
28.12	7.923913	3.862557	11.786470	21.483824
28.13	7.451433	4.338034	11.789467	21.487975
28.14	6.952285	4.839447	11.791732	21.491452
28.15	6.433980	5.359246	11.793226	21.494238
28.16	5.904362	5.889560	11.793922	21.496315
28.17	5.371487	6.422318	11.793805	21.497670
28.18	4.843500	6.949374	11.792873	21.498290
28.19	4.328511	7.462627	11.791138	21.498165
28.2	3.834468	7.954153	11.788621	21.497289
28.21	3.369036	8.416321	11.785357	21.495656
28.22	2.939477	8.841916	11.781393	21.493265
28.23	2.552537	9.224251	11.776787	21.490115
28.24	2.214339	9.557267	11.771606	21.486210
28.25	1.930291	9.835636	11.765927	21.481554
28.26	1.704996	10.054839	11.759834	21.476156
28.27	1.542179	10.211239	11.753419	21.470025
28.28	1.444631	10.302146	11.746777	21.463175
28.29	1.414159	10.325850	11.740009	21.455621
28.3	1.451556	10.281662	11.733218	21.447380
28.31	1.556585	10.169922	11.726507	21.438473
28.32	1.727982	9.991995	11.719977	21.428922
28.33	1.963469	9.750261	11.713730	21.418751
28.34	2.259787	9.448072	11.707859	21.407988
28.35	2.612743	9.089714	11.702457	21.396661
28.36	3.017272	8.680334	11.697606	21.384802
28.37	3.467509	8.225873	11.693382	21.372443
28.38	3.956878	7.732972	11.689850	21.359619
28.39	4.478194	7.208873	11.687067	21.346367
28.4	5.023763	6.661312	11.685075	21.332724
28.41	5.585506	6.098403	11.683908	21.318731
28.42	6.155075	5.528511	11.683586	21.304429
28.43	6.723984	4.960131	11.684115	21.289859
28.44	7.283736	4.401753	11.685489	21.275065
28.45	7.825953	3.861738	11.687690	21.260092
28.46	8.342501	3.348185	11.690686	21.244985
28.47	8.825621	2.868813	11.694434	21.229790
28.48	9.268041	2.430837	11.698877	21.214553
28.49	9.663090	2.040861	11.703951	21.199322
28.5	10.004804	1.704776	11.709580	21.184143
28.51	10.288012	1.427667	11.715679	21.169063
28.52	10.508422	1.213735	11.722157	21.154131
28.53	10.662683	1.066234	11.728917	21.139392
28.54	10.748441	0.987415	11.735856	21.124894
28.55	10.764374	0.978497	11.742871	21.110683
28.56	10.710215	1.039639	11.749855	21.096805
28.57	10.586756	1.169946	11.756702	21.083303
28.58	10.395839	1.367470	11.763308	21.070222
28.59	10.140327	1.629247	11.769574	21.057604
28.6	9.824066	1.951339	11.775405	21.045491
28.61	9.451820	2.328892	11.780711	21.033923
28.62	9.029206	2.756207	11.785413	21.022938
28.63	8.562607	3.226831	11.789438	21.012574
28.64	8.059074	3.733652	11.792726	21.002864
28.65	7.526220	4.269006	11.795226	20.993843
28.66	6.972105	4.824796	11.796901	20.985542
28.67	6.405112	5.392613	11.797724	20.977990
28.68	5.833818	5.963866	11.797684	20.971213
28.69	5.266869	6.529913	11.796781	20.965237
28.7	4.712839	7.082190	11.795029	20.960084
28.71	4.180108	7.612348	11.792455	20.955774
28.72	3.676725	8.112373	11.789099	20.952324
28.73	3.210294	8.574717	11.785011	20.949749
28.74	2.787848	8.992406	11.780254	20.948062
28.75	2.415749	9.359153	11.774902	20.947271
28.76	2.099586	9.669451	11.769036	20.947384
28.77	1.844089	9.918658	11.762747	20.948405
28.78	1.653061	10.103069	11.756130	20.950335
28.79	1.529313	10.219976	11.749288	20.953174
28.8	1.474623	10.267703	11.742326	20.956917
28.81	1.489712	10.245637	11.735349	20.961557
28.82	1.574228	10.154238	11.728466	20.967085
28.83	1.726753	9.995029	11.721782	20.973490
28.84	1.944825	9.770574	11.715400	20.980756
28.85	2.224976	9.484441	11.709417	20.988867
28.86	2.562782	9.141144	11.703926	20.997803
28.87	2.952936	8.746075	11.699011	21.007541
28.88	3.389326	8.305421	11.694748	21.018057
28.89	3.865129	7.826072	11.691201	21.029325
28.9	4.372917	7.315509	11.688426	21.041315
28.91	4.904772	6.781693	11.686465	21.053997
28.92	5.452407	6.232941	11.685348	21.067337
28.93	6.007292	5.677800	11.685092	21.081300
28.94	6.560789	5.124911	11.685701	21.095851
28.95	7.104284	4.582880	11.687164	21.110951
28.96	7.629319	4.060141	11.689461	21.126559
28.97	8.127723	3.564830	11.692553	21.142635
28.98	8.591740	3.104655	11.696395	21.159137
28.99	9.014145	2.686780	11.700925	21.176020
29	9.388362	2.317712	11.706074	21.193241
29.01	9.708561	2.003201	11.711762	21.210755
29.02	9.969750	1.748151	11.717900	21.228515
29.03	10.167854	1.556540	11.724394	21.246476
29.04	10.299776	1.431366	11.731142	21.264590
29.05	10.363450	1.374589	11.738039	21.282811
29.06	10.357867	1.387112	11.744979	21.301093
29.07	10.283099	1.468754	11.751853	21.319387
29.08	10.140292	1.618262	11.758554	21.337649
29.09	9.931654	1.833324	11.764978	21.355832
29.1	9.660419	2.110605	11.771024	21.373890
29.11	9.330800	2.445799	11.776598	21.391780
29.12	8.947921	2.833692	11.781613	21.409457
29.13	8.517745	3.268245	11.785990	21.426879
29.14	8.046975	3.742684	11.789660	21.444004
29.15	7.542958	4.249606	11.792564	21.460792
29.16	7.013566	4.781091	11.794657	21.477205
29.17	6.467080	5.328824	11.795904	21.493206
29.18	5.912059	5.884226	11.796286	21.508759
29.19	5.357210	6.438583	11.795793	21.523829
29.2	4.811252	6.983182	11.794434	21.538387
29.21	4.282782	7.509444	11.792226	21.552402
29.22	3.780141	8.009062	11.789203	21.565846
29.23	3.311287	8.474123	11.785410	21.578694
29.24	2.883670	8.897234	11.780904	21.590923
29.25	2.504115	9.271638	11.775753	21.602512
29.26	2.178717	9.591319	11.770036	21.613443
29.27	1.912747	9.851094	11.763841	21.623699
29.28	1.710567	10.046694	11.757261	21.633268
29.29	1.575563	10.174835	11.750398	21.642139
29.3	1.510089	10.233267	11.743357	21.650302
29.31	1.515433	10.220814	11.736246	21.657752
29.32	1.591789	10.137386	11.729176	21.664487
29.33	1.738261	9.983993	11.722254	21.670504
29.34	1.952865	9.762724	11.715589	21.675807
29.35	2.232566	9.476717	11.709283	21.680399
29.36	2.573318	9.130116	11.703434	21.684288
29.37	2.970126	8.728008	11.698134	21.687482
29.38	3.417120	8.276345	11.693465	21.689995
29.39	3.907647	7.781854	11.689501	21.691839
29.4	4.434365	7.251938	11.686303	21.693031
29.41	4.989364	6.694560	11.683924	21.693591
29.42	5.564275	6.118125	11.682401	21.693538
29.43	6.150409	5.531351	11.681760	21.692896
29.44	6.738879	4.943133	11.682012	21.691690
29.45	7.320744	4.362413	11.683157	21.689946
29.46	7.887141	3.798039	11.685179	21.687694
29.47	8.429421	3.258629	11.688049	21.684962
29.48	8.939283	2.752442	11.691725	21.681783
29.49	9.408903	2.287251	11.696154	21.678190
29.5	9.831048	1.870220	11.701268	21.674217
29.51	10.199196	1.507797	11.706993	21.669899
29.52	10.507628	1.205615	11.713242	21.665274
29.53	10.751523	0.968400	11.719922	21.660377
29.54	10.927028	0.799904	11.726932	21.655248
29.55	11.031324	0.702843	11.734166	21.649925
29.56	11.062662	0.678853	11.741515	21.644447
29.57	11.020399	0.728469	11.748868	21.638853
29.58	10.905007	0.851107	11.756114	21.633182
29.59	10.718063	1.045079	11.763142	21.627474
29.6	10.462232	1.307614	11.769845	21.621768
29.61	10.141226	1.634898	11.776123	21.616102
29.62	9.759747	2.022132	11.781879	21.610516
29.63	9.323420	2.463605	11.787026	21.605046
29.64	8.838707	2.952777	11.791484	21.599730
29.65	8.312809	3.482377	11.795186	21.594604
29.66	7.753560	4.044515	11.798075	21.589703
29.67	7.169305	4.630801	11.800106	21.585060
29.68	6.568779	5.232468	11.801247	21.580708
29.69	5.960972	5.840508	11.801481	21.576678
29.7	5.354995	6.445807	11.800802	21.573000
29.71	4.759939	7.039281	11.799220	21.569702
29.72	4.184742	7.612016	11.796758	21.566810
29.73	3.638050	8.155402	11.793452	21.564349
29.74	3.128089	8.661262	11.789351	21.562340
29.75	2.662541	9.121975	11.784516	21.560805
29.76	2.248423	9.530596	11.779020	21.559761
29.77	1.891988	9.880955	11.772944	21.559225
29.78	1.598625	10.167754	11.766378	21.559211
29.79	1.372779	10.386643	11.759422	21.559731
29.8	1.217887	10.534293	11.752180	21.560794
29.81	1.136322	10.608437	11.744760	21.562407
29.82	1.129360	10.607912	11.737272	21.564575
29.83	1.197159	10.532671	11.729830	21.567301
29.84	1.338760	10.383784	11.722544	21.570585
29.85	1.552099	10.163424	11.715523	21.574423
29.86	1.834039	9.874833	11.708873	21.578813
29.87	2.180420	9.522272	11.702692	21.583746
29.88	2.586120	9.110953	11.697073	21.589213
29.89	3.045132	8.646967	11.692099	21.595204
29.9	3.550659	8.137185	11.687844	21.601703
29.91	4.095212	7.589159	11.684371	21.608696
29.92	4.670729	7.011002	11.681732	21.616165
29.93	5.268692	6.411272	11.679964	21.624088
29.94	5.880256	5.798837	11.679093	21.632445
29.95	6.496386	5.182744	11.679131	21.641212
29.96	7.107993	4.572083	11.680076	21.650363
29.97	7.706064	3.975848	11.681912	21.659871
29.98	8.281807	3.402804	11.684611	21.669708
29.99	8.826777	2.861354	11.688131	21.679842
30	9.333004	2.359413	11.692417	21.690244
30.01	9.793112	1.904292	11.697404	21.700880
30.02	10.200431	1.502586	11.703016	21.711717
30.03	10.549091	1.160077	11.709168	21.722720
30.04	10.834115	0.881651	11.715766	21.733855
30.05	11.051489	0.671223	11.722712	21.745084
30.06	11.198219	0.531680	11.729899	21.756371
30.07	11.272376	0.464844	11.737220	21.767681
30.08	11.273123	0.471441	11.744565	21.778975
30.09	11.200724	0.551099	11.751823	21.790218
30.1	11.056536	0.702351	11.758888	21.801371
30.11	10.842988	0.922664	11.765652	21.812398
30.12	10.563541	1.208476	11.772017	21.823264
30.13	10.222631	1.555256	11.777887	21.833932
30.14	9.825601	1.957575	11.783176	21.844367
30.15	9.378620	2.409187	11.787807	21.854535
30.16	8.888582	2.903132	11.791714	21.864403
30.17	8.363002	3.431837	11.794839	21.873939
30.18	7.809904	3.987236	11.797139	21.883112
30.19	7.237690	4.560893	11.798583	21.891892
30.2	6.655020	5.144132	11.799152	21.900252
30.21	6.070675	5.728166	11.798841	21.908164
30.22	5.493424	6.304236	11.797659	21.915605
30.23	4.931892	6.863736	11.795628	21.922551
30.24	4.394429	7.398352	11.792781	21.928982
30.25	3.888985	7.900180	11.789165	21.934879
30.26	3.422990	8.361849	11.784840	21.940224
30.27	3.003243	8.776629	11.779872	21.945004
30.28	2.635810	9.138531	11.774341	21.949206
30.29	2.325936	9.442397	11.768333	21.952820
30.3	2.077968	9.683975	11.761942	21.955838
30.31	1.895289	9.859978	11.755267	21.958256
30.32	1.780275	9.968135	11.748411	21.960070
30.33	1.734260	10.007218	11.741478	21.961280
30.34	1.757518	9.977058	11.734576	21.961889
30.35	1.849267	9.878543	11.727809	21.961901
30.36	2.007679	9.713601	11.721281	21.961324
30.37	2.229921	9.485168	11.715089	21.960167
30.38	2.512192	9.197135	11.709327	21.958443
30.39	2.849793	8.854289	11.704082	21.956166
30.4	3.237198	8.462233	11.699431	21.953354
30.41	3.668144	8.027298	11.695442	21.950025
30.42	4.135729	7.556445	11.692174	21.946203
30.43	4.632523	7.057151	11.689674	21.941911
30.44	5.150680	6.537297	11.687977	21.937175
30.45	5.682062	6.005042	11.687104	21.932024
30.46	6.218368	5.468698	11.687066	21.926488
30.47	6.751258	4.936600	11.687858	21.920600
30.48	7.272485	4.416981	11.689466	21.914393
30.49	7.774019	3.917841	11.691860	21.907904
30.5	8.248172	3.446828	11.695000	21.901170
30.51	8.687715	3.011118	11.698833	21.894230
30.52	9.085986	2.617312	11.703298	21.887125
30.53	9.436994	2.271328	11.708322	21.879895
30.54	9.735506	1.978320	11.713825	21.872584
30.55	9.977124	1.742597	11.719720	21.865234
30.56	10.158354	1.567559	11.725913	21.857891
30.57	10.276656	1.455651	11.732307	21.850599
30.58	10.330476	1.408326	11.738802	21.843404
30.59	10.319269	1.426026	11.745296	21.836351
30.6	10.243506	1.508182	11.751688	21.829486
30.61	10.104659	1.653220	11.757879	21.822854
30.62	9.905176	1.858597	11.763773	21.816503
30.63	9.648444	2.120837	11.769280	21.810476
30.64	9.338725	2.435591	11.774316	21.804820
30.65	8.981095	2.797707	11.778803	21.799578
30.66	8.581359	3.201314	11.782673	21.794793
30.67	8.145956	3.639912	11.785868	21.790510
30.68	7.681863	4.106478	11.788341	21.786767
30.69	7.196481	4.593574	11.790055	21.783607
30.7	6.697518	5.093467	11.790985	21.781068
30.71	6.192874	5.598246	11.791120	21.779188
30.72	5.690510	6.099950	11.790460	21.778001
30.73	5.198331	6.590687	11.789018	21.777541
30.74	4.724059	7.062758	11.786818	21.777842
30.75	4.275117	7.508779	11.783896	21.778932
30.76	3.858512	7.921788	11.780300	21.780839
30.77	3.480728	8.295360	11.776088	21.783589
30.78	3.147630	8.623696	11.771327	21.787205
30.79	2.864370	8.901722	11.766092	21.791707
30.8	2.635312	9.125154	11.760466	21.797114
30.81	2.463966	9.290572	11.754538	21.803441
30.82	2.352935	9.395465	11.748401	21.810701
30.83	2.303879	9.438271	11.742149	21.818904
30.84	2.317488	9.418394	11.735882	21.828057
30.85	2.393480	9.336216	11.729696	21.838165
30.86	2.530601	9.193086	11.723687	21.849230
30.87	2.726653	8.991296	11.717949	21.861249
30.88	2.978526	8.734043	11.712569	21.874220
30.89	3.282250	8.425380	11.707630	21.888136
30.9	3.633062	8.070147	11.703208	21.902985
30.91	4.025475	7.673897	11.699371	21.918756
30.92	4.453370	7.242807	11.696177	21.935433
30.93	4.910091	6.783582	11.693674	21.952998
30.94	5.388549	6.303349	11.691898	21.971429
30.95	5.881333	5.809545	11.690878	21.990702
30.96	6.380823	5.309803	11.690626	22.010792
30.97	6.879311	4.811834	11.691145	22.031669
30.98	7.369121	4.323305	11.692426	22.053301
30.99	7.842722	3.851725	11.694447	22.075655
31	8.292851	3.404325	11.697176	22.098695
31.01	8.712618	2.987952	11.700569	22.122381
31.02	9.095614	2.608960	11.704574	22.146674
31.03	9.436008	2.273118	11.709127	22.171531
31.04	9.728636	1.985520	11.714157	22.196907
31.05	9.969076	1.750509	11.719586	22.222757
31.06	10.153716	1.571613	11.725330	22.249033
31.07	10.279807	1.451494	11.731301	22.275686
31.08	10.345499	1.391907	11.737406	22.302665
31.09	10.349873	1.393679	11.743552	22.329920
31.1	10.292947	1.456699	11.749646	22.357397
31.11	10.175673	1.579921	11.755594	22.385043
31.12	9.999922	1.761384	11.761306	22.412804
31.13	9.768450	1.998246	11.766696	22.440626
31.14	9.484853	2.286831	11.771683	22.468454
31.15	9.153506	2.622687	11.776193	22.496232
31.16	8.779498	3.000659	11.780157	22.523907
31.17	8.368549	3.414971	11.783519	22.551422
31.18	7.926916	3.859313	11.786230	22.578724
31.19	7.461302	4.326948	11.788250	22.605757
31.2	6.978744	4.810807	11.789552	22.632469
31.21	6.486509	5.303610	11.790119	22.658808
31.22	5.991977	5.797969	11.789946	22.684720
31.23	5.502531	6.286509	11.789040	22.710156
31.24	5.025442	6.761974	11.787416	22.735066
31.25	4.567756	7.217348	11.785104	22.759402
31.26	4.136190	7.645952	11.782143	22.783118
31.27	3.737029	8.041550	11.778580	22.806168
31.28	3.376030	8.398442	11.774473	22.828511
31.29	3.058338	8.711550	11.769888	22.850104
31.3	2.788409	8.976488	11.764897	22.870909
31.31	2.569945	9.189634	11.759579	22.890889
31.32	2.405842	9.348176	11.754018	22.910010
31.33	2.298147	9.450152	11.748298	22.928238
31.34	2.248034	9.494476	11.742510	22.945544
31.35	2.255789	9.480952	11.736741	22.961902
31.36	2.320812	9.410269	11.731080	22.977285
31.37	2.441628	9.283985	11.725613	22.991673
31.38	2.615920	9.104503	11.720423	23.005045
31.39	2.840564	8.875023	11.715586	23.017386
31.4	3.111686	8.599489	11.711176	23.028680
31.41	3.424727	8.282528	11.707255	23.038918
31.42	3.774514	7.929369	11.703883	23.048092
31.43	4.155347	7.545759	11.701106	23.056195
31.44	4.561090	7.137872	11.698962	23.063226
31.45	4.985268	6.712212	11.697480	23.069184
31.46	5.421173	6.275505	11.696678	23.074074
31.47	5.861966	5.834597	11.696563	23.077901
31.48	6.300786	5.396345	11.697131	23.080674
31.49	6.730856	4.967512	11.698368	23.082404
31.5	7.145593	4.554656	11.700249	23.083106
31.51	7.538703	4.164037	11.702740	23.082797
31.52	7.904281	3.801517	11.705797	23.081495
31.53	8.236899	3.472468	11.709368	23.079224
31.54	8.531693	3.181698	11.713391	23.076006
31.55	8.784428	2.933374	11.717802	23.071869
31.56	8.991564	2.730962	11.722526	23.066841
31.57	9.150310	2.577177	11.727488	23.060953
31.58	9.258657	2.473949	11.732606	23.054238
31.59	9.315408	2.422391	11.737800	23.046730
31.6	9.320192	2.422794	11.742986	23.038467
31.61	9.273459	2.474622	11.748082	23.029486
31.62	9.176476	2.576532	11.753008	23.019827
31.63	9.031294	2.726393	11.757688	23.009531
31.64	8.840714	2.921334	11.762048	22.998639
31.65	8.608236	3.157787	11.766023	22.987196
31.66	8.337999	3.431552	11.769551	22.975246
31.67	8.034713	3.737868	11.772581	22.962834
31.68	7.703578	4.071489	11.775067	22.950005
31.69	7.350197	4.426777	11.776974	22.936806
31.7	6.980489	4.797787	11.778276	22.923283
31.71	6.600586	5.178371	11.778957	22.909484
31.72	6.216739	5.562270	11.779010	22.895456
31.73	5.835215	5.943224	11.778439	22.881244
31.74	5.462195	6.315063	11.777259	22.866897
31.75	5.103680	6.671812	11.775492	22.852461
31.76	4.765390	7.007782	11.773171	22.837981
31.77	4.452678	7.317661	11.770339	22.823503
31.78	4.170445	7.596599	11.767044	22.809071
31.79	3.923064	7.840279	11.763343	22.794729
31.8	3.714312	8.044987	11.759299	22.780520
31.81	3.547311	8.207669	11.754980	22.766484
31.82	3.424485	8.325974	11.750458	22.752664
31.83	3.347521	8.398288	11.745809	22.739097
31.84	3.317347	8.423762	11.741109	22.725821
31.85	3.334122	8.402312	11.736434	22.712872
31.86	3.397234	8.334628	11.731863	22.700284
31.87	3.505318	8.222150	11.727468	22.688090
31.88	3.656277	8.067043	11.723321	22.676320
31.89	3.847323	7.872165	11.719488	22.665004
31.9	4.075024	7.641009	11.716032	22.654168
31.91	4.335360	7.377647	11.713007	22.643837
31.92	4.623796	7.086666	11.710462	22.634035
31.93	4.935351	6.773084	11.708435	22.624780
31.94	5.264687	6.442271	11.706958	22.616094
31.95	5.606193	6.099861	11.706054	22.607990
31.96	5.954076	5.751659	11.705735	22.600485
31.97	6.302460	5.403545	11.706005	22.593589
31.98	6.645477	5.061380	11.706857	22.587314
31.99	6.977367	4.730909	11.708277	22.581665
32	7.292566	4.417672	11.710238	22.576648
32.01	7.585799	4.126909	11.712708	22.572267
32.02	7.852163	3.863482	11.715645	22.568523
32.03	8.087207	3.631793	11.719000	22.565414
32.04	8.287003	3.435714	11.722717	22.562938
32.05	8.448205	3.278530	11.726735	22.561088
32.06	8.568106	3.162881	11.730987	22.559858
32.07	8.644677	3.090726	11.735403	22.559238
32.08	8.676603	3.063309	11.739912	22.559217
32.09	8.663295	3.081144	11.744439	22.559782
32.1	8.604906	3.144005	11.748911	22.560918
32.11	8.502322	3.250933	11.753255	22.562609
32.12	8.357148	3.400253	11.757400	22.564838
32.13	8.171680	3.589600	11.761280	22.567584
32.14	7.948869	3.815962	11.764830	22.570826
32.15	7.692267	4.075728	11.767995	22.574543
32.16	7.405977	4.364746	11.770722	22.578710
32.17	7.094576	4.678392	11.772968	22.583304
32.18	6.763049	5.011648	11.774697	22.588299
32.19	6.416705	5.359175	11.775880	22.593669
32.2	6.061089	5.715410	11.776499	22.599386
32.21	5.701897	6.074647	11.776544	22.605422
32.22	5.344880	6.431134	11.776015	22.611749
32.23	4.995756	6.779163	11.774919	22.618338
32.24	4.660113	7.113161	11.773274	22.625160
32.25	4.343325	7.427782	11.771107	22.632185
32.26	4.050465	7.717988	11.768452	22.639383
32.27	3.786220	7.979132	11.765352	22.646725
32.28	3.554824	8.207033	11.761857	22.654181
32.29	3.359984	8.398037	11.758021	22.661721
32.3	3.204828	8.549078	11.753906	22.669317
32.31	3.091849	8.657728	11.749578	22.676940
32.32	3.022874	8.722230	11.745104	22.684561
32.33	2.999031	8.741526	11.740557	22.692153
32.34	3.020732	8.715275	11.736007	22.699689
32.35	3.087672	8.643855	11.731527	22.707142
32.36	3.198831	8.528356	11.727187	22.714486
32.37	3.352492	8.370563	11.723055	22.721698
32.38	3.546275	8.172923	11.719197	22.728754
32.39	3.777167	7.938505	11.715672	22.735631
32.4	4.041580	7.670956	11.712535	22.742308
32.41	4.335404	7.374431	11.709835	22.748764
32.42	4.654077	7.053537	11.707614	22.754980
32.43	4.992654	6.713250	11.705904	22.760940
32.44	5.345891	6.358841	11.704732	22.766625
32.45	5.708327	5.995788	11.704115	22.772022
32.46	6.074370	5.629690	11.704061	22.777116
32.47	6.438389	5.266179	11.704568	22.781895
32.48	6.794802	4.910827	11.705628	22.786348
32.49	7.138161	4.569061	11.707222	22.790465
32.5	7.463246	4.246076	11.709322	22.794240
32.51	7.765139	3.946756	11.711895	22.797663
32.52	8.039306	3.675592	11.714898	22.800732
32.53	8.281666	3.436615	11.718281	22.803441
32.54	8.488653	3.233338	11.721991	22.805789
32.55	8.657275	3.068693	11.725968	22.807774
32.56	8.785153	2.944993	11.730147	22.809396
32.57	8.870563	2.863899	11.734462	22.810658
32.58	8.912457	2.826388	11.738845	22.811562
32.59	8.910476	2.832749	11.743225	22.812112
32.6	8.864958	2.882576	11.747535	22.812314
32.61	8.776924	2.974781	11.751705	22.812173
32.62	8.648064	3.107608	11.755672	22.811699
32.63	8.480700	3.278672	11.759373	22.810898
32.64	8.277755	3.484995	11.762751	22.809781
32.65	8.042697	3.723057	11.765754	22.808359
32.66	7.779484	3.988854	11.768338	22.806641
32.67	7.492496	4.277967	11.770463	22.804641
32.68	7.186466	4.585634	11.772099	22.802372
32.69	6.866399	4.906824	11.773223	22.799845
32.7	6.537492	5.236327	11.773819	22.797077
32.71	6.205052	5.568830	11.773883	22.794080
32.72	5.874405	5.899011	11.773415	22.790869
32.73	5.550811	6.221617	11.772429	22.787460
32.74	5.239385	6.531557	11.770942	22.783868
32.75	4.945008	6.823975	11.768983	22.780108
32.76	4.672252	7.094334	11.766586	22.776196
32.77	4.425309	7.338485	11.763793	22.772148
32.78	4.207922	7.552731	11.760653	22.767978
32.79	4.023330	7.733888	11.757218	22.763702
32.8	3.874213	7.879333	11.753547	22.759336
32.81	3.762656	7.987044	11.749701	22.754893
32.82	3.690116	8.055629	11.745745	22.750389
32.83	3.657397	8.084346	11.741743	22.745837
32.84	3.664649	8.073114	11.737763	22.741251
32.85	3.711361	8.022508	11.733870	22.736644
32.86	3.796375	7.933751	11.730126	22.732027
32.87	3.917909	7.808685	11.726594	22.727414
32.88	4.073588	7.649742	11.723330	22.722815
32.89	4.260484	7.459902	11.720387	22.718239
32.9	4.475172	7.242640	11.717811	22.713697
32.91	4.713781	7.001863	11.715644	22.709197
32.92	4.972068	6.741851	11.713919	22.704746
32.93	5.245484	6.467179	11.712663	22.700352
32.94	5.529251	6.182643	11.711894	22.696020
32.95	5.818444	5.893179	11.711622	22.691756
32.96	6.108073	5.603777	11.711850	22.687563
32.97	6.393166	5.319405	11.712571	22.683444
32.98	6.668850	5.044921	11.713771	22.679402
32.99	6.930434	4.784992	11.715427	22.675437
33	7.173486	4.544023	11.717509	22.671550
33.01	7.393905	4.326076	11.719981	22.667739
33.02	7.587990	4.134809	11.722798	22.664003
33.03	7.752500	3.973413	11.725913	22.660339
33.04	7.884709	3.844562	11.729271	22.656744
33.05	7.982446	3.750367	11.732814	22.653213
33.06	8.044138	3.692343	11.736481	22.649740
33.07	8.068826	3.671384	11.740209	22.646319
33.08	8.056186	3.687749	11.743935	22.642944
33.09	8.006534	3.741061	11.747595	22.639606
33.1	7.920817	3.830310	11.751127	22.636297
33.11	7.800598	3.953871	11.754470	22.633008
33.12	7.648030	4.109537	11.757566	22.629729
33.13	7.465815	4.294549	11.760364	22.626451
33.14	7.257168	4.505648	11.762815	22.623161
33.15	7.025752	4.739126	11.764877	22.619850
33.16	6.775624	4.990891	11.766515	22.616506
33.17	6.511165	5.256535	11.767700	22.613116
33.18	6.237004	5.531407	11.768411	22.609669
33.19	5.957946	5.810689	11.768636	22.606153
33.2	5.678886	6.089482	11.768368	22.602555
33.21	5.404729	6.362884	11.767613	22.598863
33.22	5.140311	6.626071	11.766382	22.595064
33.23	4.890311	6.874382	11.764693	22.591146
33.24	4.659180	7.103396	11.762576	22.587098
33.25	4.451061	7.309002	11.760063	22.582907
33.26	4.269721	7.487475	11.757196	22.578561
33.27	4.118487	7.635536	11.754023	22.574050
33.28	4.000191	7.750405	11.750595	22.569363
33.29	3.917118	7.829853	11.746971	22.564489
33.3	3.870970	7.872238	11.743209	22.559419
33.31	3.862836	7.876536	11.739372	22.554143
33.32	3.893171	7.842354	11.735525	22.548654
33.33	3.961785	7.769947	11.731731	22.542942
33.34	4.067849	7.660206	11.728055	22.537002
33.35	4.209903	7.514655	11.724559	22.530827
33.36	4.385882	7.335419	11.721301	22.524411
33.37	4.593142	7.125195	11.718337	22.517751
33.38	4.828510	6.887208	11.715717	22.510842
33.39	5.088329	6.625159	11.713488	22.503683
33.4	5.368518	6.343168	11.711687	22.496271
33.41	5.664642	6.045704	11.710346	22.488607
33.42	5.971978	5.737512	11.709490	22.480689
33.43	6.285595	5.423541	11.709135	22.472521
33.44	6.600436	5.108855	11.709291	22.464105
33.45	6.911397	4.798559	11.709955	22.455444
33.46	7.213414	4.497707	11.711121	22.446543
33.47	7.501546	4.211226	11.712771	22.437408
33.48	7.771054	3.943827	11.714881	22.428047
33.49	8.017484	3.699935	11.717419	22.418466
33.5	8.236735	3.483609	11.720344	22.408675
33.51	8.425134	3.298477	11.723611	22.398685
33.52	8.579492	3.147676	11.727168	22.388505
33.53	8.697164	3.033796	11.730959	22.378149
33.54	8.776086	2.958837	11.734923	22.367629
33.55	8.814820	2.924176	11.738996	22.356960
33.56	8.812572	2.930540	11.743112	22.346155
33.57	8.769212	2.977993	11.747205	22.335231
33.58	8.685278	3.065930	11.751208	22.324204
33.59	8.561966	3.193090	11.755056	22.313090
33.6	8.401118	3.357569	11.758686	22.301909
33.61	8.205189	3.556849	11.762039	22.290679
33.62	7.977215	3.787843	11.765058	22.279417
33.63	7.720760	4.046934	11.767693	22.268145
33.64	7.439863	4.330039	11.769902	22.256881
33.65	7.138974	4.632672	11.771646	22.245646
33.66	6.822882	4.950013	11.772895	22.234461
33.67	6.496638	5.276990	11.773628	22.223347
33.68	6.165476	5.608355	11.773831	22.212324
33.69	5.834725	5.938773	11.773499	22.201413
33.7	5.509727	6.262908	11.772635	22.190636
33.71	5.195748	6.575504	11.771252	22.180014
33.72	4.897890	6.871481	11.769371	22.169568
33.73	4.621013	7.146007	11.767020	22.159317
33.74	4.369652	7.394585	11.764237	22.149283
33.75	4.147942	7.613122	11.761064	22.139486
33.76	3.959550	7.798002	11.757552	22.129944
33.77	3.807616	7.946142	11.753757	22.120678
33.78	3.694697	8.055042	11.749740	22.111705
33.79	3.622729	8.122836	11.745564	22.103044
33.8	3.592985	8.148314	11.741298	22.094711
33.81	3.606060	8.130950	11.737010	22.086723
33.82	3.661858	8.070911	11.732769	22.079096
33.83	3.759587	7.969058	11.728645	22.071843
33.84	3.897774	7.826931	11.724705	22.064979
33.85	4.074283	7.646730	11.721013	22.058517
33.86	4.286352	7.431277	11.717629	22.052466
33.87	4.530633	7.183978	11.714611	22.046839
33.88	4.803244	6.908764	11.712008	22.041644
33.89	5.099831	6.610032	11.709863	22.036889
33.9	5.415637	6.292575	11.708212	22.032582
33.91	5.745580	5.961505	11.707085	22.028727
33.92	6.084330	5.622171	11.706501	22.025329
33.93	6.426399	5.280072	11.706471	22.022391
33.94	6.766226	4.940772	11.706997	22.019914
33.95	7.098271	4.609802	11.708074	22.017899
33.96	7.417102	4.292581	11.709684	22.016344
33.97	7.717485	3.994318	11.711803	22.015247
33.98	7.994468	3.719931	11.714399	22.014604
33.99	8.243466	3.473965	11.717431	22.014409
34	8.460333	3.260518	11.720851	22.014657
34.01	8.641434	3.083170	11.724604	22.015338
34.02	8.783703	2.944927	11.728631	22.016444
34.03	8.884700	2.848166	11.732866	22.017964
34.04	8.942646	2.794595	11.737241	22.019886
34.05	8.956461	2.785225	11.741686	22.022197
34.06	8.925782	2.820346	11.746128	22.024882
34.07	8.850971	2.899523	11.750494	22.027925
34.08	8.733111	3.021602	11.754713	22.031310
34.09	8.573996	3.184719	11.758715	22.035019
34.1	8.376101	3.386333	11.762434	22.039033
34.11	8.142544	3.623263	11.765807	22.043333
34.12	7.877043	3.891735	11.768779	22.047896
34.13	7.583853	4.187444	11.771298	22.052701
34.14	7.267703	4.505618	11.773321	22.057727
34.15	6.933716	4.841097	11.774813	22.062948
34.16	6.587337	5.188410	11.775747	22.068342
34.17	6.234235	5.541869	11.776105	22.073884
34.18	5.880222	5.895656	11.775878	22.079548
34.19	5.531151	6.243915	11.775066	22.085309
34.2	5.192826	6.580854	11.773681	22.091141
34.21	4.870908	6.900832	11.771740	22.097017
34.22	4.570818	7.198456	11.769274	22.102911
34.23	4.297652	7.468668	11.766320	22.108795
34.24	4.056094	7.706828	11.762922	22.114644
34.25	3.850339	7.908795	11.759134	22.120429
34.26	3.684024	8.070992	11.755016	22.126125
34.27	3.560160	8.190472	11.750632	22.131704
34.28	3.481086	8.264967	11.746052	22.137140
34.29	3.448425	8.292926	11.741351	22.142406
34.3	3.463052	8.273551	11.736603	22.147478
34.31	3.525077	8.206810	11.731887	22.152330
34.32	3.633839	8.093439	11.727278	22.156936
34.33	3.787910	7.934943	11.722853	22.161273
34.34	3.985115	7.733571	11.718686	22.165316
34.35	4.222561	7.492284	11.714845	22.169045
34.36	4.496681	7.214714	11.711395	22.172435
34.37	4.803286	6.905110	11.708396	22.175466
34.38	5.137628	6.568272	11.705900	22.178118
34.39	5.494473	6.209477	11.703950	22.180371
34.4	5.868183	5.834400	11.702583	22.182207
34.41	6.252802	5.449023	11.701825	22.183609
34.42	6.642152	5.059542	11.701694	22.184561
34.43	7.029928	4.672268	11.702196	22.185048
34.44	7.409799	4.293529	11.703329	22.185055
34.45	7.775512	3.929567	11.705079	22.184572
34.46	8.120988	3.586435	11.707423	22.183585
34.47	8.440423	3.269907	11.710330	22.182086
34.48	8.728384	2.985373	11.713756	22.180066
34.49	8.979894	2.737758	11.717652	22.177517
34.5	9.190520	2.531439	11.721959	22.174433
34.51	9.356443	2.370168	11.726611	22.170810
34.52	9.474527	2.257012	11.731539	22.166644
34.53	9.542369	2.194295	11.736664	22.161933
34.54	9.558348	2.183560	11.741908	22.156678
34.55	9.521652	2.225536	11.747188	22.150878
34.56	9.432300	2.320122	11.752422	22.144535
34.57	9.291144	2.466380	11.757524	22.137654
34.58	9.099866	2.662548	11.762414	22.130238
34.59	8.860954	2.906059	11.767013	22.122294
34.6	8.577669	3.193575	11.771245	22.113828
34.61	8.254002	3.521038	11.775040	22.104850
34.62	7.894613	3.883722	11.778335	22.095368
34.63	7.504764	4.276311	11.781075	22.085395
34.64	7.090240	4.692970	11.783210	22.074940
34.65	6.657265	5.127439	11.784703	22.064018
34.66	6.212401	5.573125	11.785525	22.052642
34.67	5.762453	6.023204	11.785657	22.040827
34.68	5.314365	6.470727	11.785092	22.028588
34.69	4.875107	6.908725	11.783832	22.015943
34.7	4.451569	7.330322	11.781891	22.002909
34.71	4.050457	7.728838	11.779295	21.989504
34.72	3.678178	8.097898	11.776077	21.975747
34.73	3.340749	8.431534	11.772283	21.961657
34.74	3.043690	8.724277	11.767967	21.947255
34.75	2.791943	8.971248	11.763191	21.932560
34.76	2.589788	9.168238	11.758026	21.917594
34.77	2.440772	9.311777	11.752549	21.902379
34.78	2.347651	9.399190	11.746841	21.886935
34.79	2.312338	9.428651	11.740989	21.871285
34.8	2.335874	9.399208	11.735081	21.855451
34.81	2.418401	9.310808	11.729209	21.839455
34.82	2.559158	9.164304	11.723461	21.823319
34.83	2.756484	8.961444	11.717928	21.807065
34.84	3.007842	8.704854	11.712695	21.790715
34.85	3.309847	8.397998	11.707845	21.774292
34.86	3.658321	8.045133	11.703454	21.757817
34.87	4.048345	7.651248	11.699592	21.741312
34.88	4.474334	7.221988	11.696322	21.724797
34.89	4.930120	6.763577	11.693697	21.708293
34.9	5.409042	6.282720	11.691762	21.691822
34.91	5.904044	5.786505	11.690549	21.675403
34.92	6.407785	5.282297	11.690082	21.659054
34.93	6.912747	4.777625	11.690372	21.642796
34.94	7.411350	4.280070	11.691419	21.626646
34.95	7.896067	3.797145	11.693212	21.610621
34.96	8.359542	3.336184	11.695726	21.594740
34.97	8.794700	2.904229	11.698929	21.579017
34.98	9.194859	2.507915	11.702774	21.563468
34.99	9.553832	2.153375	11.707207	21.548109
35	9.866026	1.846138	11.712165	21.532952
35.01	10.126527	1.591046	11.717573	21.518010
35.02	10.331181	1.392172	11.723353	21.503296
35.03	10.476657	1.252761	11.729419	21.488822
35.04	10.560506	1.175174	11.735680	21.474597
35.05	10.581196	1.160847	11.742044	21.460630
35.06	10.538145	1.210269	11.748413	21.446932
35.07	10.431726	1.322968	11.754693	21.433509
35.08	10.263273	1.497516	11.760789	21.420368
35.09	10.035057	1.731550	11.766607	21.407516
35.1	9.750259	2.021800	11.772059	21.394957
35.11	9.412922	2.364140	11.777062	21.382696
35.12	9.027894	2.753645	11.781539	21.370736
35.13	8.600754	3.184667	11.785422	21.359080
35.14	8.137733	3.650916	11.788649	21.347729
35.15	7.645615	4.145556	11.791172	21.336684
35.16	7.131642	4.661307	11.792949	21.325946
35.17	6.603399	5.190555	11.793954	21.315514
35.18	6.068704	5.725466	11.794169	21.305387
35.19	5.535483	6.258107	11.793590	21.295563
35.2	5.011658	6.780566	11.792224	21.286039
35.21	4.505017	7.285072	11.790090	21.276812
35.22	4.023103	7.764117	11.787220	21.267878
35.23	3.573092	8.210565	11.783656	21.259232
35.24	3.161685	8.617767	11.779453	21.250871
35.25	2.795008	8.979664	11.774671	21.242788
35.26	2.478509	9.290876	11.769385	21.234978
35.27	2.216885	9.546789	11.763673	21.227435
35.28	2.013997	9.743626	11.757623	21.220152
35.29	1.872819	9.878507	11.751325	21.213123
35.3	1.795385	9.949492	11.744877	21.206340
35.31	1.782760	9.955615	11.738375	21.199795
35.32	1.835022	9.896898	11.731920	21.193483
35.33	1.951256	9.774354	11.725610	21.187395
35.34	2.129570	9.589971	11.719541	21.181523
35.35	2.367123	9.346683	11.713806	21.175860
35.36	2.660167	9.048327	11.708493	21.170397
35.37	3.004100	8.699585	11.703685	21.165129
35.38	3.393542	8.305912	11.699454	21.160046
35.39	3.822412	7.873454	11.695865	21.155142
35.4	4.284022	7.408953	11.692975	21.150408
35.41	4.771181	6.919646	11.690827	21.145839
35.42	5.276304	6.413151	11.689455	21.141426
35.43	5.791527	5.897352	11.688879	21.137164
35.44	6.308832	5.380278	11.689109	21.133046
35.45	6.820166	4.869976	11.690142	21.129066
35.46	7.317570	4.374391	11.691961	21.125218
35.47	7.793297	3.901240	11.694538	21.121497
35.48	8.239938	3.457895	11.697833	21.117897
35.49	8.650531	3.051265	11.701796	21.114415
35.5	9.018674	2.687692	11.706366	21.111047
35.51	9.338621	2.372849	11.711470	21.107787
35.52	9.605375	2.111656	11.717030	21.104634
35.53	9.814765	1.908196	11.722960	21.101584
35.54	9.963510	1.765657	11.729168	21.098635
35.55	10.049276	1.686279	11.735556	21.095785
35.56	10.070708	1.671318	11.742025	21.093033
35.57	10.027453	1.721022	11.748475	21.090377
35.58	9.920171	1.834633	11.754804	21.087818
35.59	9.750521	2.010392	11.760913	21.085356
35.6	9.521142	2.245564	11.766707	21.082991
35.61	9.235609	2.536485	11.772094	21.080723
35.62	8.898378	2.878611	11.776989	21.078555
35.63	8.514725	3.266592	11.781316	21.076488
35.64	8.090656	3.694350	11.785006	21.074525
35.65	7.632823	4.155176	11.788000	21.072668
35.66	7.148416	4.641833	11.790249	21.070920
35.67	6.645054	5.146663	11.791717	21.069286
35.68	6.130668	5.661712	11.792380	21.067767
35.69	5.613376	6.178850	11.792226	21.066370
35.7	5.101358	6.689897	11.791255	21.065097
35.71	4.602730	7.186750	11.789481	21.063955
35.72	4.125417	7.661513	11.786930	21.062947
35.73	3.677025	8.106614	11.783639	21.062078
35.74	3.264729	8.514930	11.779659	21.061355
35.75	2.895154	8.879896	11.775051	21.060783
35.76	2.574276	9.195608	11.769884	21.060367
35.77	2.307321	9.456916	11.764238	21.060112
35.78	2.098689	9.659511	11.758200	21.060025
35.79	1.951877	9.799986	11.751863	21.060112
35.8	1.869428	9.875898	11.745326	21.060377
35.81	1.852884	9.885806	11.738690	21.060827
35.82	1.902763	9.829296	11.732059	21.061467
35.83	2.018548	9.706988	11.725536	21.062303
35.84	2.198687	9.520536	11.719223	21.063340
35.85	2.440624	9.272596	11.713220	21.064583
35.86	2.740826	8.966795	11.707621	21.066037
35.87	3.094841	8.607674	11.702514	21.067706
35.88	3.497363	8.200619	11.697982	21.069596
35.89	3.942311	7.751786	11.694097	21.071709
35.9	4.422923	7.267998	11.690921	21.074050
35.91	4.931855	6.756652	11.688507	21.076622
35.92	5.461298	6.225597	11.686895	21.079428
35.93	6.003093	5.683019	11.686113	21.082471
35.94	6.548859	5.137317	11.686176	21.085751
35.95	7.090120	4.596967	11.687087	21.089272
35.96	7.618438	4.070397	11.688835	21.093034
35.97	8.125541	3.565856	11.691396	21.097038
35.98	8.603451	3.091283	11.694734	21.101283
35.99	9.044613	2.654188	11.698801	21.105770
36	9.442005	2.261531	11.703536	21.110497
36.01	9.789254	1.919616	11.708870	21.115462
36.02	10.080733	1.633989	11.714722	21.120664
36.03	10.311652	1.409353	11.721004	21.126098
36.04	10.478131	1.249492	11.727623	21.131763
36.05	10.577267	1.157210	11.734477	21.137654
36.06	10.607177	1.134285	11.741462	21.143767
36.07	10.567032	1.181440	11.748472	21.150095
36.08	10.457073	1.298327	11.755400	21.156634
36.09	10.278611	1.483527	11.762139	21.163376
36.1	10.034009	1.734577	11.768586	21.170316
36.11	9.726646	2.047994	11.774640	21.177444
36.12	9.360876	2.419333	11.780210	21.184754
36.13	8.941956	2.843251	11.785207	21.192236
36.14	8.475971	3.313582	11.789554	21.199881
36.15	7.969746	3.823436	11.793182	21.207679
36.16	7.430739	4.365294	11.796033	21.215620
36.17	6.866933	4.931130	11.798063	21.223694
36.18	6.286711	5.512526	11.799237	21.231888
36.19	5.698735	6.100800	11.799535	21.240191
36.2	5.111809	6.687140	11.798950	21.248590
36.21	4.534750	7.262737	11.797487	21.257075
36.22	3.976249	7.818919	11.795167	21.265630
36.23	3.444742	8.347281	11.792023	21.274244
36.24	2.948280	8.839818	11.788098	21.282903
36.25	2.494407	9.289045	11.783452	21.291592
36.26	2.090042	9.688110	11.778152	21.300298
36.27	1.741373	10.030903	11.772276	21.309006
36.28	1.453765	10.312148	11.765912	21.317702
36.29	1.231671	10.527484	11.759155	21.326372
36.3	1.078569	10.673537	11.752105	21.335000
36.31	0.996903	10.747966	11.744869	21.343573
36.32	0.988049	10.749505	11.737554	21.352074
36.33	1.052287	10.677984	11.730271	21.360490
36.34	1.188800	10.534330	11.723130	21.368805
36.35	1.395681	10.320556	11.716237	21.377006
36.36	1.669964	10.039733	11.709697	21.385077
36.37	2.007665	9.695943	11.703609	21.393004
36.38	2.403845	9.294219	11.698064	21.400773
36.39	2.852678	8.840468	11.693146	21.408371
36.4	3.347544	8.341385	11.688930	21.415782
36.41	3.881127	7.804352	11.685479	21.422995
36.42	4.445524	7.237322	11.682846	21.429997
36.43	5.032365	6.648705	11.681071	21.436774
36.44	5.632941	6.047239	11.680180	21.443314
36.45	6.238334	5.441853	11.680187	21.449606
36.46	6.839553	4.841539	11.681092	21.455638
36.47	7.427671	4.255211	11.682881	21.461401
36.48	7.993957	3.691571	11.685528	21.466883
36.49	8.530014	3.158977	11.688991	21.472075
36.5	9.027902	2.665317	11.693219	21.476968
36.51	9.480259	2.217888	11.698147	21.481554
36.52	9.880416	1.823285	11.703701	21.485825
36.53	10.222493	1.487303	11.709796	21.489774
36.54	10.501493	1.214847	11.716339	21.493395
36.55	10.713374	1.009858	11.723233	21.496682
36.56	10.855115	0.875257	11.730372	21.499630
36.57	10.924754	0.812893	11.737647	21.502235
36.58	10.921426	0.823524	11.744949	21.504495
36.59	10.845368	0.906799	11.752167	21.506406
36.6	10.697922	1.061271	11.759192	21.507966
36.61	10.481507	1.284410	11.765918	21.509175
36.62	10.199589	1.572653	11.772242	21.510033
36.63	9.856619	1.921450	11.778069	21.510541
36.64	9.457974	2.325338	11.783312	21.510700
36.65	9.009865	2.778026	11.787891	21.510512
36.66	8.519250	3.272489	11.791739	21.509980
36.67	7.993721	3.801076	11.794797	21.509110
36.68	7.441390	4.355629	11.797019	21.507905
36.69	6.870768	4.927607	11.798375	21.506371
36.7	6.290628	5.508215	11.798843	21.504516
36.71	5.709875	6.088545	11.798419	21.502346
36.72	5.137409	6.659702	11.797111	21.499869
36.73	4.581989	7.212950	11.794939	21.497094
36.74	4.052098	7.739842	11.791940	21.494032
36.75	3.555813	8.232345	11.788159	21.490692
36.76	3.100685	8.682970	11.783656	21.487086
36.77	2.693619	9.084882	11.778502	21.483226
36.78	2.340772	9.432005	11.772776	21.479123
36.79	2.047456	9.719113	11.766568	21.474792
36.8	1.818061	9.941913	11.759975	21.470247
36.81	1.655987	10.097110	11.753097	21.465502
36.82	1.563590	10.182451	11.746041	21.460571
36.83	1.542150	10.196767	11.738917	21.455472
36.84	1.591851	10.139984	11.731835	21.450220
36.85	1.711778	10.013125	11.724903	21.444831
36.86	1.899933	9.818296	11.718229	21.439323
36.87	2.153266	9.558649	11.711916	21.433714
36.88	2.467724	9.238336	11.706060	21.428022
36.89	2.838311	8.862441	11.700752	21.422264
36.9	3.259169	8.436905	11.696074	21.416461
36.91	3.723666	7.968431	11.692096	21.410630
36.92	4.224501	7.464381	11.688882	21.404792
36.93	4.753816	6.932663	11.686479	21.398965
36.94	5.303315	6.381609	11.684924	21.393170
36.95	5.864396	5.819845	11.684241	21.387425
36.96	6.428283	5.256158	11.684441	21.381752
36.97	6.986157	4.699362	11.685519	21.376169
36.98	7.529299	4.158159	11.687459	21.370697
36.99	8.049220	3.641010	11.690230	21.365356
37	8.537792	3.155998	11.693789	21.360166
37.01	8.987374	2.710707	11.698082	21.355146
37.02	9.390934	2.312107	11.703040	21.350315
37.03	9.742148	1.966440	11.708589	21.345694
37.04	10.035508	1.679132	11.714641	21.341301
37.05	10.266400	1.454703	11.721102	21.337155
37.06	10.431177	1.296697	11.727874	21.333274
37.07	10.527217	1.207634	11.734850	21.329677
37.08	10.552961	1.188962	11.741923	21.326380
37.09	10.507942	1.241042	11.748984	21.323403
37.1	10.392785	1.363137	11.755922	21.320760
37.11	10.209204	1.553426	11.762631	21.318468
37.12	9.959975	1.809031	11.769006	21.316543
37.13	9.648890	2.126059	11.774948	21.315000
37.14	9.280703	2.499663	11.780366	21.313853
37.15	8.861055	2.924119	11.785174	21.313116
37.16	8.396390	3.392908	11.789298	21.312801
37.17	7.893853	3.898820	11.792673	21.312921
37.18	7.361184	4.434062	11.795246	21.313487
37.19	6.806597	4.990381	11.796977	21.314510
37.2	6.238653	5.559185	11.797838	21.315999
37.21	5.666135	6.131679	11.797814	21.317964
37.22	5.097904	6.698999	11.796904	21.320412
37.23	4.542773	7.252347	11.795121	21.323350
37.24	4.009365	7.783126	11.792490	21.326784
37.25	3.505982	8.283070	11.789052	21.330719
37.26	3.040481	8.744377	11.784857	21.335161
37.27	2.620149	9.159819	11.779969	21.340110
37.28	2.251597	9.522863	11.774460	21.345571
37.29	1.940652	9.827762	11.768415	21.351543
37.3	1.692273	10.069651	11.761924	21.358027
37.31	1.510470	10.244616	11.755086	21.365022
37.32	1.398248	10.349756	11.748004	21.372525
37.33	1.357556	10.383230	11.740786	21.380534
37.34	1.389259	10.344282	11.733541	21.389044
37.35	1.493124	10.233254	11.726379	21.398049
37.36	1.667824	10.051585	11.719408	21.407545
37.37	1.910954	9.801781	11.712736	21.417522
37.38	2.219074	9.487388	11.706462	21.427972
37.39	2.587755	9.112927	11.700682	21.438887
37.4	3.011649	8.683835	11.695484	21.450255
37.41	3.484568	8.206379	11.690947	21.462064
37.42	3.999581	7.687558	11.687139	21.474303
37.43	4.549117	7.135003	11.684120	21.486956
37.44	5.125078	6.556856	11.681934	21.500011
37.45	5.718966	5.961649	11.680615	21.513450
37.46	6.322007	5.358176	11.680183	21.527258
37.47	6.925288	4.755357	11.680645	21.541417
37.48	7.519890	4.162104	11.681994	21.555909
37.49	8.097021	3.587189	11.684210	21.570714
37.5	8.648153	3.039107	11.687261	21.585813
37.51	9.165146	2.525952	11.691099	21.601185
37.52	9.640374	2.055293	11.695667	21.616809
37.53	10.066839	1.634058	11.700897	21.632662
37.54	10.438275	1.268435	11.706710	21.648722
37.55	10.749243	0.963776	11.713019	21.664965
37.56	10.995210	0.724519	11.719729	21.681367
37.57	11.172621	0.554119	11.726740	21.697904
37.58	11.278946	0.455000	11.733946	21.714551
37.59	11.312720	0.428519	11.741240	21.731282
37.6	11.273563	0.474949	11.748512	21.748072
37.61	11.162184	0.593471	11.755655	21.764895
37.62	10.980368	0.782194	11.762562	21.781724
37.63	10.730946	1.038183	11.769130	21.798533
37.64	10.417757	1.357505	11.775262	21.815295
37.65	10.045578	1.735289	11.780867	21.831983
37.66	9.620059	2.165804	11.785863	21.848572
37.67	9.147632	2.642546	11.790178	21.865034
37.68	8.635411	3.158336	11.793747	21.881342
37.69	8.091089	3.705432	11.796521	21.897471
37.7	7.522814	4.275646	11.798460	21.913393
37.71	6.939068	4.860468	11.799536	21.929084
37.72	6.348541	5.451198	11.799738	21.944517
37.73	5.759993	6.039072	11.799065	21.959668
37.74	5.182129	6.615400	11.797529	21.974511
37.75	4.623462	7.171695	11.795158	21.989023
37.76	4.092189	7.699800	11.791988	22.003180
37.77	3.596063	8.192009	11.788072	22.016959
37.78	3.142286	8.641183	11.783470	22.030337
37.79	2.737394	9.040859	11.778254	22.043295
37.8	2.387164	9.385340	11.772505	22.055810
37.81	2.096529	9.669782	11.766311	22.067863
37.82	1.869504	9.890264	11.759768	22.079436
37.83	1.709135	10.043841	11.752975	22.090510
37.84	1.617446	10.128590	11.746036	22.101069
37.85	1.595424	10.143632	11.739056	22.111097
37.86	1.642998	10.089142	11.732140	22.120580
37.87	1.759049	9.966343	11.725392	22.129504
37.88	1.941432	9.777481	11.718913	22.137857
37.89	2.187008	9.525792	11.712801	22.145628
37.9	2.491702	9.215443	11.707144	22.152808
37.91	2.850561	8.851466	11.702028	22.159388
37.92	3.257841	8.439684	11.697526	22.165362
37.93	3.707093	7.986610	11.693703	22.170724
37.94	4.191262	7.499352	11.690614	22.175469
37.95	4.702804	6.985498	11.688303	22.179596
37.96	5.233797	6.453001	11.686799	22.183103
37.97	5.776066	5.910056	11.686122	22.185989
37.98	6.321308	5.364969	11.686277	22.188258
37.99	6.861218	4.826039	11.687258	22.189912
38	7.387622	4.301423	11.689045	22.190956
38.01	7.892590	3.799016	11.691606	22.191395
38.02	8.368569	3.326329	11.694899	22.191239
38.03	8.808487	2.890380	11.698868	22.190495
38.04	9.205864	2.497585	11.703449	22.189175
38.05	9.554906	2.153663	11.708569	22.187290
38.06	9.850593	1.863553	11.714146	22.184854
38.07	10.088750	1.631342	11.720092	22.181883
38.08	10.266109	1.460206	11.726314	22.178391
38.09	10.380352	1.352363	11.732715	22.174398
38.1	10.430147	1.309047	11.739194	22.169921
38.11	10.415159	1.330494	11.745653	22.164981
38.12	10.336052	1.415940	11.751991	22.159601
38.13	10.194474	1.563638	11.758112	22.153801
38.14	9.993030	1.770893	11.763923	22.147607
38.15	9.735229	2.034105	11.769335	22.141043
38.16	9.425437	2.348830	11.774266	22.134135
38.17	9.068793	2.709851	11.778645	22.126911
38.18	8.671138	3.111267	11.782405	22.119397
38.19	8.238912	3.546580	11.785492	22.111623
38.2	7.779056	4.008806	11.787862	22.103619
38.21	7.298902	4.490579	11.789481	22.095414
38.22	6.806057	4.984272	11.790330	22.087040
38.23	6.308285	5.482113	11.790398	22.078529
38.24	5.813382	5.976307	11.789689	22.069911
38.25	5.329062	6.459156	11.788219	22.061220
38.26	4.862831	6.923182	11.786013	22.052488
38.27	4.421875	7.361235	11.783110	22.043749
38.28	4.012949	7.766610	11.779559	22.035035
38.29	3.642275	8.133143	11.775418	22.026381
38.3	3.315447	8.455309	11.770756	22.017818
38.31	3.037346	8.728300	11.765647	22.009382
38.32	2.812070	8.948103	11.760173	22.001104
38.33	2.642870	9.111552	11.754422	21.993018
38.34	2.532106	9.216378	11.748485	21.985156
38.35	2.481216	9.261239	11.742455	21.977550
38.36	2.490692	9.245736	11.736427	21.970232
38.37	2.560080	9.170416	11.730496	21.963233
38.38	2.687994	9.036760	11.724754	21.956584
38.39	2.872134	8.847155	11.719289	21.950314
38.4	3.109335	8.604852	11.714187	21.944451
38.41	3.395611	8.313914	11.709525	21.939025
38.42	3.726228	7.979146	11.705375	21.934061
38.43	4.095778	7.606021	11.701798	21.929586
38.44	4.498264	7.200586	11.698850	21.925624
38.45	4.927199	6.769374	11.696574	21.922200
38.46	5.375711	6.319290	11.695001	21.919335
38.47	5.836645	5.857510	11.694155	21.917050
38.48	6.302683	5.391362	11.694046	21.915366
38.49	6.766456	4.928215	11.694671	21.914299
38.5	7.220659	4.475361	11.696020	21.913868
38.51	7.658163	4.039905	11.698067	21.914087
38.52	8.072130	3.628649	11.700779	21.914970
38.53	8.456117	3.247992	11.704109	21.916529
38.54	8.804173	2.903832	11.708005	21.918774
38.55	9.110931	2.601471	11.712402	21.921713
38.56	9.371691	2.345539	11.717230	21.925355
38.57	9.582490	2.139922	11.722412	21.929703
38.58	9.740159	1.987706	11.727866	21.934763
38.59	9.842374	1.891130	11.733505	21.940534
38.6	9.887685	1.851555	11.739240	21.947018
38.61	9.875536	1.869446	11.744982	21.954212
38.62	9.806271	1.944370	11.750641	21.962113
38.63	9.681127	2.075002	11.756129	21.970715
38.64	9.502205	2.259155	11.761360	21.980012
38.65	9.272444	2.493811	11.766255	21.989995
38.66	8.995561	2.775176	11.770737	22.000652
38.67	8.675998	3.098740	11.774738	22.011973
38.68	8.318846	3.459352	11.778198	22.023942
38.69	7.929763	3.851301	11.781064	22.036545
38.7	7.514888	4.268407	11.783295	22.049765
38.71	7.080736	4.704121	11.784857	22.063582
38.72	6.634100	5.151628	11.785728	22.077978
38.73	6.181943	5.603955	11.785898	22.092930
38.74	5.731289	6.054079	11.785367	22.108416
38.75	5.289110	6.495036	11.784146	22.124412
38.76	4.862222	6.920033	11.782255	22.140891
38.77	4.457177	7.322550	11.779727	22.157829
38.78	4.080161	7.696444	11.776605	22.175197
38.79	3.736900	8.036038	11.772938	22.192967
38.8	3.432573	8.336213	11.768786	22.211109
38.81	3.171733	8.592483	11.764215	22.229592
38.82	2.958236	8.801063	11.759299	22.248387
38.83	2.795191	8.958925	11.754115	22.267460
38.84	2.684904	9.063841	11.748745	22.286780
38.85	2.628854	9.114418	11.743273	22.306314
38.86	2.627672	9.110112	11.737784	22.326027
38.87	2.681130	9.051235	11.732365	22.345888
38.88	2.788152	8.938946	11.727098	22.365862
38.89	2.946837	8.775228	11.722066	22.385915
38.9	3.154487	8.562858	11.717345	22.406013
38.91	3.407653	8.305354	11.713007	22.426122
38.92	3.702198	8.006920	11.709119	22.446208
38.93	4.033359	7.672379	11.705738	22.466239
38.94	4.395825	7.307090	11.702914	22.486181
38.95	4.783824	6.916865	11.700689	22.506001
38.96	5.191216	6.507879	11.699095	22.525667
38.97	5.611587	6.086566	11.698153	22.545148
38.98	6.038356	5.659519	11.697875	22.564413
38.99	6.464872	5.233389	11.698261	22.583431
39	6.884524	4.814779	11.699303	22.602175
39.01	7.290840	4.410140	11.700980	22.620614
39.02	7.677592	4.025671	11.703263	22.638724
39.03	8.038886	3.667228	11.706114	22.656476
39.04	8.369259	3.340225	11.709484	22.673846
39.05	8.663758	3.049562	11.713320	22.690812
39.06	8.918016	2.799541	11.717557	22.707349
39.07	9.128317	2.593812	11.722128	22.723438
39.08	9.291652	2.435309	11.726961	22.739058
39.09	9.405761	2.326215	11.731977	22.754192
39.1	9.469166	2.267932	11.737097	22.768823
39.11	9.481187	2.261056	11.742242	22.782934
39.12	9.441950	2.305381	11.747331	22.796514
39.13	9.352382	2.399902	11.752284	22.809549
39.14	9.214189	2.542836	11.757025	22.822030
39.15	9.029827	2.731654	11.761481	22.833947
39.16	8.802457	2.963128	11.765585	22.845293
39.17	8.535893	3.233381	11.769274	22.856063
39.18	8.234536	3.537957	11.772494	22.866252
39.19	7.903306	3.871891	11.775197	22.875859
39.2	7.547552	4.229792	11.777344	22.884883
39.21	7.172976	4.605929	11.778906	22.893324
39.22	6.785533	4.994329	11.779862	22.901186
39.23	6.391338	5.388864	11.780201	22.908471
39.24	5.996567	5.783356	11.779923	22.915187
39.25	5.607363	6.171674	11.779037	22.921339
39.26	5.229732	6.547829	11.777561	22.926937
39.27	4.869454	6.906068	11.775523	22.931991
39.28	4.531992	7.240966	11.772959	22.936511
39.29	4.222404	7.547510	11.769914	22.940510
39.3	3.945268	7.821172	11.766440	22.944003
39.31	3.704610	8.057986	11.762596	22.947003
39.32	3.503846	8.254599	11.758445	22.949528
39.33	3.345730	8.408327	11.754057	22.951595
39.34	3.232313	8.517190	11.749503	22.953221
39.35	3.164915	8.579943	11.744857	22.954426
39.36	3.144110	8.596086	11.740195	22.955229
39.37	3.169720	8.565871	11.735592	22.955651
39.38	3.240825	8.490295	11.731120	22.955714
39.39	3.355777	8.371075	11.726851	22.955439
39.4	3.512236	8.210617	11.722853	22.954848
39.41	3.707212	8.011975	11.719187	22.953964
39.42	3.937113	7.778798	11.715911	22.952811
39.43	4.197809	7.515265	11.713074	22.951410
39.44	4.484704	7.226015	11.710720	22.949786
39.45	4.792810	6.916073	11.708882	22.947961
39.46	5.116829	6.590759	11.707588	22.945960
39.47	5.451245	6.255609	11.706854	22.943804
39.48	5.790412	5.916276	11.706688	22.941517
39.49	6.128645	5.578444	11.707089	22.939122
39.5	6.460316	5.247731	11.708047	22.936640
39.51	6.779942	4.929599	11.709541	22.934093
39.52	7.082276	4.629268	11.711545	22.931503
39.53	7.362390	4.351630	11.714020	22.928889
39.54	7.615752	4.101172	11.716924	22.926271
39.55	7.838303	3.881904	11.720207	22.923667
39.56	8.026515	3.697296	11.723811	22.921097
39.57	8.177450	3.550224	11.727674	22.918577
39.58	8.288805	3.442927	11.731733	22.916123
39.59	8.358946	3.376971	11.735917	22.913749
39.6	8.386931	3.353226	11.740157	22.911471
39.61	8.372524	3.371858	11.744382	22.909300
39.62	8.316196	3.432327	11.748522	22.907248
39.63	8.219113	3.533395	11.752509	22.905325
39.64	8.083117	3.673158	11.756275	22.903540
39.65	7.910689	3.849071	11.759760	22.901901
39.66	7.704911	4.057996	11.762907	22.900414
39.67	7.469409	4.296254	11.765663	22.899084
39.68	7.208293	4.559691	11.767984	22.897915
39.69	6.926092	4.843742	11.769833	22.896909
39.7	6.627669	5.143511	11.771180	22.896066
39.71	6.318152	5.453852	11.772004	22.895387
39.72	6.002837	5.769454	11.772291	22.894870
39.73	5.687111	6.084928	11.772039	22.894510
39.74	5.376355	6.394897	11.771252	22.894304
39.75	5.075860	6.694084	11.769944	22.894246
39.76	4.790740	6.977398	11.768138	22.894329
39.77	4.525846	7.240018	11.765864	22.894544
39.78	4.285689	7.477471	11.763160	22.894882
39.79	4.074364	7.685708	11.760072	22.895332
39.8	3.895486	7.861164	11.756650	22.895882
39.81	3.752131	8.000822	11.752953	22.896519
39.82	3.646782	8.102259	11.749041	22.897230
39.83	3.581295	8.163683	11.744978	22.898000
39.84	3.556866	8.183967	11.740833	22.898813
39.85	3.574010	8.162664	11.736674	22.899652
39.86	3.632558	8.100010	11.732568	22.900502
39.87	3.731657	7.996929	11.728585	22.901343
39.88	3.869783	7.855007	11.724790	22.902157
39.89	4.044770	7.676475	11.721245	22.902927
39.9	4.253845	7.464164	11.718009	22.903632
39.91	4.493669	7.221466	11.715135	22.904252
39.92	4.760397	6.952274	11.712671	22.904770
39.93	5.049738	6.660919	11.710658	22.905163
39.94	5.357028	6.352101	11.709129	22.905414
39.95	5.677299	6.030811	11.708110	22.905501
39.96	6.005369	5.702249	11.707618	22.905405
39.97	6.335918	5.371743	11.707661	22.905108
39.98	6.663581	5.044660	11.708241	22.904589
39.99	6.983030	4.726318	11.709348	22.903829
40	7.289063	4.421902	11.710965	22.902812
40.01	7.576688	4.136379	11.713067	22.901519
40.02	7.841204	3.874417	11.715621	22.899934
40.03	8.078274	3.640312	11.718585	22.898039
40.04	8.283999	3.437914	11.721913	22.895821
40.05	8.454982	3.270569	11.725552	22.893264
40.06	8.588377	3.141066	11.729443	22.890356
40.07	8.681939	3.051585	11.733524	22.887084
40.08	8.734061	3.003670	11.737731	22.883436
40.09	8.743796	2.998199	11.741995	22.879403
40.1	8.710877	3.035373	11.746250	22.874976
40.11	8.635715	3.114710	11.750426	22.870148
40.12	8.519400	3.235057	11.754457	22.864913
40.13	8.363677	3.394602	11.758279	22.859266
40.14	8.170919	3.590911	11.761830	22.853203
40.15	7.944092	3.820963	11.765055	22.846724
40.16	7.686704	4.081197	11.767902	22.839828
40.17	7.402750	4.367575	11.770325	22.832515
40.18	7.096644	4.675641	11.772285	22.824790
40.19	6.773157	5.000597	11.773753	22.816657
40.2	6.437329	5.337376	11.774705	22.808121
40.21	6.094398	5.680728	11.775126	22.799190
40.22	5.749708	6.025301	11.775009	22.789873
40.23	5.408632	6.365726	11.774358	22.780181
40.24	5.076477	6.696705	11.773182	22.770126
40.25	4.758405	7.013095	11.771501	22.759722
40.26	4.459351	7.309991	11.769342	22.748984
40.27	4.183940	7.582799	11.766739	22.737929
40.28	3.936419	7.827317	11.763736	22.726574
40.29	3.720585	8.039795	11.760380	22.714939
40.3	3.539727	8.216997	11.756724	22.703045
40.31	3.396576	8.356251	11.752827	22.690913
40.32	3.293259	8.455493	11.748752	22.678567
40.33	3.231270	8.513293	11.744563	22.666030
40.34	3.211443	8.528884	11.740326	22.653329
40.35	3.233943	8.502167	11.736110	22.640488
40.36	3.298266	8.433714	11.731980	22.627536
40.37	3.403246	8.324757	11.728002	22.614500
40.38	3.547075	8.177165	11.724239	22.601408
40.39	3.727335	7.993414	11.720749	22.588290
40.4	3.941041	7.776546	11.717587	22.575175
40.41	4.184686	7.530117	11.714802	22.562093
40.42	4.454299	7.258138	11.712437	22.549076
40.43	4.745514	6.965013	11.710527	22.536152
40.44	5.053639	6.655463	11.709101	22.523354
40.45	5.373732	6.334448	11.708180	22.510711
40.46	5.700683	6.007093	11.707776	22.498255
40.47	6.029297	5.678596	11.707893	22.486015
40.48	6.354377	5.354150	11.708527	22.474022
40.49	6.670808	5.038857	11.709664	22.462305
40.5	6.973641	4.737644	11.711285	22.450894
40.51	7.258173	4.455186	11.713359	22.439816
40.52	7.520020	4.195832	11.715852	22.429100
40.53	7.755190	3.963530	11.718720	22.418773
40.54	7.960145	3.761769	11.721915	22.408860
40.55	8.131859	3.593524	11.725383	22.399386
40.56	8.267863	3.461203	11.729066	22.390376
40.57	8.366285	3.366617	11.732902	22.381851
40.58	8.425880	3.310949	11.736828	22.373832
40.59	8.446045	3.294734	11.740779	22.366341
40.6	8.426831	3.317858	11.744690	22.359394
40.61	8.368938	3.379558	11.748496	22.353010
40.62	8.273698	3.478436	11.752134	22.347202
40.63	8.143060	3.612486	11.755546	22.341985
40.64	7.979546	3.779130	11.758676	22.337370
40.65	7.786216	3.975257	11.761472	22.333367
40.66	7.566609	4.197282	11.763891	22.329985
40.67	7.324690	4.441203	11.765893	22.327229
40.68	7.064776	4.702670	11.767446	22.325104
40.69	6.791469	4.977058	11.768527	22.323612
40.7	6.509577	5.259542	11.769118	22.322754
40.71	6.224032	5.545181	11.769213	22.322528
40.72	5.939809	5.829002	11.768811	22.322931
40.73	5.661845	6.106076	11.767921	22.323956
40.74	5.394950	6.371609	11.766559	22.325597
40.75	5.143735	6.621016	11.764751	22.327843
40.76	4.912528	6.849999	11.762527	22.330683
40.77	4.705307	7.054621	11.759928	22.334104
40.78	4.525629	7.231368	11.756997	22.338090
40.79	4.376575	7.377213	11.753787	22.342625
40.8	4.260694	7.489659	11.750352	22.347687
40.81	4.179965	7.566788	11.746752	22.353258
40.82	4.135759	7.607290	11.743049	22.359314
40.83	4.128821	7.610486	11.739306	22.365832
40.84	4.159250	7.576338	11.735588	22.372784
40.85	4.226506	7.505453	11.731959	22.380144
40.86	4.329411	7.399071	11.728482	22.387883
40.87	4.466172	7.259044	11.725216	22.395971
40.88	4.634409	7.087810	11.722219	22.404376
40.89	4.831196	6.888346	11.719543	22.413066
40.9	5.053108	6.664126	11.717234	22.422007
40.91	5.296277	6.419056	11.715333	22.431164
40.92	5.556459	6.157415	11.713875	22.440503
40.93	5.829104	5.883782	11.712885	22.449986
40.94	6.109428	5.602956	11.712384	22.459577
40.95	6.392499	5.319881	11.712381	22.469239
40.96	6.673318	5.039560	11.712878	22.478933
40.97	6.946900	4.766970	11.713869	22.488622
40.98	7.208361	4.506980	11.715341	22.498267
40.99	7.453000	4.264269	11.717269	22.507830
41	7.676380	4.043244	11.719624	22.517274
41.01	7.874402	3.847967	11.722368	22.526559
41.02	8.043375	3.682082	11.725456	22.535649
41.03	8.180083	3.548755	11.728838	22.544505
41.04	8.281840	3.450618	11.732458	22.553092
41.05	8.346534	3.389722	11.736256	22.561374
41.06	8.372673	3.367496	11.740169	22.569315
41.07	8.359406	3.384725	11.744131	22.576880
41.08	8.306544	3.441531	11.748075	22.584038
41.09	8.214569	3.537366	11.751935	22.590755
41.1	8.084627	3.671018	11.755645	22.597001
41.11	7.918512	3.840628	11.759140	22.602745
41.12	7.718645	4.043716	11.762361	22.607961
41.13	7.488034	4.277218	11.765251	22.612622
41.14	7.230227	4.537532	11.767759	22.616702
41.15	6.949261	4.820578	11.769839	22.620178
41.16	6.649595	5.121857	11.771452	22.623028
41.17	6.336041	5.436527	11.772568	22.625234
41.18	6.013686	5.759477	11.773164	22.626776
41.19	5.687812	6.085412	11.773224	22.627640
41.2	5.363806	6.408937	11.772742	22.627810
41.21	5.047079	6.724644	11.771722	22.627277
41.22	4.742972	7.027203	11.770175	22.626028
41.23	4.456671	7.311449	11.768121	22.624058
41.24	4.193121	7.572467	11.765588	22.621360
41.25	3.956941	7.805673	11.762614	22.617932
41.26	3.752351	8.006893	11.759244	22.613771
41.27	3.583095	8.172432	11.755526	22.608879
41.28	3.452380	8.299139	11.751520	22.603260
41.29	3.362823	8.384462	11.747286	22.596917
41.3	3.316398	8.426493	11.742890	22.589859
41.31	3.314402	8.424001	11.738403	22.582096
41.32	3.357432	8.376463	11.733895	22.573638
41.33	3.445368	8.284070	11.729438	22.564499
41.34	3.577370	8.147735	11.725105	22.554695
41.35	3.751884	7.969080	11.720964	22.544244
41.36	3.966669	7.750416	11.717084	22.533163
41.37	4.218820	7.494710	11.713529	22.521476
41.38	4.504816	7.205543	11.710358	22.509204
41.39	4.820569	6.887056	11.707624	22.496372
41.4	5.161488	6.543887	11.705375	22.483006
41.41	5.522545	6.181103	11.703648	22.469134
41.42	5.898358	5.804119	11.702477	22.454784
41.43	6.283269	5.418613	11.701882	22.439987
41.44	6.671436	5.030442	11.701879	22.424773
41.45	7.056924	4.645546	11.702470	22.409176
41.46	7.433796	4.269856	11.703652	22.393228
41.47	7.796212	3.909196	11.705408	22.376964
41.48	8.138519	3.569198	11.707717	22.360419
41.49	8.455342	3.255202	11.710545	22.343628
41.5	8.741673	2.972177	11.713850	22.326628
41.51	8.992949	2.724635	11.717584	22.309454
41.52	9.205129	2.516563	11.721692	22.292144
41.53	9.374761	2.351350	11.726111	22.274734
41.54	9.499038	2.231735	11.730773	22.257261
41.55	9.575848	2.159759	11.735607	22.239762
41.56	9.603809	2.136730	11.740538	22.222274
41.57	9.582296	2.163195	11.745491	22.204832
41.58	9.511453	2.238933	11.750387	22.187472
41.59	9.392198	2.362951	11.755149	22.170230
41.6	9.226207	2.533497	11.759703	22.153140
41.61	9.015895	2.748082	11.763977	22.136235
41.62	8.764381	3.003521	11.767903	22.119549
41.63	8.475441	3.295975	11.771417	22.103112
41.64	8.153452	3.621011	11.774463	22.086956
41.65	7.803323	3.973669	11.776992	22.071110
41.66	7.430425	4.348536	11.778962	22.055602
41.67	7.040505	4.739835	11.780340	22.040458
41.68	6.639594	5.141508	11.781103	22.025705
41.69	6.233920	5.547316	11.781236	22.011366
41.7	5.829805	5.950931	11.780735	21.997463
41.71	5.433566	6.346041	11.779607	21.984016
41.72	5.051418	6.726450	11.777867	21.971045
41.73	4.689372	7.086169	11.775541	21.958566
41.74	4.353142	7.419521	11.772662	21.946594
41.75	4.048051	7.721225	11.769276	21.935144
41.76	3.778948	7.986486	11.765434	21.924225
41.77	3.550127	8.211068	11.761195	21.913848
41.78	3.365258	8.391368	11.756626	21.904021
41.79	3.227326	8.524471	11.751798	21.894749
41.8	3.138581	8.608204	11.746785	21.886035
41.81	3.100501	8.641168	11.741669	21.877883
41.82	3.113763	8.622765	11.736528	21.870291
41.83	3.178232	8.553214	11.731446	21.863258
41.84	3.292957	8.433545	11.726502	21.856779
41.85	3.456186	8.265591	11.721777	21.850850
41.86	3.665388	8.051958	11.717346	21.845462
41.87	3.917290	7.795990	11.713280	21.840607
41.88	4.207930	7.501717	11.709647	21.836273
41.89	4.532711	7.173793	11.706504	21.832448
41.9	4.886477	6.817428	11.703905	21.829118
41.91	5.263589	6.438304	11.701893	21.826266
41.92	5.658012	6.042490	11.700502	21.823877
41.93	6.063414	5.636343	11.699757	21.821931
41.94	6.473260	5.226412	11.699672	21.820408
41.95	6.880918	4.819335	11.700253	21.819287
41.96	7.279762	4.421729	11.701491	21.818547
41.97	7.663279	4.040091	11.703370	21.818164
41.98	8.025172	3.680692	11.705864	21.818114
41.99	8.359463	3.349472	11.708935	21.818372
42	8.660585	3.051951	11.712536	21.818913
42.01	8.923476	2.793137	11.716613	21.819710
42.02	9.143662	2.577440	11.721102	21.820737
42.03	9.317328	2.408606	11.725934	21.821966
42.04	9.441386	2.289648	11.731034	21.823370
42.05	9.513522	2.222799	11.736322	21.824922
42.06	9.532242	2.209471	11.741713	21.826594
42.07	9.496896	2.250226	11.747122	21.828358
42.08	9.407694	2.344769	11.752464	21.830186
42.09	9.265709	2.491942	11.757651	21.832052
42.1	9.072861	2.689741	11.762602	21.833929
42.11	8.831892	2.935343	11.767235	21.835789
42.12	8.546330	3.225144	11.771474	21.837608
42.13	8.220434	3.554817	11.775250	21.839359
42.14	7.859130	3.919370	11.778500	21.841019
42.15	7.467940	4.313228	11.781168	21.842563
42.16	7.052898	4.730311	11.783209	21.843969
42.17	6.620452	5.164133	11.784585	21.845215
42.18	6.177372	5.607899	11.785272	21.846280
42.19	5.730640	6.054612	11.785252	21.847144
42.2	5.287344	6.497179	11.784523	21.847790
42.21	4.854563	6.928527	11.783090	21.848199
42.22	4.439261	7.341710	11.780971	21.848357
42.23	4.048172	7.730023	11.778195	21.848249
42.24	3.687696	8.087106	11.774801	21.847861
42.25	3.363794	8.407045	11.770839	21.847183
42.26	3.081895	8.684471	11.766367	21.846204
42.27	2.846804	8.914646	11.761450	21.844915
42.28	2.662626	9.093539	11.756165	21.843310
42.29	2.532695	9.217894	11.750589	21.841383
42.3	2.459520	9.285290	11.744810	21.839130
42.31	2.444739	9.294177	11.738915	21.836548
42.32	2.489089	9.243908	11.732997	21.833638
42.33	2.592388	9.134758	11.727147	21.830399
42.34	2.753536	8.967920	11.721456	21.826834
42.35	2.970522	8.745494	11.716015	21.822946
42.36	3.240452	8.470459	11.710911	21.818740
42.37	3.559590	8.146633	11.706223	21.814224
42.38	3.923411	7.778618	11.702029	21.809405
42.39	4.326663	7.371733	11.698397	21.804292
42.4	4.763451	6.931935	11.695386	21.798895
42.41	5.227317	6.465730	11.693047	21.793227
42.42	5.711345	5.980077	11.691422	21.787300
42.43	6.208257	5.482283	11.690539	21.781129
42.44	6.710531	4.979888	11.690418	21.774727
42.45	7.210511	4.480555	11.691065	21.768111
42.46	7.700527	3.991949	11.692476	21.761297
42.47	8.173013	3.521620	11.694633	21.754303
42.48	8.620622	3.076887	11.697508	21.747146
42.49	9.036344	2.664719	11.701063	21.739846
42.5	9.413613	2.291632	11.705245	21.732422
42.51	9.746411	1.963585	11.709996	21.724892
42.52	10.029363	1.685883	11.715246	21.717277
42.53	10.257825	1.463092	11.720917	21.709596
42.54	10.427957	1.298970	11.726927	21.701870
42.55	10.536785	1.196400	11.733185	21.694118
42.56	10.582252	1.157345	11.739597	21.686360
42.57	10.563255	1.182811	11.746066	21.678617
42.58	10.479666	1.272830	11.752496	21.670906
42.59	10.332335	1.426452	11.758787	21.663248
42.6	10.123087	1.641756	11.764843	21.655660
42.61	9.854693	1.915879	11.770572	21.648161
42.62	9.530838	2.245047	11.775885	21.640767
42.63	9.156060	2.624640	11.780700	21.633495
42.64	8.735693	3.049247	11.784941	21.626360
42.65	8.275784	3.512757	11.788542	21.619378
42.66	7.783005	4.008441	11.791445	21.612561
42.67	7.264550	4.529055	11.793605	21.605922
42.68	6.728035	5.066949	11.794984	21.599473
42.69	6.181377	5.614183	11.795560	21.593224
42.7	5.632675	6.162646	11.795321	21.587184
42.71	5.090091	6.704176	11.794267	21.581360
42.72	4.561722	7.230689	11.792411	21.575758
42.73	4.055477	7.734301	11.789779	21.570384
42.74	3.578961	8.207447	11.786408	21.565241
42.75	3.139348	8.642998	11.782346	21.560331
42.76	2.743282	9.034372	11.777654	21.555654
42.77	2.396765	9.375635	11.772399	21.551210
42.78	2.105069	9.661592	11.766661	21.546996
42.79	1.872653	9.887870	11.760523	21.543008
42.8	1.703090	10.050988	11.754079	21.539241
42.81	1.599015	10.148409	11.747424	21.535688
42.82	1.562077	10.178581	11.740658	21.532341
42.83	1.592917	10.140968	11.733885	21.529190
42.84	1.691149	10.036055	11.727205	21.526223
42.85	1.855372	9.865348	11.720720	21.523429
42.86	2.083181	9.631348	11.714529	21.520793
42.87	2.371206	9.337519	11.708726	21.518300
42.88	2.715161	8.988238	11.703399	21.515935
42.89	3.109905	8.588725	11.698630	21.513680
42.9	3.549519	8.144972	11.694491	21.511517
42.91	4.027398	7.663649	11.691047	21.509425
42.92	4.536347	7.152003	11.688351	21.507386
42.93	5.068690	6.617753	11.686443	21.505377
42.94	5.616386	6.068969	11.685355	21.503377
42.95	6.171153	5.513951	11.685104	21.501363
42.96	6.724592	4.961102	11.685694	21.499313
42.97	7.268314	4.418804	11.687118	21.497203
42.98	7.794071	3.895284	11.689354	21.495009
42.99	8.293878	3.398492	11.692370	21.492707
43	8.760139	2.935980	11.696119	21.490273
43.01	9.185761	2.514785	11.700546	21.487683
43.02	9.564266	2.141319	11.705585	21.484913
43.03	9.889884	1.821273	11.711157	21.481938
43.04	10.157650	1.559530	11.717180	21.478736
43.05	10.363475	1.360086	11.723561	21.475283
43.06	10.504215	1.225989	11.730204	21.471557
43.07	10.577711	1.159295	11.737007	21.467536
43.08	10.582834	1.161032	11.743866	21.463199
43.09	10.519495	1.231183	11.750677	21.458525
43.1	10.388651	1.368686	11.757337	21.453495
43.11	10.192291	1.571451	11.763742	21.448092
43.12	9.933405	1.836390	11.769795	21.442297
43.13	9.615942	2.159462	11.775404	21.436096
43.14	9.244746	2.535736	11.780482	21.429474
43.15	8.825486	2.959465	11.784951	21.422419
43.16	8.364569	3.424175	11.788744	21.414918
43.17	7.869041	3.922759	11.791800	21.406962
43.18	7.346480	4.447594	11.794075	21.398544
43.19	6.804882	4.990650	11.795532	21.389656
43.2	6.252534	5.543614	11.796149	21.380295
43.21	5.697892	6.098024	11.795916	21.370459
43.22	5.149447	6.645390	11.794837	21.360145
43.23	4.615597	7.177330	11.792928	21.349357
43.24	4.104518	7.685700	11.790218	21.338096
43.25	3.624036	8.162714	11.786750	21.326370
43.26	3.181508	8.601068	11.782576	21.314184
43.27	2.783706	8.994053	11.777760	21.301549
43.28	2.436718	9.335658	11.772376	21.288476
43.29	2.145847	9.620661	11.766508	21.274979
43.3	1.915533	9.844713	11.760246	21.261073
43.31	1.749281	10.004405	11.753686	21.246777
43.32	1.649611	10.097319	11.746929	21.232110
43.33	1.618012	10.122069	11.740081	21.217093
43.34	1.654924	10.078322	11.733246	21.201751
43.35	1.759727	9.966803	11.726530	21.186109
43.36	1.930752	9.789286	11.720038	21.170194
43.37	2.165303	9.548567	11.713870	21.154035
43.38	2.459699	9.248422	11.708121	21.137663
43.39	2.809334	8.893546	11.702881	21.121111
43.4	3.208741	8.489489	11.698231	21.104412
43.41	3.651680	8.042564	11.694244	21.087602
43.42	4.131230	7.559752	11.690981	21.070717
43.43	4.639900	7.048595	11.688495	21.053795
43.44	5.169742	6.517082	11.686824	21.036875
43.45	5.712472	5.973522	11.685994	21.019997
43.46	6.259600	5.426421	11.686020	21.003201
43.47	6.802559	4.884343	11.686902	20.986531
43.48	7.332841	4.355786	11.688626	20.970026
43.49	7.842123	3.849045	11.691168	20.953731
43.5	8.322402	3.372086	11.694488	20.937688
43.51	8.766114	2.932421	11.698535	20.921941
43.52	9.166257	2.536992	11.703249	20.906532
43.53	9.516493	2.192063	11.708556	20.891505
43.54	9.811255	1.903120	11.714375	20.876904
43.55	10.045826	1.674789	11.720615	20.862769
43.56	10.216420	1.510762	11.727182	20.849144
43.57	10.320238	1.413735	11.733973	20.836071
43.58	10.355513	1.385371	11.740884	20.823589
43.59	10.321540	1.426266	11.747806	20.811738
43.6	10.218689	1.535944	11.754633	20.800558
43.61	10.048398	1.712861	11.761259	20.790085
43.62	9.813156	1.954424	11.767580	20.780356
43.63	9.516464	2.257034	11.773498	20.771405
43.64	9.162783	2.616136	11.778920	20.763266
43.65	8.757468	3.026293	11.783761	20.755969
43.66	8.306684	3.481261	11.787944	20.749543
43.67	7.817314	3.974090	11.791404	20.744017
43.68	7.296858	4.497228	11.794086	20.739416
43.69	6.753309	5.042636	11.795945	20.735762
43.7	6.195039	5.601912	11.796951	20.733077
43.71	5.630668	6.166419	11.797087	20.731379
43.72	5.068930	6.727418	11.796348	20.730684
43.73	4.518542	7.276202	11.794744	20.731006
43.74	3.988065	7.804232	11.792297	20.732356
43.75	3.485777	8.303266	11.789043	20.734742
43.76	3.019543	8.765486	11.785029	20.738169
43.77	2.596691	9.183624	11.780316	20.742641
43.78	2.223904	9.551069	11.774973	20.748158
43.79	1.907110	9.861972	11.769083	20.754716
43.8	1.651394	10.111339	11.762733	20.762311
43.81	1.460916	10.295104	11.756020	20.770935
43.82	1.338845	10.410201	11.749046	20.780575
43.83	1.287312	10.454605	11.741917	20.791218
43.84	1.307373	10.427369	11.734741	20.802848
43.85	1.398989	10.328640	11.727629	20.815445
43.86	1.561030	10.159659	11.720689	20.828987
43.87	1.791285	9.922743	11.714028	20.843449
43.88	2.086497	9.621251	11.707748	20.858803
43.89	2.442409	9.259536	11.701945	20.875021
43.9	2.853832	8.842878	11.696709	20.892068
43.91	3.314715	8.377407	11.692122	20.909912
43.92	3.818244	7.870010	11.688254	20.928514
43.93	4.356939	7.328227	11.685166	20.947835
43.94	4.922771	6.760135	11.682906	20.967835
43.95	5.507281	6.174230	11.681511	20.988470
43.96	6.101709	5.579294	11.681003	21.009695
43.97	6.697129	4.984262	11.681391	21.031462
43.98	7.284582	4.398090	11.682672	21.053725
43.99	7.855214	3.829614	11.684828	21.076433
44	8.400411	3.287417	11.687827	21.099535
44.01	8.911928	2.779698	11.691626	21.122978
44.02	9.382018	2.314149	11.696167	21.146710
44.03	9.803550	1.897834	11.701384	21.170677
44.04	10.170116	1.537083	11.707199	21.194824
44.05	10.476130	1.237394	11.713524	21.219096
44.06	10.716914	1.003351	11.720265	21.243437
44.07	10.888770	0.838550	11.727320	21.267791
44.08	10.989036	0.745547	11.734584	21.292104
44.09	11.016129	0.725817	11.741946	21.316319
44.1	10.969566	0.779730	11.749295	21.340381
44.11	10.849976	0.906546	11.756522	21.364236
44.12	10.659090	1.104426	11.763516	21.387829
44.13	10.399714	1.370459	11.770173	21.411108
44.14	10.075689	1.700703	11.776392	21.434020
44.15	9.691828	2.090251	11.782079	21.456514
44.16	9.253852	2.533296	11.787148	21.478540
44.17	8.768294	3.023228	11.791523	21.500051
44.18	8.242409	3.552729	11.795137	21.520999
44.19	7.684054	4.113882	11.797937	21.541339
44.2	7.101581	4.698299	11.799880	21.561029
44.21	6.503698	5.297240	11.800938	21.580028
44.22	5.899347	5.901747	11.801093	21.598296
44.23	5.297561	6.502785	11.800346	21.615797
44.24	4.707334	7.091373	11.798707	21.632497
44.25	4.137478	7.658724	11.796201	21.648364
44.26	3.596493	8.196375	11.792868	21.663369
44.27	3.092438	8.696318	11.788757	21.677485
44.28	2.632811	9.151120	11.783931	21.690688
44.29	2.224429	9.554035	11.778464	21.702958
44.3	1.873334	9.899105	11.772439	21.714276
44.31	1.584696	10.181252	11.765948	21.724627
44.32	1.362735	10.396353	11.759088	21.733998
44.33	1.210662	10.541303	11.751965	21.742381
44.34	1.130627	10.614058	11.744685	21.749769
44.35	1.123692	10.613667	11.737359	21.756159
44.36	1.189810	10.540288	11.730098	21.761550
44.37	1.327832	10.395180	11.723011	21.765946
44.38	1.535523	10.180683	11.716206	21.769351
44.39	1.809601	9.900184	11.709784	21.771775
44.4	2.145781	9.558061	11.703843	21.773229
44.41	2.538851	9.159620	11.698470	21.773728
44.42	2.982742	8.711005	11.693748	21.773289
44.43	3.470633	8.219111	11.689744	21.771932
44.44	3.995046	7.691474	11.686520	21.769681
44.45	4.547966	7.136156	11.684122	21.766559
44.46	5.120963	6.561621	11.682585	21.762597
44.47	5.705323	5.976607	11.681929	21.757823
44.48	6.292175	5.389989	11.682164	21.752270
44.49	6.872634	4.810649	11.683283	21.745974
44.5	7.437935	4.247333	11.685267	21.738971
44.51	7.979561	3.708523	11.688084	21.731300
44.52	8.489380	3.202309	11.691689	21.723003
44.53	8.959765	2.736260	11.696025	21.714120
44.54	9.383709	2.317314	11.701023	21.704697
44.55	9.754934	1.951672	11.706606	21.694778
44.56	10.067982	1.644705	11.712687	21.684410
44.57	10.318302	1.400870	11.719171	21.673641
44.58	10.502311	1.223647	11.725959	21.662520
44.59	10.617456	1.115488	11.732944	21.651095
44.6	10.662244	1.077776	11.740020	21.639416
44.61	10.636266	1.110812	11.747078	21.627535
44.62	10.540201	1.213807	11.754008	21.615500
44.63	10.375805	1.384901	11.760706	21.603364
44.64	10.145880	1.621188	11.767068	21.591176
44.65	9.854230	1.918768	11.772998	21.578987
44.66	9.505600	2.272804	11.778404	21.566847
44.67	9.105604	2.677602	11.783205	21.554805
44.68	8.660634	3.126694	11.787328	21.542910
44.69	8.177765	3.612947	11.790711	21.531209
44.7	7.664637	4.128666	11.793303	21.519750
44.71	7.129346	4.665720	11.795066	21.508577
44.72	6.580312	5.215662	11.795974	21.497735
44.73	6.026152	5.769863	11.796015	21.487267
44.74	5.475545	6.319644	11.795189	21.477213
44.75	4.937101	6.856410	11.793511	21.467614
44.76	4.419224	7.371785	11.791009	21.458505
44.77	3.929989	7.857733	11.787722	21.449924
44.78	3.477012	8.306690	11.783702	21.441903
44.79	3.067337	8.711677	11.779014	21.434474
44.8	2.707327	9.066403	11.773730	21.427665
44.81	2.402567	9.365367	11.767934	21.421503
44.82	2.157777	9.603938	11.761715	21.416013
44.83	1.976745	9.778425	11.755170	21.411216
44.84	1.862264	9.886138	11.748402	21.407132
44.85	1.816094	9.925421	11.741515	21.403776
44.86	1.838936	9.895680	11.734616	21.401162
44.87	1.930420	9.797393	11.727813	21.399303
44.88	2.089112	9.632097	11.721209	21.398207
44.89	2.312540	9.402368	11.714908	21.397878
44.9	2.597232	9.111775	11.709007	21.398321
44.91	2.938767	8.764830	11.703597	21.399537
44.92	3.331849	8.366912	11.698761	21.401522
44.93	3.770387	7.924187	11.694574	21.404272
44.94	4.247589	7.443511	11.691100	21.407779
44.95	4.756069	6.932324	11.688393	21.412035
44.96	5.287958	6.398537	11.686495	21.417024
44.97	5.835030	5.850404	11.685434	21.422734
44.98	6.388824	5.296403	11.685227	21.429147
44.99	6.940777	4.745099	11.685876	21.436243
45	7.482359	4.205014	11.687373	21.443999
45.01	8.005194	3.684498	11.689693	21.452393
45.02	8.501201	3.191599	11.692801	21.461398
45.03	8.962709	2.733940	11.696648	21.470986
45.04	9.382577	2.318600	11.701177	21.481128
45.05	9.754306	1.952011	11.706318	21.491792
45.06	10.072135	1.639856	11.711990	21.502945
45.07	10.331127	1.386981	11.718109	21.514554
45.08	10.527252	1.197327	11.724579	21.526582
45.09	10.657439	1.073862	11.731302	21.538993
45.1	10.719629	1.018545	11.738174	21.551748
45.11	10.712802	1.032290	11.745092	21.564811
45.12	10.636993	1.114955	11.751948	21.578141
45.13	10.493291	1.265347	11.758638	21.591698
45.14	10.283823	1.481238	11.765061	21.605442
45.15	10.011717	1.759401	11.771118	21.619334
45.16	9.681058	2.095660	11.776717	21.633332
45.17	9.296820	2.484953	11.781773	21.647395
45.18	8.864794	2.921414	11.786209	21.661485
45.19	8.391497	3.398460	11.789957	21.675560
45.2	7.884071	3.908889	11.792961	21.689581
45.21	7.350176	4.444999	11.795175	21.703510
45.22	6.797871	4.998696	11.796566	21.717309
45.23	6.235491	5.561623	11.797114	21.730940
45.24	5.671522	6.125287	11.796809	21.744367
45.25	5.114470	6.681188	11.795658	21.757557
45.26	4.572733	7.220945	11.793678	21.770475
45.27	4.054471	7.736428	11.790899	21.783090
45.28	3.567488	8.219876	11.787364	21.795371
45.29	3.119108	8.664019	11.783127	21.807289
45.3	2.716068	9.062184	11.778252	21.818818
45.31	2.364416	9.408397	11.772813	21.829931
45.32	2.069422	9.697470	11.766892	21.840607
45.33	1.835497	9.925083	11.760580	21.850824
45.34	1.666130	10.087840	11.753971	21.860562
45.35	1.563837	10.183328	11.747165	21.869805
45.36	1.530121	10.210143	11.740264	21.878539
45.37	1.565457	10.167915	11.733372	21.886750
45.38	1.669284	10.057309	11.726593	21.894429
45.39	1.840016	9.880011	11.720026	21.901568
45.4	2.075068	9.638704	11.713771	21.908161
45.41	2.370899	9.337021	11.707921	21.914205
45.42	2.723068	8.979493	11.702561	21.919700
45.43	3.126300	8.571470	11.697770	21.924647
45.44	3.574572	8.119047	11.693619	21.929051
45.45	4.061205	7.628963	11.690168	21.932917
45.46	4.578966	7.108501	11.687467	21.936254
45.47	5.120177	6.565375	11.685552	21.939073
45.48	5.676838	6.007613	11.684451	21.941387
45.49	6.240743	5.443434	11.684177	21.943211
45.5	6.803606	4.881126	11.684731	21.944562
45.51	7.357188	4.328914	11.686102	21.945460
45.52	7.893420	3.794846	11.688266	21.945926
45.53	8.404525	3.286662	11.691187	21.945983
45.54	8.883131	2.811688	11.694819	21.945655
45.55	9.322386	2.376718	11.699104	21.944969
45.56	9.716054	1.987922	11.703976	21.943953
45.57	10.058610	1.650748	11.709358	21.942636
45.58	10.345318	1.369850	11.715168	21.941049
45.59	10.572301	1.149016	11.721318	21.939223
45.6	10.736595	0.991117	11.727712	21.937191
45.61	10.836188	0.898067	11.734255	21.934988
45.62	10.870047	0.870800	11.740847	21.932647
45.63	10.838129	0.909260	11.747389	21.930205
45.64	10.741376	1.012409	11.753785	21.927695
45.65	10.581695	1.178244	11.759938	21.925156
45.66	10.361925	1.403834	11.765759	21.922623
45.67	10.085788	1.685374	11.771162	21.920132
45.68	9.757829	2.018239	11.776068	21.917720
45.69	9.383338	2.397070	11.780407	21.915423
45.7	8.968271	2.815848	11.784119	21.913277
45.71	8.519152	3.267999	11.787151	21.911317
45.72	8.042971	3.746492	11.789463	21.909578
45.73	7.547072	4.243952	11.791025	21.908094
45.74	7.039046	4.752773	11.791819	21.906898
45.75	6.526604	5.265236	11.791840	21.906022
45.76	6.017465	5.773628	11.791093	21.905498
45.77	5.519236	6.270360	11.789596	21.905354
45.78	5.039297	6.748081	11.787378	21.905620
45.79	4.584686	7.199792	11.784478	21.906321
45.8	4.161999	7.618949	11.780947	21.907484
45.81	3.777284	7.999560	11.776844	21.909131
45.82	3.435960	8.336276	11.772237	21.911285
45.83	3.142733	8.624467	11.767200	21.913965
45.84	2.901527	8.860288	11.761816	21.917190
45.85	2.715434	9.040735	11.756169	21.920974
45.86	2.586667	9.163683	11.750350	21.925333
45.87	2.516536	9.227915	11.744450	21.930278
45.88	2.505429	9.233132	11.738561	21.935817
45.89	2.552819	9.179956	11.732775	21.941959
45.9	2.657273	9.069907	11.727180	21.948708
45.91	2.816483	8.905378	11.721862	21.956067
45.92	3.027309	8.689592	11.716901	21.964036
45.93	3.285832	8.426540	11.712372	21.972614
45.94	3.587421	8.120920	11.708342	21.981795
45.95	3.926811	7.778058	11.704869	21.991573
45.96	4.298191	7.403814	11.702004	22.001940
45.97	4.695294	7.004493	11.699787	22.012883
45.98	5.111504	6.586742	11.698246	22.024390
45.99	5.539959	6.157441	11.697401	22.036445
46	5.973663	5.723595	11.697258	22.049030
46.01	6.405594	5.292222	11.697815	22.062126
46.02	6.828814	4.870243	11.699057	22.075709
46.03	7.236584	4.464374	11.700958	22.089758
46.04	7.622461	4.081023	11.703483	22.104245
46.05	7.980404	3.726184	11.706587	22.119143
46.06	8.304863	3.405353	11.710216	22.134423
46.07	8.590866	3.123442	11.714308	22.150055
46.08	8.834093	2.884701	11.718794	22.166006
46.09	9.030939	2.692660	11.723600	22.182243
46.1	9.178571	2.550074	11.728645	22.198731
46.11	9.274962	2.458886	11.733847	22.215434
46.12	9.318925	2.420198	11.739123	22.232314
46.13	9.310121	2.434264	11.744386	22.249335
46.14	9.249065	2.500486	11.749551	22.266457
46.15	9.137108	2.617429	11.754537	22.283642
46.16	8.976412	2.782852	11.759263	22.300850
46.17	8.769914	2.993742	11.763656	22.318041
46.18	8.521271	3.246375	11.767646	22.335175
46.19	8.234802	3.536369	11.771171	22.352212
46.2	7.915410	3.858767	11.774177	22.369111
46.21	7.568506	4.208112	11.776617	22.385833
46.22	7.199917	4.578539	11.778456	22.402339
46.23	6.815792	4.963874	11.779666	22.418589
46.24	6.422503	5.357728	11.780231	22.434546
46.25	6.026538	5.753605	11.780144	22.450171
46.26	5.634404	6.145006	11.779409	22.465429
46.27	5.252515	6.525528	11.778043	22.480284
46.28	4.887094	6.888973	11.776067	22.494702
46.29	4.544075	7.229443	11.773518	22.508650
46.3	4.229008	7.541430	11.770439	22.522096
46.31	3.946970	7.819909	11.766880	22.535010
46.32	3.702489	8.060412	11.762901	22.547364
46.33	3.499472	8.259095	11.758567	22.559132
46.34	3.341144	8.412806	11.753950	22.570288
46.35	3.230002	8.519123	11.749125	22.580810
46.36	3.167774	8.576395	11.744169	22.590677
46.37	3.155397	8.583766	11.739163	22.599871
46.38	3.193005	8.541183	11.734188	22.608375
46.39	3.279926	8.449397	11.729323	22.616174
46.4	3.414700	8.309946	11.724646	22.623257
46.41	3.595102	8.125131	11.720233	22.629613
46.42	3.818181	7.897971	11.716151	22.635237
46.43	4.080309	7.632158	11.712468	22.640121
46.44	4.377243	7.331997	11.709239	22.644265
46.45	4.704190	7.002327	11.706517	22.647668
46.46	5.055891	6.648452	11.704343	22.650332
46.47	5.426701	6.276049	11.702751	22.652262
46.48	5.810684	5.891081	11.701764	22.653466
46.49	6.201704	5.499695	11.701399	22.653952
46.5	6.593528	5.108130	11.701658	22.653732
46.51	6.979923	4.722615	11.702537	22.652822
46.52	7.354753	4.349268	11.704021	22.651237
46.53	7.712080	3.994004	11.706084	22.648996
46.54	8.046255	3.662437	11.708692	22.646120
46.55	8.352009	3.359795	11.711804	22.642632
46.56	8.624533	3.090836	11.715369	22.638558
46.57	8.859554	2.859776	11.719330	22.633923
46.58	9.053400	2.670222	11.723622	22.628758
46.59	9.203060	2.525118	11.728178	22.623092
46.6	9.306224	2.426702	11.732926	22.616958
46.61	9.361321	2.376468	11.737789	22.610390
46.62	9.367541	2.375151	11.742692	22.603423
46.63	9.324846	2.422711	11.747557	22.596094
46.64	9.233963	2.518344	11.752307	22.588440
46.65	9.096379	2.660490	11.756868	22.580501
46.66	8.914306	2.846865	11.761170	22.572316
46.67	8.690648	3.074499	11.765146	22.563926
46.68	8.428952	3.339782	11.768734	22.555372
46.69	8.133351	3.638530	11.771880	22.546697
46.7	7.808491	3.966044	11.774536	22.537943
46.71	7.459464	4.317197	11.776662	22.529152
46.72	7.091718	4.686508	11.778226	22.520368
46.73	6.710974	5.068233	11.779207	22.511632
46.74	6.323134	5.456458	11.779592	22.502988
46.75	5.934184	5.845193	11.779377	22.494478
46.76	5.550103	6.228465	11.778568	22.486145
46.77	5.176767	6.600414	11.777181	22.478029
46.78	4.819854	6.955385	11.775240	22.470171
46.79	4.484760	7.288018	11.772778	22.462611
46.8	4.176508	7.593328	11.769836	22.455388
46.81	3.899678	7.866786	11.766464	22.448541
46.82	3.658330	8.104386	11.762717	22.442105
46.83	3.455946	8.302709	11.758655	22.436116
46.84	3.295373	8.458970	11.754344	22.430608
46.85	3.178787	8.571066	11.749853	22.425613
46.86	3.107658	8.637598	11.745255	22.421162
46.87	3.082727	8.657896	11.740622	22.417285
46.88	3.104005	8.632024	11.736029	22.414008
46.89	3.170770	8.560776	11.731546	22.411356
46.9	3.281587	8.445659	11.727246	22.409354
46.91	3.434330	8.288863	11.723194	22.408021
46.92	3.626223	8.093230	11.719453	22.407378
46.93	3.853885	7.862197	11.716081	22.407441
46.94	4.113387	7.599742	11.713129	22.408224
46.95	4.400322	7.310320	11.710642	22.409741
46.96	4.709871	6.998784	11.708656	22.412000
46.97	5.036889	6.670310	11.707199	22.415011
46.98	5.375982	6.330309	11.706291	22.418777
46.99	5.721603	5.984341	11.705943	22.423302
47	6.068133	5.638024	11.706158	22.428587
47.01	6.409981	5.296946	11.706927	22.434630
47.02	6.741663	4.966571	11.708234	22.441425
47.03	7.057900	4.652156	11.710056	22.448968
47.04	7.353695	4.358664	11.712359	22.457248
47.05	7.624414	4.090688	11.715103	22.466255
47.06	7.865861	3.852379	11.718240	22.475975
47.07	8.074339	3.647378	11.721717	22.486392
47.08	8.246711	3.478764	11.725475	22.497488
47.09	8.380448	3.349004	11.729452	22.509244
47.1	8.473663	3.259919	11.733582	22.521638
47.11	8.525142	3.212653	11.737796	22.534644
47.12	8.534359	3.207665	11.742024	22.548239
47.13	8.501480	3.244718	11.746199	22.562393
47.14	8.427360	3.322890	11.750251	22.577077
47.15	8.313523	3.440592	11.754115	22.592261
47.16	8.162134	3.595595	11.757729	22.607912
47.17	7.975962	3.785073	11.761035	22.623996
47.18	7.758332	4.005649	11.763981	22.640477
47.19	7.513067	4.253453	11.766520	22.657320
47.2	7.244424	4.524187	11.768612	22.674486
47.21	6.957023	4.813202	11.770225	22.691938
47.22	6.655768	5.115568	11.771335	22.709636
47.23	6.345767	5.426160	11.771927	22.727540
47.24	6.032249	5.739743	11.771992	22.745610
47.25	5.720473	6.051060	11.771533	22.763803
47.26	5.415647	6.354913	11.770560	22.782080
47.27	5.122838	6.646252	11.769090	22.800398
47.28	4.846893	6.920258	11.767151	22.818715
47.29	4.592357	7.172419	11.764776	22.836990
47.3	4.363402	7.398606	11.762008	22.855181
47.31	4.163757	7.595136	11.758892	22.873247
47.32	3.996649	7.758834	11.755483	22.891147
47.33	3.864755	7.887085	11.751839	22.908841
47.34	3.770151	7.977870	11.748020	22.926288
47.35	3.714288	8.029804	11.744092	22.943450
47.36	3.697967	8.042152	11.740119	22.960288
47.37	3.721326	8.014843	11.736169	22.976765
47.38	3.783838	7.948469	11.732307	22.992846
47.39	3.884328	7.844269	11.728597	23.008494
47.4	4.020988	7.704114	11.725102	23.023676
47.41	4.191408	7.530470	11.721878	23.038360
47.42	4.392622	7.326358	11.718980	23.052515
47.43	4.621153	7.095302	11.716455	23.066111
47.44	4.873074	6.841270	11.714344	23.079119
47.45	5.144074	6.568609	11.712683	23.091514
47.46	5.429528	6.281971	11.711499	23.103271
47.47	5.724576	5.986235	11.710811	23.114367
47.48	6.024201	5.686428	11.710629	23.124780
47.49	6.323317	5.387640	11.710957	23.134492
47.5	6.616847	5.094942	11.711788	23.143484
47.51	6.899811	4.813298	11.713110	23.151742
47.52	7.167410	4.547489	11.714898	23.159252
47.53	7.415097	4.302027	11.717125	23.166001
47.54	7.638664	4.081087	11.719751	23.171981
47.55	7.834299	3.888435	11.722734	23.177184
47.56	7.998660	3.727364	11.726024	23.181602
47.57	8.128921	3.600646	11.729567	23.185234
47.58	8.222825	3.510478	11.733303	23.188076
47.59	8.278717	3.458453	11.737170	23.190129
47.6	8.295575	3.445529	11.741105	23.191395
47.61	8.273024	3.472017	11.745041	23.191877
47.62	8.211344	3.537571	11.748914	23.191580
47.63	8.111464	3.641196	11.752659	23.190513
47.64	7.974949	3.781266	11.756215	23.188683
47.65	7.803973	3.955547	11.759520	23.186102
47.66	7.601287	4.161235	11.762521	23.182782
47.67	7.370167	4.395001	11.765168	23.178737
47.68	7.114368	4.653047	11.767416	23.173982
47.69	6.838060	4.931166	11.769226	23.168534
47.7	6.545758	5.224811	11.770569	23.162411
47.71	6.242249	5.529172	11.771421	23.155632
47.72	5.932518	5.839249	11.771767	23.148218
47.73	5.621661	6.149940	11.771601	23.140191
47.74	5.314803	6.456121	11.770924	23.131573
47.75	5.017016	6.752729	11.769745	23.122388
47.76	4.733236	7.034848	11.768084	23.112660
47.77	4.468178	7.297788	11.765966	23.102414
47.78	4.226265	7.537159	11.763424	23.091677
47.79	4.011550	7.748950	11.760500	23.080475
47.8	3.827652	7.929587	11.757239	23.068835
47.81	3.677697	8.075998	11.753696	23.056784
47.82	3.564265	8.185660	11.749925	23.044350
47.83	3.489346	8.256642	11.745989	23.031561
47.84	3.454312	8.287638	11.741950	23.018445
47.85	3.459886	8.277988	11.737874	23.005030
47.86	3.506139	8.227689	11.733828	22.991344
47.87	3.592478	8.137398	11.729876	22.977414
47.88	3.717664	8.008419	11.726083	22.963269
47.89	3.879824	7.842686	11.722510	22.948937
47.9	4.076486	7.642730	11.719216	22.934443
47.91	4.304615	7.411639	11.716254	22.919814
47.92	4.560663	7.153010	11.713673	22.905077
47.93	4.840627	6.870888	11.711515	22.890258
47.94	5.140110	6.569705	11.709814	22.875380
47.95	5.454396	6.254205	11.708601	22.860468
47.96	5.778523	5.929370	11.707893	22.845546
47.97	6.107365	5.600339	11.707704	22.830636
47.98	6.435714	5.272324	11.708037	22.815760
47.99	6.758364	4.950524	11.708888	22.800938
48	7.070197	4.640046	11.710242	22.786191
48.01	7.366262	4.345817	11.712079	22.771537
48.02	7.641860	4.072510	11.714370	22.756994
48.03	7.892618	3.824459	11.717077	22.742579
48.04	8.114560	3.605598	11.720158	22.728309
48.05	8.304170	3.419394	11.723563	22.714197
48.06	8.458452	3.268786	11.727238	22.700257
48.07	8.574978	3.156144	11.731123	22.686502
48.08	8.651928	3.083228	11.735156	22.672943
48.09	8.688116	3.051155	11.739271	22.659591
48.1	8.683016	3.060388	11.743404	22.646455
48.11	8.636764	3.110723	11.747486	22.633543
48.12	8.550162	3.201292	11.751453	22.620862
48.13	8.424660	3.330580	11.755240	22.608418
48.14	8.262338	3.496448	11.758786	22.596217
48.15	8.065867	3.696167	11.762035	22.584262
48.16	7.838471	3.926462	11.764933	22.572556
48.17	7.583870	4.183564	11.767434	22.561102
48.18	7.306222	4.463275	11.769498	22.549901
48.19	7.010059	4.761032	11.771091	22.538953
48.2	6.700205	5.071984	11.772189	22.528258
48.21	6.381706	5.391066	11.772773	22.517814
48.22	6.059745	5.713090	11.772835	22.507619
48.23	5.739553	6.032820	11.772374	22.497672
48.24	5.426334	6.345064	11.771397	22.487968
48.25	5.125169	6.644753	11.769922	22.478503
48.26	4.840942	6.927031	11.767973	22.469274
48.27	4.578254	7.187328	11.765582	22.460275
48.28	4.341353	7.421435	11.762788	22.451501
48.29	4.134060	7.625577	11.759637	22.442946
48.3	3.959709	7.796472	11.756181	22.434603
48.31	3.821094	7.931385	11.752478	22.426468
48.32	3.720416	8.028172	11.748588	22.418533
48.33	3.659256	8.085319	11.744575	22.410791
48.34	3.638542	8.101962	11.740505	22.403237
48.35	3.658537	8.077907	11.736445	22.395861
48.36	3.718833	8.013630	11.732462	22.388659
48.37	3.818355	7.910268	11.728623	22.381623
48.38	3.955383	7.769607	11.724989	22.374747
48.39	4.127576	7.594046	11.721622	22.368023
48.4	4.332014	7.386564	11.718578	22.361446
48.41	4.565238	7.150668	11.715905	22.355009
48.42	4.823315	6.890336	11.713650	22.348707
48.43	5.101896	6.609954	11.711850	22.342533
48.44	5.396293	6.314242	11.710534	22.336483
48.45	5.701548	6.008177	11.709725	22.330552
48.46	6.012523	5.696914	11.709437	22.324735
48.47	6.323979	5.385696	11.709675	22.319028
48.48	6.630664	5.079772	11.710436	22.313427
48.49	6.927401	4.784306	11.711707	22.307930
48.5	7.209171	4.504297	11.713468	22.302534
48.51	7.471200	4.244490	11.715690	22.297236
48.52	7.709036	4.009301	11.718337	22.292035
48.53	7.918625	3.802741	11.721365	22.286930
48.54	8.096377	3.628348	11.724725	22.281920
48.55	8.239229	3.489130	11.728360	22.277005
48.56	8.344698	3.387512	11.732210	22.272185
48.57	8.410921	3.325290	11.736211	22.267462
48.58	8.436690	3.303607	11.740297	22.262837
48.59	8.421472	3.322927	11.744399	22.258311
48.6	8.365424	3.383024	11.748447	22.253887
48.61	8.269389	3.482986	11.752374	22.249568
48.62	8.134887	3.621226	11.756113	22.245357
48.63	7.964092	3.795508	11.759601	22.241258
48.64	7.759799	4.002977	11.762776	22.237275
48.65	7.525378	4.240207	11.765585	22.233411
48.66	7.264724	4.503254	11.767979	22.229672
48.67	6.982194	4.787720	11.769914	22.226063
48.68	6.682535	5.088821	11.771356	22.222588
48.69	6.370810	5.401468	11.772278	22.219253
48.7	6.052315	5.720345	11.772661	22.216064
48.71	5.732493	6.040002	11.772495	22.213027
48.72	5.416842	6.354936	11.771779	22.210146
48.73	5.110831	6.659691	11.770522	22.207427
48.74	4.819802	6.948938	11.768740	22.204878
48.75	4.548888	7.217572	11.766460	22.202502
48.76	4.302921	7.460795	11.763716	22.200306
48.77	4.086357	7.674194	11.760550	22.198295
48.78	3.903194	7.853818	11.757012	22.196475
48.79	3.756909	7.996247	11.753157	22.194849
48.8	3.650396	8.098650	11.749046	22.193424
48.81	3.585910	8.158836	11.744746	22.192204
48.82	3.565033	8.175292	11.740325	22.191191
48.83	3.588641	8.147216	11.735857	22.190391
48.84	3.656881	8.074532	11.731413	22.189806
48.85	3.769170	7.957898	11.727068	22.189438
48.86	3.924194	7.798698	11.722893	22.189291
48.87	4.119928	7.599029	11.718958	22.189365
48.88	4.353662	7.361668	11.715330	22.189662
48.89	4.622038	7.090033	11.712071	22.190181
48.9	4.921106	6.788132	11.709238	22.190923
48.91	5.246376	6.460504	11.706880	22.191886
48.92	5.592894	6.112147	11.705040	22.193069
48.93	5.955312	5.748442	11.703753	22.194469
48.94	6.327976	5.375070	11.703045	22.196083
48.95	6.705013	4.997920	11.702933	22.197908
48.96	7.080426	4.622997	11.703423	22.199937
48.97	7.448186	4.256329	11.704515	22.202166
48.98	7.802330	3.903865	11.706195	22.204588
48.99	8.137060	3.571383	11.708443	22.207196
49	8.446833	3.264394	11.711228	22.209983
49.01	8.726455	2.988055	11.714510	22.212939
49.02	8.971162	2.747080	11.718241	22.216055
49.03	9.176705	2.545663	11.722367	22.219320
49.04	9.339418	2.387408	11.726826	22.222725
49.05	9.456283	2.275266	11.731549	22.226255
49.06	9.524978	2.211486	11.736464	22.229901
49.07	9.543926	2.197570	11.741496	22.233647
49.08	9.512320	2.234245	11.746565	22.237480
49.09	9.430143	2.321450	11.751593	22.241385
49.1	9.298174	2.458325	11.756500	22.245348
49.11	9.117984	2.643223	11.761207	22.249353
49.12	8.891912	2.873728	11.765640	22.253383
49.13	8.623035	3.146691	11.769726	22.257421
49.14	8.315128	3.458271	11.773399	22.261451
49.15	7.972606	3.803993	11.776599	22.265454
49.16	7.600457	4.178813	11.779270	22.269413
49.17	7.204175	4.577193	11.781368	22.273309
49.18	6.789669	4.993188	11.782856	22.277124
49.19	6.363175	5.420531	11.783706	22.280839
49.2	5.931166	5.852735	11.783900	22.284436
49.21	5.500242	6.283188	11.783430	22.287894
49.22	5.077039	6.705261	11.782300	22.291195
49.23	4.668115	7.112406	11.780521	22.294321
49.24	4.279853	7.498264	11.778117	22.297251
49.25	3.918360	7.856762	11.775122	22.299967
49.26	3.589366	8.182211	11.771577	22.302451
49.27	3.298137	8.469397	11.767534	22.304684
49.28	3.049389	8.713664	11.763053	22.306649
49.29	2.847208	8.910992	11.758200	22.308326
49.3	2.694987	9.058060	11.753047	22.309700
49.31	2.595368	9.152305	11.747673	22.310754
49.32	2.550195	9.191964	11.742159	22.311470
49.33	2.560485	9.176105	11.736590	22.311834
49.34	2.626402	9.104648	11.731050	22.311831
49.35	2.747256	8.978370	11.725627	22.311446
49.36	2.921506	8.798896	11.720402	22.310666
49.37	3.146780	8.568679	11.715459	22.309478
49.38	3.419909	8.290966	11.710875	22.307871
49.39	3.736971	7.969751	11.706722	22.305832
49.4	4.093348	7.609718	11.703066	22.303353
49.41	4.483798	7.216167	11.699965	22.300425
49.42	4.902528	6.794943	11.697470	22.297038
49.43	5.343285	6.352337	11.695622	22.293187
49.44	5.799452	5.895000	11.694452	22.288864
49.45	6.264146	5.429835	11.693981	22.284066
49.46	6.730324	4.963894	11.694218	22.278789
49.47	7.190895	4.504268	11.695163	22.273030
49.48	7.638825	4.057979	11.696804	22.266787
49.49	8.067252	3.631866	11.699118	22.260060
49.5	8.469586	3.232486	11.702072	22.252851
49.51	8.839619	2.866003	11.705623	22.245160
49.52	9.171621	2.538096	11.709717	22.236992
49.53	9.460426	2.253867	11.714293	22.228351
49.54	9.701522	2.017761	11.719283	22.219242
49.55	9.891117	1.833492	11.724610	22.209672
49.56	10.026206	1.703987	11.730193	22.199650
49.57	10.104613	1.631334	11.735946	22.189183
49.58	10.125036	1.616746	11.741782	22.178283
49.59	10.087065	1.660545	11.747610	22.166960
49.6	9.991193	1.762146	11.753339	22.155227
49.61	9.838811	1.920069	11.758881	22.143096
49.62	9.632191	2.131958	11.764149	22.130584
49.63	9.374448	2.394612	11.769061	22.117704
49.64	9.069504	2.704035	11.773539	22.104473
49.65	8.722021	3.055493	11.777513	22.090909
49.66	8.337332	3.443588	11.780921	22.077028
49.67	7.921366	3.862340	11.783706	22.062851
49.68	7.480551	4.305274	11.785826	22.048395
49.69	7.021718	4.765526	11.787244	22.033682
49.7	6.551995	5.235942	11.787937	22.018733
49.71	6.078700	5.709193	11.787893	22.003568
49.72	5.609221	6.177888	11.787110	21.988210
49.73	5.150909	6.634689	11.785598	21.972681
49.74	4.710956	7.072424	11.783380	21.957004
49.75	4.296287	7.484203	11.780489	21.941202
49.76	3.913446	7.863521	11.776967	21.925298
49.77	3.568500	8.204370	11.772869	21.909316
49.78	3.266935	8.501322	11.768257	21.893280
49.79	3.013573	8.749629	11.763202	21.877214
49.8	2.812494	8.945289	11.757782	21.861141
49.81	2.666966	9.085116	11.752082	21.845086
49.82	2.579395	9.166793	11.746189	21.829072
49.83	2.551286	9.188910	11.740196	21.813123
49.84	2.583210	9.150988	11.734197	21.797261
49.85	2.674796	9.053491	11.728287	21.781511
49.86	2.824733	8.897825	11.722558	21.765895
49.87	3.030789	8.686313	11.717102	21.750434
49.88	3.289837	8.422168	11.712005	21.735152
49.89	3.597905	8.109444	11.707349	21.720068
49.9	3.950236	7.752973	11.703210	21.705205
49.91	4.341355	7.358299	11.699653	21.690581
49.92	4.765153	6.931585	11.696738	21.676217
49.93	5.214986	6.479529	11.694514	21.662130
49.94	5.683766	6.009252	11.693018	21.648339
49.95	6.164080	5.528197	11.692277	21.634861
49.96	6.648299	5.044006	11.692306	21.621711
49.97	7.128699	4.564409	11.693108	21.608906
49.98	7.597577	4.097097	11.694674	21.596458
49.99	8.047378	3.649606	11.696984	21.584383
50	8.470807	3.229197	11.700005	21.572691
