#time	ekin		epot		etot		chain_length
0	11.740600	0.000000	11.740600	22.000000
0.1	8.338421	3.408133	11.746554	22.306748
0.2	2.547033	9.197754	11.744787	22.555804
0.3	1.797390	9.940395	11.737785	22.705976
0.4	6.748296	4.986538	11.734834	22.743829
0.5	10.613277	1.126343	11.739620	22.686221
0.6	8.338183	3.407301	11.745484	22.573507
0.7	3.240573	8.503974	11.744546	22.455908
0.8	2.323031	9.415226	11.738257	22.377654
0.9	6.771901	4.963337	11.735238	22.364124
1	10.469578	1.269977	11.739555	22.415997
1.1	8.355927	3.389404	11.745331	22.511898
1.2	3.225006	8.519803	11.744810	22.618131
1.3	1.867529	9.871253	11.738782	22.701726
1.4	5.945374	5.789968	11.735341	22.742097
1.5	9.922516	1.816396	11.738912	22.737335
1.6	8.626769	3.117718	11.744487	22.703221
1.7	4.064581	7.680049	11.744630	22.665728
1.8	2.428231	9.311237	11.739467	22.650060
1.9	5.659968	6.076220	11.736188	22.670415
2	9.075873	2.663223	11.739096	22.724227
2.1	7.993407	3.750535	11.743942	22.792926
2.2	4.077495	7.666517	11.744012	22.848802
2.3	2.839024	8.900306	11.739331	22.865368
2.4	5.993833	5.742571	11.736404	22.827388
2.5	9.227691	2.511482	11.739172	22.736932
2.6	8.220588	3.523159	11.743747	22.613287
2.7	4.476969	7.266980	11.743949	22.486794
2.8	3.070730	8.669009	11.739739	22.388827
2.9	5.681203	6.055776	11.736979	22.341430
3	8.554248	3.184966	11.739214	22.350183
3.1	7.912390	3.830618	11.743008	22.402641
3.2	5.064882	6.678173	11.743055	22.472685
3.3	4.234470	7.505131	11.739601	22.529100
3.4	6.472000	5.265807	11.737807	22.545310
3.5	8.326929	3.413315	11.740243	22.506946
3.6	6.975947	4.767334	11.743281	22.414885
3.7	4.347997	7.394407	11.742404	22.283076
3.8	4.344990	7.393766	11.738756	22.132376
3.9	7.173339	4.564213	11.737552	21.982891
4	8.939206	2.801404	11.740610	21.847719
4.1	7.155264	4.588405	11.743669	21.730245
4.2	4.326910	7.415494	11.742404	21.625677
4.3	4.428572	7.310067	11.738639	21.525876
4.4	7.201846	4.535996	11.737842	21.425297
4.5	8.448847	3.292440	11.741286	21.325517
4.6	6.073823	5.670212	11.744034	21.236428
4.7	3.318837	8.423014	11.741851	21.173506
4.8	4.354760	7.382695	11.737455	21.152093
4.9	8.206868	3.530184	11.737052	21.180820
5	9.698233	2.043400	11.741633	21.256641
5.1	6.496604	5.248596	11.745199	21.363491
5.2	2.601318	9.141468	11.742786	21.475270
5.3	3.152479	8.584969	11.737448	21.562427
5.4	7.413308	4.323046	11.736354	21.600114
5.5	9.620453	2.120568	11.741021	21.575377
5.6	6.789509	4.955567	11.745076	21.491134
5.7	2.864755	8.878137	11.742892	21.365699
5.8	3.366034	8.371376	11.737410	21.228043
5.9	7.718749	4.017517	11.736266	21.110220
6	9.872488	1.868780	11.741268	21.039213
6.1	6.596520	5.149142	11.745663	21.030460
6.2	2.148321	9.594907	11.743229	21.084737
6.3	2.689658	9.047297	11.736955	21.188973
6.4	7.824965	3.910311	11.735276	21.320465
6.5	10.855708	0.884959	11.740667	21.453083
6.6	7.692834	4.053228	11.746061	21.563682
6.7	2.478161	9.266053	11.744215	21.637122
6.8	2.161880	9.575648	11.737528	21.668842
6.9	7.176260	4.558692	11.734952	21.664702
7	10.791757	0.948213	11.739969	21.638497
7.1	8.146735	3.599093	11.745828	21.608025
7.2	2.834021	8.910565	11.744585	21.590767
7.3	2.104772	9.633077	11.737849	21.600150
7.4	7.077555	4.657133	11.734688	21.643109
7.5	11.149060	0.590385	11.739446	21.719305
7.6	8.813561	2.932287	11.745848	21.822011
7.7	3.072865	8.672501	11.745366	21.940359
7.8	1.478757	10.259859	11.738616	22.062372
7.9	6.105012	5.629503	11.734515	22.178051
8	10.853873	0.884504	11.738377	22.281741
8.1	9.607289	2.137662	11.744951	22.373092
8.2	4.240853	7.504742	11.745595	22.456297
8.3	1.885004	9.854770	11.739774	22.537718
8.4	5.342214	6.393281	11.735495	22.622540
8.5	9.580798	2.157567	11.738364	22.711522
8.6	8.778684	2.965514	11.744198	22.799017
8.7	4.173587	7.571374	11.744961	22.873204
8.8	2.174830	9.564865	11.739695	22.918826
8.9	5.553830	6.181805	11.735635	22.921911
9	9.754345	1.983915	11.738260	22.875132
9.1	9.156130	2.587840	11.743970	22.782048
9.2	4.612631	7.132518	11.745149	22.658544
9.3	2.119883	9.620570	11.740453	22.530545
9.4	4.689422	7.046928	11.736350	22.428191
9.5	8.540044	3.198112	11.738156	22.377904
9.6	8.513517	3.229493	11.743010	22.394619
9.7	5.034474	6.709678	11.744152	22.476665
9.8	3.181700	8.558557	11.740257	22.605125
9.9	5.501287	6.235682	11.736969	22.748187
10	8.614733	3.124139	11.738872	22.869451
10.1	8.104241	3.638972	11.743213	22.937781
10.2	4.672440	7.071482	11.743922	22.935743
10.3	3.065596	8.674471	11.740067	22.863994
10.4	5.461021	6.275967	11.736988	22.740259
10.5	8.572640	3.166148	11.738787	22.593272
10.6	8.322383	3.420394	11.742776	22.453693
10.7	5.392569	6.350885	11.743455	22.344997
10.8	3.998712	7.741484	11.740196	22.277282
10.9	5.870762	5.867093	11.737855	22.245902
11	8.011387	3.728310	11.739697	22.235113
11.1	7.225193	4.517633	11.742827	22.225153
11.2	4.777194	6.965318	11.742512	22.200037
11.3	4.488501	7.250620	11.739121	22.153128
11.4	7.059142	4.678509	11.737650	22.088503
11.5	8.867852	2.872638	11.740490	22.017744
11.6	7.120976	4.622800	11.743776	21.953591
11.7	4.039893	7.702846	11.742739	21.903121
11.8	3.936184	7.802421	11.738605	21.863351
11.9	7.096217	4.640911	11.737128	21.821277
12	9.160664	2.579873	11.740537	21.758614
12.1	7.140864	4.603316	11.744180	21.659651
12.2	3.746433	7.996436	11.742869	21.519246
12.3	3.763237	7.975030	11.738267	21.347733
12.4	7.298488	4.438346	11.736833	21.170462
12.5	9.381503	2.359338	11.740841	21.021590
12.6	6.794829	4.950079	11.744908	20.933858
12.7	2.791283	8.951933	11.743216	20.927738
12.8	2.907250	8.830457	11.737707	21.003765
12.9	7.318380	4.417406	11.735786	21.140962
13	10.284284	1.455991	11.740275	21.302248
13.1	7.775253	3.970066	11.745319	21.445299
13.2	3.037036	8.707097	11.744134	21.535347
13.3	2.347818	9.390461	11.738279	21.555627
13.4	6.528170	5.207522	11.735692	21.511894
13.5	9.768807	1.971110	11.739917	21.429435
13.6	7.543084	4.202064	11.745148	21.343581
13.7	2.897132	8.846927	11.744060	21.287066
13.8	2.401773	9.336144	11.737917	21.278658
13.9	7.100015	4.635071	11.735085	21.317127
14	10.818216	0.921477	11.739693	21.382678
14.1	8.390326	3.355469	11.745795	21.445359
14.2	2.788454	8.956725	11.745178	21.477363
14.3	1.371454	10.367016	11.738470	21.464744
14.4	6.088406	5.646082	11.734488	21.414133
14.5	10.788162	0.950340	11.738503	21.351827
14.6	9.366635	2.378509	11.745144	21.315283
14.7	3.887655	7.857916	11.745571	21.339859
14.8	1.770367	9.968948	11.739315	21.445396
14.9	5.814877	5.919996	11.734873	21.627500
15	10.477799	1.260446	11.738245	21.856816
15.1	9.386833	2.358035	11.744868	22.086906
15.2	3.949685	7.796100	11.745786	22.268364
15.3	1.471986	10.267720	11.739706	22.364550
15.4	5.348544	6.386178	11.734722	22.363710
15.5	10.519870	1.217579	11.737449	22.283351
15.6	10.232538	1.511695	11.744234	22.165301
15.7	4.968589	6.777561	11.746150	22.062972
15.8	1.646992	10.093906	11.740898	22.024955
15.9	4.367447	7.368187	11.735634	22.080209
16	9.175281	2.561922	11.737203	22.229592
16.1	9.638189	2.104940	11.743128	22.446258
16.2	5.444070	6.301239	11.745309	22.684550
16.3	2.481217	9.259840	11.741057	22.894223
16.4	4.649427	7.087016	11.736443	23.035257
16.5	8.705527	3.032233	11.737760	23.088516
16.6	8.952643	2.790364	11.743007	23.059134
16.7	5.080756	6.664135	11.744891	22.972078
16.8	2.441065	9.299822	11.740887	22.861967
16.9	4.623872	7.112661	11.736533	22.761013
17	8.634881	3.102810	11.737691	22.689299
17.1	9.118223	2.624407	11.742630	22.650503
17.2	5.615334	6.129299	11.744633	22.634019
17.3	2.949178	8.792065	11.741243	22.622122
17.4	4.497228	7.240127	11.737355	22.599052
17.5	7.761839	3.976381	11.738220	22.558432
17.6	8.135773	3.606511	11.742285	22.506232
17.7	5.341775	6.401900	11.743675	22.458309
17.8	3.591385	8.149127	11.740512	22.433636
17.9	5.500084	6.237305	11.737389	22.445939
18	8.430484	3.308271	11.738755	22.497010
18.1	8.293378	3.449300	11.742678	22.574276
18.2	5.306857	6.436825	11.743682	22.653629
18.3	3.611373	8.129103	11.740476	22.706550
18.4	5.415310	6.322343	11.737653	22.709041
18.5	8.000951	3.738141	11.739093	22.649241
18.6	7.736153	4.006357	11.742510	22.531124
18.7	5.269569	6.473288	11.742856	22.373079
18.8	4.478027	7.261626	11.739654	22.201997
18.9	6.717402	5.020311	11.737713	22.044971
19	8.704922	3.035232	11.740154	21.921489
19.1	7.223006	4.520677	11.743683	21.838637
19.2	3.989386	7.753707	11.743092	21.790715
19.3	3.545138	8.193660	11.738799	21.763019
19.4	6.843129	4.893512	11.736642	21.738165
19.5	9.581910	2.157920	11.739830	21.702530
19.6	7.963707	3.780503	11.744210	21.650548
19.7	4.063992	7.679763	11.743755	21.585512
19.8	3.176501	8.562472	11.738974	21.516906
19.9	6.522310	5.214141	11.736451	21.455551
20	9.401488	2.338334	11.739822	21.408599
20.1	7.605078	4.139461	11.744539	21.376326
20.2	3.394616	8.349322	11.743938	21.351955
20.3	2.619861	9.118673	11.738534	21.324518
20.4	6.644841	5.090802	11.735643	21.283652
20.5	10.174135	1.565332	11.739467	21.224501
20.6	8.277570	3.467524	11.745093	21.150885
20.7	3.233535	8.511363	11.744897	21.075481
20.8	1.709802	10.029129	11.738931	21.016861
20.9	5.821968	5.913129	11.735097	20.994231
21	10.146854	1.591725	11.738579	21.021540
21.1	8.925693	2.819048	11.744741	21.102750
21.2	3.844868	7.900409	11.745277	21.229735
21.3	1.802833	9.936630	11.739463	21.383407
21.4	5.563172	6.172050	11.735222	21.537766
21.5	9.950332	1.788067	11.738400	21.665743
21.6	8.858686	2.886043	11.744728	21.745324
21.7	3.647260	8.098245	11.745505	21.764449
21.8	1.454546	10.284889	11.739435	21.723613
21.9	5.552042	6.182532	11.734574	21.635688
22	10.748286	0.989284	11.737570	21.523172
22.1	10.187896	1.556736	11.744632	21.413557
22.2	4.522860	7.223609	11.746469	21.333838
22.3	1.126198	10.614481	11.740679	21.305258
22.4	4.337862	7.397086	11.734948	21.339287
22.5	9.773892	1.962883	11.736775	21.435592
22.6	10.265640	1.477884	11.743523	21.582389
22.7	5.400966	6.345131	11.746097	21.759137
22.8	1.906040	9.835132	11.741172	21.941077
22.9	4.505159	7.230365	11.735524	22.104689
23	9.627964	2.108820	11.736784	22.232833
23.1	10.326553	1.416658	11.743211	22.318343
23.2	5.628544	6.117634	11.746178	22.365074
23.3	1.747503	9.994305	11.741808	22.386053
23.4	3.705702	8.030311	11.736013	22.399126
23.5	8.748133	2.988260	11.736393	22.421304
23.6	10.240431	1.501711	11.742141	22.463447
23.7	6.527418	5.218049	11.745467	22.526966
23.8	2.818498	8.923721	11.742219	22.603656
23.9	3.904932	7.832263	11.737195	22.678814
24	7.834239	3.903015	11.737254	22.736698
24.1	8.953530	2.788466	11.741995	22.766518
24.2	5.786393	5.958255	11.744649	22.766834
24.3	2.875830	8.865739	11.741568	22.746693
24.4	4.328424	7.408692	11.737115	22.722859
24.5	8.159237	3.578210	11.737447	22.713884
24.6	9.138184	2.603860	11.742044	22.732938
24.7	5.995912	5.748689	11.744601	22.781952
24.8	3.029796	8.711982	11.741778	22.849315
24.9	4.106900	7.630711	11.737612	22.912291
25	7.493378	4.244355	11.737734	22.943713
25.1	8.506753	3.234902	11.741655	22.920958
25.2	6.033318	5.710436	11.743754	22.834254
25.3	3.816795	7.924470	11.741265	22.691424
25.4	4.983243	6.754725	11.737968	22.517189
25.5	7.685945	4.052673	11.738618	22.346947
25.6	7.922294	3.819887	11.742181	22.216790
25.7	5.342953	6.400478	11.743430	22.152881
25.8	3.743116	7.997365	11.740481	22.163615
25.9	5.588011	6.149499	11.737510	22.237143
26	8.420872	3.317929	11.738800	22.345080
26.1	8.306025	3.436572	11.742597	22.451173
26.2	5.430579	6.312975	11.743554	22.522026
26.3	3.868655	7.871687	11.740342	22.536356
26.4	5.781072	5.956525	11.737596	22.489794
26.5	8.299159	3.440160	11.739320	22.393867
26.6	7.630602	4.112457	11.743059	22.269873
26.7	4.626490	7.116778	11.743269	22.140120
26.8	3.764664	7.974648	11.739312	22.019888
26.9	6.731108	5.005597	11.736705	21.913084
27	9.658293	2.081194	11.739487	21.813066
27.1	8.262932	3.481304	11.744236	21.708103
27.2	3.989048	7.755375	11.744423	21.589106
27.3	2.427862	9.311599	11.739461	21.456341
27.4	5.780832	5.955055	11.735886	21.322179
27.5	9.640134	2.098482	11.738616	21.208447
27.6	8.793877	2.950190	11.744067	21.139044
27.7	4.359075	7.385746	11.744820	21.130446
27.8	2.399261	9.340494	11.739755	21.183729
27.9	5.663343	6.072442	11.735785	21.281421
28	9.675465	2.063046	11.738511	21.390880
28.1	8.728721	3.015685	11.744405	21.473557
28.2	3.793464	7.951920	11.745384	21.497284
28.3	1.458004	10.281822	11.739826	21.447404
28.4	5.071359	6.663677	11.735036	21.332771
28.5	10.031385	1.706135	11.737521	21.184198
28.6	9.794337	1.949765	11.744102	21.045538
28.7	4.666331	7.079698	11.746028	20.960108
28.8	1.473148	10.267588	11.740736	20.956908
28.9	4.417486	7.317882	11.735367	21.041278
29	9.417870	2.319298	11.737168	21.193187
29.1	9.634505	2.109160	11.743665	21.373837
29.2	4.765401	6.980570	11.745971	21.538352
29.3	1.507856	10.232983	11.740839	21.650295
29.4	4.480790	7.254363	11.735153	21.693054
29.5	9.864636	1.872051	11.736688	21.674260
29.6	10.437263	1.306287	11.743550	21.621815
29.7	5.303625	6.442985	11.746610	21.573034
29.8	1.208050	10.533670	11.741720	21.560802
29.9	3.595765	8.139538	11.735302	21.601683
30	9.374245	2.361554	11.735799	21.690203
30.1	11.041059	0.701398	11.742456	21.801325
30.2	6.605110	5.141342	11.746451	21.900219
30.3	2.059686	9.683014	11.742700	21.955833
30.4	3.272209	8.464250	11.736459	21.953379
30.5	8.287074	3.448977	11.736051	21.901220
30.6	10.234212	1.507521	11.741733	21.829544
30.7	6.654737	5.090900	11.745637	21.781115
30.8	2.618432	9.124124	11.742556	21.797133
30.9	3.664888	8.071949	11.736838	21.902968
31	8.329852	3.406415	11.736267	22.098645
31.1	10.285322	1.456205	11.741528	22.357328
31.2	6.937099	4.808396	11.745495	22.632402
31.3	2.767637	8.975365	11.743002	22.870862
31.4	3.136617	8.601017	11.737634	23.028667
31.5	7.179972	4.556598	11.736570	23.083129
31.6	9.318387	2.422471	11.740858	23.038517
31.7	6.948658	4.795709	11.744368	22.923344
31.8	3.698423	8.044023	11.742447	22.780573
31.9	4.095754	7.642371	11.738124	22.654200
32	7.318257	4.419312	11.737569	22.576652
32.1	8.597899	3.143547	11.741447	22.560896
32.2	6.030733	5.713454	11.744187	22.599349
32.3	3.193603	8.548304	11.741907	22.669279
32.4	4.065416	7.672359	11.737776	22.742281
32.5	7.489858	4.247621	11.737478	22.794231
32.6	8.859233	2.882075	11.741308	22.812323
32.7	6.509439	5.234480	11.743919	22.797096
32.8	3.863191	7.878682	11.741873	22.759355
32.9	4.494334	7.243972	11.738306	22.713708
33	7.192988	4.545309	11.738297	22.671548
33.1	7.912037	3.829627	11.741664	22.636284
33.2	5.655611	6.087759	11.743370	22.602538
33.3	3.868917	7.871922	11.740839	22.559407
33.4	5.392993	6.344704	11.737697	22.496271
33.5	8.253830	3.484754	11.738584	22.408690
33.6	8.385852	3.356568	11.742420	22.301935
33.7	5.482745	6.261049	11.743794	22.190666
33.8	3.592471	8.148176	11.740646	22.094734
33.9	5.442996	6.294354	11.737351	22.032589
34	8.476985	3.261652	11.738637	22.014645
34.1	8.357715	3.385080	11.742795	22.039005
34.2	5.165054	6.578842	11.743896	22.091104
34.3	3.466576	8.273598	11.740175	22.147442
34.4	5.900275	5.836514	11.736789	22.182183
34.5	9.206114	2.532638	11.738752	22.174426
34.6	8.551698	3.191980	11.743678	22.113840
34.7	4.416799	7.327915	11.744714	22.002935
34.8	2.340751	9.399266	11.740017	21.855483
34.9	5.450432	6.285273	11.735705	21.691850
35	9.890037	1.847739	11.737776	21.532970
35.1	9.723624	2.020142	11.743765	21.394963
35.2	4.968027	6.777722	11.745750	21.286034
35.3	1.791764	9.949230	11.740994	21.206329
35.4	4.324210	7.411611	11.735822	21.150398
35.5	9.047572	2.689622	11.737194	21.111042
35.6	9.499192	2.244039	11.743231	21.082992
35.7	5.058771	6.686884	11.745655	21.065104
35.8	1.865574	9.875464	11.741039	21.060386
35.9	4.464850	7.270766	11.735615	21.074055
36	9.473188	2.263724	11.736912	21.110494
36.1	10.010334	1.733088	11.743422	21.170304
36.2	5.062616	6.683810	11.746426	21.248572
36.3	1.068948	10.672766	11.741714	21.334978
36.4	3.391209	8.344203	11.735411	21.415762
36.5	9.067955	2.667923	11.735878	21.476956
36.6	10.682373	1.060112	11.742486	21.507965
36.7	6.241634	5.504786	11.746420	21.504527
36.8	1.801737	9.940766	11.742503	21.470269
36.9	3.296607	8.439516	11.736124	21.416490
37	8.577170	3.158762	11.735932	21.360196
37.1	10.379928	1.362230	11.742158	21.320785
37.2	6.190582	5.555739	11.746321	21.316013
37.3	1.674453	10.068245	11.742698	21.358025
37.4	3.049738	8.686325	11.736062	21.450237
37.5	8.693156	3.042122	11.735277	21.585781
37.6	11.267000	0.474420	11.741419	21.748032
37.7	7.474139	4.272249	11.746388	21.913353
37.8	2.360220	9.383540	11.743759	22.055779
37.9	2.519736	9.217490	11.737226	22.152795
38	7.431030	4.304420	11.735450	22.190966
38.1	10.431548	1.308936	11.740484	22.169953
38.2	7.739525	4.005806	11.745331	22.103667
38.3	3.290109	8.453481	11.743589	22.017871
38.4	3.131396	8.606537	11.737932	21.944495
38.5	7.258049	4.478096	11.736145	21.913892
38.6	9.888935	1.851550	11.740485	21.947014
38.7	7.479180	4.265693	11.744873	22.049735
38.8	3.408919	8.334476	11.743395	22.211060
38.9	3.173913	8.564337	11.738250	22.405958
39	6.919178	4.817294	11.736472	22.602130
39.1	9.472273	2.267995	11.740268	22.768799
39.2	7.516898	4.227380	11.744278	22.884885
39.3	3.923551	7.819612	11.743163	22.944027
39.4	3.526892	8.211912	11.738804	22.954885
39.5	6.487470	5.249876	11.737346	22.936675
39.6	8.387442	3.353128	11.740570	22.911491
39.7	6.602338	5.141320	11.743658	22.896065
39.8	3.882213	7.859972	11.742185	22.895860
39.9	4.272722	7.465601	11.738323	22.903599
40	7.313779	4.423862	11.737640	22.902783
40.1	8.706166	3.035013	11.741179	22.874965
40.2	6.408883	5.335126	11.744009	22.808134
40.3	3.526255	8.215937	11.742191	22.703082
40.4	3.960219	7.778062	11.738281	22.575225
40.5	6.998172	4.739500	11.737672	22.450941
40.6	8.423640	3.317381	11.741021	22.359422
40.7	6.486043	5.257406	11.743449	22.322751
40.8	4.252650	7.488906	11.741556	22.347651
40.9	5.072452	6.665798	11.738250	22.421948
41	7.693660	4.044849	11.738509	22.517209
41.1	8.072045	3.670070	11.742116	22.596951
41.2	5.337213	6.406594	11.743806	22.627791
41.3	3.314764	8.426041	11.740805	22.589876
41.4	5.190992	6.546073	11.737065	22.483054
41.5	8.763958	2.973978	11.737936	22.326690
41.6	9.210270	2.532256	11.742525	22.153197
41.7	5.796429	5.948177	11.744605	21.997497
41.8	3.133500	8.607692	11.741192	21.886038
41.9	4.917002	6.819914	11.736916	21.829090
42	8.683830	3.053976	11.737806	21.818867
42.1	9.054492	2.688324	11.742817	21.833883
42.2	5.250921	6.494062	11.744983	21.847761
42.3	2.456267	9.284724	11.740991	21.839126
42.4	4.801238	6.934825	11.736063	21.798916
42.5	9.442989	2.294091	11.737080	21.732456
42.6	10.102762	1.640283	11.743046	21.655691
42.7	5.587061	6.159003	11.746065	21.587196
42.8	1.691922	10.049993	11.741915	21.539228
42.9	3.587978	8.147991	11.735968	21.511482
43	8.797213	2.938953	11.736166	21.490230
43.1	10.374773	1.367524	11.742298	21.453463
43.2	6.206375	5.539777	11.746151	21.380292
43.3	1.899214	9.843318	11.742532	21.261106
43.4	3.243939	8.492401	11.736340	21.104476
43.5	8.360683	3.375317	11.736001	20.937766
43.6	10.207022	1.535006	11.742028	20.800625
43.7	6.148296	5.597937	11.746233	20.733109
43.8	1.633148	10.109632	11.742780	20.762295
43.9	2.890429	8.845756	11.736185	20.892004
44	8.444323	3.291010	11.735333	21.099439
44.1	10.962357	0.779140	11.741497	21.340282
44.2	7.052317	4.694213	11.746530	21.560956
44.3	1.846845	9.896907	11.743752	21.714250
44.4	2.176286	9.560609	11.736895	21.773257
44.5	7.483956	4.251117	11.735073	21.739043
44.6	10.662907	1.077661	11.740568	21.639509
44.7	7.621079	4.124796	11.745875	21.519833
44.8	2.679915	9.063970	11.743884	21.427713
44.9	2.623422	9.113990	11.737412	21.398321
45	7.526483	4.208798	11.735281	21.443954
45.1	10.721661	1.018722	11.740383	21.551676
45.2	7.840681	3.905162	11.745843	21.689509
45.3	2.684852	9.059486	11.744338	21.818772
45.4	2.097351	9.640535	11.737886	21.908156
45.5	6.850096	4.884917	11.735013	21.944600
45.6	10.747552	0.991783	11.739335	21.937255
45.7	8.932360	2.812603	11.744962	21.913343
45.8	4.128426	7.616188	11.744614	21.907527
45.9	2.668071	9.071159	11.739230	21.948712
46	6.009394	5.726868	11.736262	22.048991
46.1	9.188636	2.550786	11.739422	22.198662
46.2	7.887936	3.856029	11.743965	22.369035
46.3	4.204480	7.539085	11.743565	22.522039
46.4	3.427833	8.311147	11.738981	22.623239
46.5	6.625645	5.111059	11.736704	22.653761
46.6	9.312626	2.427223	11.739849	22.617024
46.7	7.780553	3.963447	11.744000	22.538025
46.8	4.152313	7.591192	11.743506	22.455461
46.9	3.292436	8.446806	11.739242	22.409394
47	6.096484	5.640669	11.737153	22.428582
47.1	8.479623	3.260289	11.739912	22.521590
47.2	7.221595	4.521810	11.743405	22.674411
47.3	4.345864	7.396860	11.742724	22.855101
47.4	4.033641	7.705391	11.739031	23.023614
47.5	6.640421	5.097298	11.737719	23.143455
47.6	8.295164	3.445499	11.740663	23.191403
47.7	6.521249	5.222348	11.743597	23.162450
47.8	3.814113	7.928132	11.742245	23.068889
47.9	4.094124	7.644319	11.738444	22.934494
48	7.095173	4.642394	11.737567	22.786227
48.1	8.680793	3.060101	11.740894	22.646470
48.2	6.674376	5.069382	11.743758	22.528255
48.3	3.946958	7.795181	11.742138	22.434591
48.4	4.350008	7.388373	11.738381	22.361434
48.5	7.231328	4.506563	11.737891	22.302530
48.6	8.359024	3.382373	11.741397	22.253893
48.7	6.026265	5.717537	11.743802	22.216076
48.8	3.643783	8.097639	11.741422	22.193433
48.9	4.946967	6.790481	11.737449	22.190921
49	8.470801	3.266870	11.737672	22.209965
49.1	9.284929	2.457277	11.742206	22.245316
49.2	5.895611	5.849314	11.744925	22.284397
49.3	2.684944	9.056873	11.741818	22.309666
49.4	4.124331	7.612497	11.736828	22.303335
49.5	8.501262	3.235495	11.736757	22.252855
49.6	9.980744	1.761150	11.741894	22.155254
49.7	6.513222	5.232109	11.745330	22.018777
49.8	2.798504	8.943786	11.742290	21.861190
49.9	3.980916	7.755924	11.736840	21.705246
50	8.503950	3.232600	11.736551	21.572714
50.1	10.034183	1.707897	11.742080	21.478826
50.2	6.118926	5.627048	11.745975	21.428763
50.3	1.812338	9.930340	11.742677	21.417103
50.4	3.048902	8.687392	11.736294	21.430170
50.5	8.514783	3.220567	11.735350	21.450382
50.6	11.123258	0.618062	11.741320	21.461156
50.7	7.380556	4.365876	11.746431	21.450963
50.8	2.126057	9.617899	11.743956	21.415518
50.9	2.155196	9.582042	11.737238	21.357790
51	7.186312	4.548933	11.735245	21.286180
51.1	10.310804	1.429723	11.740526	21.211678
51.2	7.338276	4.407535	11.745811	21.144930
51.3	2.429902	9.313972	11.743874	21.094003
51.4	2.404800	9.332538	11.737338	21.063271
51.5	7.428875	4.306259	11.735134	21.053449
51.6	10.719719	1.020660	11.740380	21.062530
51.7	7.712885	4.033198	11.746082	21.087188
51.8	2.305416	9.439115	11.744531	21.124232
51.9	1.701165	10.036540	11.737705	21.171728
52	6.764285	4.970373	11.734659	21.229556
52.1	10.852898	0.886497	11.739395	21.299242
52.2	8.680215	3.065346	11.745561	21.383045
52.3	3.291213	8.453808	11.745020	21.482449
52.4	1.869358	9.869331	11.738689	21.596382
52.5	6.133626	5.601499	11.735125	21.719686
52.6	10.219364	1.519597	11.738961	21.842464
52.7	8.701688	3.043151	11.744839	21.950850
52.8	3.818130	7.926693	11.744823	22.029431
52.9	2.267677	9.471395	11.739073	22.065063
53	6.131138	5.604278	11.735416	22.051226
53.1	10.201340	1.537350	11.738690	21.991631
53.2	9.109359	2.635024	11.744383	21.901713
53.3	4.446582	7.298356	11.744938	21.807014
53.4	2.400670	9.339213	11.739883	21.738293
53.5	5.411008	6.325129	11.736137	21.724241
53.6	9.186103	2.552372	11.738475	21.783639
53.7	8.784556	2.958776	11.743332	21.919255
53.8	5.180405	6.563665	11.744070	22.115580
53.9	3.509397	8.230676	11.740073	22.341510
54	5.832865	5.904331	11.737196	22.557671
54.1	8.527864	3.211530	11.739395	22.726548
54.2	7.627408	4.115950	11.743357	22.822571
54.3	4.400743	7.342651	11.743394	22.839088
54.4	3.439133	8.300321	11.739453	22.789986
54.5	6.144143	5.592922	11.737065	22.705313
54.6	8.804850	2.934669	11.739519	22.622106
54.7	7.829353	3.913991	11.743344	22.573255
54.8	4.685402	7.057895	11.743296	22.577871
54.9	3.691993	8.047687	11.739680	22.636218
55	5.932664	5.805068	11.737732	22.730771
55.1	7.903031	3.837077	11.740108	22.832930
55.2	6.673513	5.069670	11.743183	22.913041
55.3	4.120513	7.621831	11.742344	22.950256
55.4	4.184145	7.554534	11.738679	22.938858
55.5	7.087737	4.649761	11.737499	22.888944
55.6	8.835167	2.905556	11.740723	22.821366
55.7	6.833579	4.910393	11.743973	22.758901
55.8	3.704521	8.038119	11.742640	22.716951
55.9	3.753535	7.984932	11.738467	22.697271
56	6.928730	4.808519	11.737249	22.687124
56.1	8.809278	2.931428	11.740706	22.664261
56.2	6.794751	4.949198	11.743948	22.605974
56.3	3.838546	7.903753	11.742299	22.498905
56.4	4.329789	7.408218	11.738008	22.345920
56.5	7.772090	3.965181	11.737271	22.167320
56.6	9.254918	2.486534	11.741452	21.995674
56.7	6.348186	5.396645	11.744831	21.865823
56.8	2.838171	8.904228	11.742399	21.803457
56.9	3.761974	7.975125	11.737099	21.816211
57	8.304037	3.432140	11.736177	21.890487
57.1	10.503209	1.238037	11.741246	21.995210
57.2	7.227441	4.518261	11.745701	22.091331
57.3	2.654289	9.089169	11.743458	22.143861
57.4	2.867214	8.870142	11.737356	22.132331
57.5	7.621582	4.114001	11.735582	22.056133
57.6	10.508160	1.232466	11.740627	21.933043
57.7	7.550716	4.195012	11.745728	21.791636
57.8	2.688726	9.055175	11.743901	21.660509
57.9	2.560153	9.177335	11.737489	21.558282
58	7.469756	4.265421	11.735177	21.488030
58.1	10.806010	0.934259	11.740269	21.438090
58.2	7.891378	3.854676	11.746054	21.388772
58.3	2.402820	9.341893	11.744713	21.322265
58.4	1.588297	10.149593	11.737890	21.231803
58.5	6.577618	5.156986	11.734605	21.126376
58.6	10.811447	0.927758	11.739205	21.028927
58.7	8.767581	2.977951	11.745532	20.968424
58.8	3.292385	8.452809	11.745194	20.968595
58.9	1.700057	10.038754	11.738811	21.037499
59	5.930621	5.804466	11.735087	21.162033
59.1	10.037786	1.701226	11.739011	21.309800
59.2	8.336580	3.408565	11.745146	21.438226
59.3	3.140676	8.604372	11.745048	21.508115
59.4	1.623898	10.114836	11.738734	21.497127
59.5	6.077428	5.657249	11.734677	21.408453
59.6	10.742388	0.996002	11.738389	21.271468
59.7	9.484100	2.260908	11.745008	21.133763
59.8	3.965129	7.780704	11.745833	21.046922
59.9	1.381148	10.358772	11.739920	21.050559
60	4.906036	6.829144	11.735180	21.159811
60.1	9.668703	2.069001	11.737704	21.360398
60.2	9.455941	2.287848	11.743789	21.612863
60.3	4.936939	6.808274	11.745213	21.864575
60.4	2.446388	9.293938	11.740326	22.065563
60.5	5.287833	6.448146	11.735980	22.183009
60.6	9.434548	2.303487	11.738034	22.209829
60.7	9.216340	2.527188	11.743529	22.164797
60.8	5.009610	6.735359	11.744968	22.084574
60.9	2.540209	9.200334	11.740543	22.010630
61	5.037108	6.699236	11.736343	21.975658
61.1	9.027940	2.709960	11.737900	21.994006
61.2	9.257984	2.484850	11.742834	22.059116
61.3	5.736100	6.008349	11.744449	22.148376
61.4	3.368459	8.372461	11.740920	22.233287
61.5	5.075585	6.661840	11.737425	22.291043
61.6	8.040884	3.697801	11.738685	22.313342
61.7	7.993272	3.749281	11.742553	22.309377
61.8	5.212281	6.531103	11.743385	22.302138
61.9	3.876925	7.863173	11.740098	22.319510
62	5.956695	5.780846	11.737541	22.383507
62.1	8.416811	3.322648	11.739459	22.501463
62.2	7.613234	4.129924	11.743157	22.662297
62.3	4.535351	7.208011	11.743363	22.839057
62.4	3.440178	8.299551	11.739729	22.996823
62.5	5.838062	5.899274	11.737336	23.103208
62.6	8.360985	3.378520	11.739505	23.137957
62.7	7.524730	4.218384	11.743114	23.098559
62.8	4.632497	7.110550	11.743047	23.000257
62.9	3.869493	7.869975	11.739468	22.870761
63	6.295163	5.442428	11.737592	22.741661
63.1	8.297649	3.442570	11.740219	22.639462
63.2	6.784519	4.959102	11.743621	22.579037
63.3	3.760898	7.981857	11.742754	22.561265
63.4	3.655930	8.082614	11.738543	22.575076
63.5	6.993471	4.743368	11.736839	22.602665
63.6	9.380776	2.359467	11.740243	22.625768
63.7	7.502576	4.241655	11.744232	22.630803
63.8	3.861191	7.882078	11.743269	22.611393
63.9	3.467850	8.270754	11.738604	22.567937
64	6.866383	4.870359	11.736741	22.504994
64.1	9.237342	2.503068	11.740411	22.427961
64.2	7.083140	4.661398	11.744538	22.340560
64.3	3.311555	8.431571	11.743126	22.244128
64.4	3.420815	8.316958	11.737773	22.138780
64.5	7.763120	3.972729	11.735849	22.025710
64.6	10.642853	1.097560	11.740413	21.909382
64.7	7.904262	3.841375	11.745637	21.798423
64.8	2.836331	8.908075	11.744405	21.704587
64.9	2.086384	9.651685	11.738069	21.639911
65	6.764821	4.970138	11.734958	21.612989
65.1	10.759745	0.979539	11.739283	21.625614
65.2	8.796454	2.948879	11.745333	21.671033
65.3	3.531662	8.213358	11.745020	21.734507
65.4	2.036862	9.701920	11.738782	21.796134
65.5	6.274386	5.460691	11.735077	21.835203
65.6	10.408020	1.330963	11.738983	21.834870
65.7	8.679147	3.066112	11.745258	21.785931
65.8	3.268127	8.477220	11.745347	21.688765
65.9	1.455994	10.282976	11.738971	21.553094
66	5.811716	5.922908	11.734624	21.395775
66.1	10.629554	1.108638	11.738191	21.237304
66.2	9.497916	2.247078	11.744994	21.097884
66.3	3.874909	7.871108	11.746017	20.993889
66.4	1.146119	10.593846	11.739965	20.935328
66.5	4.776894	6.958049	11.734944	20.924635
66.6	9.778817	1.958732	11.737549	20.956873
66.7	9.501672	2.242423	11.744095	21.021196
66.8	4.524143	7.221581	11.745723	21.103307
66.9	1.709237	10.031130	11.740366	21.188469
67	4.847256	6.888149	11.735404	21.264526
67.1	9.592265	2.145310	11.737575	21.324330
67.2	9.445396	2.298494	11.743890	21.366957
67.3	4.576379	7.169390	11.745768	21.397350
67.4	1.564351	10.176304	11.740654	21.424328
67.5	4.516934	7.218451	11.735385	21.457442
67.6	9.599594	2.137335	11.736929	21.503531
67.7	10.234151	1.508967	11.743119	21.564104
67.8	5.816744	5.929016	11.745761	21.634526
67.9	2.285736	9.455910	11.741645	21.705472
68	4.058300	7.678258	11.736558	21.766392
68.1	8.349908	3.387296	11.737204	21.809895
68.2	9.298045	2.444239	11.742285	21.835518
68.3	5.937377	5.807294	11.744672	21.851309
68.4	3.191255	8.550017	11.741272	21.872288
68.5	4.894253	6.842745	11.736998	21.915866
68.6	8.624607	3.113138	11.737746	21.995466
68.7	9.250719	2.491632	11.742351	22.114457
68.8	6.003532	5.740941	11.744473	22.262667
68.9	3.327039	8.414377	11.741416	22.417150
69	4.632847	7.104751	11.737597	22.547549
69.1	7.782109	3.956062	11.738171	22.624816
69.2	8.362835	3.379127	11.741962	22.630750
69.3	5.873693	5.869767	11.743460	22.565207
69.4	4.140435	7.600280	11.740716	22.448355
69.5	5.653796	6.084133	11.737930	22.316747
69.6	8.027990	3.711267	11.739257	22.213952
69.7	7.556059	4.186749	11.742808	22.178359
69.8	4.668160	7.075209	11.743369	22.231828
69.9	3.429290	8.310639	11.739929	22.372809
70	5.744728	5.992515	11.737243	22.576240
70.1	8.527217	3.211931	11.739148	22.800416
70.2	7.942400	3.800667	11.743067	22.998781
70.3	4.805488	6.938064	11.743552	23.132964
70.4	3.475293	8.264664	11.739957	23.182975
70.5	5.725716	6.011678	11.737394	23.151393
70.6	8.234106	3.505413	11.739519	23.060411
70.7	7.311776	4.431505	11.743280	22.942973
70.8	4.239905	7.503265	11.743169	22.831191
70.9	3.562758	8.176364	11.739121	22.746069
71	6.575300	5.161545	11.736845	22.691992
71.1	9.216500	2.523339	11.739839	22.657653
71.2	7.613940	4.130260	11.744200	22.622767
71.3	3.695919	8.047866	11.743785	22.567839
71.4	2.836612	8.902233	11.738845	22.483186
71.5	6.462553	5.273471	11.736024	22.373761
71.6	9.832049	1.907289	11.739338	22.257914
71.7	8.362217	3.382213	11.744430	22.160525
71.8	4.004556	7.739759	11.744315	22.103093
71.9	2.754689	8.984331	11.739020	22.094551
72	6.434634	5.301166	11.735800	22.126391
72.1	10.000586	1.738688	11.739274	22.174169
72.2	8.340010	3.404859	11.744870	22.205091
72.3	3.450715	8.294091	11.744806	22.189169
72.4	2.020510	9.718281	11.738791	22.109981
72.5	6.368823	5.365950	11.734773	21.971147
72.6	11.004053	0.734310	11.738363	21.796058
72.7	9.750448	1.994624	11.745071	21.620754
72.8	4.065698	7.680379	11.746077	21.482326
72.9	1.278371	10.461638	11.740010	21.406817
73	4.907652	6.827243	11.734895	21.400825
73.1	9.986921	1.750550	11.737471	21.449751
73.2	9.722185	2.021986	11.744171	21.523249
73.3	4.585344	7.160589	11.745932	21.585934
73.4	1.616761	10.123648	11.740409	21.609485
73.5	4.880320	6.854802	11.735122	21.581854
73.6	9.951508	1.785784	11.737291	21.510339
73.7	9.883204	1.860863	11.744067	21.417535
73.8	4.600824	7.145525	11.746349	21.331770
73.9	1.052479	10.688556	11.741035	21.275688
74	3.915798	7.819380	11.735179	21.257273
74.1	9.370589	2.365916	11.736505	21.266771
74.2	10.259701	1.483405	11.743106	21.280755
74.3	5.619427	6.126713	11.746140	21.271924
74.4	1.792531	9.949207	11.741737	21.221056
74.5	3.794067	7.941969	11.736036	21.126594
74.6	8.671326	3.065397	11.736722	21.008102
74.7	9.700439	2.042243	11.742682	20.901927
74.8	5.546373	6.199331	11.745704	20.850176
74.9	1.966547	9.775142	11.741689	20.886603
75	3.914718	7.821389	11.736108	21.024195
75.1	8.856047	2.880436	11.736483	21.248854
75.2	10.257375	1.484882	11.742257	21.521606
75.3	6.364412	5.381299	11.745711	21.788915
75.4	2.408140	9.334272	11.742412	21.997940
75.5	3.487283	8.249683	11.736966	22.111898
75.6	7.900898	3.835659	11.736557	22.120617
75.7	9.753054	1.988290	11.741344	22.042934
75.8	6.940413	4.804249	11.744662	21.920285
75.9	3.635853	8.106431	11.742283	21.803680
76	4.272390	7.465508	11.737898	21.738348
76.1	7.585136	4.152491	11.737627	21.750931
76.2	8.741683	2.999876	11.741559	21.843139
76.3	6.213628	5.530335	11.743962	21.993464
76.4	3.737998	8.003490	11.741488	22.165930
76.5	4.886611	6.851120	11.737731	22.322572
76.6	8.056278	3.681721	11.737998	22.435360
76.7	8.829721	2.912133	11.741854	22.493750
76.8	6.194922	5.548969	11.743891	22.505728
76.9	3.841295	7.900114	11.741409	22.492602
77	4.863372	6.874728	11.738101	22.479828
77.1	7.474422	4.264234	11.738656	22.487380
77.2	7.738600	4.003489	11.742089	22.523062
77.3	5.299630	6.443626	11.743256	22.580870
77.4	3.874435	7.865893	11.740327	22.644612
77.5	5.804778	5.932739	11.737517	22.695110
77.6	8.499278	3.239802	11.739079	22.718144
77.7	7.985634	3.757448	11.743082	22.710197
77.8	4.649002	7.094919	11.743922	22.680001
77.9	2.940743	8.799480	11.740223	22.645486
78	5.241607	6.495374	11.736982	22.627366
78.1	8.432819	3.305877	11.738696	22.641727
78.2	8.139202	3.603798	11.743001	22.694193
78.3	4.853155	6.890688	11.743843	22.777619
78.4	3.312232	8.427747	11.739979	22.873901
78.5	5.829016	5.907858	11.736874	22.959147
78.6	8.882687	2.856425	11.739112	23.010355
78.7	7.950586	3.793186	11.743772	23.011441
78.8	4.013108	7.731131	11.744239	22.956827
78.9	2.515507	9.223965	11.739471	22.851812
79	5.882830	5.852985	11.735814	22.710019
79.1	9.871873	1.866589	11.738462	22.549129
79.2	9.108132	2.635970	11.744102	22.386452
79.3	4.490048	7.255082	11.745129	22.235680
79.4	2.211988	9.528018	11.740006	22.105497
79.5	5.422786	6.312823	11.735609	21.999970
79.6	9.803668	1.934345	11.738013	21.919995
79.7	9.310953	2.433126	11.744080	21.864849
79.8	4.476221	7.269287	11.745508	21.833107
79.9	1.887927	9.852202	11.740129	21.822591
80	5.294080	6.441023	11.735103	21.829621
80.1	10.314695	1.422690	11.737385	21.848163
80.2	10.140670	1.603510	11.744180	21.869551
80.3	4.746158	7.000292	11.746450	21.883231
80.4	1.149183	10.591823	11.741006	21.878504
80.5	4.150078	7.584861	11.734939	21.846871
80.6	9.874924	1.861341	11.736265	21.784253
80.7	10.846891	0.896336	11.743226	21.692409
80.8	5.877973	5.868658	11.746630	21.579076
80.9	1.568704	10.173408	11.742112	21.456752
81	3.449643	8.286236	11.735879	21.340427
81.1	8.679940	3.056328	11.736268	21.244776
81.2	10.044261	1.698297	11.742558	21.181429
81.3	5.742393	6.003692	11.746084	21.156815
81.4	1.740863	10.001168	11.742031	21.170912
81.5	3.602529	8.133382	11.735911	21.217055
81.6	8.917995	2.818054	11.736049	21.282825
81.7	10.551331	1.190997	11.742328	21.351959
81.8	6.249836	5.496547	11.746383	21.407098
81.9	1.644398	10.098472	11.742870	21.433096
82	2.689132	9.047418	11.736550	21.420362
82.1	7.798196	3.937562	11.735758	21.367571
82.2	10.164645	1.576621	11.741266	21.282947
82.3	6.923319	4.822182	11.745501	21.183527
82.4	2.764628	8.978283	11.742911	21.092166
82.5	3.360938	8.376353	11.737291	21.032685
82.6	7.728607	4.007754	11.736361	21.024206
82.7	9.793103	1.948154	11.741257	21.076151
82.8	6.755473	4.989731	11.745204	21.185446
82.9	2.794433	8.948442	11.742874	21.336966
83	3.268284	8.469226	11.737510	21.507370
83.1	7.508659	4.227642	11.736301	21.671407
83.2	9.917547	1.823100	11.740646	21.808855
83.3	7.579548	4.165006	11.744555	21.909927
83.4	3.934410	7.808586	11.742996	21.977317
83.5	3.803321	7.935208	11.738529	22.024094
83.6	6.904148	4.833223	11.737371	22.068040
83.7	8.659683	3.081085	11.740769	22.124310
83.8	6.763190	4.980443	11.743634	22.198999
83.9	4.202416	7.539526	11.741942	22.286036
84	4.765091	6.973205	11.738296	22.368758
84.1	7.624093	4.113912	11.738005	22.425887
84.2	8.628507	3.112976	11.741482	22.440013
84.3	6.289662	5.454089	11.743751	22.405592
84.4	3.889940	7.851648	11.741589	22.333424
84.5	4.778612	6.959487	11.738098	22.249610
84.6	7.608651	4.129597	11.738248	22.188817
84.7	8.291847	3.449933	11.741780	22.183712
84.8	5.859027	5.884563	11.743591	22.253913
84.9	3.846122	7.894930	11.741052	22.398226
85	5.193589	6.544247	11.737836	22.593067
85.1	7.933900	3.804803	11.738702	22.797991
85.2	7.924579	3.818006	11.742585	22.966936
85.3	4.868021	6.875879	11.743900	23.061762
85.4	3.001034	8.739425	11.740459	23.063779
85.5	5.214596	6.522246	11.736842	22.979498
85.6	8.769083	2.969114	11.738197	22.838641
85.7	8.832505	2.910425	11.742931	22.684972
85.8	5.173837	6.570800	11.744637	22.562896
85.9	2.671953	9.068953	11.740906	22.504150
86	4.687399	7.049419	11.736817	22.518862
86.1	8.368894	3.369143	11.738037	22.593753
86.2	8.539288	3.203592	11.742880	22.697819
86.3	4.947587	6.796905	11.744492	22.793323
86.4	2.771443	8.968940	11.740383	22.848184
86.5	5.425009	6.311149	11.736158	22.845517
86.6	9.544367	2.193571	11.737937	22.787234
86.7	9.349090	2.394608	11.743698	22.690801
86.8	4.685981	7.059668	11.745650	22.580739
86.9	1.635086	10.105728	11.740814	22.478302
87	4.457450	7.277963	11.735412	22.393312
87.1	9.656440	2.080275	11.736715	22.321211
87.2	10.429423	1.313720	11.743143	22.246369
87.3	5.772633	5.973525	11.746157	22.150231
87.4	1.942275	9.799420	11.741695	22.021053
87.5	4.097956	7.637806	11.735761	21.861278
87.6	9.298202	2.438230	11.736432	21.689484
87.7	10.397417	1.345487	11.742904	21.535795
87.8	5.725022	6.021417	11.746440	21.432170
87.9	1.480091	10.262024	11.742115	21.400950
88	3.472722	8.262848	11.735570	21.445843
88.1	9.246429	2.489124	11.735554	21.548816
88.2	11.233394	0.508796	11.742190	21.674304
88.3	6.802583	4.944165	11.746748	21.779579
88.4	1.756975	9.986304	11.743279	21.827885
88.5	2.601418	9.135083	11.736501	21.799874
88.6	7.954492	3.780915	11.735407	21.699410
88.7	10.556331	1.184914	11.741246	21.551735
88.8	7.044083	4.701942	11.746025	21.394619
88.9	2.319328	9.424051	11.743379	21.265596
89	2.772994	8.964065	11.737058	21.189728
89.1	7.660468	4.075214	11.735682	21.172119
89.2	10.242039	1.499008	11.741047	21.197709
89.3	6.982197	4.763618	11.745815	21.238259
89.4	2.291216	9.452317	11.743533	21.263874
89.5	2.498025	9.239280	11.737305	21.254815
89.6	7.330994	4.404483	11.735477	21.209272
89.7	10.380423	1.359962	11.740385	21.144241
89.8	7.739683	4.005696	11.745380	21.089178
89.9	3.089056	8.654874	11.743930	21.074710
90	2.551412	9.186862	11.738274	21.120514
90.1	6.514386	5.221700	11.736086	21.226835
90.2	9.426772	2.313253	11.740025	21.372848
90.3	7.512020	4.232402	11.744422	21.522663
90.4	3.734756	8.008526	11.743282	21.637084
90.5	3.464340	8.274049	11.738388	21.687133
90.6	7.068613	4.667963	11.736576	21.664670
90.7	9.577421	2.162847	11.740268	21.586376
90.8	7.606142	4.138198	11.744340	21.489569
90.9	3.886508	7.856826	11.743334	21.421091
91	3.362762	8.376068	11.738830	21.422819
91.1	6.485930	5.251049	11.736980	21.518481
91.2	8.898541	2.841438	11.739979	21.705993
91.3	7.603184	4.140176	11.743360	21.957717
91.4	4.871555	6.870965	11.742521	22.228413
91.5	4.679149	7.059922	11.739071	22.468230
91.6	7.013804	4.724401	11.738204	22.636575
91.7	8.129104	3.612035	11.741139	22.712588
91.8	6.158350	5.585102	11.743452	22.699256
91.9	3.909002	7.832566	11.741568	22.620364
92	4.809572	6.928453	11.738025	22.511786
92.1	7.844340	3.893590	11.737931	22.410276
92.2	8.817965	2.923650	11.741614	22.343440
92.3	6.276872	5.467122	11.743994	22.323822
92.4	3.676746	8.064958	11.741704	22.348449
92.5	4.584610	7.153340	11.737950	22.403219
92.6	7.607586	4.130494	11.738080	22.470020
92.7	8.297492	3.444485	11.741977	22.533796
92.8	5.491806	6.252260	11.744066	22.587122
92.9	3.129425	8.611730	11.741154	22.631029
93	4.770080	6.967072	11.737151	22.672283
93.1	8.393482	3.344310	11.737792	22.718602
93.2	8.954535	2.787966	11.742501	22.773889
93.3	5.415224	6.329644	11.744869	22.835369
93.4	2.459082	9.282351	11.741433	22.893642
93.5	4.205611	7.531090	11.736701	22.935507
93.6	8.427061	3.310113	11.737174	22.948398
93.7	9.407085	2.335259	11.742344	22.924746
93.8	5.768253	5.976909	11.745162	22.864711
93.9	2.509875	9.231778	11.741653	22.776405
94	4.219804	7.516755	11.736559	22.673636
94.1	8.645234	3.091764	11.736998	22.572047
94.2	9.612562	2.130024	11.742586	22.484981
94.3	5.550309	6.195369	11.745678	22.420330
94.4	1.926027	9.815719	11.741746	22.379209
94.5	3.955241	7.780595	11.735836	22.356562
94.6	9.317501	2.418511	11.736012	22.343241
94.7	10.962446	0.779923	11.742369	22.328694
94.8	6.529825	5.216772	11.746597	22.303429
94.9	1.714375	10.028631	11.743006	22.260660
95	2.819202	8.917069	11.736271	22.196979
95.1	8.341500	3.393813	11.735313	22.112248
95.2	10.936509	0.804850	11.741359	22.009066
95.3	7.231175	4.515087	11.746262	21.892172
95.4	2.328866	9.414573	11.743439	21.767945
95.5	2.913237	8.823501	11.736738	21.643954
95.6	8.212556	3.522712	11.735269	21.528428
95.7	11.010097	0.731012	11.741109	21.429483
95.8	7.368645	4.377821	11.746466	21.354134
95.9	1.983993	9.760129	11.744123	21.307238
96	1.954309	9.782815	11.737124	21.290649
96.1	7.326757	4.407939	11.734696	21.302815
96.2	11.072508	0.667430	11.739937	21.338936
96.3	8.438460	3.307354	11.745814	21.391587
96.4	3.111883	8.632796	11.744680	21.451599
96.5	2.084881	9.653509	11.738390	21.508944
96.6	6.322221	5.413300	11.735521	21.553525
96.7	9.759901	1.979818	11.739719	21.575932
96.8	7.712306	4.032692	11.744997	21.568337
96.9	3.144626	8.599465	11.744091	21.525749
97	2.440984	9.297327	11.738311	21.447569
97.1	6.644001	5.091584	11.735586	21.339138
97.2	10.099745	1.639862	11.739607	21.212623
97.3	8.181646	3.563278	11.744924	21.086523
97.4	3.490995	8.253455	11.744450	20.983289
97.5	2.232630	9.506352	11.738982	20.925102
97.6	5.881715	5.854183	11.735898	20.928581
97.7	9.428009	2.311090	11.739098	20.999795
97.8	8.303429	3.440551	11.743979	21.131244
97.9	4.391944	7.352037	11.743981	21.302135
98	3.134417	8.605028	11.739445	21.482455
98.1	6.037106	5.699673	11.736779	21.640143
98.2	8.886107	2.853378	11.739484	21.749540
98.3	7.794908	3.948649	11.743557	21.798641
98.4	4.496299	7.247019	11.743318	21.792775
98.5	3.698331	8.040939	11.739270	21.753293
98.6	6.473498	5.263647	11.737146	21.711354
98.7	8.926517	2.813279	11.739795	21.698521
98.8	7.760879	3.982500	11.743380	21.737043
98.9	4.783908	6.959049	11.742957	21.832955
99	4.154351	7.585033	11.739384	21.974320
99.1	6.486637	5.251227	11.737864	22.135327
99.2	8.182743	3.557692	11.740435	22.284966
99.3	6.765268	4.977893	11.743161	22.397411
99.4	4.461064	7.280865	11.741929	22.460573
99.5	4.892134	6.846346	11.738480	22.479822
99.6	7.666982	4.070985	11.737967	22.475485
99.7	8.745606	2.995855	11.741460	22.474910
99.8	6.225542	5.518616	11.744158	22.501838
99.9	3.314596	8.427475	11.742071	22.566842
100	4.038110	7.699733	11.737843	22.662400
100.1	7.535704	4.201587	11.737292	22.764555
100.2	9.057423	2.683858	11.741282	22.840875
100.3	6.507885	5.236439	11.744324	22.862134
100.4	3.450332	8.291810	11.742142	22.813681
100.5	4.198317	7.539445	11.737761	22.702426
100.6	7.699252	4.038186	11.737437	22.556747
100.7	8.855486	2.886364	11.741850	22.418977
100.8	5.686213	6.058664	11.744877	22.332709
100.9	2.382774	9.359217	11.741991	22.329011
101	3.716757	8.020044	11.736801	22.416127
101.1	8.295013	3.441399	11.736412	22.576142
101.2	10.117108	1.624540	11.741648	22.769831
101.3	6.649170	5.096437	11.745607	22.948148
101.4	2.447205	9.295692	11.742897	23.066618
101.5	3.138007	8.599096	11.737103	23.097944
101.6	7.757121	3.978975	11.736096	23.038810
101.7	9.961737	1.779566	11.741303	22.908883
101.8	6.674195	5.071401	11.745596	22.742684
101.9	2.416069	9.326866	11.742936	22.577419
102	3.235498	8.501273	11.736771	22.441072
102.1	8.333418	3.402143	11.735561	22.344822
102.2	10.890181	0.851069	11.741250	22.282131
102.3	7.239915	4.506439	11.746354	22.234349
102.4	2.040375	9.703518	11.743892	22.180349
102.5	2.238815	9.498104	11.736919	22.106293
102.6	7.751232	3.983414	11.734645	22.011739
102.7	11.415881	0.324279	11.740160	21.909775
102.8	8.446959	3.299256	11.746215	21.821224
102.9	2.797240	8.947603	11.744843	21.765265
103	1.888021	9.849954	11.737974	21.750243
103.1	6.744920	4.989883	11.734803	21.768426
103.2	10.734077	1.005383	11.739460	21.797015
103.3	8.523613	3.221952	11.745565	21.805368
103.4	3.189421	8.555472	11.744893	21.766023
103.5	1.974521	9.763895	11.738416	21.665535
103.6	6.513819	5.221077	11.734895	21.511059
103.7	10.690311	1.048734	11.739045	21.330012
103.8	8.898286	2.846994	11.745280	21.162532
103.9	3.511266	8.234055	11.745321	21.049087
104	1.593465	10.145801	11.739267	21.017326
104.1	5.453303	6.281950	11.735253	21.072703
104.2	9.761328	1.977101	11.738429	21.196148
104.3	8.880966	2.863268	11.744234	21.349695
104.4	4.328321	7.416518	11.744840	21.488248
104.5	2.410509	9.329215	11.739724	21.573556
104.6	5.555587	6.180494	11.736081	21.585717
104.7	9.196697	2.542141	11.738838	21.528418
104.8	8.220101	3.523954	11.744055	21.426292
104.9	3.965225	7.779288	11.744513	21.315494
105	2.284038	9.455554	11.739592	21.230926
105.1	5.522428	6.213534	11.735963	21.194597
105.2	9.419691	2.318729	11.738419	21.209128
105.3	8.962707	2.780812	11.743519	21.258507
105.4	5.038539	6.705956	11.744495	21.315618
105.5	2.947734	8.792680	11.740414	21.353661
105.6	5.141902	6.595169	11.737072	21.357263
105.7	8.211378	3.527440	11.738817	21.329229
105.8	7.931140	3.811648	11.742789	21.290470
105.9	5.066989	6.676292	11.743282	21.273096
106	3.974287	7.765495	11.739783	21.309056
106.1	6.290053	5.447386	11.737440	21.418287
106.2	8.700375	3.039244	11.739619	21.600498
106.3	7.761427	3.981774	11.743200	21.833488
106.4	4.795759	6.947356	11.743114	22.078635
106.5	3.958370	7.781177	11.739548	22.291830
106.6	6.330398	5.407192	11.737589	22.436314
106.7	8.458350	3.281597	11.739947	22.493315
106.8	7.348195	4.394939	11.743133	22.467181
106.9	4.734610	7.007913	11.742523	22.383550
107	4.518460	7.220575	11.739035	22.281371
107.1	7.053440	4.684406	11.737846	22.201448
107.2	8.532732	3.208158	11.740891	22.175141
107.3	6.491056	5.252822	11.743878	22.216564
107.4	3.589292	8.152997	11.742290	22.320307
107.5	4.063012	7.674997	11.738009	22.464845
107.6	7.619015	4.117995	11.737011	22.620060
107.7	9.485397	2.255609	11.741006	22.756205
107.8	6.903724	4.841003	11.744727	22.851503
107.9	3.148719	8.594280	11.742999	22.896373
108	3.249189	8.488831	11.738020	22.893567
108.1	7.064907	4.671669	11.736576	22.854885
108.2	9.331193	2.409529	11.740722	22.796120
108.3	6.858576	4.886189	11.744765	22.732131
108.4	3.049277	8.693715	11.742992	22.673564
108.5	3.316556	8.421136	11.737692	22.625875
108.6	7.516553	4.219677	11.736230	22.590386
108.7	9.897366	1.843542	11.740908	22.566397
108.8	6.928285	4.817221	11.745506	22.553211
108.9	2.375394	9.368196	11.743590	22.551166
109	2.433882	9.303566	11.737448	22.561351
109.1	7.284462	4.450815	11.735277	22.584320
109.2	10.614273	1.125855	11.740128	22.618508
109.3	8.020539	3.725043	11.745582	22.659147
109.4	3.021688	8.722606	11.744294	22.698234
109.5	2.394371	9.343617	11.737988	22.725636
109.6	6.987889	4.747365	11.735255	22.731024
109.7	10.485024	1.254897	11.739921	22.706012
109.8	7.953108	3.792604	11.745712	22.645902
109.9	2.677456	9.067172	11.744629	22.550614
110	1.894419	9.843436	11.737855	22.424678
110.1	7.007429	4.726956	11.734384	22.276441
110.2	11.484123	0.254889	11.739012	22.116804
110.3	9.432955	2.312835	11.745791	21.957765
110.4	3.462500	8.283355	11.745856	21.810968
110.5	1.278398	10.460800	11.739198	21.686359
110.6	5.525839	6.208794	11.734633	21.590968
110.7	10.415041	1.322995	11.738036	21.527935
110.8	9.540097	2.204538	11.744635	21.495941
110.9	4.337334	7.408249	11.745583	21.489306
111	1.929911	9.809909	11.739820	21.498895
111.1	5.458429	6.276859	11.735288	21.513848
111.2	9.975984	1.762104	11.738088	21.523805
111.3	9.280735	2.463591	11.744326	21.521083
111.4	4.295283	7.450259	11.745542	21.502179
111.5	1.716206	10.023949	11.740155	21.468089
111.6	4.940392	6.795058	11.735450	21.423334
111.7	9.590857	2.146790	11.737647	21.374034
111.8	9.522016	2.221621	11.743637	21.325742
111.9	5.008450	6.736955	11.745406	21.281909
112	2.130451	9.610403	11.740854	21.243585
112.1	4.478472	7.257869	11.736341	21.210479
112.2	8.533425	3.204408	11.737834	21.182888
112.3	8.744427	2.998520	11.742947	21.163519
112.4	5.084857	6.659685	11.744542	21.158154
112.5	2.813495	8.927090	11.740585	21.174481
112.6	5.082280	6.654425	11.736705	21.219141
112.7	8.691768	3.046484	11.738252	21.293902
112.8	8.655785	3.087218	11.743002	21.392476
112.9	5.065585	6.678834	11.744419	21.499567
113	2.831523	8.909154	11.740677	21.593148
113.1	4.891243	6.845730	11.736973	21.649918
113.2	8.344619	3.393591	11.738210	21.652583
113.3	8.641398	3.100995	11.742393	21.596722
113.4	5.775612	5.968098	11.743710	21.494711
113.5	3.959114	7.781548	11.740662	21.374893
113.6	5.556925	6.180940	11.737865	21.275543
113.7	7.939652	3.799631	11.739283	21.234960
113.8	7.502563	4.240097	11.742660	21.280459
113.9	4.917018	6.825918	11.742936	21.419693
114	4.105496	7.634105	11.739601	21.637265
114.1	6.495847	5.241607	11.737454	21.898033
114.2	8.848792	2.890909	11.739701	22.156441
114.3	7.826925	3.916353	11.743278	22.369166
114.4	4.806598	6.936537	11.743135	22.507180
114.5	4.000872	7.738593	11.739465	22.563396
114.6	6.462750	5.274783	11.737533	22.553436
114.7	8.516606	3.223582	11.740189	22.509257
114.8	6.998795	4.744861	11.743656	22.467797
114.9	3.940565	7.802203	11.742768	22.458458
115	3.873331	7.865122	11.738454	22.493651
115.1	7.310496	4.426273	11.736770	22.565593
115.2	9.643248	2.097211	11.740459	22.650374
115.3	7.372382	4.372385	11.744768	22.717780
115.4	3.195005	8.548702	11.743707	22.743314
115.5	2.644410	9.094011	11.738421	22.718074
115.6	6.561875	5.174081	11.735955	22.652884
115.7	9.741282	1.998448	11.739730	22.575073
115.8	7.887207	3.857486	11.744693	22.518963
115.9	3.523837	8.220226	11.744064	22.513347
116	2.641237	9.097417	11.738654	22.570437
116.1	6.474858	5.261061	11.735919	22.680294
116.2	9.689346	2.050417	11.739764	22.812879
116.3	7.659859	4.085138	11.744998	22.927243
116.4	2.987510	8.756770	11.744280	22.984809
116.5	2.158372	9.579906	11.738278	22.962259
116.6	6.654728	5.080331	11.735058	22.859586
116.7	10.652209	1.087003	11.739212	22.700532
116.8	8.719145	3.026253	11.745398	22.525199
116.9	3.257756	8.487566	11.745322	22.377338
117	1.486797	10.252149	11.738946	22.290600
117.1	5.809131	5.925586	11.734718	22.278347
117.2	10.510521	1.227774	11.738295	22.330328
117.3	9.366717	2.378165	11.744882	22.417122
117.4	4.006091	7.739527	11.745618	22.500554
117.5	1.732346	10.007169	11.739516	22.546304
117.6	5.671879	6.062957	11.734836	22.534306
117.7	10.515593	1.222376	11.737969	22.463493
117.8	9.646109	2.098669	11.744778	22.349586
117.9	4.089477	7.656626	11.746103	22.217177
118	1.224741	10.515325	11.740066	22.089391
118.1	4.944658	6.789966	11.734623	21.979160
118.2	10.450507	1.286442	11.736949	21.885405
118.3	10.623483	1.120436	11.743919	21.795445
118.4	5.402499	6.343884	11.746383	21.692526
118.5	1.685481	10.055877	11.741358	21.565358
118.6	4.076057	7.659711	11.735769	21.415728
118.7	8.958115	2.778855	11.736971	21.260952
118.8	9.649074	2.093915	11.742988	21.129844
118.9	5.422072	6.323430	11.745502	21.053355
119	2.238488	9.502722	11.741210	21.053136
119.1	4.480508	7.255601	11.736109	21.132216
119.2	9.057102	2.680051	11.737153	21.271397
119.3	9.740721	2.002138	11.742859	21.433070
119.4	5.617442	6.128076	11.745518	21.571542
119.5	2.178707	9.562999	11.741706	21.646644
119.6	3.812433	7.924280	11.736713	21.636142
119.7	8.040621	3.696526	11.737146	21.542771
119.8	9.149031	2.593033	11.742064	21.393476
119.9	5.956597	5.788012	11.744609	21.231035
120	3.115039	8.626481	11.741520	21.100805
120.1	4.489392	7.247963	11.737354	21.036946
120.2	7.939646	3.798267	11.737913	21.052598
120.3	8.538291	3.203956	11.742247	21.137101
120.4	5.485801	6.258410	11.744211	21.260939
120.5	3.103292	8.637807	11.741099	21.386491
120.6	4.733089	7.004187	11.737276	21.480796
120.7	8.157637	3.580337	11.737973	21.525999
120.8	8.789272	2.952814	11.742086	21.524091
120.9	5.996465	5.747452	11.743917	21.494616
121	3.766893	7.974280	11.741172	21.466479
121.1	5.017064	6.720877	11.737941	21.466955
121.2	7.667073	4.071648	11.738721	21.511829
121.3	7.858910	3.883198	11.742108	21.600073
121.4	5.527871	6.215155	11.743026	21.714749
121.5	4.353249	7.386887	11.740137	21.829618
121.6	6.270919	5.466849	11.737768	21.918971
121.7	8.532617	3.206988	11.739605	21.967181
121.8	7.637609	4.105597	11.743206	21.974625
121.9	4.546898	7.196430	11.743328	21.958020
122	3.580472	8.159014	11.739486	21.945115
122.1	6.322654	5.414281	11.736935	21.965599
122.2	9.148469	2.590921	11.739390	22.041275
122.3	8.119103	3.624513	11.743617	22.178694
122.4	4.563383	7.180349	11.743732	22.366510
122.5	3.398439	8.341027	11.739467	22.578248
122.6	6.277044	5.459730	11.736775	22.779418
122.7	9.103278	2.636333	11.739610	22.936667
122.8	7.641704	4.102485	11.744189	23.026186
122.9	3.606091	8.137898	11.743988	23.039060
123	2.593147	9.145734	11.738881	22.982336
123.1	6.371450	5.364246	11.735696	22.875992
123.2	10.117619	1.621393	11.739012	22.747098
123.3	8.730408	3.014247	11.744655	22.623103
123.4	3.843044	7.902034	11.745078	22.526094
123.5	1.843931	9.895680	11.739611	22.469302
123.6	5.320126	6.415440	11.735565	22.456235
123.7	9.491739	2.246671	11.738410	22.482046
123.8	8.649513	3.094740	11.744253	22.536219
123.9	3.970109	7.774921	11.745030	22.605577
124	1.996172	9.743361	11.739534	22.676846
124.1	5.679403	6.055838	11.735241	22.738416
124.2	10.163811	1.574395	11.738206	22.781316
124.3	9.242556	2.502104	11.744659	22.799637
124.4	3.883932	7.861950	11.745882	22.790644
124.5	1.173528	10.566472	11.740001	22.754725
124.6	4.869473	6.865249	11.734722	22.695136
124.7	10.240800	1.496302	11.737103	22.617473
124.8	10.271778	1.472253	11.744032	22.528824
124.9	5.014880	6.731432	11.746312	22.436677
125	1.524542	10.216427	11.740968	22.347810
125.1	4.413189	7.322038	11.735227	22.267412
125.2	9.702042	2.034752	11.736794	22.198635
125.3	10.222556	1.520950	11.743506	22.142597
125.4	5.279136	6.467143	11.746279	22.098668
125.5	1.569324	10.172028	11.741352	22.064815
125.6	4.157917	7.577407	11.735324	22.037761
125.7	9.669956	2.066314	11.736270	22.012956
125.8	10.815158	0.927774	11.742932	21.984528
125.9	6.103054	5.643434	11.746488	21.945564
126	1.737999	10.004359	11.742359	21.889001
126.1	3.302670	8.433496	11.736166	21.809227
126.2	8.473050	3.262981	11.736031	21.704072
126.3	10.373081	1.368717	11.741798	21.576581
126.4	6.781675	4.963915	11.745590	21.435793
126.5	2.788708	8.953864	11.742572	21.295914
126.6	3.651816	8.085399	11.737215	21.173752
126.7	7.790196	3.946673	11.736869	21.084910
126.8	9.278384	2.463368	11.741751	21.039766
126.9	6.088611	5.656336	11.744947	21.040556
127	2.727165	9.014894	11.742058	21.080621
127.1	3.887526	7.849597	11.737123	21.146249
127.2	8.022524	3.714371	11.736894	21.220670
127.3	9.566718	2.174886	11.741604	21.288920
127.4	6.539002	5.205843	11.744845	21.341934
127.5	3.069008	8.673419	11.742426	21.378373
127.6	3.620176	8.117727	11.737902	21.403511
127.7	7.040989	4.696419	11.737408	21.425557
127.8	8.483855	3.257390	11.741245	21.450834
127.9	6.209341	5.534464	11.743805	21.479802
128	3.764399	7.977176	11.741575	21.505668
128.1	4.762068	6.975840	11.737908	21.516490
128.2	7.790421	3.947664	11.738086	21.500268
128.3	8.531111	3.210734	11.741845	21.451287
128.4	5.916561	5.827307	11.743868	21.375212
128.5	3.597938	8.143407	11.741344	21.290627
128.6	4.759054	6.978818	11.737872	21.225791
128.7	7.685165	4.053114	11.738279	21.211071
128.8	8.301169	3.440646	11.741815	21.269185
128.9	5.971070	5.772266	11.743336	21.406485
129	4.288262	7.452464	11.740726	21.608482
129.1	5.788907	5.949009	11.737916	21.841675
129.2	8.218361	3.520819	11.739179	22.061717
129.3	7.783778	3.959062	11.742840	22.225785
129.4	4.793904	6.949602	11.743507	22.305418
129.5	3.496822	8.243027	11.739849	22.295651
129.6	6.075805	5.661022	11.736827	22.217287
129.7	9.254697	2.484191	11.738888	22.111247
129.8	8.599930	3.143573	11.743503	22.026527
129.9	4.773616	6.970735	11.744351	22.005440
130	2.899628	8.840453	11.740081	22.070829
130.1	5.583057	6.153407	11.736464	22.219355
130.2	9.153368	2.585218	11.738585	22.423021
130.3	8.571885	3.171781	11.743666	22.638397
130.4	4.463610	7.281040	11.744649	22.820428
130.5	2.476563	9.263379	11.739942	22.936255
130.6	5.549267	6.186629	11.735895	22.974472
130.7	9.632980	2.105278	11.738259	22.946893
130.8	9.006940	2.737167	11.744107	22.882489
130.9	4.181238	7.564274	11.745512	22.815854
131	1.506959	10.233346	11.740305	22.774406
131.1	4.703828	7.031461	11.735290	22.768896
131.2	9.685245	2.051984	11.737229	22.790525
131.3	9.878605	1.865033	11.743638	22.815560
131.4	5.045171	6.700800	11.745971	22.815635
131.5	1.659371	10.081754	11.741125	22.769862
131.6	4.198987	7.536704	11.735692	22.674231
131.7	9.080541	2.656530	11.737070	22.544775
131.8	9.528884	2.214492	11.743376	22.413211
131.9	4.856359	6.889555	11.745914	22.316487
132	1.517825	10.223185	11.741010	22.283898
132.1	4.367877	7.367286	11.735162	22.326324
132.2	9.910309	1.826074	11.736383	22.431443
132.3	10.801883	0.941421	11.743305	22.566693
132.4	5.697445	6.049384	11.746829	22.689037
132.5	1.189166	10.553084	11.742249	22.758222
132.6	3.126673	8.608910	11.735583	22.749036
132.7	8.885013	2.850556	11.735569	22.658448
132.8	10.910208	0.831849	11.742058	22.505353
132.9	6.758205	4.988120	11.746325	22.323256
133	2.197943	9.544861	11.742804	22.148646
133.1	3.349111	8.387312	11.736423	22.009228
133.2	8.518973	3.216842	11.735816	21.916088
133.3	10.636660	1.105051	11.741711	21.862299
133.4	6.831278	4.914829	11.746107	21.828098
133.5	2.211905	9.531232	11.743138	21.790350
133.6	2.913671	8.823186	11.736857	21.732549
133.7	7.922948	3.812670	11.735617	21.651515
133.8	10.602498	1.138374	11.740872	21.558307
133.9	7.614739	4.130746	11.745485	21.473104
134	3.152987	8.590518	11.743505	21.416152
134.1	3.044452	8.693525	11.737977	21.398377
134.2	6.985670	4.750777	11.736446	21.415433
134.3	9.331733	2.408934	11.740667	21.447707
134.4	6.977663	4.766893	11.744556	21.466564
134.5	3.411711	8.331084	11.742795	21.444766
134.6	3.642154	8.095871	11.738024	21.367350
134.7	7.265195	4.471733	11.736928	21.238913
134.8	9.187934	2.553013	11.740948	21.084434
134.9	6.753401	4.991064	11.744465	20.942962
135	3.320923	8.421772	11.742696	20.855994
135.1	3.520020	8.218172	11.738192	20.854295
135.2	6.927649	4.809464	11.737114	20.947533
135.3	8.849433	2.891281	11.740714	21.120229
135.4	6.871369	4.872482	11.743851	21.335479
135.5	3.996925	7.745391	11.742316	21.545308
135.6	4.217046	7.521518	11.738563	21.704377
135.7	6.944787	4.793203	11.737990	21.782700
135.8	8.085388	3.655864	11.741252	21.773417
135.9	6.007519	5.735967	11.743486	21.693383
136	3.850385	7.890984	11.741369	21.576701
136.1	4.949617	6.788274	11.737891	21.463579
136.2	7.973300	3.764785	11.738085	21.388268
136.3	8.738060	3.003745	11.741806	21.369924
136.4	6.148716	5.595152	11.743869	21.409050
136.5	3.803119	7.938269	11.741388	21.490179
136.6	4.922526	6.815386	11.737912	21.589374
136.7	7.778129	3.960278	11.738407	21.683636
136.8	8.169210	3.572924	11.742134	21.758905
136.9	5.505661	6.237947	11.743608	21.814045
137	3.784988	7.955474	11.740461	21.859784
137.1	5.870773	5.866305	11.737078	21.913350
137.2	9.115505	2.623060	11.738565	21.990975
137.3	8.789329	2.953987	11.743316	22.101035
137.4	4.825673	6.919141	11.744814	22.240172
137.5	2.361982	9.378642	11.740624	22.393632
137.6	4.884632	6.851505	11.736136	22.539537
137.7	9.239050	2.498436	11.737487	22.655517
137.8	9.630346	2.112709	11.743054	22.725480
137.9	5.472859	6.272518	11.745376	22.744351
138	2.348753	9.392487	11.741240	22.719442
138.1	4.497720	7.238516	11.736236	22.668214
138.2	8.948190	2.789096	11.737286	22.613331
138.3	9.451028	2.292076	11.743103	22.576595
138.4	5.063139	6.682595	11.745734	22.573510
138.5	1.649036	10.092316	11.741352	22.609848
138.6	4.010223	7.725465	11.735689	22.680868
138.7	9.213651	2.522804	11.736455	22.773047
138.8	10.333322	1.409506	11.742828	22.867593
138.9	5.763006	5.983342	11.746348	22.944712
139	1.513810	10.228440	11.742250	22.987632
139.1	3.223836	8.512143	11.735979	22.985659
139.2	8.563071	3.172873	11.735945	22.935860
139.3	10.337773	1.404398	11.742171	22.843299
139.4	6.191979	5.554238	11.746217	22.719936
139.5	1.808630	9.933940	11.742570	22.582463
139.6	3.223761	8.512389	11.736150	22.449398
139.7	8.608969	3.126731	11.735700	22.337889
139.8	10.675129	1.066811	11.741940	22.260731
139.9	6.522948	5.223553	11.746500	22.224144
140	1.651156	10.092003	11.743159	22.226807
140.1	2.652949	9.083308	11.736257	22.260389
140.2	8.373416	3.361526	11.734942	22.311515
140.3	11.398109	0.342851	11.740960	22.364691
140.4	7.873535	3.872838	11.746373	22.405443
140.5	2.525785	9.218395	11.744179	22.422849
140.6	2.273597	9.463932	11.737529	22.410839
140.7	7.109565	4.625730	11.735294	22.368060
140.8	10.389466	1.350705	11.740170	22.296609
140.9	7.879529	3.865799	11.745328	22.200311
141	3.274075	8.469764	11.743839	22.083356
141.1	2.947902	8.790035	11.737937	21.949872
141.2	7.295157	4.440575	11.735732	21.804543
141.3	10.355459	1.384697	11.740157	21.653824
141.4	7.981315	3.763859	11.745173	21.506927
141.5	3.347246	8.396870	11.744116	21.375701
141.6	2.511481	9.227118	11.738598	21.272947
141.7	6.302284	5.433758	11.736042	21.209330
141.8	9.491847	2.247718	11.739565	21.189807
141.9	8.035649	3.708426	11.744075	21.210886
142	4.322589	7.420952	11.743541	21.260027
142.1	3.515254	8.223873	11.739127	21.317859
142.2	6.390209	5.346978	11.737187	21.362967
142.3	8.565629	3.174660	11.740289	21.377958
142.4	6.855482	4.888370	11.743852	21.354891
142.5	3.701048	8.041722	11.742770	21.298134
142.6	3.616076	8.122480	11.738557	21.223444
142.7	6.814822	4.922277	11.737099	21.153283
142.8	8.949267	2.791122	11.740389	21.109738
142.9	7.185930	4.557912	11.743842	21.107355
143	4.056038	7.686749	11.742786	21.148374
143.1	3.806146	7.932756	11.738902	21.222141
143.2	6.510943	5.226732	11.737675	21.309051
143.3	8.182642	3.557990	11.740632	21.387736
143.4	6.539004	5.204340	11.743344	21.442981
143.5	4.174108	7.567763	11.741871	21.471440
143.6	4.702459	7.035938	11.738397	21.482905
143.7	7.475302	4.262750	11.738052	21.496440
143.8	8.469785	3.271692	11.741476	21.532569
143.9	6.114692	5.629100	11.743792	21.604294
144	3.697948	8.043590	11.741538	21.710346
144.1	4.777374	6.960384	11.737758	21.833448
144.2	8.020924	3.716919	11.737843	21.944735
144.3	8.912623	2.829221	11.741844	22.013234
144.4	6.120128	5.624054	11.744181	22.017360
144.5	3.540812	8.200627	11.741439	21.954413
144.6	4.909709	6.827665	11.737374	21.844457
144.7	8.397370	3.340472	11.737843	21.726706
144.8	8.959127	2.783344	11.742471	21.649024
144.9	5.455281	6.289542	11.744824	21.653607
145	2.593897	9.147365	11.741262	21.763380
145.1	4.614766	7.121569	11.736335	21.973639
145.2	9.202312	2.534569	11.736881	22.251934
145.3	10.246196	1.496372	11.742568	22.546512
145.4	6.076885	5.669062	11.745947	22.800860
145.5	1.990074	9.752311	11.742385	22.969795
145.6	3.317888	8.418623	11.736511	23.032021
145.7	8.224329	3.511839	11.736168	22.995178
145.8	10.081412	1.660397	11.741809	22.891899
145.9	6.405646	5.340111	11.745758	22.768348
146	2.272281	9.470301	11.742582	22.669166
146.1	3.437202	8.299369	11.736572	22.623844
146.2	8.408442	3.327581	11.736024	22.638942
146.3	10.329549	1.412361	11.741910	22.698438
146.4	6.297810	5.448541	11.746351	22.771667
146.5	1.501875	10.241307	11.743182	22.825728
146.6	2.395027	9.341391	11.736419	22.837761
146.7	7.976508	3.758521	11.735029	22.802768
146.8	10.988054	0.752854	11.740908	22.734336
146.9	7.550474	4.195790	11.746264	22.658287
147	2.329073	9.414955	11.744028	22.601831
147.1	2.260790	9.476530	11.737321	22.582397
147.2	7.270178	4.465026	11.735204	22.600345
147.3	10.462270	1.278193	11.740463	22.638316
147.4	7.492367	4.253519	11.745886	22.667446
147.5	2.442464	9.301591	11.744054	22.658196
147.6	2.284639	9.452737	11.737376	22.591793
147.7	7.432341	4.302500	11.734842	22.468070
147.8	11.131419	0.608497	11.739915	22.306761
147.9	8.491714	3.254176	11.745890	22.141675
148	3.002554	8.742340	11.744894	22.009726
148.1	1.843766	9.894594	11.738360	21.938643
148.2	6.376087	5.358872	11.734959	21.937653
148.3	10.518459	1.220528	11.738987	21.994360
148.4	8.969543	2.775304	11.744846	22.078863
148.5	4.107175	7.637627	11.744802	22.153595
148.6	2.488146	9.251128	11.739275	22.185393
148.7	5.990270	5.745638	11.735907	22.155613
148.8	9.579804	2.159259	11.739064	22.064897
148.9	8.390289	3.353868	11.744157	21.931172
149	4.246577	7.497629	11.744205	21.781911
149.1	2.907803	8.831530	11.739333	21.643705
149.2	6.122914	5.613400	11.736314	21.533039
149.3	9.416562	2.322602	11.739164	21.451630
149.4	8.362620	3.381216	11.743836	21.387873
149.5	4.527772	7.216254	11.744025	21.323644
149.6	3.072128	8.667643	11.739771	21.243688
149.7	5.629794	6.107281	11.737074	21.143875
149.8	8.342828	3.396605	11.739434	21.035012
149.9	7.470974	4.272235	11.743209	20.940577
150	4.531934	7.211072	11.743006	20.888974
150.1	3.904186	7.835080	11.739266	20.903012
150.2	6.516216	5.221240	11.737457	20.990398
150.3	8.576444	3.163785	11.740229	21.138777
150.4	7.019466	4.724221	11.743687	21.317361
150.5	3.888242	7.854690	11.742932	21.484911
150.6	3.482381	8.256591	11.738973	21.601628
150.7	6.342961	5.394315	11.737276	21.641142
150.8	8.546721	3.193356	11.740078	21.598706
150.9	7.237811	4.505509	11.743320	21.492896
151	4.549524	7.192955	11.742480	21.360281
151.1	4.421852	7.317111	11.738962	21.244756
151.2	6.918840	4.819167	11.738007	21.184913
151.3	8.183831	3.557255	11.741086	21.203363
151.4	6.115405	5.628283	11.743688	21.301156
151.5	3.605408	8.136357	11.741765	21.458743
151.6	4.531142	7.206596	11.737738	21.642809
151.7	8.053430	3.683912	11.737342	21.816536
151.8	9.451705	2.289774	11.741479	21.949991
151.9	6.648347	5.096266	11.744612	22.027523
152	3.341254	8.401054	11.742308	22.050271
152.1	4.082732	7.654858	11.737590	22.033541
152.2	7.907245	3.829762	11.737006	22.000454
152.3	9.473032	2.268499	11.741531	21.974228
152.4	6.435776	5.309171	11.744947	21.971623
152.5	2.909021	8.833292	11.742313	21.999420
152.6	3.949741	7.787273	11.737015	22.054556
152.7	8.430666	3.305746	11.736412	22.127335
152.8	10.256563	1.485132	11.741695	22.206192
152.9	6.626220	5.119661	11.745881	22.282205
153	2.136548	9.606571	11.743118	22.351890
153.1	2.830117	8.906708	11.736825	22.417547
153.2	7.983113	3.752268	11.735382	22.485375
153.3	10.835881	0.904984	11.740866	22.562230
153.4	7.556098	4.189965	11.746064	22.652246
153.5	2.445077	9.298969	11.744046	22.754441
153.6	2.241996	9.495534	11.737530	22.861964
153.7	7.078530	4.656763	11.735293	22.963124
153.8	10.301175	1.439156	11.740331	23.043795
153.9	7.482948	4.262815	11.745763	23.090528
154	2.464027	9.280094	11.744121	23.093609
154.1	2.181391	9.556133	11.737524	23.049407
154.2	7.214862	4.520049	11.734910	22.961588
154.3	10.870368	0.869591	11.739959	22.840968
154.4	8.145744	3.600276	11.746020	22.704017
154.5	2.526883	9.218098	11.744981	22.570201
154.6	1.405137	10.333041	11.738178	22.458543
154.7	6.225658	5.508966	11.734624	22.383983
154.8	10.592855	1.146089	11.738944	22.354236
154.9	8.850029	2.895212	11.745241	22.367910
155	3.576825	8.168276	11.745101	22.414448
155.1	1.982075	9.756804	11.738879	22.476145
155.2	6.160241	5.574844	11.735086	22.531936
155.3	10.358214	1.380627	11.738841	22.562147
155.4	8.829931	2.915096	11.745027	22.553027
155.5	3.595137	8.150138	11.745275	22.499829
155.6	1.687389	10.051842	11.739231	22.407566
155.7	5.715279	6.019650	11.734929	22.289191
155.8	10.447692	1.290286	11.737979	22.161764
155.9	9.850389	1.893819	11.744208	22.041785
156	4.983416	6.762055	11.745472	21.941135
156.1	2.295744	9.444751	11.740495	21.864853
156.2	4.943130	6.793070	11.736200	21.811304
156.3	8.905336	2.832791	11.738127	21.774430
156.4	8.794741	2.948449	11.743191	21.747056
156.5	5.116400	6.627922	11.744322	21.723826
156.6	3.196439	8.543768	11.740207	21.702593
156.7	5.657007	6.079765	11.736772	21.683739
156.8	8.940633	2.798133	11.738766	21.667839
156.9	8.434809	3.308497	11.743306	21.652850
157	4.853164	6.890934	11.744098	21.632335
157.1	3.095032	8.645147	11.740179	21.595899
157.2	5.413253	6.323792	11.737045	21.532167
157.3	8.451120	3.287771	11.738892	21.433508
157.4	8.065205	3.677723	11.742929	21.300822
157.5	5.015894	6.727620	11.743514	21.146345
157.6	3.659915	8.080145	11.740060	20.992939
157.7	5.726985	6.010653	11.737638	20.869423
157.8	8.019137	3.720515	11.739651	20.802985
157.9	7.132077	4.610993	11.743070	20.810934
158	4.360608	7.382255	11.742863	20.894572
158.1	3.813495	7.925739	11.739234	21.037496
158.2	6.472284	5.265080	11.737364	21.209313
158.3	8.690480	3.049543	11.740023	21.373923
158.4	7.318490	4.425072	11.743562	21.499903
158.5	4.207764	7.535250	11.743014	21.569623
158.6	3.663557	8.075578	11.739135	21.584016
158.7	6.384384	5.353006	11.737390	21.561287
158.8	8.470558	3.269663	11.740221	21.529889
158.9	6.977477	4.766047	11.743524	21.518116
159	4.169182	7.573264	11.742446	21.543921
159.1	4.331512	7.406894	11.738407	21.608579
159.2	7.532352	4.204925	11.737277	21.696538
159.3	9.255282	2.485752	11.741034	21.781639
159.4	6.719619	5.025007	11.744626	21.837568
159.5	3.103709	8.639106	11.742815	21.848791
159.6	3.456722	8.280971	11.737693	21.817914
159.7	7.647849	4.088341	11.736190	21.766540
159.8	10.202454	1.538136	11.740590	21.728945
159.9	7.632607	4.112486	11.745093	21.740489
160	3.348507	8.395027	11.743535	21.824653
160.1	3.185018	8.552916	11.737934	21.983299
160.2	7.397037	4.338947	11.735984	22.193812
160.3	10.124193	1.616363	11.740557	22.414523
160.4	7.344624	4.400902	11.745526	22.596973
160.5	2.584143	9.159777	11.743921	22.701168
160.6	2.373745	9.363820	11.737566	22.708772
160.7	7.346872	4.388060	11.734933	22.629767
160.8	11.083822	0.655956	11.739779	22.500174
160.9	8.555801	3.190068	11.745869	22.371393
161	2.939714	8.805435	11.745149	22.294524
161.1	1.517812	10.220744	11.738556	22.304708
161.2	6.010085	5.724762	11.734847	22.410556
161.3	10.301736	1.437151	11.738887	22.591986
161.4	8.667129	3.078002	11.745131	22.807022
161.5	3.440101	8.305024	11.745125	23.005122
161.6	1.791101	9.947828	11.738929	23.142512
161.7	5.976625	5.758391	11.735016	23.194502
161.8	10.265122	1.473648	11.738770	23.160946
161.9	8.718193	3.026956	11.745149	23.063460
162	3.298672	8.446799	11.745470	22.935892
162.1	1.303621	10.435547	11.739167	22.811740
162.2	5.544512	6.190107	11.734619	22.713099
162.3	10.512014	1.225899	11.737913	22.644909
162.4	9.703385	2.041300	11.744685	22.596190
162.5	4.266006	7.479987	11.745993	22.547342
162.6	1.392406	10.347842	11.740248	22.480375
162.7	4.718611	7.016587	11.735199	22.387965
162.8	9.631382	2.106061	11.737444	22.277802
162.9	9.625241	2.118472	11.743713	22.170534
163	4.987807	6.757695	11.745502	22.092099
163.1	2.182774	9.557794	11.740568	22.063347
163.2	5.008627	6.727112	11.735740	22.090932
163.3	9.576607	2.160921	11.737528	22.162996
163.4	9.719436	2.023978	11.743414	22.251448
163.5	5.300936	6.444535	11.745472	22.320221
163.6	2.235034	9.506063	11.741097	22.336722
163.7	4.455551	7.280727	11.736278	22.282478
163.8	8.820969	2.916337	11.737307	22.159264
163.9	9.606706	2.135737	11.742443	21.988558
164	6.165918	5.578760	11.744678	21.804514
164.1	3.403019	8.338345	11.741365	21.642926
164.2	4.835469	6.901993	11.737462	21.529986
164.3	7.989319	3.749025	11.738345	21.474671
164.4	8.215991	3.526459	11.742450	21.467244
164.5	5.266637	6.477163	11.743801	21.484147
164.6	3.452937	8.287566	11.740504	21.497342
164.7	5.434735	6.302532	11.737267	21.484635
164.8	8.489850	3.248802	11.738652	21.437285
164.9	8.397578	3.345122	11.742699	21.362290
165	5.333543	6.410260	11.743802	21.278724
165.1	3.512056	8.228535	11.740592	21.209667
165.2	5.227926	6.509789	11.737715	21.172844
165.3	7.758333	3.980824	11.739157	21.173492
165.4	7.395099	4.347549	11.742648	21.202114
165.5	4.764844	6.978181	11.743025	21.237957
165.6	3.858837	7.880845	11.739682	21.256988
165.7	6.201725	5.535747	11.737472	21.241452
165.8	8.533749	3.205999	11.739748	21.187564
165.9	7.404799	4.338647	11.743445	21.108483
166	4.200208	7.543084	11.743292	21.031372
166.1	3.364806	8.374518	11.739324	20.989370
166.2	6.169673	5.567338	11.737011	21.011072
166.3	8.805333	2.934300	11.739634	21.110940
166.4	7.645279	4.098282	11.743561	21.283776
166.5	4.381133	7.362112	11.743244	21.505045
166.6	3.714887	8.024190	11.739077	21.736964
166.7	6.690883	5.046119	11.737002	21.938441
166.8	9.065020	2.675145	11.740165	22.075858
166.9	7.236891	4.507352	11.744243	22.131519
167	3.552025	8.191261	11.743286	22.107459
167.1	3.319056	8.419151	11.738208	22.023824
167.2	7.351349	4.384594	11.735942	21.912647
167.3	10.420340	1.319638	11.739977	21.809121
167.4	8.180142	3.565053	11.745195	21.742973
167.5	3.304630	8.439878	11.744507	21.732217
167.6	2.208288	9.530287	11.738575	21.780650
167.7	6.442240	5.293002	11.735242	21.879195
167.8	10.415183	1.323873	11.739056	22.010159
167.9	8.797459	2.947506	11.744965	22.152806
168	3.759434	7.985545	11.744979	22.288573
168.1	2.141129	9.597884	11.739013	22.404673
168.2	6.190909	5.544249	11.735158	22.495512
168.3	10.395423	1.343364	11.738787	22.562045
168.4	8.863207	2.881930	11.745137	22.609706
168.5	3.395966	8.349622	11.745587	22.645750
168.6	1.248863	10.490453	11.739316	22.676800
168.7	5.423324	6.311254	11.734578	22.707132
168.8	10.529836	1.207875	11.737710	22.737942
168.9	9.889447	1.855151	11.744599	22.767595
169	4.413388	7.332759	11.746147	22.792639
169.1	1.343368	10.397070	11.740439	22.809290
169.2	4.552751	7.182485	11.735236	22.814994
169.3	9.454663	2.282812	11.737475	22.809676
169.4	9.315390	2.428569	11.743960	22.796269
169.5	4.381255	7.364522	11.745777	22.780264
169.6	1.489591	10.250811	11.740402	22.768233
169.7	4.748498	6.986603	11.735101	22.765598
169.8	9.925693	1.811397	11.737091	22.774223
169.9	10.117982	1.625807	11.743789	22.790650
170	5.023657	6.722643	11.746300	22.805723
170.1	1.338874	10.402470	11.741345	22.806080
170.2	3.819944	7.915613	11.735557	22.777400
170.3	9.055344	2.681164	11.736508	22.708673
170.4	10.181898	1.560769	11.742667	22.596277
170.5	6.023172	5.722545	11.745717	22.446491
170.6	2.396340	9.345463	11.741803	22.275396
170.7	4.106738	7.629739	11.736477	22.105859
170.8	8.607368	3.129562	11.736930	21.962223
170.9	9.717024	2.025296	11.742320	21.864125
171	6.055624	5.689583	11.745207	21.821299
171.1	2.724802	9.016976	11.741778	21.830985
171.2	4.227048	7.509785	11.736833	21.878829
171.3	8.449242	3.287785	11.737026	21.943026
171.4	9.739847	2.002039	11.741886	22.000405
171.5	6.580344	5.164428	11.744772	22.032484
171.6	3.368227	8.373825	11.742053	22.029588
171.7	4.215211	7.522564	11.737775	21.991783
171.8	7.515801	4.221949	11.737750	21.926569
171.9	8.558342	3.183251	11.741593	21.844440
172	6.162800	5.580865	11.743665	21.754165
172.1	4.039239	7.701936	11.741175	21.659740
172.2	5.272585	6.465355	11.737939	21.560196
172.3	7.938505	3.800225	11.738730	21.452305
172.4	7.987318	3.755114	11.742433	21.334939
172.5	5.138138	6.605552	11.743690	21.213061
172.6	3.346784	8.393798	11.740582	21.099322
172.7	5.197577	6.539827	11.737403	21.012086
172.8	8.197447	3.541157	11.738604	20.970100
172.9	8.242826	3.499675	11.742501	20.985498
173	5.368394	6.375254	11.743648	21.057712
173.1	3.650154	8.090378	11.740532	21.170884
173.2	5.402969	6.334728	11.737697	21.296326
173.3	7.908133	3.831115	11.739249	21.399849
173.4	7.351100	4.391842	11.742942	21.451960
173.5	4.397234	7.346078	11.743311	21.437650
173.6	3.392920	8.346612	11.739532	21.362365
173.7	6.155090	5.581745	11.736835	21.251757
173.8	9.130242	2.608991	11.739233	21.144857
173.9	8.173858	3.569807	11.743665	21.082527
174	4.436729	7.307288	11.744017	21.094799
174.1	2.996475	8.743188	11.739663	21.191255
174.2	5.867469	5.869102	11.736571	21.357752
174.3	9.070644	2.668474	11.739118	21.560740
174.4	8.066941	3.676898	11.743839	21.757874
174.5	4.186923	7.557111	11.744033	21.911434
174.6	2.990011	8.749137	11.739149	22.000065
174.7	6.525546	5.210330	11.735877	22.024840
174.8	10.169362	1.569693	11.739055	22.007595
174.9	8.741895	3.002820	11.744715	21.982133
175	3.779526	7.965611	11.745137	21.981416
175.1	1.831997	9.907405	11.739402	22.025278
175.2	5.708444	6.026557	11.735001	22.113071
175.3	10.458385	1.279540	11.737925	22.223925
175.4	9.800076	1.944365	11.744440	22.324626
175.5	4.557681	7.188215	11.745896	22.382384
175.6	1.674631	10.065697	11.740328	22.377961
175.7	4.940156	6.795056	11.735212	22.314388
175.8	9.862892	1.874568	11.737460	22.217976
175.9	9.697333	2.046719	11.744052	22.130971
176	4.582505	7.163530	11.746035	22.098128
176.1	1.427779	10.312840	11.740619	22.151652
176.2	4.600287	7.134752	11.735039	22.299642
176.3	9.947098	1.789770	11.736868	22.522021
176.4	10.285138	1.458637	11.743775	22.775493
176.5	5.041079	6.705503	11.746583	23.006001
176.6	1.073309	10.668238	11.741548	23.164650
176.7	3.542758	8.192610	11.735368	23.221938
176.8	9.077923	2.658264	11.736187	23.175715
176.9	10.361891	1.380847	11.742738	23.050478
177	5.899609	5.846579	11.746188	22.888506
177.1	1.848701	9.893363	11.742064	22.736017
177.2	3.598429	8.137712	11.736141	22.629072
177.3	8.563005	3.173472	11.736477	22.583807
177.4	9.846786	1.895722	11.742508	22.593914
177.5	5.667349	6.078589	11.745939	22.635671
177.6	1.744114	9.997933	11.742046	22.678224
177.7	3.516416	8.219617	11.736033	22.695174
177.8	8.794419	2.941528	11.735947	22.673270
177.9	10.714655	1.027223	11.741878	22.615359
178	6.890867	4.855107	11.745975	22.536943
178.1	2.441945	9.301079	11.743024	22.458122
178.2	3.035670	8.701556	11.737225	22.394319
178.3	7.485827	4.250435	11.736262	22.349508
178.4	9.711154	2.029851	11.741006	22.314569
178.5	7.038753	4.705993	11.744745	22.271379
178.6	3.515236	8.227305	11.742541	22.200972
178.7	4.064272	7.673470	11.737742	22.092557
178.8	7.784532	3.952509	11.737042	21.949789
178.9	9.455945	2.285310	11.741255	21.791711
179	6.833129	4.911345	11.744474	21.647741
179.1	3.576215	8.166176	11.742391	21.548301
179.2	4.031247	7.706828	11.738075	21.514320
179.3	7.323221	4.414226	11.737448	21.549372
179.4	8.838487	2.902597	11.741084	21.637270
179.5	6.717894	5.025822	11.743716	21.746146
179.6	4.211178	7.530627	11.741805	21.837704
179.7	4.842166	6.896202	11.738368	21.878627
179.8	7.432454	4.305989	11.738444	21.850340
179.9	7.980147	3.761705	11.741852	21.753956
180	5.538766	6.204773	11.743540	21.608912
180.1	3.625415	8.115495	11.740910	21.445964
180.2	5.149636	6.587991	11.737627	21.297074
180.3	8.129127	3.609312	11.738439	21.185708
180.4	8.376873	3.365489	11.742362	21.120733
180.5	5.431993	6.311949	11.743942	21.095754
180.6	3.311868	8.429059	11.740928	21.093769
180.7	4.912508	6.825017	11.737525	21.095178
180.8	7.911581	3.826941	11.738521	21.086092
180.9	8.024907	3.717580	11.742487	21.063943
181	5.103496	6.640221	11.743717	21.038430
181.1	3.419104	8.321227	11.740331	21.027620
181.2	5.586804	6.150301	11.737105	21.050696
181.3	8.666045	3.072783	11.738828	21.120036
181.4	8.142429	3.600926	11.743355	21.235483
181.5	4.410969	7.333345	11.744315	21.382852
181.6	2.566227	9.173784	11.740012	21.537246
181.7	5.441604	6.294527	11.736131	21.670101
181.8	9.445097	2.293014	11.738111	21.757679
181.9	9.226414	2.517076	11.743490	21.788284
182	5.028824	6.716173	11.744997	21.765948
182.1	2.547772	9.192719	11.740491	21.709517
182.2	5.204239	6.531868	11.736107	21.647498
182.3	9.331197	2.406789	11.737986	21.610296
182.4	9.083558	2.660142	11.743700	21.622129
182.5	4.570404	7.174917	11.745321	21.694882
182.6	1.986441	9.753835	11.740275	21.825407
182.7	5.237289	6.497899	11.735187	21.996769
182.8	10.345320	1.391805	11.737126	22.182780
182.9	10.498171	1.245703	11.743875	22.354434
183	5.215560	6.531026	11.746586	22.486516
183.1	1.242430	10.499129	11.741560	22.562843
183.2	3.709193	8.026156	11.735349	22.579113
183.3	9.288744	2.447385	11.736129	22.543031
183.4	10.594053	1.148726	11.742779	22.471975
183.5	6.011629	5.734742	11.746371	22.388944
183.6	1.795715	9.946440	11.742156	22.317724
183.7	3.609841	8.126069	11.735910	22.278248
183.8	8.906522	2.829595	11.736117	22.283001
183.9	10.405113	1.337398	11.742511	22.335060
184	5.954755	5.791688	11.746443	22.428088
184.1	1.464623	10.277940	11.742562	22.548234
184.2	2.958882	8.777145	11.736026	22.677502
184.3	8.480611	3.254940	11.735551	22.797829
184.4	10.728857	1.012860	11.741716	22.894909
184.5	6.821938	4.924332	11.746270	22.960802
184.6	2.048530	9.694727	11.743257	22.994655
184.7	2.676746	9.060155	11.736901	23.001384
184.8	7.614821	4.120925	11.735745	22.988756
184.9	10.087043	1.654099	11.741142	22.963885
185	6.860851	4.884773	11.745623	22.930341
185.1	2.489908	9.253237	11.743144	22.886962
185.2	2.993292	8.743887	11.737179	22.828853
185.3	7.699795	4.036051	11.735846	22.750298
185.4	10.262329	1.478564	11.740893	22.648522
185.5	7.282759	4.462721	11.745480	22.526843
185.6	2.804728	8.938794	11.743522	22.395814
185.7	2.762660	8.975120	11.737780	22.271612
185.8	7.081351	4.654551	11.735903	22.171880
185.9	10.020115	1.720003	11.740118	22.110246
186	7.978964	3.765590	11.744553	22.091355
186.1	4.066823	7.676625	11.743448	22.108273
186.2	3.532806	8.205967	11.738772	22.143429
186.3	6.662697	5.074388	11.737085	22.173115
186.4	8.801133	2.939274	11.740406	22.174291
186.5	7.045894	4.697870	11.743764	22.131567
186.6	4.136682	7.605732	11.742414	22.042021
186.7	4.353383	7.385021	11.738404	21.916191
186.8	7.443470	4.293998	11.737468	21.774796
186.9	9.079041	2.661866	11.740907	21.642241
187	6.994009	4.749885	11.743895	21.539081
187.1	4.083394	7.658970	11.742365	21.476008
187.2	4.231237	7.507411	11.738648	21.451411
187.3	6.900190	4.837813	11.738004	21.453256
187.4	8.094237	3.646898	11.741135	21.464481
187.5	6.166974	5.576353	11.743327	21.469790
187.6	4.125216	7.616105	11.741321	21.461234
187.7	5.171531	6.566522	11.738053	21.440405
187.8	7.928792	3.809652	11.738445	21.416425
187.9	8.287712	3.454511	11.742223	21.400526
188	5.358654	6.385428	11.744082	21.399484
188.1	3.008507	8.732653	11.741160	21.410689
188.2	4.570746	7.166553	11.737299	21.421182
188.3	8.056390	3.681467	11.737857	21.411486
188.4	8.738016	3.004150	11.742166	21.363202
188.5	5.700555	6.043723	11.744278	21.267705
188.6	3.202946	8.538276	11.741222	21.132568
188.7	4.771554	6.965718	11.737272	20.982865
188.8	8.183731	3.554348	11.738079	20.856168
188.9	8.485976	3.256681	11.742656	20.792292
189	5.021687	6.722847	11.744534	20.820845
189.1	2.606943	9.133824	11.740767	20.950728
189.2	4.922391	6.813950	11.736342	21.165346
189.3	9.156161	2.581355	11.737516	21.425594
189.4	9.563928	2.179104	11.743032	21.680122
189.5	5.371693	6.373783	11.745476	21.879877
189.6	2.130303	9.611024	11.741327	21.992365
189.7	4.323424	7.412603	11.736027	22.010988
189.8	9.139882	2.596925	11.736808	21.956326
189.9	10.087866	1.654907	11.742772	21.868896
190	5.804906	5.940964	11.745870	21.795714
190.1	2.081267	9.660494	11.741761	21.775131
190.2	4.099344	7.636554	11.735898	21.824947
190.3	9.275267	2.461059	11.736325	21.937734
190.4	10.558304	1.184402	11.742706	22.084795
190.5	5.964534	5.781991	11.746525	22.227235
190.6	1.473787	10.268684	11.742470	22.330190
190.7	3.162302	8.573437	11.735739	22.375203
190.8	9.000916	2.734342	11.735257	22.366440
190.9	11.401301	0.340454	11.741755	22.328626
191	7.238252	4.508461	11.746714	22.297522
191.1	1.977086	9.766608	11.743694	22.306405
191.2	2.380799	9.356069	11.736869	22.373389
191.3	7.573676	4.161665	11.735341	22.494158
191.4	10.396727	1.344216	11.740943	22.642734
191.5	7.115313	4.630606	11.745919	22.780083
191.6	2.360329	9.383175	11.743503	22.867586
191.7	2.728836	9.008203	11.737038	22.880697
191.8	7.798524	3.936836	11.735360	22.818002
191.9	10.705918	1.034895	11.740813	22.702526
192	7.433734	4.312376	11.746110	22.574768
192.1	2.227067	9.517114	11.744180	22.479817
192.2	1.890374	9.847259	11.737633	22.452883
192.3	6.732136	5.003003	11.735139	22.508076
192.4	10.302535	1.437262	11.739797	22.634079
192.5	8.091615	3.653568	11.745183	22.797982
192.6	3.385943	8.358240	11.744183	22.955763
192.7	2.577240	9.161229	11.738470	23.065756
192.8	6.524202	5.211727	11.735929	23.100579
192.9	9.644152	2.095711	11.739863	23.053753
193	7.683426	4.061287	11.744714	22.939225
193.1	3.433672	8.310169	11.743841	22.784513
193.2	2.763963	8.974553	11.738516	22.620352
193.3	6.615422	5.120560	11.735982	22.470689
193.4	9.862278	1.877258	11.739535	22.346513
193.5	8.342501	3.401757	11.744259	22.245328
193.6	4.329479	7.414444	11.743922	22.155917
193.7	3.185625	8.553716	11.739341	22.066064
193.8	6.092646	5.644235	11.736881	21.969906
193.9	8.801803	2.937796	11.739599	21.871896
194	7.739428	4.003925	11.743353	21.785781
194.1	4.779486	6.963427	11.742913	21.728999
194.2	4.261616	7.477593	11.739208	21.714754
194.3	6.783373	4.954327	11.737700	21.744944
194.4	8.540688	3.199816	11.740504	21.806879
194.5	6.914456	4.829038	11.743494	21.875337
194.6	4.223248	7.519074	11.742322	21.919548
194.7	4.354146	7.384496	11.738642	21.912825
194.8	7.166411	4.571308	11.737719	21.841558
194.9	8.671421	3.069476	11.740897	21.710388
195	6.721116	5.022546	11.743662	21.541659
195.1	4.081901	7.660180	11.742081	21.369206
195.2	4.481823	7.256627	11.738449	21.228422
195.3	7.242659	4.495391	11.738050	21.145848
195.4	8.203954	3.537603	11.741557	21.131609
195.5	5.734234	6.009679	11.743913	21.177069
195.6	3.267303	8.474176	11.741479	21.258297
195.7	4.553189	7.184228	11.737417	21.344012
195.8	8.177112	3.560387	11.737498	21.405318
195.9	9.220077	2.521870	11.741947	21.424032
196	6.040598	5.704214	11.744812	21.397095
196.1	2.765717	8.976361	11.742078	21.335927
196.2	3.778060	7.959311	11.737371	21.261344
196.3	7.650841	4.086293	11.737134	21.196029
196.4	9.022264	2.719434	11.741698	21.157231
196.5	6.017069	5.727602	11.744671	21.152052
196.6	2.954416	8.787341	11.741757	21.176668
196.7	4.386988	7.349918	11.736906	21.219379
196.8	8.587767	3.149277	11.737044	21.266129
196.9	9.673620	2.068748	11.742368	21.306396
197	5.751087	5.994612	11.745698	21.337384
197.1	1.886082	9.856094	11.742176	21.365149
197.2	3.465258	8.270936	11.736194	21.402425
197.3	8.743645	2.992135	11.735780	21.463983
197.4	10.877372	0.864342	11.741714	21.561149
197.5	7.026583	4.719617	11.746200	21.697236
197.6	2.299012	9.444212	11.743224	21.865305
197.7	3.005079	8.731671	11.736750	22.048875
197.8	8.155711	3.579806	11.735517	22.225331
197.9	10.726222	1.015027	11.741248	22.371040
198	7.131961	4.614253	11.746214	22.466831
198.1	2.164643	9.578953	11.743597	22.502485
198.2	2.613300	9.123479	11.736779	22.479222
198.3	8.065385	3.669531	11.734916	22.409719
198.4	11.319349	0.421290	11.740639	22.315701
198.5	7.971642	3.774781	11.746423	22.223668
198.6	2.346288	9.398315	11.744603	22.159618
198.7	1.778948	9.958661	11.737609	22.143788
198.8	6.888907	4.845792	11.734700	22.186464
198.9	10.840315	0.899282	11.739598	22.285721
199	8.500331	3.245310	11.745641	22.427649
199.1	3.171380	8.573451	11.744831	22.589163
199.2	1.975838	9.762659	11.738496	22.742923
199.3	6.274107	5.461180	11.735287	22.863379
199.4	10.023026	1.716391	11.739417	22.932546
199.5	8.097317	3.647795	11.745111	22.944076
199.6	3.191032	8.553555	11.744587	22.904501
199.7	2.044904	9.693684	11.738588	22.831202
199.8	6.275644	5.459604	11.735248	22.747559
199.9	10.245664	1.493371	11.739035	22.676575
200	8.709054	3.035772	11.744827	22.634774
200.1	3.786756	7.958202	11.744957	22.628154
200.2	1.959857	9.779625	11.739483	22.651388
200.3	5.371337	6.364499	11.735836	22.690453
200.4	9.211306	2.527361	11.738667	22.727770
200.5	8.441026	3.302763	11.743789	22.748077
200.6	4.500217	7.243974	11.744191	22.743049
200.7	3.021349	8.718229	11.739578	22.713086
200.8	6.008097	5.728376	11.736474	22.665730
200.9	9.256541	2.482563	11.739104	22.611397
201	8.299356	3.444389	11.743745	22.558113
201.1	4.494475	7.249583	11.744058	22.507378
201.2	3.000310	8.739457	11.739767	22.452882
201.3	5.695770	6.041008	11.736778	22.382763
201.4	8.835054	2.903877	11.738931	22.284721
201.5	8.384878	3.358076	11.742953	22.152141
201.6	5.419062	6.324271	11.743333	21.988845
201.7	4.236779	7.503189	11.739968	21.810439
201.8	6.203620	5.534323	11.737944	21.641363
201.9	8.073119	3.666979	11.740098	21.508313
202	6.919939	4.823137	11.743076	21.432098
202.1	4.435223	7.307116	11.742339	21.420694
202.2	4.427389	7.311424	11.738813	21.466033
202.3	7.187769	4.549850	11.737618	21.545821
202.4	8.889787	2.850896	11.740683	21.629978
202.5	6.995530	4.748293	11.743824	21.689634
202.6	3.988439	7.754140	11.742579	21.705661
202.7	3.997420	7.741191	11.738611	21.673808
202.8	6.961300	4.776197	11.737497	21.604701
202.9	8.625825	3.115038	11.740863	21.518767
203	6.534398	5.209554	11.743952	21.437993
203.1	3.606924	8.135339	11.742263	21.377621
203.2	4.105768	7.632265	11.738033	21.340870
203.3	7.512170	4.225126	11.737296	21.318724
203.4	9.021095	2.720272	11.741367	21.294865
203.5	6.236611	5.508093	11.744703	21.253870
203.6	2.778752	8.963708	11.742459	21.189440
203.7	3.503335	8.234084	11.737419	21.109283
203.8	7.704422	4.032044	11.736466	21.034415
203.9	9.803314	1.937799	11.741113	20.992691
204	6.890389	4.854773	11.745163	21.008608
204.1	2.848287	8.894758	11.743044	21.093029
204.2	3.182900	8.554667	11.737567	21.236738
204.3	7.447747	4.288513	11.736260	21.410663
204.4	9.724520	2.016516	11.741036	21.573298
204.5	6.738758	5.006593	11.745351	21.683295
204.6	2.549108	9.193945	11.743053	21.713212
204.7	3.155744	8.581255	11.736999	21.659701
204.8	8.166077	3.569385	11.735462	21.546421
204.9	10.991137	0.749739	11.740876	21.418255
205	7.638028	4.108195	11.746224	21.328327
205.1	2.305027	9.439252	11.744279	21.321827
205.2	1.998752	9.738684	11.737436	21.421815
205.3	7.184797	4.549915	11.734713	21.621700
205.4	11.058243	0.681484	11.739727	21.886893
205.5	8.572471	3.173308	11.745779	22.165181
205.6	3.175631	8.569163	11.744794	22.402441
205.7	2.166219	9.571945	11.738163	22.558586
205.8	6.867009	4.867878	11.734887	22.618606
205.9	10.840799	0.898645	11.739444	22.595254
206	8.575295	3.170438	11.745733	22.522792
206.1	2.953678	8.791581	11.745259	22.444204
206.2	1.443141	10.295416	11.738556	22.396423
206.3	6.111854	5.622635	11.734489	22.398642
206.4	10.865273	0.873127	11.738400	22.447560
206.5	9.558012	2.187039	11.745051	22.520889
206.6	4.069567	7.676156	11.745724	22.587522
206.7	1.617917	10.121900	11.739818	22.620477
206.8	5.105062	6.630331	11.735394	22.607837
206.9	9.487691	2.250511	11.738202	22.557752
207	8.817792	2.926325	11.744116	22.495767
207.1	4.229665	7.515339	11.745004	22.455508
207.2	2.153110	9.586681	11.739791	22.466142
207.3	5.442256	6.293459	11.735715	22.541135
207.4	9.567438	2.170899	11.738337	22.672328
207.5	8.889647	2.854397	11.744044	22.831452
207.6	4.317383	7.427723	11.745106	22.978584
207.7	1.984539	9.755629	11.740168	23.074600
207.8	4.934229	6.801687	11.735917	23.093390
207.9	9.152678	2.585241	11.737919	23.029728
208	9.134078	2.609173	11.743250	22.900269
208.1	5.210524	6.534216	11.744740	22.737571
208.2	2.794101	8.946606	11.740707	22.579374
208.3	4.908650	6.828249	11.736899	22.456909
208.4	8.333411	3.404965	11.738375	22.386132
208.5	8.349913	3.392822	11.742735	22.364593
208.6	5.233719	6.510075	11.743794	22.374557
208.7	3.587483	8.152754	11.740237	22.390821
208.8	5.770166	5.967038	11.737203	22.390118
208.9	8.705569	3.033355	11.738924	22.358698
209	8.334303	3.408595	11.742898	22.295548
209.1	5.268407	6.475190	11.743596	22.210496
209.2	3.772141	7.968089	11.740230	22.118383
209.3	5.720821	6.016842	11.737663	22.031885
209.4	8.128612	3.610783	11.739395	21.955958
209.5	7.582505	4.160188	11.742693	21.886098
209.6	5.114596	6.628086	11.742682	21.811043
209.7	4.565202	7.174224	11.739426	21.718777
209.8	6.877408	4.860421	11.737829	21.603359
209.9	8.605698	3.134789	11.740487	21.469777
210	6.889144	4.854606	11.743749	21.334709
210.1	3.795094	7.947695	11.742789	21.222595
210.2	3.646540	8.092071	11.738612	21.158178
210.3	6.891396	4.845545	11.736941	21.158005
210.4	9.212202	2.528050	11.740252	21.223848
210.5	7.401861	4.342235	11.744096	21.340431
210.6	3.913699	7.829436	11.743135	21.478412
210.7	3.570770	8.167887	11.738657	21.601836
210.8	6.819493	4.917470	11.736963	21.677788
210.9	8.971230	2.769359	11.740589	21.685286
211	6.724828	5.019716	11.744544	21.620720
211.1	2.989209	8.753876	11.743085	21.498309
211.2	3.078014	8.659857	11.737871	21.345609
211.3	7.270803	4.465207	11.736010	21.195656
211.4	10.083922	1.656414	11.740336	21.078209
211.5	7.603045	4.142175	11.745220	21.012683
211.6	2.986011	8.758001	11.744012	21.004638
211.7	2.399737	9.338457	11.738193	21.046451
211.8	6.667255	5.068339	11.735594	21.121493
211.9	10.022269	1.717526	11.739796	21.210175
212	7.888244	3.856865	11.745109	21.295843
212.1	3.194458	8.549742	11.744200	21.368834
212.2	2.486531	9.251646	11.738177	21.427753
212.3	6.943379	4.791896	11.735276	21.478026
212.4	10.568230	1.171450	11.739679	21.528564
212.5	8.252832	3.492768	11.745600	21.587840
212.6	2.889347	8.855571	11.744918	21.660655
212.7	1.718673	10.019579	11.738253	21.746477
212.8	6.597246	5.137150	11.734397	21.839673
212.9	11.290307	0.448312	11.738620	21.931365
213	9.634141	2.111346	11.745487	22.012234
213.1	3.755149	7.990837	11.745987	22.075448
213.2	1.303776	10.435744	11.739521	22.118914
213.3	5.333187	6.401504	11.734691	22.146294
213.4	10.331583	1.406221	11.737804	22.166521
213.5	9.668359	2.076156	11.744516	22.191859
213.6	4.420007	7.325775	11.745782	22.234865
213.7	1.775631	9.964382	11.740013	22.304871
213.8	5.290459	6.444635	11.735094	22.404793
213.9	10.150912	1.586765	11.737677	22.529110
214	9.734372	2.009895	11.744267	22.663760
214.1	4.520148	7.225878	11.746026	22.788305
214.2	1.381360	10.359306	11.740666	22.880192
214.3	4.355008	7.380373	11.735380	22.920304
214.4	9.366552	2.370524	11.737076	22.898460
214.5	9.844617	1.898613	11.743230	22.817307
214.6	5.460476	6.285081	11.745557	22.693258
214.7	2.270343	9.470884	11.741227	22.553812
214.8	4.372885	7.363518	11.736403	22.431590
214.9	8.536908	3.200710	11.737618	22.356462
215	8.889075	2.853889	11.742963	22.347847
215.1	4.993316	6.751648	11.744964	22.409415
215.2	2.298695	9.442193	11.740888	22.527853
215.3	4.579406	7.156932	11.736338	22.676232
215.4	8.828233	2.909225	11.737458	22.821097
215.5	9.441908	2.300730	11.742639	22.931246
215.6	5.779450	5.965465	11.744916	22.985584
215.7	2.815350	8.926138	11.741489	22.977703
215.8	4.278791	7.458460	11.737251	22.915891
215.9	7.812954	3.924880	11.737834	22.818755
216	8.551069	3.190945	11.742014	22.708114
216.1	5.836810	5.906990	11.743800	22.601662
216.2	3.806169	7.934723	11.740892	22.507954
216.3	5.366417	6.371231	11.737648	22.425318
216.4	8.191553	3.547153	11.738706	22.344904
216.5	8.205669	3.536797	11.742467	22.256450
216.6	5.414315	6.329214	11.743529	22.154419
216.7	3.822719	7.917690	11.740409	22.041946
216.8	5.692978	6.044597	11.737575	21.930913
216.9	8.361198	3.377829	11.739027	21.837955
217	8.083259	3.659372	11.742631	21.777817
217.1	5.364371	6.378855	11.743226	21.756629
217.2	4.168664	7.571369	11.740034	21.767831
217.3	6.168723	5.569047	11.737770	21.792632
217.4	8.303355	3.436474	11.739829	21.805254
217.5	7.218951	4.524330	11.743281	21.781383
217.6	4.275551	7.467400	11.742952	21.706942
217.7	3.810984	7.927972	11.738956	21.583980
217.8	6.893069	4.843805	11.736874	21.431358
217.9	9.440945	2.299028	11.739972	21.279642
218	7.711094	4.033217	11.744311	21.161739
218.1	3.691050	8.052844	11.743894	21.102343
218.2	2.684967	9.054070	11.739037	21.109859
218.3	6.094340	5.641897	11.736237	21.173664
218.4	9.328712	2.410649	11.739361	21.267781
218.5	7.979574	3.764604	11.744178	21.359735
218.6	3.924991	7.819030	11.744021	21.421536
218.7	2.843784	8.895234	11.739018	21.438865
218.8	6.350808	5.385306	11.736114	21.415204
218.9	9.586729	2.152818	11.739547	21.369374
219	7.822667	3.922117	11.744784	21.327411
219.1	3.157662	8.586847	11.744509	21.311769
219.2	1.939965	9.798768	11.738734	21.331920
219.3	6.134016	5.601098	11.735115	21.379989
219.4	10.387761	1.350919	11.738681	21.433283
219.5	9.067778	2.677052	11.744830	21.463033
219.6	3.910859	7.834482	11.745341	21.446315
219.7	1.820700	9.918791	11.739491	21.376782
219.8	5.585400	6.149782	11.735182	21.270030
219.9	10.044795	1.693511	11.738305	21.161216
220	9.039868	2.704798	11.744666	21.095210
220.1	3.844051	7.901488	11.745539	21.112273
220.2	1.583444	10.156077	11.739521	21.234012
220.3	5.611039	6.123575	11.734614	21.454484
220.4	10.802675	0.934871	11.737546	21.739759
220.5	10.267527	1.477094	11.744621	22.036483
220.6	4.582508	7.164010	11.746518	22.286956
220.7	1.134502	10.606211	11.740713	22.445987
220.8	4.365448	7.369419	11.734867	22.494109
220.9	9.929809	1.806814	11.736622	22.442893
221	10.535168	1.208314	11.743482	22.330669
221.1	5.595969	6.150322	11.746291	22.210113
221.2	1.822153	9.919348	11.741501	22.131815
221.3	4.125504	7.610244	11.735747	22.129162
221.4	9.149512	2.587240	11.736751	22.209343
221.5	9.992445	1.750534	11.742979	22.353098
221.6	5.556153	6.189761	11.745914	22.522883
221.7	1.898560	9.843080	11.741640	22.676330
221.8	3.950901	7.785100	11.736001	22.780262
221.9	8.914391	2.822176	11.736567	22.820547
222	10.148155	1.594315	11.742469	22.804741
222.1	6.096043	5.649733	11.745776	22.757070
222.2	2.194169	9.548089	11.742258	22.708006
222.3	3.430356	8.306510	11.736866	22.682431
222.4	7.795457	3.941313	11.736771	22.690723
222.5	9.318638	2.423089	11.741727	22.725833
222.6	6.225937	5.518830	11.744767	22.767141
222.7	3.066991	8.674905	11.741896	22.789411
222.8	4.218967	7.518381	11.737348	22.773355
222.9	7.919975	3.817506	11.737481	22.713831
223	8.914470	2.827537	11.742007	22.622662
223.1	5.794975	5.949617	11.744592	22.525071
223.2	2.860144	8.881551	11.741695	22.451053
223.3	4.118305	7.619021	11.737326	22.424805
223.4	7.855673	3.881691	11.737364	22.455971
223.5	9.142074	2.599460	11.741535	22.535762
223.6	6.572999	5.171063	11.744063	22.639243
223.7	3.916316	7.825451	11.741767	22.732900
223.8	4.672463	7.065758	11.738221	22.784813
223.9	7.346888	4.391540	11.738428	22.773971
224	7.906826	3.834964	11.741790	22.695694
224.1	5.655898	6.087318	11.743216	22.561610
224.2	4.116282	7.624282	11.740564	22.394577
224.3	5.800368	5.937338	11.737706	22.220648
224.4	8.472598	3.266309	11.738907	22.061055
224.5	8.302750	3.439866	11.742616	21.926947
224.6	5.409540	6.334043	11.743583	21.818443
224.7	3.810496	7.929877	11.740373	21.727863
224.8	5.734800	6.002727	11.737528	21.645495
224.9	8.375777	3.363385	11.739162	21.565381
225	7.832918	3.910085	11.743003	21.488792
225.1	4.761944	6.981521	11.743465	21.424028
225.2	3.616135	8.123507	11.739641	21.382705
225.3	6.311769	5.425102	11.736871	21.374076
225.4	9.228105	2.511241	11.739347	21.399673
225.5	8.062896	3.681069	11.743965	21.450524
225.6	4.005379	7.738917	11.744297	21.508187
225.7	2.462699	9.276835	11.739534	21.549514
225.8	5.718390	6.017580	11.735970	21.553629
225.9	9.560025	2.178538	11.738563	21.508818
226	8.800861	2.943121	11.743981	21.416983
226.1	4.378791	7.366115	11.744906	21.294104
226.2	2.233753	9.506262	11.740014	21.166439
226.3	5.255481	6.480476	11.735957	21.063587
226.4	9.248664	2.489692	11.738356	21.010479
226.5	8.608140	3.135846	11.743986	21.020675
226.6	4.093408	7.651613	11.745022	21.092850
226.7	1.968950	9.770841	11.739792	21.211362
226.8	5.443847	6.291475	11.735323	21.350544
226.9	10.047298	1.690605	11.737902	21.481362
227	9.484914	2.259426	11.744340	21.578518
227.1	4.244420	7.501587	11.746008	21.626142
227.2	1.199973	10.540498	11.740471	21.620779
227.3	4.487051	7.247924	11.734975	21.571214
227.4	9.862588	1.874259	11.736847	21.495544
227.5	10.279677	1.463932	11.743609	21.416486
227.6	5.307179	6.439043	11.746222	21.356219
227.7	1.710474	10.030749	11.741224	21.331925
227.8	4.340774	7.394641	11.735416	21.352901
227.9	9.584650	2.152052	11.736702	21.419611
228	10.241365	1.502027	11.743392	21.524663
228.1	5.288359	6.458070	11.746428	21.655273
228.2	1.353080	10.388504	11.741585	21.796604
228.3	3.852196	7.883019	11.735215	21.935191
228.4	9.684531	2.051258	11.735789	22.061708
228.5	11.293468	0.449122	11.742590	22.172446
228.6	6.655402	5.091304	11.746706	22.269127
228.7	1.860192	9.882719	11.742910	22.357109
228.8	2.960152	8.776305	11.736457	22.442425
228.9	8.085551	3.650304	11.735856	22.528563
229	10.242955	1.498593	11.741548	22.614018
229.1	6.762602	4.983036	11.745638	22.691594
229.2	2.634449	9.108268	11.742717	22.749935
229.3	3.505173	8.231828	11.737001	22.777093
229.4	8.052203	3.684133	11.736335	22.765155
229.5	9.980718	1.760805	11.741523	22.714439
229.6	6.659644	5.085800	11.745444	22.635658
229.7	2.579465	9.163400	11.742865	22.548930
229.8	3.134676	8.602734	11.737410	22.479450
229.9	7.387133	4.349280	11.736414	22.450751
230	9.560362	2.180606	11.740968	22.477468
230.1	6.941783	4.802941	11.744725	22.559924
230.2	3.333619	8.409122	11.742742	22.682489
230.3	3.604991	8.133061	11.738052	22.816652
230.4	7.082276	4.654898	11.737174	22.928246
230.5	8.770006	2.971088	11.741095	22.986872
230.6	6.399560	5.344605	11.744165	22.974698
230.7	3.442290	8.299833	11.742124	22.891866
230.8	4.110746	7.627172	11.737918	22.756683
230.9	7.498820	4.238598	11.737418	22.600385
231	8.958869	2.782364	11.741234	22.458055
231.1	6.594519	5.149517	11.744037	22.358487
231.2	3.763363	7.978717	11.742081	22.316225
231.3	4.274696	7.463593	11.738289	22.328235
231.4	7.168269	4.569669	11.737938	22.376151
231.5	8.313189	3.428053	11.741241	22.433146
231.6	6.338665	5.404615	11.743280	22.472947
231.7	4.420188	7.320984	11.741172	22.477837
231.8	5.512104	6.226061	11.738165	22.442965
231.9	7.986812	3.752038	11.738850	22.375673
232	7.999921	3.742482	11.742403	22.290409
232.1	5.202805	6.540820	11.743625	22.201444
232.2	3.508177	8.232254	11.740431	22.116356
232.3	5.589739	6.147366	11.737105	22.032946
232.4	8.860115	2.878319	11.738434	21.940856
232.5	8.844393	2.898432	11.742825	21.827301
232.6	5.451769	6.292492	11.744261	21.684629
232.7	3.292333	8.448339	11.740672	21.516588
232.8	5.328760	6.408265	11.737025	21.340506
232.9	8.625896	3.112641	11.738537	21.184050
233	8.329972	3.413271	11.743244	21.077263
233.1	4.560999	7.183478	11.744477	21.042470
233.2	2.536307	9.203838	11.740145	21.085639
233.3	5.413668	6.322318	11.735986	21.192511
233.4	9.627395	2.110515	11.737910	21.331282
233.5	9.439111	2.304579	11.743690	21.461347
233.6	4.794571	6.951065	11.745636	21.545410
233.7	1.690553	10.050416	11.740968	21.560977
233.8	4.226025	7.509794	11.735819	21.507253
233.9	8.991680	2.745422	11.737103	21.405010
234	9.568462	2.174633	11.743095	21.289319
234.1	5.217176	6.528463	11.745639	21.197597
234.2	1.943717	9.797490	11.741208	21.157045
234.3	4.335777	7.400048	11.735824	21.175858
234.4	9.205382	2.531572	11.736954	21.241273
234.5	9.814362	1.928883	11.743246	21.325123
234.6	5.101626	6.644537	11.746163	21.394906
234.7	1.341454	10.400078	11.741532	21.426361
234.8	3.769792	7.965593	11.735385	21.412964
234.9	9.397402	2.338595	11.735997	21.368830
235	10.838794	0.903907	11.742702	21.323826
235.1	6.171294	5.575342	11.746636	21.312536
235.2	1.577582	10.164988	11.742569	21.360966
235.3	3.127753	8.608190	11.735943	21.475835
235.4	8.683679	3.051916	11.735595	21.640440
235.5	10.799130	0.942785	11.741915	21.818891
235.6	6.716933	5.029431	11.746364	21.967515
235.7	2.027195	9.715778	11.742973	22.049698
235.8	3.105438	8.630905	11.736342	22.049072
235.9	8.540063	3.195342	11.735405	21.976422
236	11.054498	0.686930	11.741428	21.867720
236.1	7.270403	4.475969	11.746373	21.773689
236.2	2.183169	9.560541	11.743709	21.744174
236.3	2.445086	9.291976	11.737062	21.812367
236.4	7.571361	4.163845	11.735206	21.984049
236.5	10.776426	0.963932	11.740358	22.235319
236.6	8.074636	3.670852	11.745488	22.519505
236.7	3.344796	8.399164	11.743960	22.780926
236.8	2.815514	8.922745	11.738258	22.970998
236.9	6.726287	5.009949	11.736237	23.061559
237	9.380851	2.359514	11.740365	23.051333
237.1	7.143260	4.601409	11.744669	22.963890
237.2	3.287026	8.456149	11.743176	22.838272
237.3	3.270225	8.467816	11.738041	22.715802
237.4	7.181654	4.554720	11.736375	22.627622
237.5	9.711632	2.028797	11.740429	22.586952
237.6	7.466935	4.277731	11.744666	22.588189
237.7	3.493370	8.250100	11.743470	22.612475
237.8	2.978600	8.760099	11.738699	22.637164
237.9	6.257126	5.479733	11.736860	22.645417
238	8.662609	3.077523	11.740131	22.632426
238.1	7.109703	4.633967	11.743670	22.606200
238.2	4.152991	7.589604	11.742595	22.582985
238.3	4.113725	7.624966	11.738691	22.579393
238.4	6.967484	4.770140	11.737624	22.604443
238.5	8.546979	3.193892	11.740872	22.654641
238.6	6.555531	5.188229	11.743761	22.713989
238.7	3.804310	7.937867	11.742177	22.758923
238.8	4.186130	7.552231	11.738361	22.766357
238.9	7.181002	4.556661	11.737663	22.721858
239	8.650507	3.090463	11.740970	22.625010
239.1	6.707076	5.036460	11.743536	22.490038
239.2	4.301981	7.439807	11.741788	22.341492
239.3	4.911351	6.827039	11.738390	22.206558
239.4	7.533151	4.205207	11.738357	22.106661
239.5	8.175613	3.566172	11.741785	22.051201
239.6	5.726630	6.016987	11.743617	22.035450
239.7	3.738176	8.002752	11.740928	22.043070
239.8	5.384849	6.352509	11.737358	22.052165
239.9	8.685734	3.052421	11.738154	22.042593
240	8.992372	2.750222	11.742593	22.002016
240.1	5.547360	6.197258	11.744618	21.928755
240.2	2.876365	8.864824	11.741189	21.830767
240.3	4.709574	7.027226	11.736800	21.721503
240.4	8.677870	3.059660	11.737530	21.614416
240.5	9.337243	2.405321	11.742564	21.518277
240.6	5.652156	6.092880	11.745036	21.434953
240.7	2.615689	9.125709	11.741399	21.360320
240.8	4.489370	7.247160	11.736530	21.287716
240.9	8.793515	2.943728	11.737243	21.212450
241	9.489724	2.253105	11.742829	21.135473
241.1	5.285032	6.460681	11.745713	21.064746
241.2	1.689040	10.052657	11.741697	21.013652
241.3	3.708520	8.027405	11.735925	20.996933
241.4	8.924628	2.811545	11.736173	21.025521
241.5	10.502322	1.239972	11.742294	21.101994
241.6	6.315953	5.430256	11.746209	21.218246
241.7	1.891697	9.851009	11.742706	21.356178
241.8	3.040342	8.696186	11.736529	21.491322
241.9	8.037814	3.698211	11.736025	21.598388
242	9.975546	1.766282	11.741828	21.657233
242.1	6.180335	5.565604	11.745939	21.657660
242.2	1.923058	9.819529	11.742587	21.601873
242.3	3.274603	8.461592	11.736195	21.504073
242.4	8.726385	3.009129	11.735514	21.387401
242.5	11.023731	0.718005	11.741736	21.279053
242.6	6.904547	4.842139	11.746686	21.204692
242.7	1.638614	10.105089	11.743702	21.183344
242.8	2.133941	9.602683	11.736625	21.223781
242.9	7.760715	3.974031	11.734746	21.323018
243	11.182626	0.557824	11.740450	21.467179
243.1	8.088743	3.657354	11.746097	21.634528
243.2	2.811249	8.933037	11.744287	21.800103
243.3	2.400701	9.336964	11.737665	21.941042
243.4	7.217109	4.518086	11.735195	22.041498
243.5	10.629675	1.110402	11.740077	22.096051
243.6	8.046323	3.699276	11.745599	22.110722
243.7	3.023811	8.720513	11.744324	22.101212
243.8	2.350305	9.387747	11.738051	22.088666
243.9	6.905963	4.829260	11.735223	22.093939
244	10.604470	1.135047	11.739518	22.131888
244.1	8.631918	3.113170	11.745088	22.207294
244.2	3.757562	7.987052	11.744614	22.313705
244.3	2.389122	9.349922	11.739043	22.435643
244.4	5.984370	5.751600	11.735970	22.553587
244.5	9.415533	2.323718	11.739251	22.650226
244.6	8.148313	3.595764	11.744078	22.715940
244.7	4.237007	7.506865	11.743872	22.751643
244.8	3.162375	8.576853	11.739228	22.767891
244.9	6.212719	5.524029	11.736748	22.780457
245	8.927764	2.812012	11.739776	22.803783
245.1	7.465151	4.278795	11.743946	22.844633
245.2	3.887488	7.855949	11.743437	22.898288
245.3	3.165169	8.573850	11.739019	22.948922
245.4	6.270141	5.466664	11.736805	22.974362
245.5	8.950821	2.788902	11.739723	22.953860
245.6	7.684991	4.058636	11.743626	22.876324
245.7	4.415900	7.327332	11.743233	22.746080
245.8	3.632012	8.107376	11.739388	22.583908
245.9	6.106047	5.631563	11.737610	22.422571
246	8.063657	3.676567	11.740224	22.297949
246.1	6.720121	5.023121	11.743242	22.238445
246.2	4.211310	7.530901	11.742211	22.256077
246.3	4.408918	7.329681	11.738599	22.342246
246.4	7.270734	4.466925	11.737659	22.469703
246.5	8.824190	2.916691	11.740881	22.600227
246.6	6.819374	4.924421	11.743795	22.695601
246.7	3.993927	7.748361	11.742288	22.728364
246.8	4.252433	7.486049	11.738482	22.688894
246.9	7.140377	4.597386	11.737763	22.586645
247	8.491463	3.249652	11.741115	22.445344
247.1	6.402732	5.340913	11.743644	22.294058
247.2	4.033323	7.708234	11.741558	22.157363
247.3	5.098337	6.639411	11.737747	22.048092
247.4	8.354211	3.383660	11.737871	21.965068
247.5	9.073442	2.668757	11.742200	21.896349
247.6	5.753382	5.991437	11.744819	21.826435
247.7	2.642071	9.099665	11.741736	21.744423
247.8	4.148136	7.588632	11.736768	21.649789
247.9	8.591711	3.144974	11.736685	21.553399
248	10.121717	1.620170	11.741887	21.473272
248.1	6.573357	5.172154	11.745511	21.426670
248.2	2.595377	9.147229	11.742606	21.421664
248.3	3.502353	8.234670	11.737023	21.451660
248.4	8.014911	3.721462	11.736373	21.495395
248.5	9.876342	1.865300	11.741642	21.522926
248.6	6.373635	5.372021	11.745656	21.505819
248.7	2.192495	9.550273	11.742768	21.428031
248.8	3.151144	8.585572	11.736716	21.293461
248.9	8.173699	3.562053	11.735752	21.127113
249	10.521527	1.219886	11.741413	20.968950
249.1	6.856068	4.890137	11.746204	20.862110
249.2	1.913160	9.830437	11.743596	20.839243
249.3	2.284558	9.452379	11.736937	20.911562
249.4	7.542272	4.192830	11.735102	21.064441
249.5	10.717983	1.022585	11.740568	21.261280
249.6	7.620962	4.125047	11.746009	21.454498
249.7	2.476747	9.267379	11.744126	21.600131
249.8	2.233081	9.504421	11.737502	21.671157
249.9	7.174780	4.560353	11.735133	21.665110
250	10.535798	1.204458	11.740256	21.603468
250.1	7.673646	4.072283	11.745929	21.523133
250.2	2.417706	9.326674	11.744380	21.463041
250.3	1.969461	9.768083	11.737544	21.450609
250.4	7.182210	4.552328	11.734538	21.492760
250.5	11.315941	0.423506	11.739447	21.574596
250.6	8.974314	2.771525	11.745839	21.666105
250.7	3.253344	8.492017	11.745362	21.734393
250.8	1.577220	10.161596	11.738815	21.757014
250.9	5.883426	5.851496	11.734922	21.731513
251	10.267774	1.470843	11.738618	21.677698
251.1	9.034360	2.710296	11.744656	21.631652
251.2	4.192514	7.552403	11.744917	21.633477
251.3	2.462927	9.276374	11.739301	21.712972
251.4	6.114358	5.621232	11.735590	21.878220
251.5	10.061169	1.677601	11.738770	22.111129
251.6	8.909707	2.834724	11.744431	22.371595
251.7	4.212083	7.532866	11.744949	22.609025
251.8	2.207544	9.532234	11.739778	22.777491
251.9	5.382005	6.353928	11.735933	22.849546
252	9.337368	2.400989	11.738358	22.824246
252.1	8.931934	2.811535	11.743468	22.726868
252.2	5.088003	6.656372	11.744375	22.600596
252.3	3.147375	8.592883	11.740258	22.493043
252.4	5.428538	6.308554	11.737092	22.442067
252.5	8.324840	3.414301	11.739141	22.465357
252.6	7.635604	4.107621	11.743225	22.556854
252.7	4.436419	7.307039	11.743458	22.690656
252.8	3.380496	8.359045	11.739541	22.830616
252.9	6.054627	5.682407	11.737034	22.942100
253	8.772998	2.966470	11.739468	23.001934
253.1	7.779107	3.964342	11.743449	23.003533
253.2	4.464239	7.279256	11.743495	22.956052
253.3	3.350959	8.388708	11.739667	22.878564
253.4	5.797628	5.939710	11.737338	22.791881
253.5	8.257818	3.481782	11.739599	22.711188
253.6	7.386596	4.356451	11.743047	22.642072
253.7	4.684070	7.058693	11.742763	22.581027
253.8	4.179800	7.559503	11.739304	22.519732
253.9	6.586384	5.151410	11.737794	22.451021
254	8.304505	3.435993	11.740498	22.373930
254.1	6.685145	5.058357	11.743502	22.295701
254.2	3.982501	7.759805	11.742306	22.229909
254.3	4.234094	7.504296	11.738390	22.191437
254.4	7.404515	4.332795	11.737311	22.190238
254.5	9.198716	2.542098	11.740814	22.226328
254.6	7.039452	4.704687	11.744139	22.287972
254.7	3.844745	7.897826	11.742571	22.353888
254.8	4.087119	7.651077	11.738196	22.398821
254.9	7.465058	4.272137	11.737195	22.400656
255	9.147686	2.593474	11.741161	22.346717
255.1	6.531078	5.213513	11.744591	22.237221
255.2	3.140820	8.601592	11.742412	22.084862
255.3	3.947340	7.789948	11.737288	21.910810
255.4	8.304646	3.431679	11.736325	21.738588
255.5	10.418709	1.322566	11.741275	21.587861
255.6	7.126099	4.619634	11.745733	21.470071
255.7	2.472850	9.270736	11.743586	21.387068
255.8	2.548197	9.189271	11.737468	21.332818
255.9	7.282463	4.453024	11.735488	21.297222
256	10.375653	1.364683	11.740335	21.270514
256.1	7.704141	4.041360	11.745501	21.246660
256.2	2.927226	8.816752	11.743978	21.224711
256.3	2.577838	9.159978	11.737817	21.207920
256.4	7.154615	4.580845	11.735461	21.201206
256.5	10.336236	1.404040	11.740276	21.208107
256.6	7.547727	4.198094	11.745821	21.228433
256.7	2.324687	9.419765	11.744452	21.257483
256.8	1.711207	10.026557	11.737764	21.287060
256.9	6.746502	4.988129	11.734632	21.307915
257	10.901981	0.837342	11.739322	21.312767
257.1	8.725527	3.020141	11.745668	21.298934
257.2	3.138487	8.606780	11.745267	21.269760
257.3	1.539987	10.198754	11.738740	21.234430
257.4	5.918226	5.816648	11.734874	21.206213
257.5	10.259393	1.479394	11.738787	21.199543
257.6	8.713028	3.032054	11.745082	21.226624
257.7	3.474880	8.270308	11.745187	21.294266
257.8	1.765960	9.972990	11.738950	21.401647
257.9	6.030702	5.704119	11.734821	21.539497
258	10.607328	1.131099	11.738427	21.691023
258.1	9.344791	2.400194	11.744986	21.834577
258.2	3.877745	7.867998	11.745743	21.947762
258.3	1.444265	10.295436	11.739701	22.012306
258.4	5.241472	6.493405	11.734877	22.018709
258.5	10.260445	1.477096	11.737540	21.969525
258.6	10.040847	1.703140	11.743986	21.880207
258.7	5.153465	6.592248	11.745713	21.776929
258.8	2.152943	9.587833	11.740776	21.691458
258.9	4.718656	7.017392	11.736048	21.654049
259	9.005018	2.732701	11.737719	21.686025
259.1	9.173540	2.569589	11.743129	21.794038
259.2	5.281819	6.462948	11.744767	21.967790
259.3	2.886074	8.854512	11.740585	22.182104
259.4	5.264869	6.471648	11.736517	22.403076
259.5	9.053120	2.685005	11.738125	22.596720
259.6	9.042629	2.700454	11.743083	22.737693
259.7	5.295409	6.449217	11.744626	22.815486
259.8	2.856104	8.884760	11.740864	22.836192
259.9	4.757743	6.979366	11.737109	22.819260
260	8.078636	3.659708	11.738344	22.790281
260.1	8.251475	3.491015	11.742490	22.772155
260.2	5.362008	6.381631	11.743639	22.777572
260.3	3.725662	8.014722	11.740384	22.805345
260.4	5.633975	6.103596	11.737571	22.841832
260.5	8.190932	3.548340	11.739272	22.866928
260.6	7.566004	4.177032	11.743036	22.862483
260.7	4.501961	7.241490	11.743452	22.820091
260.8	3.280307	8.459535	11.739842	22.745344
260.9	5.670854	6.066357	11.737211	22.656853
261	8.437518	3.301664	11.739182	22.580177
261.1	7.886399	3.856529	11.742928	22.538693
261.2	5.000014	6.743213	11.743227	22.544612
261.3	3.931894	7.807942	11.739836	22.593449
261.4	6.064204	5.673546	11.737750	22.664129
261.5	8.101102	3.638898	11.740000	22.725008
261.6	6.907264	4.836000	11.743264	22.743953
261.7	4.155469	7.587143	11.742613	22.699149
261.8	4.032676	7.706030	11.738705	22.586907
261.9	7.137386	4.599711	11.737097	22.423694
262	9.316737	2.423642	11.740379	22.241551
262.1	7.381111	4.363111	11.744222	22.078313
262.2	3.785761	7.957438	11.743199	21.965888
262.3	3.482518	8.255971	11.738489	21.920507
262.4	7.035444	4.701103	11.736547	21.938213
262.5	9.614686	2.125530	11.740216	21.997006
262.6	7.571121	4.173426	11.744546	22.064760
262.7	3.633725	8.109720	11.743445	22.110034
262.8	3.330125	8.408102	11.738228	22.111929
262.9	7.292064	4.444039	11.736103	22.065597
263	10.103481	1.636814	11.740294	21.981654
263.1	7.618719	4.126575	11.745293	21.880017
263.2	2.885066	8.859056	11.744122	21.780761
263.3	2.318235	9.419755	11.737990	21.695641
263.4	6.993139	4.741887	11.735026	21.623641
263.5	10.887258	0.852151	11.739409	21.552326
263.6	8.771951	2.973565	11.745517	21.464509
263.7	3.289338	8.455927	11.745265	21.347584
263.8	1.562957	10.176014	11.738970	21.201782
263.9	5.718322	6.016707	11.735029	21.043805
264	10.043920	1.694742	11.738662	20.903941
264.1	8.695315	3.049551	11.744866	20.817201
264.2	3.591142	8.154022	11.745164	20.811308
264.3	1.800066	9.939043	11.739109	20.895790
264.4	5.904422	5.830530	11.734952	21.056274
264.5	10.398424	1.340049	11.738473	21.256453
264.6	9.081916	2.663150	11.745066	21.447589
264.7	3.508082	8.237772	11.745854	21.582751
264.8	1.026220	10.713437	11.739657	21.631196
264.9	4.971123	6.763531	11.734654	21.588082
265	10.181071	1.556374	11.737445	21.476158
265.1	9.882295	1.861941	11.744236	21.338698
265.2	4.687204	7.058778	11.745982	21.225890
265.3	1.651011	10.089504	11.740515	21.179146
265.4	4.750518	6.984815	11.735333	21.218454
265.5	9.635996	2.101404	11.737400	21.336922
265.6	9.626714	2.117103	11.743817	21.504185
265.7	4.747286	6.998564	11.745851	21.677357
265.8	1.633630	10.107113	11.740743	21.815672
265.9	4.560550	7.174789	11.735339	21.893806
266	9.739325	1.997486	11.736811	21.909389
266.1	10.449370	1.293743	11.743113	21.882348
266.2	5.949589	5.796330	11.745918	21.846549
266.3	2.247293	9.494497	11.741790	21.836892
266.4	3.968041	7.768459	11.736500	21.876497
266.5	8.412242	3.324745	11.736987	21.968497
266.6	9.555746	2.186408	11.742154	22.095251
266.7	6.204265	5.540526	11.744791	22.225121
266.8	3.242605	8.498945	11.741551	22.324314
266.9	4.678760	7.058462	11.737222	22.369536
267	8.263814	3.473997	11.737812	22.356969
267.1	8.884434	2.857874	11.742309	22.304438
267.2	5.712070	6.032295	11.744365	22.245985
267.3	3.191314	8.549891	11.741206	22.220740
267.4	4.753027	6.984289	11.737315	22.259864
267.5	8.137296	3.600733	11.738029	22.375952
267.6	8.685803	3.056387	11.742190	22.558379
267.7	5.795825	5.948163	11.743988	22.775998
267.8	3.548283	8.192851	11.741134	22.986169
267.9	4.870454	6.867404	11.737858	23.147036
268	7.559778	4.178971	11.738750	23.229080
268.1	7.633876	4.108432	11.742308	23.222404
268.2	5.070613	6.672638	11.743251	23.137788
268.3	3.759978	7.980171	11.740148	23.001701
268.4	5.820735	5.916744	11.737479	22.847371
268.5	8.449483	3.289731	11.739214	22.705075
268.6	7.846963	3.896104	11.743067	22.594778
268.7	4.676268	7.067360	11.743628	22.523107
268.8	3.258419	8.481603	11.740023	22.484979
268.9	5.540720	6.196517	11.737237	22.468589
269	8.334305	3.404829	11.739134	22.461454
269.1	7.792256	3.950712	11.742969	22.455145
269.2	4.858037	6.885197	11.743234	22.447129
269.3	3.928530	7.810990	11.739520	22.439450
269.4	6.518808	5.218417	11.737225	22.435267
269.5	8.923917	2.815991	11.739908	22.435022
269.6	7.405914	4.338080	11.743994	22.434087
269.7	3.730518	8.013030	11.743547	22.423002
269.8	3.050509	8.688224	11.738733	22.390302
269.9	6.730575	5.005439	11.736014	22.326890
270	10.088644	1.650723	11.739367	22.230206
270.1	8.564149	3.180370	11.744519	22.106530
270.2	4.075179	7.669305	11.744484	21.970395
270.3	2.653975	9.085193	11.739167	21.841135
270.4	6.264837	5.470936	11.735773	21.737628
270.5	9.953240	1.785837	11.739077	21.672910
270.6	8.491848	3.252864	11.744712	21.650396
270.7	3.649791	8.095095	11.744887	21.662873
270.8	2.027243	9.711822	11.739065	21.694518
270.9	6.105623	5.629373	11.734995	21.725236
271	10.625970	1.112391	11.738361	21.735947
271.1	9.467152	2.277760	11.744912	21.713259
271.2	3.941019	7.804927	11.745946	21.652295
271.3	1.232536	10.507443	11.739980	21.557102
271.4	4.872365	6.862520	11.734885	21.438832
271.5	9.985461	1.751951	11.737412	21.312496
271.6	9.781644	1.962484	11.744129	21.193338
271.7	4.628311	7.117710	11.746021	21.093822
271.8	1.500658	10.239965	11.740623	21.021847
271.9	4.547697	7.187614	11.735310	20.980360
272	9.512325	2.224975	11.737299	20.968122
272.1	9.543547	2.200320	11.743867	20.981175
272.2	4.527464	7.218573	11.746037	21.014488
272.3	1.290202	10.450547	11.740749	21.063359
272.4	4.369980	7.365074	11.735054	21.124314
272.5	9.822286	1.914358	11.736644	21.195375
272.6	10.442433	1.301052	11.743484	21.275699
272.7	5.391836	6.354695	11.746531	21.364693
272.8	1.303043	10.438782	11.741824	21.460816
272.9	3.436549	8.299144	11.735693	21.560411
273	8.787259	2.948924	11.736183	21.656992
273.1	10.277011	1.465353	11.742364	21.741441
273.2	6.223585	5.522239	11.745824	21.803387
273.3	2.361774	9.380305	11.742079	21.833725
273.4	3.930245	7.806181	11.736426	21.827791
273.5	8.670346	3.066218	11.736564	21.788268
273.6	10.075715	1.666481	11.742196	21.726747
273.7	6.254030	5.491612	11.745642	21.662960
273.8	2.371058	9.371262	11.742320	21.621334
273.9	3.585304	8.151479	11.736783	21.625307
274	8.202836	3.533525	11.736361	21.690738
274.1	10.168706	1.572639	11.741345	21.820339
274.2	7.212278	4.532660	11.744938	22.001053
274.3	3.570244	8.172386	11.742630	22.205674
274.4	3.951799	7.786225	11.738024	22.398792
274.5	7.287292	4.450183	11.737475	22.545782
274.6	8.646878	3.094476	11.741353	22.622379
274.7	6.248489	5.495438	11.743927	22.621972
274.8	3.723820	8.017775	11.741595	22.558194
274.9	4.770456	6.967344	11.737800	22.461700
275	7.922281	3.815693	11.737974	22.371801
275.1	8.714943	3.026923	11.741866	22.325307
275.2	6.010258	5.733755	11.744013	22.345935
275.3	3.535411	8.206078	11.741489	22.437566
275.4	4.590453	7.147483	11.737936	22.583500
275.5	7.475281	4.263034	11.738315	22.751964
275.6	8.027158	3.714760	11.741918	22.906071
275.7	5.558520	6.184974	11.743494	23.014991
275.8	3.752287	7.988498	11.740785	23.062675
275.9	5.304442	6.433304	11.737745	23.051329
276	7.997190	3.741667	11.738857	22.998639
276.1	7.846362	3.896285	11.742647	22.929919
276.2	4.878980	6.864692	11.743672	22.868106
276.3	3.261846	8.478430	11.740276	22.825243
276.4	5.446432	6.290680	11.737112	22.798541
276.5	8.567695	3.170996	11.738691	22.772423
276.6	8.327054	3.415880	11.742934	22.725744
276.7	5.044284	6.699647	11.743931	22.641482
276.8	3.319322	8.420912	11.740233	22.515205
276.9	5.600953	6.136083	11.737036	22.359025
277	8.645050	3.093904	11.738953	22.199328
277.1	8.009208	3.734174	11.743382	22.068847
277.2	4.443309	7.300634	11.743943	21.995715
277.3	3.091348	8.648142	11.739490	21.993358
277.4	6.297143	5.438945	11.736088	22.054889
277.5	9.974394	1.764384	11.738778	22.154153
277.6	8.937592	2.806728	11.744320	22.253275
277.7	4.168591	7.576619	11.745210	22.314242
277.8	1.889596	9.850323	11.739918	22.310624
277.9	5.286912	6.448413	11.735326	22.235437
278	10.012598	1.725042	11.737641	22.102486
278.1	9.827223	1.916664	11.743887	21.940835
278.2	4.997030	6.748677	11.745707	21.784445
278.3	2.037862	9.702766	11.740627	21.660710
278.4	4.944956	6.790579	11.735536	21.581947
278.5	9.705545	2.031900	11.737445	21.542786
278.6	9.660258	2.083638	11.743896	21.524181
278.7	4.601971	7.144145	11.746116	21.502362
278.8	1.249783	10.491091	11.740874	21.459195
278.9	4.267155	7.467866	11.735021	21.389953
279	9.862084	1.874332	11.736416	21.305471
279.1	10.701190	1.042141	11.743331	21.227801
279.2	5.662109	6.084559	11.746668	21.180977
279.3	1.343835	10.398258	11.742092	21.180420
279.4	3.275331	8.460467	11.735797	21.225146
279.5	8.610603	3.125546	11.736149	21.296018
279.6	10.081297	1.661182	11.742479	21.361121
279.7	5.809867	5.936239	11.746106	21.386679
279.8	1.745993	9.996129	11.742122	21.349795
279.9	3.520517	8.215464	11.735981	21.248402
280	8.796351	2.939707	11.736058	21.104624
280.1	10.442049	1.300251	11.742300	20.959890
280.2	6.180816	5.565510	11.746325	20.863012
280.3	1.667779	10.074955	11.742733	20.854951
280.4	2.897218	8.839110	11.736327	20.955270
280.5	8.217541	3.518052	11.735593	21.154854
280.6	10.635155	1.106198	11.741354	21.417472
280.7	7.162517	4.583335	11.745853	21.689855
280.8	2.622956	9.120306	11.743262	21.917109
280.9	3.005461	8.731870	11.737331	22.058549
281	7.518605	4.217451	11.736056	22.098889
281.1	9.950564	1.790324	11.740888	22.051340
281.2	7.181312	4.563756	11.745068	21.951848
281.3	3.214995	8.528005	11.742999	21.846646
281.4	3.512761	8.224940	11.737701	21.777414
281.5	7.595426	4.140994	11.736420	21.768960
281.6	9.906749	1.833993	11.740741	21.823312
281.7	7.449325	4.295375	11.744700	21.921781
281.8	3.665029	8.078071	11.743100	22.033810
281.9	3.525865	8.212555	11.738420	22.129175
282	6.852419	4.884634	11.737053	22.189126
282.1	8.928767	2.811731	11.740497	22.212620
282.2	7.166191	4.577470	11.743661	22.215712
282.3	4.424288	7.317958	11.742247	22.224601
282.4	4.646962	7.091663	11.738625	22.265071
282.5	7.255603	4.482560	11.738163	22.352225
282.6	8.183733	3.557762	11.741495	22.484158
282.7	5.861237	5.882478	11.743715	22.641755
282.8	3.527400	8.214076	11.741477	22.794573
282.9	4.605530	7.132295	11.737825	22.910661
283	7.761141	3.976767	11.737908	22.966909
283.1	8.694909	3.046763	11.741672	22.956404
283.2	6.159648	5.584257	11.743905	22.890454
283.3	3.694876	8.046696	11.741572	22.794762
283.4	4.619711	7.118374	11.738085	22.701256
283.5	7.370479	4.367953	11.738432	22.638373
283.6	7.802969	3.939081	11.742050	22.622962
283.7	5.203157	6.540438	11.743595	22.656239
283.8	3.413740	8.326864	11.740605	22.724714
283.9	5.342343	6.394857	11.737200	22.805344
284	8.597746	3.140640	11.738386	22.872884
284.1	8.623026	3.119801	11.742828	22.906919
284.2	5.145217	6.599202	11.744419	22.896458
284.3	2.829813	8.910956	11.740769	22.841045
284.4	4.929377	6.807396	11.736773	22.748648
284.5	8.644407	3.093597	11.738004	22.631619
284.6	8.841490	2.901383	11.742873	22.502484
284.7	5.205178	6.539424	11.744601	22.371063
284.8	2.854752	8.885853	11.740606	22.243678
284.9	5.295431	6.440896	11.736327	22.124215
285	9.345026	2.392868	11.737895	22.016107
285.1	9.292084	2.451396	11.743480	21.923975
285.2	4.856479	6.888967	11.745446	21.853960
285.3	1.938368	9.802393	11.740761	21.812431
285.4	4.744666	6.990817	11.735483	21.803496
285.5	9.848088	1.888737	11.736825	21.826353
285.6	10.500638	1.242641	11.743279	21.873621
285.7	5.683496	6.062846	11.746342	21.931511
285.8	1.666698	10.075163	11.741861	21.982046
285.9	3.730442	8.005312	11.735754	22.006816
286	9.059963	2.676225	11.736188	21.991234
286.1	10.465178	1.277400	11.742579	21.928070
286.2	6.045330	5.700969	11.746299	21.819287
286.3	1.784819	9.957467	11.742286	21.675711
286.4	3.494956	8.240971	11.735927	21.514700
286.5	8.919560	2.816297	11.735857	21.356499
286.6	10.699550	1.042738	11.742288	21.220211
286.7	6.277188	5.469454	11.746642	21.120297
286.8	1.409101	10.333943	11.743044	21.064291
286.9	2.515266	9.220962	11.736227	21.052001
287	8.118000	3.617200	11.735200	21.076201
287.1	10.847077	0.894134	11.741212	21.124506
287.2	7.268213	4.477970	11.746184	21.182035
287.3	2.330233	9.413386	11.743618	21.234398
287.4	2.574274	9.162941	11.737215	21.270514
287.5	7.379041	4.356651	11.735691	21.284775
287.6	10.004598	1.736366	11.740964	21.278117
287.7	6.846622	4.899077	11.745698	21.257678
287.8	2.293692	9.449676	11.743368	21.234979
287.9	2.695931	9.041157	11.737088	21.222921
288	7.723879	4.011457	11.735335	21.232292
288.1	10.800894	0.939598	11.740492	21.268713
288.2	7.921527	3.824195	11.745722	21.331008
288.3	2.924999	8.819219	11.744218	21.411628
288.4	2.263887	9.474314	11.738201	21.499184
288.5	6.487068	5.248611	11.735679	21.582395
288.6	9.822187	1.917476	11.739663	21.654180
288.7	8.086563	3.657896	11.744459	21.714411
288.8	4.072525	7.671151	11.743676	21.770135
288.9	3.381458	8.357309	11.738767	21.832905
289	6.753494	4.983145	11.736639	21.913874
289.1	9.353189	2.386868	11.740057	22.018275
289.2	7.625274	4.118831	11.744105	22.141330
289.3	4.082487	7.660736	11.743223	22.267420
289.4	3.618869	8.119940	11.738808	22.373330
289.5	6.739431	4.997578	11.737009	22.435022
289.6	9.071964	2.668161	11.740125	22.435997
289.7	7.552416	4.191237	11.743653	22.374488
289.8	4.518181	7.224608	11.742789	22.266812
289.9	4.182686	7.556369	11.739055	22.145215
290	6.703734	5.034137	11.737871	22.050287
290.1	8.195931	3.544851	11.740783	22.019883
290.2	6.446198	5.297202	11.743401	22.077808
290.3	4.075453	7.666376	11.741829	22.225892
290.4	4.679228	7.059072	11.738300	22.442178
290.5	7.540726	4.197262	11.737988	22.686131
290.6	8.541188	3.200352	11.741540	22.909525
290.7	6.044122	5.699885	11.744007	23.069755
290.8	3.371429	8.370380	11.741809	23.141499
290.9	4.228734	7.509167	11.737900	23.123055
291	7.453539	4.284192	11.737731	23.035424
291.1	8.562071	3.179483	11.741555	22.914541
291.2	6.041190	5.702786	11.743975	22.799311
291.3	3.530268	8.211255	11.741523	22.719446
291.4	4.693203	7.044457	11.737660	22.687104
291.5	7.927144	3.810862	11.738006	22.694940
291.6	8.489912	3.252387	11.742300	22.720923
291.7	5.263964	6.480536	11.744500	22.737929
291.8	2.633032	9.108152	11.741184	22.724486
291.9	4.535102	7.201527	11.736628	22.672742
292	8.784929	2.952243	11.737172	22.590822
292.1	9.754781	1.987590	11.742371	22.498854
292.2	6.047515	5.697768	11.745283	22.420294
292.3	2.613171	9.128700	11.741870	22.371920
292.4	4.117302	7.619418	11.736720	22.356398
292.5	8.481395	3.255551	11.736946	22.360315
292.6	9.600122	2.142240	11.742362	22.358621
292.7	5.761864	5.983629	11.745493	22.323941
292.8	2.230708	9.511047	11.741754	22.237408
292.9	4.167772	7.568217	11.735989	22.096968
293	9.368213	2.367947	11.736160	21.919952
293.1	10.902237	0.840204	11.742442	21.738712
293.2	6.421168	5.325460	11.746628	21.590638
293.3	1.587640	10.155366	11.743006	21.505920
293.4	2.730935	9.005250	11.736184	21.497331
293.5	8.389790	3.345348	11.735138	21.555635
293.6	11.147589	0.593653	11.741242	21.652329
293.7	7.451284	4.295097	11.746381	21.748794
293.8	2.307639	9.436138	11.743778	21.808712
293.9	2.541879	9.195167	11.737047	21.809436
294	7.662922	4.072366	11.735288	21.748381
294.1	10.605286	1.135537	11.740823	21.642321
294.2	7.310216	4.435893	11.746109	21.520012
294.3	2.205838	9.538113	11.743951	21.410972
294.4	2.211466	9.525756	11.737222	21.334585
294.5	7.386374	4.348595	11.734969	21.293585
294.6	10.836164	0.904065	11.740229	21.274267
294.7	7.966167	3.779804	11.745971	21.253321
294.8	2.600609	9.143978	11.744588	21.208675
294.9	1.797255	9.940794	11.738048	21.130175
295	6.432296	5.302814	11.735111	21.025946
295.1	10.196297	1.543222	11.739519	20.921763
295.2	8.174685	3.570459	11.745145	20.853318
295.3	3.339292	8.405140	11.744432	20.853878
295.4	2.324234	9.414313	11.738547	20.941640
295.5	6.414159	5.321418	11.735577	21.111366
295.6	9.954663	1.784819	11.739482	21.333523
295.7	8.137220	3.607646	11.744866	21.561629
295.8	3.469903	8.274536	11.744438	21.745676
295.9	2.272331	9.466515	11.738846	21.847334
296	6.145818	5.589787	11.735605	21.851970
296.1	9.970156	1.768734	11.738890	21.773459
296.2	8.891406	2.852716	11.744122	21.650144
296.3	4.665712	7.078713	11.744425	21.533218
296.4	2.959870	8.779958	11.739827	21.471241
296.5	5.650119	6.086677	11.736796	21.495766
296.6	8.654607	3.084590	11.739196	21.612556
296.7	7.874935	3.868340	11.743275	21.800987
296.8	4.758749	6.984496	11.743245	22.021502
296.9	3.947099	7.792245	11.739344	22.228397
297	6.638471	5.098753	11.737224	22.383626
297.1	9.018088	2.721788	11.739876	22.467211
297.2	7.734672	4.008869	11.743541	22.481205
297.3	4.570984	7.172158	11.743142	22.446437
297.4	3.828246	7.911146	11.739392	22.393690
297.5	6.286971	5.450644	11.737614	22.352685
297.6	8.280163	3.459985	11.740147	22.342723
297.7	7.029635	4.713521	11.743155	22.367949
297.8	4.553586	7.188666	11.742251	22.418439
297.9	4.618463	7.120360	11.738823	22.476167
298	7.184979	4.553030	11.738009	22.523308
298.1	8.380570	3.360649	11.741219	22.549686
298.2	6.122072	5.621857	11.743929	22.556709
298.3	3.340675	8.401373	11.742049	22.556548
298.4	4.018597	7.719323	11.737920	22.567096
298.5	7.476680	4.260593	11.737272	22.604719
298.6	9.069560	2.671626	11.741185	22.677489
298.7	6.567498	5.176862	11.744359	22.781315
298.8	3.366018	8.376361	11.742379	22.900226
298.9	3.868854	7.869103	11.737956	23.010621
299	7.330877	4.406411	11.737288	23.087934
299.1	8.816809	2.924572	11.741381	23.113465
299.2	6.122274	5.622200	11.744474	23.079239
299.3	3.025378	8.716637	11.742015	22.989521
299.4	4.115978	7.621244	11.737222	22.858861
299.5	8.221798	3.515067	11.736865	22.707598
299.6	9.723184	2.018618	11.741803	22.556475
299.7	6.276900	5.468528	11.745428	22.422050
299.8	2.348029	9.394537	11.742566	22.314084
299.9	3.365735	8.371067	11.736802	22.235250
300	8.230295	3.505622	11.735916	22.182693
300.1	10.530750	1.210551	11.741301	22.150463
300.2	7.140122	4.605683	11.745804	22.131776
300.3	2.591319	9.151965	11.743284	22.120384
300.4	3.073600	8.663459	11.737059	22.110890
300.5	7.995264	3.740344	11.735608	22.098343
300.6	10.629524	1.111545	11.741069	22.077745
300.7	7.199229	4.546902	11.746131	22.044017
300.8	2.170388	9.573400	11.743788	21.992691
300.9	2.410399	9.326527	11.736927	21.921173
301	7.899242	3.835430	11.734671	21.830097
301.1	11.541773	0.198413	11.740186	21.724155
301.2	8.517579	3.228733	11.746313	21.611965
301.3	2.717996	9.027040	11.745036	21.504849
301.4	1.611898	10.126248	11.738146	21.414746
301.5	6.374030	5.360772	11.734802	21.351793
301.6	10.462370	1.276906	11.739276	21.322163
301.7	8.467488	3.277862	11.745350	21.326639
301.8	3.290638	8.454174	11.744812	21.360215
301.9	2.065808	9.672703	11.738510	21.412713
302	6.454495	5.280589	11.735084	21.470274
302.1	10.442225	1.296992	11.739217	21.517463
302.2	8.525625	3.219718	11.745343	21.539740
302.3	3.157600	8.587613	11.745213	21.526027
302.4	1.434113	10.304886	11.738999	21.471054
302.5	5.583711	6.151265	11.734977	21.377106
302.6	10.078329	1.660035	11.738364	21.254667
302.7	9.111048	2.633416	11.744464	21.121554
302.8	4.251387	7.493786	11.745173	21.000309
302.9	2.084822	9.655020	11.739842	20.914071
303	5.285508	6.450351	11.735859	20.881628
303.1	9.243650	2.494829	11.738480	20.912836
303.2	8.558965	3.184906	11.743871	21.005712
303.3	4.348054	7.396544	11.744597	21.146287
303.4	2.514677	9.225094	11.739772	21.311606
303.5	5.609316	6.126739	11.736055	21.475340
303.6	9.457917	2.280527	11.738444	21.614555
303.7	8.955684	2.787914	11.743598	21.715672
303.8	4.927736	6.816864	11.744599	21.777701
303.9	2.801559	8.938787	11.740346	21.811595
304	5.198982	6.537761	11.736743	21.835788
304.1	8.645341	3.093111	11.738452	21.869259
304.2	8.593836	3.148909	11.742746	21.924446
304.3	5.550720	6.192944	11.743664	22.002482
304.4	3.971013	7.769291	11.740304	22.092563
304.5	5.864187	5.873525	11.737712	22.175882
304.6	8.190976	3.548548	11.739524	22.232923
304.7	7.460553	4.282368	11.742922	22.251605
304.8	4.768529	6.974340	11.742870	22.233295
304.9	4.130862	7.608527	11.739389	22.194241
305	6.628435	5.109063	11.737498	22.161515
305.1	8.789046	2.950947	11.739993	22.164452
305.2	7.519767	4.223644	11.743411	22.224290
305.3	4.542304	7.200629	11.742934	22.345590
305.4	3.975841	7.763427	11.739268	22.512605
305.5	6.471009	5.266673	11.737681	22.692298
305.6	8.267618	3.472857	11.740476	22.843456
305.7	6.602001	5.141604	11.743605	22.929238
305.8	3.793368	7.949012	11.742380	22.929142
305.9	4.055694	7.682591	11.738286	22.846389
306	7.386436	4.350703	11.737138	22.708061
306.1	9.254834	2.486054	11.740889	22.557692
306.2	6.828212	4.916370	11.744581	22.442488
306.3	3.135290	8.607745	11.743035	22.399184
306.4	3.130118	8.608040	11.738158	22.443081
306.5	6.863266	4.873299	11.736565	22.563748
306.6	9.262844	2.477636	11.740480	22.728733
306.7	7.065025	4.679483	11.744508	22.893931
306.8	3.401874	8.341111	11.742985	23.017102
306.9	3.537040	8.200897	11.737937	23.070055
307	7.466673	4.269803	11.736476	23.045588
307.1	9.703695	2.037235	11.740929	22.957157
307.2	6.830996	4.914317	11.745313	22.831855
307.3	2.504862	9.238499	11.743361	22.699513
307.4	2.744113	8.993217	11.737329	22.582039
307.5	7.641282	4.094018	11.735300	22.486810
307.6	10.886845	0.853422	11.740267	22.406330
307.7	8.112766	3.633026	11.745792	22.323962
307.8	2.908486	8.835986	11.744471	22.223250
307.9	2.183903	9.554080	11.737983	22.097039
308	6.906075	4.828934	11.735009	21.952673
308.1	10.712039	1.027551	11.739591	21.811099
308.2	8.436229	3.309345	11.745573	21.699996
308.3	3.132716	8.612109	11.744825	21.643409
308.4	2.030572	9.707682	11.738255	21.651764
308.5	6.757848	4.976864	11.734711	21.716137
308.6	11.025694	0.713397	11.739091	21.809197
308.7	9.012845	2.732808	11.745652	21.892850
308.8	3.238109	8.507513	11.745622	21.930151
308.9	1.293999	10.444963	11.738962	21.897409
309	5.752762	5.981697	11.734458	21.792250
309.1	10.747922	0.990093	11.738015	21.634708
309.2	9.783321	1.961517	11.744838	21.460839
309.3	4.287806	7.458133	11.745939	21.310986
309.4	1.534727	10.205388	11.740115	21.216701
309.5	4.882001	6.853336	11.735337	21.190812
309.6	9.480136	2.257759	11.737895	21.224051
309.7	9.034365	2.709684	11.744049	21.289303
309.8	4.303003	7.442321	11.745324	21.351892
309.9	1.890734	9.849305	11.740039	21.382164
310	5.175650	6.559798	11.735448	21.365877
310.1	9.753696	1.984102	11.737798	21.308720
310.2	9.460012	2.283905	11.743918	21.233420
310.3	4.673241	7.072387	11.745628	21.170588
310.4	1.706214	10.034566	11.740780	21.146696
310.5	4.297672	7.438282	11.735954	21.173639
310.6	8.778747	2.958688	11.737435	21.243748
310.7	9.240608	2.502276	11.742883	21.332170
310.8	5.449843	6.294992	11.744836	21.405876
310.9	2.838405	8.902497	11.740903	21.436143
311	4.920174	6.816559	11.736733	21.410047
311.1	8.644444	3.093590	11.738034	21.336804
311.2	8.824187	2.918654	11.742841	21.246497
311.3	5.281764	6.462720	11.744484	21.181394
311.4	2.923837	8.816977	11.740814	21.182586
311.5	4.917245	6.819699	11.736944	21.276352
311.6	8.490310	3.247721	11.738030	21.464776
311.7	8.936764	2.805555	11.742319	21.723753
311.8	6.018371	5.725517	11.743888	22.009096
311.9	3.957891	7.783031	11.740922	22.268799
312	5.379228	6.358694	11.737922	22.457574
312.1	7.841769	3.897319	11.739088	22.549111
312.2	7.631279	4.111173	11.742452	22.542401
312.3	5.157485	6.585454	11.742939	22.460457
312.4	4.241754	7.498025	11.739779	22.342227
312.5	6.446780	5.290837	11.737617	22.230602
312.6	8.682993	3.056783	11.739776	22.160405
312.7	7.597516	4.145831	11.743347	22.150015
312.8	4.492648	7.250574	11.743222	22.198777
312.9	3.651793	8.087621	11.739414	22.290364
313	6.296582	5.440636	11.737218	22.400326
313.1	8.737593	3.002195	11.739788	22.504906
313.2	7.495302	4.248268	11.743570	22.588127
313.3	4.266704	7.476484	11.743188	22.645072
313.4	3.631240	8.107847	11.739087	22.680803
313.5	6.554316	5.182770	11.737086	22.705939
313.6	8.851734	2.888484	11.740217	22.730939
313.7	7.008491	4.735738	11.744229	22.761352
313.8	3.325745	8.417575	11.743320	22.795696
313.9	2.990710	8.747666	11.738375	22.826500
314	6.840337	4.895759	11.736096	22.843796
314.1	9.877772	1.862080	11.739851	22.839544
314.2	7.926842	3.817935	11.744777	22.811216
314.3	3.461876	8.282315	11.744191	22.763247
314.4	2.439153	9.299632	11.738784	22.705884
314.5	6.209716	5.526170	11.735887	22.651971
314.6	9.576661	2.162838	11.739499	22.612874
314.7	7.865682	3.878987	11.744669	22.594943
314.8	3.444476	8.299665	11.744142	22.597630
314.9	2.612686	9.125728	11.738414	22.613726
315	6.890797	4.844526	11.735323	22.631440
315.1	10.645411	1.093996	11.739407	22.637512
315.2	8.589511	3.155936	11.745447	22.620365
315.3	3.139928	8.605329	11.745257	22.572445
315.4	1.473153	10.265653	11.738807	22.491319
315.5	5.958987	5.775551	11.734539	22.379570
315.6	10.823706	0.914462	11.738168	22.243825
315.7	9.727175	2.017755	11.744930	22.093417
315.8	4.217221	7.528634	11.745855	21.939038
315.9	1.677337	10.062436	11.739773	21.791583
316	5.441004	6.293901	11.734905	21.661152
316.1	10.333029	1.404790	11.737819	21.556139
316.2	9.653679	2.090907	11.744587	21.482342
316.3	4.223003	7.523058	11.746062	21.442185
316.4	1.310518	10.429669	11.740187	21.434263
316.5	4.883385	6.851386	11.734771	21.453393
316.6	10.276502	1.460518	11.737020	21.491304
316.7	10.412828	1.331102	11.743930	21.537851
316.8	5.189181	6.557199	11.746380	21.582492
316.9	1.489034	10.252285	11.741318	21.615662
317	3.956048	7.779606	11.735654	21.629756
317.1	8.973547	2.763286	11.736833	21.619618
317.2	9.761524	1.981428	11.742952	21.582690
317.3	5.491126	6.254496	11.745621	21.519084
317.4	2.142874	9.598523	11.741397	21.431817
317.5	4.220512	7.515724	11.736236	21.327261
317.6	8.717889	3.019300	11.737189	21.215509
317.7	9.394690	2.348150	11.742841	21.110177
317.8	5.322287	6.423134	11.745421	21.027112
317.9	2.056621	9.684826	11.741446	20.981787
318	4.025401	7.710928	11.736330	20.985675
318.1	8.594788	3.142116	11.736904	21.042480
318.2	9.748437	1.993807	11.742244	21.145503
318.3	6.168337	5.576821	11.745158	21.277377
318.4	2.765840	8.976164	11.742004	21.412876
318.5	3.881607	7.855736	11.737343	21.524580
318.6	7.608590	4.128827	11.737417	21.590106
318.7	8.770951	2.970753	11.741704	21.598876
318.8	6.097466	5.646573	11.744038	21.556177
318.9	3.677673	8.063641	11.741314	21.482914
319	5.019423	6.718160	11.737583	21.410629
319.1	8.197335	3.540808	11.738144	21.372952
319.2	8.724431	3.017712	11.742144	21.395878
319.3	5.882514	5.861451	11.743966	21.489895
319.4	3.619120	8.122052	11.741172	21.646568
319.5	4.945084	6.792694	11.737778	21.840856
319.6	7.828093	3.910354	11.738447	22.038629
319.7	8.247857	3.494114	11.741972	22.207048
319.8	5.900225	5.842976	11.743201	22.324472
319.9	4.437415	7.303076	11.740491	22.386556
320	6.043462	5.694527	11.737989	22.406466
320.1	8.223547	3.516004	11.739551	22.409102
320.2	7.462709	4.280326	11.743035	22.421280
320.3	4.501221	7.242044	11.743265	22.461347
320.4	3.528323	8.211219	11.739542	22.531931
320.5	6.223142	5.513805	11.736947	22.618555
320.6	9.094502	2.644796	11.739298	22.694780
320.7	8.149856	3.593719	11.743575	22.732231
320.8	4.541191	7.202695	11.743886	22.712027
320.9	3.160948	8.578753	11.739701	22.633488
321	5.885503	5.851303	11.736805	22.516797
321.1	8.839821	2.899517	11.739337	22.398314
321.2	7.709402	4.034461	11.743863	22.319787
321.3	3.876807	7.867144	11.743951	22.314892
321.4	2.717465	9.021720	11.739185	22.397615
321.5	6.138011	5.598032	11.736043	22.556494
321.6	9.657862	2.081222	11.739084	22.756852
321.7	8.361086	3.383341	11.744426	22.950509
321.8	3.759547	7.985232	11.744779	23.089913
321.9	2.005153	9.734283	11.739437	23.142118
322	5.587031	6.148483	11.735514	23.098092
322.1	9.787100	1.951293	11.738393	22.974385
322.2	8.950254	2.794015	11.744268	22.806785
322.3	4.209244	7.535904	11.745148	22.638275
322.4	2.061682	9.678068	11.739750	22.505424
322.5	5.533015	6.202404	11.735420	22.427807
322.6	9.921244	1.816960	11.738204	22.403781
322.7	9.104111	2.640353	11.744464	22.413704
322.8	3.991050	7.754560	11.745610	22.428984
322.9	1.532662	10.207126	11.739788	22.423424
323	5.372263	6.362395	11.734658	22.382620
323.1	10.710371	1.026866	11.737237	22.308095
323.2	10.509457	1.234893	11.744350	22.214900
323.3	4.893036	6.853643	11.746678	22.123928
323.4	1.111170	10.629975	11.741145	22.052138
323.5	3.994202	7.740850	11.735053	22.004675
323.6	9.602696	2.133673	11.736369	21.972050
323.7	10.542958	1.200193	11.743151	21.933646
323.8	5.796864	5.949402	11.746266	21.866287
323.9	1.919725	9.821947	11.741673	21.754658
324	4.120500	7.615229	11.735729	21.599502
324.1	9.296355	2.440153	11.736508	21.420231
324.2	10.327200	1.415726	11.742926	21.250586
324.3	5.716638	6.029671	11.746309	21.128488
324.4	1.571065	10.171052	11.742116	21.083466
324.5	3.364737	8.371233	11.735969	21.126018
324.6	8.663095	3.072894	11.735990	21.242765
324.7	10.500670	1.241292	11.741962	21.399313
324.8	6.678685	5.067170	11.745855	21.550094
324.9	2.462109	9.280609	11.742717	21.652017
325	3.303725	8.433385	11.737110	21.677419
325.1	7.632221	4.104410	11.736631	21.622000
325.2	9.319661	2.421966	11.741627	21.505148
325.3	6.146192	5.598839	11.745031	21.362667
325.4	2.654721	9.087473	11.742194	21.234497
325.5	3.741901	7.995214	11.737114	21.151704
325.6	7.960116	3.776646	11.736762	21.127158
325.7	9.614510	2.127038	11.741548	21.152972
325.8	6.558713	5.186234	11.744946	21.205341
325.9	2.977821	8.764680	11.742501	21.254819
326	3.568844	8.168884	11.737728	21.278222
326.1	7.273399	4.463657	11.737057	21.267820
326.2	9.013300	2.727765	11.741065	21.234545
326.3	6.719319	5.024714	11.744033	21.204108
326.4	3.897994	7.844045	11.742039	21.207441
326.5	4.488318	7.249875	11.738193	21.268917
326.6	7.429088	4.308885	11.737973	21.396544
326.7	8.420775	3.320734	11.741508	21.577650
326.8	6.119122	5.624500	11.743621	21.781648
326.9	3.944334	7.796963	11.741297	21.969036
327	5.099940	6.637965	11.737904	22.103640
327.1	7.996497	3.741810	11.738307	22.164054
327.2	8.555886	3.186038	11.741924	22.150509
327.3	6.034280	5.709329	11.743609	22.084977
327.4	4.045154	7.695869	11.741023	22.004542
327.5	5.352391	6.385575	11.737966	21.950255
327.6	7.904282	3.834617	11.738899	21.955053
327.7	7.823707	3.918763	11.742470	22.034462
327.8	5.108033	6.635334	11.743367	22.182773
327.9	3.794008	7.945997	11.740005	22.375541
328	6.148450	5.588628	11.737077	22.577226
328.1	9.115788	2.623258	11.739046	22.751355
328.2	8.347337	3.396253	11.743590	22.870014
328.3	4.427910	7.316546	11.744457	22.920005
328.4	2.458077	9.282062	11.740139	22.904296
328.5	5.184506	6.551789	11.736295	22.838968
328.6	9.052952	2.685233	11.738185	22.747204
328.7	8.871608	2.871724	11.743332	22.652521
328.8	4.913697	6.831021	11.744718	22.573337
328.9	2.642246	9.098156	11.740402	22.520173
329	5.215674	6.520680	11.736354	22.495718
329.1	9.017213	2.721111	11.738324	22.497019
329.2	8.547102	3.196661	11.743764	22.518490
329.3	4.136756	7.608334	11.745090	22.554484
329.4	1.780687	9.959436	11.740123	22.600576
329.5	5.010735	6.724652	11.735387	22.653444
329.6	9.825949	1.911480	11.737429	22.709805
329.7	9.844892	1.898876	11.743768	22.765207
329.8	4.942012	6.803966	11.745979	22.813395
329.9	1.605082	10.135941	11.741023	22.846671
330	4.287442	7.448074	11.735515	22.857151
330.1	9.351424	2.385477	11.736900	22.838490
330.2	9.915047	1.828288	11.743335	22.787459
330.3	5.187795	6.558267	11.746062	22.704875
330.4	1.640743	10.100507	11.741250	22.595621
330.5	4.280930	7.454383	11.735314	22.467854
330.6	9.760511	1.975847	11.736358	22.331665
330.7	10.738020	1.005160	11.743180	22.197565
330.8	5.754277	5.992448	11.746726	22.075085
330.9	1.326212	10.415973	11.742185	21.971627
331	3.331891	8.403613	11.735504	21.891615
331.1	9.173249	2.562248	11.735497	21.835932
331.2	11.215877	0.526241	11.742118	21.801715
331.3	6.901925	4.844659	11.746585	21.782632
331.4	2.030073	9.713056	11.743129	21.769785
331.5	2.926872	8.809698	11.736570	21.753265
331.6	8.095155	3.640520	11.735675	21.724196
331.7	10.450188	1.291226	11.741414	21.676816
331.8	6.923345	4.822534	11.745879	21.610025
331.9	2.444674	9.298415	11.743088	21.527842
332	3.117318	8.619635	11.736953	21.438513
332.1	7.981245	3.754561	11.735806	21.352400
332.2	10.437413	1.303711	11.741124	21.279283
332.3	7.196803	4.548911	11.745714	21.225913
332.4	2.589655	9.153880	11.743535	21.194680
332.5	2.602961	9.134743	11.737704	21.183818
332.6	6.918050	4.817969	11.736019	21.189046
332.7	9.630037	2.110379	11.740416	21.205915
332.8	7.346573	4.398097	11.744670	21.231808
332.9	3.534951	8.208172	11.743123	21.266656
333	3.464914	8.273337	11.738251	21.311896
333.1	6.980137	4.756785	11.736922	21.368008
333.2	8.971903	2.768949	11.740852	21.431676
333.3	6.603038	5.141401	11.744439	21.493992
333.4	3.179790	8.562883	11.742672	21.540931
333.5	3.479191	8.258802	11.737993	21.556555
333.6	7.171774	4.565001	11.736776	21.528332
333.7	9.377227	2.363317	11.740544	21.452924
333.8	7.372084	4.372001	11.744085	21.340276
333.9	4.114976	7.627807	11.742782	21.214078
334	3.941281	7.797530	11.738810	21.107685
334.1	6.654724	5.083046	11.737770	21.056093
334.2	8.167037	3.573764	11.740801	21.086076
334.3	6.461987	5.281270	11.743257	21.207504
334.4	4.325678	7.415870	11.741548	21.408821
334.5	5.125739	6.612511	11.738250	21.658573
334.6	7.846450	3.891842	11.738291	21.913019
334.7	8.530362	3.211410	11.741772	22.127836
334.8	6.037907	5.705831	11.743737	22.270449
334.9	3.818633	7.922639	11.741272	22.329114
335	5.052817	6.684972	11.737789	22.315774
335.1	8.040780	3.697497	11.738277	22.261642
335.2	8.509182	3.232959	11.742141	22.206841
335.3	5.706935	6.036949	11.743884	22.187422
335.4	3.615444	8.125437	11.740880	22.224012
335.5	5.351858	6.385442	11.737299	22.315834
335.6	8.574388	3.163996	11.738384	22.442060
335.7	8.571652	3.171256	11.742908	22.569945
335.8	4.968205	6.776354	11.744559	22.666882
335.9	2.595927	9.144767	11.740694	22.712140
336	4.949555	6.786800	11.736356	22.704154
336.1	9.124041	2.613557	11.737598	22.660790
336.2	9.480246	2.262788	11.743034	22.612495
336.3	5.333586	6.411820	11.745406	22.590757
336.4	2.110045	9.631354	11.741399	22.616025
336.5	4.101835	7.634511	11.736347	22.689448
336.6	8.565836	3.171289	11.737126	22.791522
336.7	9.361419	2.381293	11.742712	22.888280
336.8	5.356483	6.388935	11.745418	22.942993
336.9	2.100284	9.641091	11.741375	22.929355
337	4.271262	7.464752	11.736013	22.841506
337.1	9.109496	2.627313	11.736809	22.697310
337.2	9.966769	1.776204	11.742973	22.533585
337.3	5.382019	6.364221	11.746240	22.394776
337.4	1.330080	10.411904	11.741984	22.318838
337.5	3.334086	8.401590	11.735676	22.325065
337.6	8.948307	2.787409	11.735717	22.407949
337.7	10.866832	0.875294	11.742127	22.539051
337.8	6.651642	5.094754	11.746396	22.676137
337.9	2.015430	9.727437	11.742867	22.776386
338	3.158659	8.577704	11.736364	22.809155
338.1	8.431478	3.304227	11.735705	22.764087
338.2	10.580398	1.161394	11.741792	22.652104
338.3	6.587366	5.158987	11.746353	22.499377
338.4	1.821927	9.921169	11.743096	22.336819
338.5	2.853197	8.883055	11.736252	22.189121
338.6	8.564828	3.170137	11.734965	22.067306
338.7	11.539955	0.201090	11.741044	21.967327
338.8	7.889629	3.856905	11.746534	21.874850
338.9	2.379864	9.364452	11.744316	21.774042
339	2.067846	9.669647	11.737493	21.656669
339.1	7.037643	4.697437	11.735080	21.527763
339.2	10.544371	1.195603	11.739973	21.405452
339.3	8.127202	3.618161	11.745363	21.314826
339.4	3.358803	8.385306	11.744109	21.278075
339.5	2.728582	9.009650	11.738232	21.304630
339.6	6.859742	4.876105	11.735847	21.385211
339.7	9.916175	1.823885	11.740060	21.492360
339.8	7.703905	4.041060	11.744966	21.587730
339.9	3.291504	8.452387	11.743891	21.633893
340	2.664270	9.074148	11.738417	21.606743
340.1	6.574618	5.161387	11.736005	21.504148
340.2	9.681980	2.057796	11.739776	21.347734
340.3	7.903883	3.840593	11.744476	21.176941
340.4	3.810492	7.933347	11.743840	21.037158
340.5	2.888020	8.851007	11.739027	20.965780
340.6	6.069010	5.667704	11.736714	20.980752
340.7	8.750892	2.988934	11.739826	21.075351
340.8	7.332601	4.411166	11.743768	21.220850
340.9	4.060513	7.682537	11.743050	21.376054
341	3.653651	8.085204	11.738855	21.500458
341.1	6.668937	5.068213	11.737149	21.566613
341.2	8.855080	2.885193	11.740273	21.567705
341.3	7.184898	4.558907	11.743804	21.518076
341.4	4.021652	7.721218	11.742870	21.446835
341.5	3.713580	8.025310	11.738890	21.387062
341.6	6.556715	5.180693	11.737408	21.364449
341.7	8.565250	3.175029	11.740279	21.389285
341.8	7.169462	4.573790	11.743252	21.454336
341.9	4.696347	7.045821	11.742168	21.539069
342	4.824463	6.914376	11.738839	21.618430
342.1	7.233116	4.505177	11.738293	21.672898
342.2	8.143576	3.597837	11.741413	21.696197
342.3	5.940239	5.803349	11.743588	21.697999
342.4	3.718212	8.023157	11.741369	21.700748
342.5	4.936350	6.801293	11.737643	21.731806
342.6	8.283293	3.454460	11.737753	21.813670
342.7	9.224985	2.516869	11.741855	21.955594
342.8	6.323979	5.420416	11.744395	22.149409
342.9	3.453315	8.288459	11.741774	22.370828
343	4.538976	7.198580	11.737556	22.585757
343.1	8.009863	3.727824	11.737687	22.759518
343.2	8.848905	2.893218	11.742123	22.866102
343.3	5.640735	6.103901	11.744636	22.894712
343.4	2.794065	8.947356	11.741421	22.851869
343.5	4.544138	7.192528	11.736666	22.758793
343.6	8.851156	2.885910	11.737066	22.645202
343.7	9.845703	1.896785	11.742488	22.541558
343.8	5.832270	5.913484	11.745753	22.472024
343.9	1.912424	9.829840	11.742264	22.449871
344	3.310833	8.425644	11.736477	22.476149
344.1	8.247933	3.488194	11.736127	22.541398
344.2	10.159079	1.582675	11.741754	22.629403
344.3	6.497526	5.248278	11.745805	22.721654
344.4	2.235989	9.506796	11.742785	22.801312
344.5	3.170966	8.565825	11.736791	22.855907
344.6	8.009132	3.726907	11.736039	22.878563
344.7	10.056390	1.685262	11.741651	22.867963
344.8	6.360234	5.385745	11.745979	22.827485
344.9	1.887791	9.855152	11.742943	22.763947
345	2.891798	8.844645	11.736443	22.686240
345.1	8.328041	3.407235	11.735276	22.603971
345.2	11.040299	0.700931	11.741230	22.526169
345.3	7.317333	4.429151	11.746483	22.460104
345.4	1.991436	9.752565	11.744000	22.410357
345.5	2.093685	9.643333	11.737018	22.378304
345.6	7.482154	4.252637	11.734791	22.362167
345.7	11.025477	0.714743	11.740220	22.357620
345.8	8.127442	3.618552	11.745994	22.358780
345.9	2.821140	8.923281	11.744421	22.359279
346	2.283450	9.454270	11.737720	22.353076
346.1	7.191601	4.543361	11.734961	22.334846
346.2	10.877509	0.862335	11.739844	22.299985
346.3	8.338279	3.407504	11.745783	22.244485
346.4	2.938885	8.805934	11.744819	22.165080
346.5	1.861739	9.876520	11.738259	22.059899
346.6	6.521017	5.213797	11.734814	21.929625
346.7	10.787401	0.951510	11.738911	21.778788
346.8	9.220825	2.524143	11.744968	21.616565
346.9	4.147020	7.598058	11.745078	21.456449
347	2.256947	9.482557	11.739504	21.314430
347.1	5.620754	6.115191	11.735945	21.205859
347.2	9.256268	2.482687	11.738955	21.141741
347.3	8.189944	3.554094	11.744038	21.125593
347.4	4.144866	7.599257	11.744124	21.152006
347.5	2.886224	8.853024	11.739248	21.207628
347.6	6.184119	5.552129	11.736248	21.274517
347.7	9.483453	2.255785	11.739239	21.334935
347.8	8.260289	3.483797	11.744086	21.376111
347.9	4.165231	7.579014	11.744245	21.393349
348	2.628867	9.110812	11.739679	21.390379
348.1	5.455288	6.281374	11.736662	21.376798
348.2	8.598569	3.140493	11.739062	21.363509
348.3	7.908883	3.834371	11.743254	21.357891
348.4	4.708465	7.034971	11.743436	21.360599
348.5	3.631619	8.108031	11.739650	21.365383
348.6	6.051819	5.685607	11.737425	21.362163
348.7	8.340446	3.399407	11.739853	21.342327
348.8	7.175664	4.567681	11.743345	21.304180
348.9	4.253608	7.489259	11.742867	21.256238
349	3.806879	7.932202	11.739081	21.216630
349.1	6.568305	5.169036	11.737341	21.208274
349.2	8.746131	2.993953	11.740084	21.251091
349.3	7.394857	4.348567	11.743423	21.353847
349.4	4.533460	7.209243	11.742703	21.508676
349.5	4.210161	7.528920	11.739081	21.690700
349.6	6.741262	4.996543	11.737805	21.863558
349.7	8.337717	3.402955	11.740673	21.989619
349.8	6.636076	5.107355	11.743431	22.041849
349.9	4.189213	7.552693	11.741906	22.013452
350	4.814958	6.923190	11.738148	21.921830
350.1	7.931768	3.805924	11.737692	21.805105
350.2	9.097270	2.644317	11.741588	21.711832
350.3	6.284555	5.459990	11.744545	21.686845
350.4	3.081208	8.660971	11.742178	21.757636
350.5	3.979209	7.758191	11.737399	21.925647
350.6	8.033782	3.702963	11.736745	22.165400
350.7	9.841684	1.899662	11.741346	22.431863
350.8	6.854811	4.890249	11.745060	22.673777
350.9	3.044394	8.698347	11.742741	22.848669
351	3.615635	8.121823	11.737458	22.934725
351.1	7.800743	3.935775	11.736519	22.935752
351.2	9.725086	2.016331	11.741418	22.877792
351.3	6.445813	5.299705	11.745518	22.798780
351.4	2.223825	9.519153	11.742977	22.734947
351.5	2.927194	8.809728	11.736923	22.708721
351.6	7.950169	3.785336	11.735505	22.722236
351.7	10.736780	1.004088	11.740868	22.758528
351.8	7.493562	4.252450	11.746012	22.789726
351.9	2.402639	9.341433	11.744071	22.789102
352	2.131017	9.606608	11.737625	22.742450
352.1	6.893619	4.841703	11.735322	22.654608
352.2	10.159436	1.580780	11.740216	22.548679
352.3	7.499465	4.246120	11.745585	22.458189
352.4	2.628982	9.115039	11.744021	22.414976
352.5	2.378439	9.359119	11.737558	22.437168
352.6	7.331260	4.403764	11.735024	22.521632
352.7	10.867773	0.872297	11.740071	22.643672
352.8	8.059397	3.686668	11.746065	22.764239
352.9	2.451676	9.293229	11.744905	22.842232
353	1.477620	10.260344	11.737964	22.847671
353.1	6.543435	5.190941	11.734377	22.771244
353.2	11.088479	0.650393	11.738872	22.626979
353.3	9.268454	2.477017	11.745471	22.447234
353.4	3.658815	8.086684	11.745499	22.271835
353.5	1.717137	10.021982	11.739119	22.135197
353.6	5.834682	5.900274	11.734956	22.055867
353.7	10.310077	1.428385	11.738462	22.031935
353.8	9.147578	2.597152	11.744730	22.043633
353.9	4.065099	7.680182	11.745281	22.061839
354	2.015651	9.723828	11.739480	22.059172
354.1	5.758733	5.976485	11.735218	22.019578
354.2	10.240361	1.497820	11.738182	21.942994
354.3	9.491645	2.252663	11.744308	21.843627
354.4	4.584475	7.160968	11.745443	21.742809
354.5	2.013520	9.726765	11.740285	21.659384
354.6	4.948702	6.787157	11.735859	21.601489
354.7	9.226347	2.511536	11.737883	21.562989
354.8	9.208883	2.534388	11.743270	21.526025
354.9	5.287032	6.457665	11.744697	21.468773
355	2.958992	8.781599	11.740591	21.375492
355.1	5.149328	6.587575	11.736903	21.244952
355.2	8.435025	3.303628	11.738654	21.093844
355.3	8.084707	3.658431	11.743138	20.953530
355.4	4.649407	7.094565	11.743972	20.860889
355.5	3.025031	8.714988	11.740020	20.846205
355.6	5.541933	6.194884	11.736817	20.922239
355.7	8.777409	2.961357	11.738766	21.078330
355.8	8.370213	3.372903	11.743116	21.281773
355.9	4.990611	6.753331	11.743942	21.486279
356	3.239425	8.500925	11.740349	21.644945
356.1	5.229965	6.507516	11.737481	21.723630
356.2	7.867021	3.872157	11.739178	21.710500
356.3	7.426882	4.315844	11.742726	21.618776
356.4	4.799633	6.943295	11.742929	21.481958
356.5	4.035912	7.703630	11.739542	21.343245
356.6	6.427999	5.309536	11.737535	21.242652
356.7	8.619062	3.120854	11.739916	21.205943
356.8	7.415600	4.327782	11.743382	21.238714
356.9	4.414899	7.328096	11.742995	21.327119
357	3.811857	7.927384	11.739241	21.444528
357.1	6.453862	5.283547	11.737408	21.561503
357.2	8.605909	3.134175	11.740084	21.655609
357.3	7.256807	4.486608	11.743415	21.717856
357.4	4.456830	7.285722	11.742552	21.753944
357.5	4.422149	7.316511	11.738660	21.780343
357.6	7.398835	4.338596	11.737431	21.816962
357.7	9.081185	2.659777	11.740962	21.879188
357.8	6.687509	5.056941	11.744449	21.972097
357.9	3.217110	8.525613	11.742723	22.088672
358	3.596546	8.141175	11.737721	22.212416
358.1	7.738180	3.998064	11.736245	22.323212
358.2	10.243255	1.497386	11.740641	22.404274
358.3	7.589929	4.155294	11.745223	22.447810
358.4	3.122317	8.621440	11.743757	22.457588
358.5	2.760661	8.977404	11.738065	22.447734
358.6	6.983953	4.751855	11.735808	22.438313
358.7	10.034562	1.705562	11.740123	22.449226
358.8	7.676584	4.068602	11.745186	22.494347
358.9	3.058118	8.685890	11.744008	22.577563
359	2.541222	9.196828	11.738050	22.691701
359.1	6.981840	4.753598	11.735438	22.820380
359.2	10.366286	1.373651	11.739937	22.942046
359.3	7.892062	3.853559	11.745622	23.034981
359.4	2.637106	9.107616	11.744722	23.082003
359.5	1.619023	10.119188	11.738210	23.073857
359.6	6.358875	5.375831	11.734706	23.010777
359.7	10.687335	1.051613	11.738948	22.902123
359.8	8.912977	2.832360	11.745337	22.764433
359.9	3.445729	8.299651	11.745379	22.618348
360	1.572662	10.166438	11.739100	22.485015
360.1	5.673016	6.061990	11.735006	22.382524
360.2	10.058276	1.680323	11.738599	22.322918
360.3	8.715285	3.029648	11.744933	22.310252
360.4	3.488479	8.256832	11.745311	22.340073
360.5	1.613134	10.125952	11.739086	22.400462
360.6	5.899593	5.835017	11.734610	22.474524
360.7	10.828955	0.909049	11.738004	22.543820
360.8	9.873116	1.871767	11.744882	22.592004
360.9	4.224900	7.521289	11.746189	22.607788
361	1.229930	10.510338	11.740268	22.586523
361.1	4.657733	7.077252	11.734985	22.530043
361.2	9.835666	1.901504	11.737171	22.444981
361.3	10.019582	1.724058	11.743640	22.340194
361.4	5.311005	6.434700	11.745705	22.224246
361.5	2.237237	9.503620	11.740857	22.103775
361.6	4.836003	6.899872	11.735875	21.983227
361.7	9.374900	2.362563	11.737463	21.865794
361.8	9.625063	2.118231	11.743293	21.754925
361.9	5.297471	6.447948	11.745419	21.655458
362	2.254615	9.486475	11.741090	21.573577
362.1	4.487041	7.249216	11.736256	21.515326
362.2	8.869373	2.867937	11.737310	21.484064
362.3	9.597377	2.145186	11.742564	21.477895
362.4	5.984674	5.760204	11.744878	21.488310
362.5	3.058957	8.682497	11.741455	21.501017
362.6	4.518378	7.218937	11.737315	21.499185
362.7	7.897044	3.841037	11.738081	21.468375
362.8	8.336431	3.405894	11.742325	21.401635
362.9	5.389396	6.354517	11.743913	21.302913
363	3.405548	8.335144	11.740692	21.187315
363.1	5.247036	6.490304	11.737341	21.077714
363.2	8.287565	3.451065	11.738630	20.998469
363.3	8.195972	3.546770	11.742742	20.968143
363.4	5.041966	6.701952	11.743917	20.993651
363.5	3.160116	8.580435	11.740551	21.067902
363.6	5.078627	6.658720	11.737347	21.171956
363.7	8.074291	3.664368	11.738660	21.281112
363.8	8.083174	3.659299	11.742474	21.372962
363.9	5.349182	6.394221	11.743403	21.434595
364	3.889795	7.850530	11.740325	21.466357
364.1	5.688576	6.049257	11.737833	21.480717
364.2	7.934011	3.805547	11.739558	21.496528
364.3	7.192645	4.550285	11.742930	21.530714
364.4	4.483095	7.259786	11.742880	21.590480
364.5	3.905751	7.833473	11.739224	21.669119
364.6	6.686733	5.050395	11.737127	21.747286
364.7	9.169213	2.570592	11.739805	21.799683
364.8	7.830307	3.913442	11.743749	21.805024
364.9	4.365741	7.377709	11.743450	21.755755
365	3.522515	8.216684	11.739199	21.663812
365.1	6.479268	5.257636	11.736905	21.559883
365.2	9.054864	2.685023	11.739887	21.485773
365.3	7.497328	4.246698	11.744027	21.481942
365.4	3.901561	7.841778	11.743339	21.574160
365.5	3.494792	8.243676	11.738469	21.763754
365.6	7.266212	4.469948	11.736160	22.025025
365.7	10.211710	1.528291	11.740001	22.311096
365.8	8.015153	3.729960	11.745113	22.566724
365.9	3.203922	8.540558	11.744479	22.744185
366	2.096078	9.642532	11.738610	22.817201
366.1	6.314066	5.421151	11.735217	22.788424
366.2	10.367073	1.371857	11.738930	22.688009
366.3	8.870897	2.873983	11.744880	22.563751
366.4	3.826893	7.918194	11.745088	22.465989
366.5	2.015574	9.723686	11.739260	22.432215
366.6	5.845042	5.890268	11.735310	22.476338
366.7	10.020560	1.718126	11.738686	22.585949
366.8	8.687327	3.057546	11.744874	22.728160
366.9	3.466228	8.279167	11.745396	22.861753
367	1.408829	10.330506	11.739335	22.951267
367.1	5.475902	6.258850	11.734752	22.978198
367.2	10.391653	1.346240	11.737893	22.945595
367.3	9.611431	2.133253	11.744683	22.874827
367.4	4.118105	7.627988	11.746093	22.796046
367.5	1.170898	10.569352	11.740250	22.736075
367.6	4.615014	7.119957	11.734972	22.708253
367.7	9.764283	1.972988	11.737271	22.707915
367.8	9.738941	2.005009	11.743951	22.715047
367.9	4.707119	7.038848	11.745967	22.702987
368	1.584656	10.155986	11.740642	22.649806
368.1	4.647675	7.087560	11.735235	22.548061
368.2	9.759226	1.977870	11.737096	22.409200
368.3	9.980786	1.762950	11.743736	22.260892
368.4	4.956245	6.789961	11.746206	22.138114
368.5	1.413880	10.327263	11.741143	22.071148
368.6	4.152606	7.582655	11.735261	22.074734
368.7	9.651450	2.084872	11.736322	22.142275
368.8	10.801366	0.941465	11.742831	22.247176
368.9	6.296713	5.449496	11.746209	22.350890
369	2.150120	9.592156	11.742277	22.414894
369.1	3.558926	8.177638	11.736564	22.412465
369.2	8.195555	3.541044	11.736600	22.336288
369.3	9.718474	2.023415	11.741890	22.199428
369.4	6.389497	5.355513	11.745009	22.029599
369.5	3.101183	8.640692	11.741875	21.859005
369.6	4.421161	7.315906	11.737067	21.713506
369.7	8.404699	3.332556	11.737255	21.604954
369.8	9.486510	2.255563	11.742073	21.529276
369.9	6.176107	5.568766	11.744873	21.470696
370	2.950746	8.791214	11.741960	21.410196
370.1	4.004350	7.733119	11.737468	21.334830
370.2	7.639209	4.098230	11.737439	21.244218
370.3	8.863862	2.877716	11.741578	21.151690
370.4	6.298833	5.445161	11.743994	21.079581
370.5	3.793389	7.948151	11.741539	21.050404
370.6	4.802721	6.935263	11.737984	21.077219
370.7	7.605074	4.133374	11.738448	21.156887
370.8	7.962680	3.779482	11.742162	21.268901
370.9	5.250252	6.493452	11.743703	21.380555
371	3.332284	8.408491	11.740775	21.456878
371.1	5.033607	6.703856	11.737464	21.472094
371.2	8.095802	3.642633	11.738434	21.418670
371.3	8.335357	3.406979	11.742336	21.310831
371.4	5.512717	6.231009	11.743726	21.181191
371.5	3.620116	8.120640	11.740756	21.071465
371.6	5.215830	6.521905	11.737735	21.020168
371.7	7.850402	3.888561	11.738962	21.051184
371.8	7.646502	4.096086	11.742588	21.166757
371.9	4.920029	6.823227	11.743256	21.346998
372	3.778681	7.961154	11.739835	21.555873
372.1	6.174046	5.563155	11.737202	21.751647
372.2	8.888278	2.851078	11.739356	21.898439
372.3	7.949374	3.794154	11.743528	21.975410
372.4	4.401658	7.342151	11.743809	21.981035
372.5	3.146590	8.592916	11.739506	21.931607
372.6	6.156552	5.579887	11.736439	21.854932
372.7	9.486824	2.252181	11.739005	21.781566
372.8	8.537364	3.206507	11.743871	21.736439
372.9	4.499382	7.244939	11.744320	21.733292
373	2.927170	8.812399	11.739569	21.773194
373.1	6.101370	5.634756	11.736127	21.847001
373.2	9.670698	2.068249	11.738947	21.940378
373.3	8.487874	3.256504	11.744377	22.039424
373.4	3.854138	7.890724	11.744863	22.134995
373.5	2.072807	9.666541	11.739348	22.224536
373.6	5.917023	5.818073	11.735095	22.311194
373.7	10.554694	1.183349	11.738043	22.400917
373.8	9.773439	1.971138	11.744577	22.498795
373.9	4.363127	7.382969	11.746096	22.605992
374	1.274189	10.466323	11.740512	22.718221
374.1	4.441729	7.293464	11.735193	22.826162
374.2	9.526236	2.210928	11.737164	22.917531
374.3	9.725429	2.018239	11.743668	22.980119
374.4	4.906330	6.839542	11.745872	23.004901
374.5	1.736473	10.004335	11.740808	22.988451
374.6	4.602106	7.133311	11.735417	22.934118
374.7	9.600194	2.136948	11.737142	22.851774
374.8	9.795786	1.947989	11.743775	22.756206
374.9	4.681654	7.064689	11.746343	22.664481
375	1.008350	10.732878	11.741228	22.592702
375.1	3.765283	7.969854	11.735137	22.552762
375.2	9.432743	2.303422	11.736164	22.549674
375.3	10.624620	1.118313	11.742933	22.580120
375.4	5.911894	5.834563	11.746457	22.632650
375.5	1.651555	10.090621	11.742176	22.689735
375.6	3.427809	8.308166	11.735974	22.731421
375.7	8.654077	3.082084	11.736161	22.739866
375.8	10.209109	1.533216	11.742325	22.703713
375.9	6.072467	5.673570	11.746037	22.621121
376	1.955099	9.787196	11.742295	22.500520
376.1	3.509624	8.226560	11.736184	22.358742
376.2	8.731082	3.004833	11.735915	22.216916
376.3	10.724343	1.017450	11.741794	22.095215
376.4	6.949945	4.796023	11.745968	22.007949
376.5	2.483184	9.259858	11.743042	21.960427
376.6	3.106591	8.630540	11.737131	21.948480
376.7	7.710544	4.025527	11.736071	21.960650
376.8	10.089639	1.651290	11.740929	21.982209
376.9	7.360405	4.384538	11.744943	21.999552
377	3.533957	8.208952	11.742909	22.003447
377.1	3.744140	7.993866	11.738006	21.990132
377.2	7.327986	4.409058	11.737044	21.960084
377.3	9.098804	2.642276	11.741080	21.915262
377.4	6.667225	5.077061	11.744286	21.856231
377.5	3.580014	8.162222	11.742236	21.780627
377.6	4.185282	7.552646	11.737928	21.683876
377.7	7.595523	4.141859	11.737381	21.562088
377.8	9.069165	2.672090	11.741255	21.416012
377.9	6.644406	5.099722	11.744128	21.254293
378	3.714911	8.027262	11.742173	21.094312
378.1	4.152132	7.586215	11.738347	20.959605
378.2	6.985528	4.752485	11.738013	20.874191
378.3	8.023352	3.718029	11.741381	20.855347
378.4	5.899456	5.843960	11.743416	20.907295
378.5	3.911005	7.830145	11.741149	21.018176
378.6	5.143283	6.594627	11.737910	21.161841
378.7	7.933587	3.804930	11.738516	21.304360
378.8	8.191316	3.550981	11.742297	21.413502
378.9	5.295428	6.448504	11.743933	21.468214
379	3.142100	8.598880	11.740980	21.464929
379.1	4.741380	6.996059	11.737439	21.418437
379.2	7.945288	3.792920	11.738208	21.356800
379.3	8.402515	3.339656	11.742171	21.311861
379.4	5.656843	6.086879	11.743722	21.308485
379.5	3.774571	7.966121	11.740692	21.356215
379.6	5.532379	6.205113	11.737493	21.446313
379.7	8.368425	3.370464	11.738889	21.555294
379.8	7.968847	3.774228	11.743076	21.653824
379.9	4.568644	7.175345	11.743989	21.717854
380	2.951775	8.788131	11.739906	21.737985
380.1	5.807931	5.928324	11.736255	21.723579
380.2	9.637959	2.100346	11.738305	21.699899
380.3	9.242865	2.500773	11.743638	21.699088
380.4	4.930032	6.815046	11.745078	21.748013
380.5	2.409191	9.331290	11.740481	21.857336
380.6	5.141928	6.594031	11.735959	22.015863
380.7	9.472188	2.265561	11.737748	22.192525
380.8	9.428450	2.315120	11.743570	22.345728
380.9	4.908385	6.837096	11.745481	22.437136
381	2.029545	9.711125	11.740670	22.445286
381.1	4.884317	6.851211	11.735528	22.374290
381.2	9.794340	1.942817	11.737157	22.254390
381.3	10.072299	1.671322	11.743621	22.133818
381.4	5.086897	6.659393	11.746290	22.064383
381.5	1.339179	10.402242	11.741421	22.085350
381.6	3.858787	7.876579	11.735366	22.210858
381.7	9.389310	2.346884	11.736194	22.425035
381.8	10.629308	1.113539	11.742847	22.686399
381.9	5.958362	5.788126	11.746488	22.940124
382	1.594923	10.147403	11.742326	23.134146
382.1	3.248636	8.487401	11.736038	23.233898
382.2	8.489297	3.246791	11.736087	23.231033
382.3	10.107439	1.634871	11.742310	23.143595
382.4	5.904641	5.841529	11.746171	23.008029
382.5	1.666411	10.075940	11.742351	22.866112
382.6	3.298440	8.437535	11.735974	22.751438
382.7	8.771415	2.964286	11.735701	22.680030
382.8	10.782516	0.959505	11.742021	22.647940
382.9	6.561331	5.185223	11.746555	22.636162
383	1.613165	10.130123	11.743288	22.620530
383.1	2.386288	9.350299	11.736587	22.582630
383.2	7.741678	3.993600	11.735277	22.517574
383.3	10.612081	1.128787	11.740868	22.435801
383.4	7.469569	4.276165	11.745734	22.358432
383.5	2.844251	8.899244	11.743494	22.308117
383.6	3.010448	8.727007	11.737455	22.299014
383.7	7.557373	4.178512	11.735886	22.329833
383.8	10.164478	1.576316	11.740794	22.382697
383.9	7.281855	4.463547	11.745402	22.428409
384	2.858651	8.884827	11.743477	22.436305
384.1	2.882917	8.854763	11.737680	22.385159
384.2	7.328003	4.407765	11.735769	22.271187
384.3	10.349573	1.390544	11.740117	22.110183
384.4	8.193219	3.551562	11.744781	21.932949
384.5	3.995669	7.748076	11.743745	21.775526
384.6	3.248687	8.490174	11.738862	21.667605
384.7	6.439615	5.297273	11.736888	21.623105
384.8	8.832144	2.908003	11.740148	21.636132
384.9	7.244137	4.499582	11.743718	21.683596
385	4.249683	7.492925	11.742608	21.733446
385.1	4.236123	7.502506	11.738629	21.755543
385.2	7.161370	4.576190	11.737560	21.731347
385.3	8.763323	2.977577	11.740900	21.659145
385.4	6.694449	5.049428	11.743876	21.553180
385.5	3.819880	7.922411	11.742291	21.437295
385.6	4.115937	7.622479	11.738416	21.335601
385.7	7.071988	4.665710	11.737698	21.263671
385.8	8.485742	3.255312	11.741055	21.223480
385.9	6.430451	5.313214	11.743665	21.203829
386	3.913440	7.828423	11.741863	21.185972
386.1	4.515993	7.222329	11.738321	21.152250
386.2	7.268105	4.470080	11.738185	21.094427
386.3	8.066716	3.674962	11.741678	21.018577
386.4	5.621419	6.122309	11.743729	20.944594
386.5	3.421609	8.319599	11.741208	20.900320
386.6	4.811203	6.926335	11.737538	20.912237
386.7	8.097627	3.640354	11.737981	20.995873
386.8	8.744568	2.997563	11.742132	21.149225
386.9	5.741775	6.002501	11.744276	21.351507
387	3.180060	8.561285	11.741345	21.567764
387.1	4.623188	7.114171	11.737359	21.757991
387.2	8.055764	3.682169	11.737932	21.887943
387.3	8.613205	3.129121	11.742326	21.938358
387.4	5.460178	6.284113	11.744291	21.909872
387.5	3.149561	8.591252	11.740814	21.822320
387.6	5.291567	6.445044	11.736611	21.708863
387.7	9.235150	2.502641	11.737792	21.606875
387.8	9.425866	2.317315	11.743181	21.548352
387.9	5.149620	6.595881	11.745501	21.552508
388	1.934728	9.806519	11.741247	21.622367
388.1	4.266519	7.469308	11.735827	21.745845
388.2	9.327975	2.408563	11.736538	21.900507
388.3	10.503699	1.238925	11.742624	22.060257
388.4	6.224661	5.521365	11.746026	22.201961
388.5	2.204581	9.537582	11.742163	22.310297
388.6	3.818592	7.917654	11.736245	22.379902
388.7	8.796334	2.940015	11.736350	22.414755
388.8	10.217106	1.525333	11.742439	22.425472
388.9	5.923422	5.822823	11.746245	22.425583
389	1.612318	10.130094	11.742412	22.427886
389.1	3.243400	8.492490	11.735891	22.441711
389.2	8.896140	2.839306	11.735446	22.471521
389.3	11.148822	0.593027	11.741850	22.516878
389.4	6.945272	4.801432	11.746704	22.573521
389.5	1.732589	10.011022	11.743610	22.635127
389.6	2.251398	9.485327	11.736724	22.695270
389.7	7.603965	4.131214	11.735178	22.749139
389.8	10.556235	1.184632	11.740867	22.794602
389.9	7.267867	4.478147	11.746014	22.832353
390	2.345707	9.398015	11.743722	22.865067
390.1	2.498887	9.238335	11.737222	22.895727
390.2	7.456937	4.278452	11.735389	22.925587
390.3	10.411974	1.328725	11.740698	22.952418
390.4	7.295708	4.450215	11.745923	22.969767
390.5	2.294297	9.449662	11.743959	22.967728
390.6	2.185092	9.552318	11.737410	22.935321
390.7	7.205963	4.529069	11.735031	22.863994
390.8	10.759776	0.980180	11.739956	22.751276
390.9	8.253982	3.491604	11.745587	22.603336
391	3.134322	8.610222	11.744544	22.435358
391.1	2.133091	9.605364	11.738454	22.269225
391.2	6.313122	5.422387	11.735509	22.128813
391.3	9.919305	1.820081	11.739386	22.034066
391.4	8.292646	3.451922	11.744567	21.995558
391.5	3.984571	7.759507	11.744077	22.011265
391.6	2.998410	8.740444	11.738854	22.066705
391.7	6.582493	5.153661	11.736154	22.138572
391.8	9.748127	1.991421	11.739548	22.200883
391.9	8.227943	3.516327	11.744270	22.231783
392	4.181925	7.562039	11.743964	22.218921
392.1	3.035670	8.703609	11.739279	22.161732
392.2	6.092048	5.644606	11.736654	22.070034
392.3	9.045512	2.693870	11.739381	21.959594
392.4	8.090196	3.653188	11.743384	21.846344
392.5	4.959422	6.783776	11.743199	21.741390
392.6	4.126355	7.613149	11.739504	21.648564
392.7	6.445368	5.292426	11.737794	21.565284
392.8	8.202465	3.537971	11.740437	21.486144
392.9	6.649241	5.094197	11.743438	21.407585
393	3.986545	7.755762	11.742307	21.331516
393.1	4.166455	7.572080	11.738535	21.266134
393.2	7.157073	4.580412	11.737485	21.223326
393.3	8.877938	2.862812	11.740749	21.213459
393.4	6.924017	4.819820	11.743837	21.239586
393.5	3.969471	7.773016	11.742487	21.293548
393.6	4.013925	7.724756	11.738680	21.355994
393.7	6.767327	4.970494	11.737821	21.400956
393.8	8.127282	3.613777	11.741059	21.403909
393.9	6.085010	5.658625	11.743635	21.350749
394	3.655430	8.086254	11.741684	21.244453
394.1	4.576424	7.161444	11.737869	21.106733
394.2	7.818343	3.919402	11.737745	20.973498
394.3	8.814227	2.927572	11.741799	20.885096
394.4	5.905351	5.839120	11.744472	20.874204
394.5	2.939855	8.801980	11.741835	20.955280
394.6	4.104932	7.632367	11.737300	21.119209
394.7	8.004438	3.732695	11.737133	21.335176
394.8	9.366345	2.375378	11.741724	21.559448
394.9	6.290073	5.454729	11.744803	21.748377
395	3.027090	8.714923	11.742013	21.871406
395.1	4.205803	7.531314	11.737117	21.919782
395.2	8.313097	3.423899	11.736996	21.908039
395.3	9.588710	2.153351	11.742061	21.867774
395.4	6.007086	5.738288	11.745373	21.835862
395.5	2.366433	9.375644	11.742078	21.841226
395.6	3.910238	7.826109	11.736347	21.894787
395.7	8.970386	2.765648	11.736034	21.986130
395.8	10.859067	0.882870	11.741938	22.088090
395.9	6.815972	4.930389	11.746361	22.167616
396	1.967302	9.775994	11.743297	22.199041
396.1	2.676570	9.060088	11.736657	22.174937
396.2	8.018594	3.716641	11.735236	22.110531
396.3	10.906303	0.834633	11.740935	22.039872
396.4	7.531948	4.214177	11.746125	22.004847
396.5	2.482933	9.260911	11.743844	22.040709
396.6	2.576999	9.160195	11.737194	22.163109
396.7	7.655642	4.079561	11.735203	22.361206
396.8	10.763614	0.977024	11.740638	22.599430
396.9	7.534218	4.211996	11.746214	22.827531
397	2.145858	9.598507	11.744365	22.995715
397.1	1.779727	9.957727	11.737453	23.069918
397.2	6.996214	4.738426	11.734641	23.042185
397.3	10.962531	0.777094	11.739625	22.932775
397.4	8.555235	3.190508	11.745743	22.783379
397.5	3.105945	8.639011	11.744956	22.643801
397.6	1.809162	9.929399	11.738561	22.556561
397.7	6.090704	5.644554	11.735258	22.544467
397.8	9.895166	1.844182	11.739348	22.605019
397.9	8.029361	3.715704	11.745065	22.713143
398	3.162945	8.581599	11.744544	22.830861
398.1	2.083934	9.654559	11.738492	22.920285
398.2	6.426376	5.308762	11.735138	22.955386
398.3	10.457759	1.281286	11.739045	22.928669
398.4	8.821602	2.923404	11.745006	22.850917
398.5	3.697776	8.047360	11.745136	22.744673
398.6	1.802750	9.936657	11.739408	22.634343
398.7	5.440524	6.294960	11.735484	22.536829
398.8	9.653205	2.085136	11.738340	22.456171
398.9	9.044428	2.699402	11.743830	22.383987
399	4.857716	6.886889	11.744605	22.305232
399.1	2.919342	8.820666	11.740008	22.206742
399.2	5.628223	6.108339	11.736562	22.085004
399.3	8.981193	2.757643	11.738836	21.949962
399.4	8.357100	3.386301	11.743401	21.823170
399.5	4.822238	6.921647	11.743885	21.730816
399.6	3.397029	8.342760	11.739789	21.694109
399.7	6.010940	5.725966	11.736906	21.720578
399.8	8.983433	2.755706	11.739139	21.799596
399.9	8.280893	3.462350	11.743243	21.903963
400	5.029295	6.714285	11.743580	21.997238
400.1	3.716492	8.023457	11.739949	22.044463
400.2	5.875137	5.862458	11.737595	22.022716
400.3	8.162520	3.577154	11.739674	21.927937
400.4	7.312285	4.430658	11.742943	21.775792
400.5	4.755611	6.986988	11.742599	21.596362
400.6	4.391487	7.347717	11.739204	21.424547
400.7	6.837107	4.900712	11.737819	21.289456
400.8	8.466442	3.274204	11.740646	21.206330
400.9	6.650995	5.092743	11.743738	21.173507
401	3.698072	8.044483	11.742554	21.175183
401.1	3.744306	7.994223	11.738529	21.188663
401.2	6.879869	4.857362	11.737231	21.193357
401.3	8.859090	2.881456	11.740547	21.178267
401.4	6.974687	4.769216	11.743903	21.145436
401.5	3.894187	7.848418	11.742604	21.108304
401.6	3.956610	7.781883	11.738493	21.085827
401.7	7.022149	4.715313	11.737462	21.094613
401.8	8.582230	3.158885	11.741115	21.142018
401.9	6.155652	5.588651	11.744304	21.222672
402	3.020100	8.722155	11.742255	21.319676
402.1	3.807511	7.929970	11.737481	21.410006
402.2	7.889351	3.847252	11.736603	21.472270
402.3	9.892084	1.849071	11.741155	21.494128
402.4	6.981562	4.763570	11.745132	21.476905
402.5	2.960580	8.782464	11.743044	21.435867
402.6	3.273954	8.463644	11.737598	21.396069
402.7	7.529027	4.207207	11.736234	21.385129
402.8	9.873115	1.867821	11.740936	21.425144
402.9	6.982579	4.762705	11.745284	21.526174
403	2.797199	8.945918	11.743118	21.683126
403.1	3.282989	8.454167	11.737156	21.876786
403.2	8.144789	3.590792	11.735580	22.078531
403.3	10.903124	0.837767	11.740890	22.257269
403.4	7.571680	4.174498	11.746178	22.386703
403.5	2.288721	9.455507	11.744227	22.451096
403.6	2.040712	9.696652	11.737365	22.448290
403.7	7.315448	4.419164	11.734612	22.389537
403.8	11.271091	0.468595	11.739686	22.296487
403.9	8.738744	3.007183	11.745927	22.196260
404	3.096027	8.649088	11.745115	22.115799
404.1	1.764305	9.974134	11.738439	22.076695
404.2	6.319179	5.415697	11.734875	22.091412
404.3	10.468650	1.270475	11.739125	22.161521
404.4	8.583060	3.162283	11.745343	22.278119
404.5	3.264782	8.480297	11.745079	22.424243
404.6	1.775348	9.963344	11.738692	22.578745
404.7	6.188194	5.546641	11.734835	22.720800
404.8	10.573496	1.165259	11.738755	22.834097
404.9	8.987133	2.758094	11.745227	22.909780
405	3.464193	8.281413	11.745606	22.947432
405.1	1.275175	10.464253	11.739428	22.953897
405.2	5.208870	6.526067	11.734937	22.940268
405.3	9.955416	1.782560	11.737976	22.917931
405.4	9.318478	2.425800	11.744278	22.894882
405.5	4.425449	7.319955	11.745404	22.873484
405.6	1.969455	9.770641	11.740096	22.850423
405.7	5.095054	6.640675	11.735729	22.818883
405.8	9.320476	2.417683	11.738159	22.772190
405.9	8.819849	2.924049	11.743898	22.707572
406	4.342612	7.402440	11.745052	22.628561
406.1	2.070087	9.669988	11.740075	22.544970
406.2	5.170460	6.565255	11.735714	22.470198
406.3	9.586971	2.150796	11.737767	22.416627
406.4	9.598485	2.144881	11.743366	22.390683
406.5	5.424951	6.320139	11.745090	22.389412
406.6	2.667728	9.073249	11.740978	22.400029
406.7	4.671990	7.064841	11.736831	22.402970
406.8	8.310783	3.427279	11.738062	22.377703
406.9	8.622175	3.120340	11.742515	22.309508
407	5.581423	6.162445	11.743867	22.194950
407.1	3.760184	7.980286	11.740471	22.044056
407.2	5.739282	5.998062	11.737344	21.878237
407.3	8.616632	3.122279	11.738911	21.724435
407.4	8.279311	3.463560	11.742870	21.607306
407.5	5.205341	6.538296	11.743638	21.541991
407.6	3.670932	8.069307	11.740239	21.529893
407.7	5.678721	6.058812	11.737533	21.558862
407.8	8.247859	3.491381	11.739240	21.607702
407.9	7.767428	3.975322	11.742750	21.653341
408	5.103613	6.639382	11.742995	21.678117
408.1	4.217876	7.521849	11.739725	21.674566
408.2	6.372120	5.365696	11.737815	21.646097
408.3	8.277104	3.463079	11.740183	21.603449
408.4	6.879729	4.863745	11.743474	21.558501
408.5	3.936005	7.806772	11.742777	21.518002
408.6	3.695195	8.043573	11.738768	21.479900
408.7	6.806382	4.930636	11.737019	21.433946
408.8	9.122218	2.617983	11.740201	21.366568
408.9	7.349366	4.394743	11.744108	21.268259
409	3.757185	7.986140	11.743325	21.140517
409.1	3.205695	8.533135	11.738830	20.999328
409.2	6.424045	5.312769	11.736814	20.873241
409.3	8.909386	2.830721	11.740107	20.796039
409.4	7.161850	4.582259	11.744109	20.796092
409.5	3.658481	8.084617	11.743098	20.885934
409.6	3.489460	8.248873	11.738334	21.055890
409.7	7.149668	4.586864	11.736533	21.274420
409.8	9.584806	2.155719	11.740526	21.495692
409.9	7.124027	4.620982	11.745008	21.672394
410	2.834669	8.908944	11.743613	21.769825
410.1	2.637991	9.099852	11.737843	21.776673
410.2	7.179186	4.556221	11.735407	21.708770
410.3	10.622983	1.116826	11.739809	21.604348
410.4	8.369101	3.376230	11.745331	21.512143
410.5	3.377307	8.367241	11.744548	21.476113
410.6	2.340431	9.398016	11.738447	21.521749
410.7	6.649894	5.085388	11.735282	21.648479
410.8	10.401383	1.338062	11.739445	21.830644
410.9	8.348863	3.396490	11.745353	22.026654
411	3.144919	8.599946	11.744864	22.193135
411.1	1.927554	9.810824	11.738379	22.299239
411.2	6.659207	5.075329	11.734535	22.336247
411.3	11.256870	0.481798	11.738669	22.319270
411.4	9.578566	2.166934	11.745499	22.280622
411.5	3.668433	8.077609	11.746042	22.257350
411.6	1.148932	10.590653	11.739585	22.277397
411.7	5.152768	6.581897	11.734664	22.349355
411.8	10.232101	1.505580	11.737681	22.459411
411.9	9.688403	2.056023	11.744425	22.576568
412	4.460925	7.284913	11.745838	22.664243
412.1	1.695415	10.044764	11.740179	22.694112
412.2	5.047954	6.687274	11.735228	22.657250
412.3	9.832892	1.904796	11.737688	22.568559
412.4	9.461209	2.282966	11.744175	22.462844
412.5	4.365222	7.380667	11.745889	22.383768
412.6	1.372232	10.368284	11.740517	22.369439
412.7	4.482523	7.252747	11.735270	22.439505
412.8	9.542978	2.194127	11.737106	22.588131
412.9	9.894952	1.848495	11.743447	22.785168
413	5.249089	6.496734	11.745824	22.985077
413.1	1.876092	9.865193	11.741285	23.140532
413.2	4.086195	7.649940	11.736135	23.216191
413.3	8.611734	3.125483	11.737217	23.198182
413.4	9.289757	2.453004	11.742761	23.096452
413.5	5.427354	6.317738	11.745092	22.939661
413.6	2.509097	9.232062	11.741159	22.764767
413.7	4.562457	7.174034	11.736491	22.605146
413.8	8.743940	2.993515	11.737455	22.481294
413.9	9.375599	2.367033	11.742632	22.397003
414	5.686172	6.058794	11.744966	22.341793
414.1	2.704088	9.037350	11.741438	22.298055
414.2	4.339867	7.397085	11.736952	22.249844
414.3	8.247563	3.489875	11.737438	22.189784
414.4	9.273739	2.468155	11.741894	22.121574
414.5	6.443784	5.300365	11.744148	22.057330
414.6	3.914093	7.827377	11.741471	22.011112
414.7	4.971451	6.766556	11.738007	21.991406
414.8	7.656110	4.082516	11.738626	21.995728
414.9	7.907723	3.834400	11.742123	22.009673
415	5.457605	6.285627	11.743232	22.010997
415.1	4.072661	7.667632	11.740293	21.977365
415.2	5.988129	5.749458	11.737586	21.894972
415.3	8.601496	3.137633	11.739129	21.764797
415.4	8.159932	3.582931	11.742863	21.604056
415.5	5.153916	6.589627	11.743543	21.442073
415.6	3.688647	8.051561	11.740208	21.311781
415.7	5.680608	6.056988	11.737596	21.239600
415.8	8.132481	3.606936	11.739417	21.237061
415.9	7.421757	4.321257	11.743014	21.296964
416	4.544876	7.198221	11.743097	21.395333
416.1	3.778123	7.961232	11.739355	21.498503
416.2	6.509769	5.227341	11.737110	21.573017
416.3	9.007482	2.732354	11.739836	21.595120
416.4	7.528731	4.215272	11.744003	21.556935
416.5	3.755767	7.987983	11.743751	21.467536
416.6	2.763500	8.975634	11.739134	21.348921
416.7	6.043528	5.692824	11.736352	21.228493
416.8	9.244628	2.494673	11.739301	21.130688
416.9	8.017613	3.726416	11.744029	21.070458
417	4.060124	7.683882	11.744007	21.050528
417.1	2.892723	8.846465	11.739188	21.062921
417.2	6.217888	5.518375	11.736263	21.093828
417.3	9.408898	2.330570	11.739469	21.129827
417.4	7.831035	3.913482	11.744518	21.163211
417.5	3.430398	8.313890	11.744287	21.194633
417.6	2.332507	9.406220	11.738727	21.232350
417.7	6.432859	5.302429	11.735288	21.288517
417.8	10.484439	1.254448	11.738887	21.373987
417.9	8.988475	2.756490	11.744965	21.493438
418	3.749945	7.995420	11.745365	21.642462
418.1	1.702090	10.037287	11.739377	21.807527
418.2	5.652153	6.082778	11.734932	21.968791
418.3	10.389324	1.348705	11.738029	22.104886
418.4	9.588494	2.156073	11.744567	22.198280
418.5	4.341892	7.403851	11.745743	22.239764
418.6	1.759415	9.980510	11.739925	22.230923
418.7	5.390300	6.344659	11.734959	22.184055
418.8	10.355030	1.382610	11.737640	22.119640
418.9	9.853855	1.890622	11.744477	22.061995
419	4.372468	7.373811	11.746279	22.034096
419.1	1.158154	10.582343	11.740497	22.052658
419.2	4.571416	7.163309	11.734725	22.124460
419.3	10.221453	1.515150	11.736603	22.244674
419.4	10.758687	0.984955	11.743643	22.397575
419.5	5.576582	6.170017	11.746599	22.559604
419.6	1.487413	10.254375	11.741788	22.704256
419.7	3.598445	8.137376	11.735821	22.807868
419.8	8.680615	3.055956	11.736572	22.855044
419.9	9.774505	1.968185	11.742689	22.842429
420	5.602842	6.142857	11.745699	22.779780
420.1	2.083325	9.658258	11.741582	22.687876
420.2	4.118435	7.617651	11.736086	22.593600
420.3	8.941128	2.795627	11.736755	22.523335
420.4	9.960018	1.782675	11.742693	22.496379
420.5	5.722522	6.023371	11.745893	22.520194
420.6	1.825416	9.916699	11.742115	22.588865
420.7	3.336427	8.400059	11.736486	22.685247
420.8	8.090226	3.646207	11.736432	22.786160
420.9	9.794575	1.947162	11.741737	22.869035
421	6.496959	5.248174	11.745132	22.917944
421.1	2.933375	8.808891	11.742266	22.927118
421.2	3.874079	7.863284	11.737363	22.900927
421.3	7.752891	3.984257	11.737148	22.850477
421.4	9.114054	2.627620	11.741674	22.788199
421.5	6.192276	5.552276	11.744552	22.722481
421.6	3.161719	8.580169	11.741888	22.654408
421.7	4.225883	7.511594	11.737477	22.577885
421.8	7.899476	3.837867	11.737343	22.483135
421.9	9.242190	2.499287	11.741477	22.362259
422	6.676327	5.067797	11.744124	22.214656
422.1	3.916819	7.825061	11.741880	22.050052
422.2	4.620241	7.117943	11.738185	21.887648
422.3	7.432171	4.306036	11.738207	21.751326
422.4	8.219489	3.522115	11.741603	21.662336
422.5	6.035869	5.707418	11.743287	21.631952
422.6	4.299527	7.441328	11.740855	21.656791
422.7	5.682055	6.055921	11.737976	21.718662
422.8	8.169138	3.569862	11.739001	21.789319
422.9	7.974548	3.768045	11.742593	21.838725
423	5.113218	6.630331	11.743548	21.844133
423.1	3.566327	8.173956	11.740283	21.796899
423.2	5.654352	6.082930	11.737283	21.704673
423.3	8.590660	3.148195	11.738855	21.588152
423.4	8.263072	3.479861	11.742933	21.473568
423.5	5.051516	6.692301	11.743817	21.383550
423.6	3.414131	8.326073	11.740204	21.329662
423.7	5.635968	6.101214	11.737182	21.309288
423.8	8.491963	3.247189	11.739152	21.307959
423.9	7.704446	4.039024	11.743470	21.306203
424	4.110533	7.633395	11.743928	21.288251
424.1	2.768109	8.971396	11.739504	21.249200
424.2	5.931316	5.804826	11.736142	21.197745
424.3	9.602525	2.136179	11.738703	21.153209
424.4	8.750334	2.993702	11.744036	21.137792
424.5	4.277099	7.467870	11.744969	21.166868
424.6	2.052258	9.687840	11.740099	21.241078
424.7	5.030491	6.705442	11.735933	21.343522
424.8	9.146109	2.592027	11.738136	21.443627
424.9	8.780436	2.963258	11.743694	21.506817
425	4.491514	7.253384	11.744898	21.506911
425.1	2.353147	9.386791	11.739939	21.436905
425.2	5.596558	6.139043	11.735600	21.314100
425.3	9.954141	1.783943	11.738084	21.177257
425.4	9.310096	2.434224	11.744319	21.076184
425.5	4.172378	7.573462	11.745840	21.056775
425.6	1.322572	10.417694	11.740266	21.146302
425.7	4.793605	6.941219	11.734825	21.343830
425.8	10.259371	1.477458	11.736829	21.619151
425.9	10.604228	1.139545	11.743773	21.920806
426	5.397285	6.349218	11.746503	22.190820
426.1	1.540076	10.201349	11.741425	22.381469
426.2	4.091487	7.643869	11.735356	22.468728
426.3	9.521809	2.214609	11.736417	22.458109
426.4	10.472526	1.270612	11.743138	22.381174
426.5	5.650358	6.096085	11.746443	22.284072
426.6	1.558724	10.183134	11.741858	22.212089
426.7	3.743887	7.991640	11.735526	22.195436
426.8	9.335101	2.400838	11.735940	22.240921
426.9	10.889800	0.852757	11.742557	22.332045
427	6.339356	5.407222	11.746578	22.437086
427.1	1.691260	10.051489	11.742748	22.522015
427.2	2.961800	8.774482	11.736282	22.563518
427.3	8.243468	3.492266	11.735734	22.557480
427.4	10.451361	1.290223	11.741583	22.520054
427.5	6.843848	4.901998	11.745846	22.481114
427.6	2.472184	9.270780	11.742964	22.472623
427.7	3.149383	8.587738	11.737121	22.516200
427.8	7.658501	4.077799	11.736300	22.614398
427.9	9.659069	2.082362	11.741431	22.748827
428	6.431479	5.313867	11.745345	22.885768
428.1	2.480658	9.262031	11.742689	22.987305
428.2	3.270606	8.466521	11.737126	23.024040
428.3	7.794878	3.941320	11.736199	22.985001
428.4	10.034176	1.706907	11.741083	22.881344
428.5	7.112512	4.632671	11.745183	22.742691
428.6	3.014394	8.728789	11.743182	22.607459
428.7	3.039127	8.698929	11.738056	22.510579
428.8	6.765716	4.970994	11.736710	22.472757
428.9	8.990004	2.750569	11.740572	22.494780
429	6.978454	4.765561	11.744015	22.558489
429.1	3.954835	7.787537	11.742372	22.633727
429.2	4.307145	7.431093	11.738238	22.688563
429.3	7.463807	4.273732	11.737539	22.699175
429.4	8.897219	2.843974	11.741193	22.656087
429.5	6.578106	5.165903	11.744009	22.565000
429.6	3.750101	7.991985	11.742086	22.442452
429.7	4.295756	7.442437	11.738193	22.308373
429.8	7.355950	4.381769	11.737719	22.178582
429.9	8.699250	3.041860	11.741110	22.060041
430	6.715701	5.027743	11.743444	21.950457
430.1	4.509061	7.232479	11.741539	21.842060
430.2	5.268668	6.469736	11.738404	21.727718
430.3	7.666430	4.072329	11.738759	21.606728
430.4	7.883676	3.858459	11.742135	21.487733
430.5	5.310760	6.432728	11.743487	21.387414
430.6	3.631669	8.108859	11.740528	21.325237
430.7	5.564001	6.173268	11.737269	21.316102
430.8	8.715119	3.023378	11.738497	21.363622
430.9	8.675761	3.067070	11.742832	21.456627
431	5.246101	6.498239	11.744340	21.570400
431.1	2.981800	8.758975	11.740774	21.672542
431.2	4.992617	6.744323	11.736940	21.731720
431.3	8.509323	3.228876	11.738199	21.726569
431.4	8.576793	3.166126	11.742919	21.651910
431.5	4.969425	6.775096	11.744521	21.520329
431.6	2.681676	9.058917	11.740593	21.358658
431.7	5.055960	6.680503	11.736463	21.200516
431.8	8.960952	2.777051	11.738004	21.077237
431.9	8.907180	2.836177	11.743357	21.009931
432	4.682761	7.062433	11.745194	21.004904
432.1	1.933611	9.807122	11.740733	21.053525
432.2	4.573920	7.161907	11.735827	21.136198
432.3	9.274744	2.462452	11.737196	21.228912
432.4	9.763944	1.979230	11.743173	21.310217
432.5	5.329380	6.416359	11.745738	21.366585
432.6	1.928539	9.812819	11.741358	21.394810
432.7	4.176210	7.559729	11.735939	21.401164
432.8	9.002388	2.734524	11.736912	21.398001
432.9	9.739353	2.003691	11.743045	21.399167
433	5.256335	6.489594	11.745930	21.415717
433.1	1.689254	10.052139	11.741393	21.453135
433.2	4.190905	7.544472	11.735377	21.510639
433.3	9.766149	1.969958	11.736107	21.582442
433.4	11.044012	0.698902	11.742915	21.660346
433.5	6.133269	5.613622	11.746891	21.736729
433.6	1.324524	10.418189	11.742713	21.807066
433.7	2.854200	8.881625	11.735825	21.871302
433.8	8.653562	3.081691	11.735253	21.933798
433.9	11.119799	0.621810	11.741609	22.001912
434	7.207368	4.538992	11.746360	22.083557
434.1	2.349468	9.393821	11.743289	22.184341
434.2	3.048857	8.687875	11.736731	22.304959
434.3	8.176459	3.559139	11.735598	22.439552
434.4	10.632520	1.108840	11.741360	22.575613
434.5	6.996866	4.749305	11.746171	22.695745
434.6	2.112626	9.630898	11.743524	22.781154
434.7	2.518000	9.218967	11.736967	22.816273
434.8	7.679921	4.055312	11.735233	22.793447
434.9	10.790148	0.950369	11.740517	22.716363
435	7.887171	3.858538	11.745709	22.601035
435.1	2.975624	8.768446	11.744070	22.473616
435.2	2.453787	9.284337	11.738124	22.365171
435.3	6.597915	5.138022	11.735937	22.304476
435.4	9.528708	2.211450	11.740158	22.310641
435.5	7.366508	4.378226	11.744735	22.387662
435.6	3.335730	8.407692	11.743422	22.522639
435.7	3.086053	8.652168	11.738221	22.688454
435.8	6.911080	4.825289	11.736368	22.850406
435.9	9.501987	2.238354	11.740341	22.975053
436	7.326688	4.417935	11.744623	23.038749
436.1	3.390831	8.352582	11.743413	23.033338
436.2	3.005107	8.733375	11.738483	22.967325
436.3	6.571375	5.165159	11.736534	22.862195
436.4	9.236777	2.503217	11.739994	22.745132
436.5	7.618596	4.125352	11.743948	22.640531
436.6	4.226129	7.516997	11.743125	22.563070
436.7	3.718113	8.020907	11.739020	22.514533
436.8	6.480025	5.257441	11.737465	22.485268
436.9	8.407001	3.333395	11.740397	22.459498
437	6.870855	4.872536	11.743391	22.422399
437.1	4.324638	7.417505	11.742143	22.366217
437.2	4.614559	7.123979	11.738538	22.293135
437.3	7.427548	4.310274	11.737822	22.213838
437.4	8.775932	2.965132	11.741064	22.142382
437.5	6.728198	5.015468	11.743666	22.089433
437.6	4.166806	7.575148	11.741954	22.056630
437.7	4.658324	7.080103	11.738427	22.034469
437.8	7.360175	4.377985	11.738161	22.004821
437.9	8.265192	3.476308	11.741500	21.947436
438	6.028234	5.715282	11.743516	21.848155
438.1	3.997865	7.743237	11.741102	21.705772
438.2	5.402565	6.335059	11.737625	21.534785
438.3	8.488229	3.250067	11.738296	21.362638
438.4	8.729172	3.013429	11.742601	21.222041
438.5	5.283761	6.460871	11.744632	21.140789
438.6	2.573396	9.167844	11.741240	21.132541
438.7	4.394664	7.342078	11.736742	21.191852
438.8	8.522760	3.214512	11.737272	21.295358
438.9	9.477555	2.264726	11.742281	21.408894
439	5.957992	5.787038	11.745030	21.498224
439.1	2.742281	8.999461	11.741741	21.539701
439.2	4.212017	7.524908	11.736925	21.527180
439.3	8.262045	3.475265	11.737310	21.472743
439.4	9.100439	2.642064	11.742503	21.401034
439.5	5.298698	6.446604	11.745301	21.339288
439.6	2.001726	9.739826	11.741552	21.306742
439.7	3.990171	7.745943	11.736114	21.307379
439.8	8.936834	2.799641	11.736475	21.328776
439.9	10.266488	1.475969	11.742457	21.347597
440	6.029603	5.716545	11.746148	21.339796
440.1	1.753845	9.988642	11.742487	21.291719
440.2	3.154073	8.582190	11.736263	21.207850
440.3	8.394728	3.341095	11.735823	21.111988
440.4	10.456444	1.285353	11.741797	21.040943
440.5	6.582671	5.163453	11.746124	21.032597
440.6	2.065188	9.677706	11.742894	21.112282
440.7	3.129917	8.606510	11.736427	21.282324
440.8	8.453360	3.282167	11.735527	21.518657
440.9	10.842616	0.898941	11.741556	21.776151
441	6.941430	4.805023	11.746453	22.001300
441.1	1.885109	9.858416	11.743526	22.148357
441.2	2.515972	9.220559	11.736531	22.193643
441.3	8.188102	3.546653	11.734756	22.143285
441.4	11.527638	0.212975	11.740613	22.031679
441.5	8.190521	3.555887	11.746408	21.911056
441.6	2.587112	9.157479	11.744591	21.835459
441.7	1.968786	9.768959	11.737745	21.844285
441.8	6.855485	4.879498	11.734983	21.950670
441.9	10.562296	1.177447	11.739743	22.138333
442	8.261967	3.483435	11.745402	22.367674
442.1	3.312322	8.432052	11.744374	22.588864
442.2	2.496406	9.241854	11.738260	22.757437
442.3	6.824394	4.911056	11.735450	22.847237
442.4	10.318628	1.421066	11.739694	22.856654
442.5	8.206326	3.538858	11.745184	22.806505
442.6	3.302428	8.442136	11.744564	22.730802
442.7	2.079379	9.659427	11.738805	22.663995
442.8	5.967312	5.768344	11.735656	22.629279
442.9	9.651283	2.087816	11.739098	22.631967
443	8.391636	3.352580	11.744216	22.659896
443.1	4.247181	7.496976	11.744156	22.690305
443.2	2.934218	8.805162	11.739380	22.700280
443.3	5.954498	5.782166	11.736664	22.676746
443.4	8.805960	2.933668	11.739628	22.622275
443.5	7.432873	4.311059	11.743932	22.554641
443.6	3.809618	7.933894	11.743511	22.500388
443.7	3.060116	8.678849	11.738964	22.484839
443.8	6.321914	5.414648	11.736562	22.522252
443.9	9.248133	2.491396	11.739529	22.609677
444	8.032607	3.711135	11.743742	22.726726
444.1	4.508767	7.234811	11.743578	22.841317
444.2	3.421059	8.318521	11.739580	22.919373
444.3	5.903872	5.833519	11.737391	22.935124
444.4	8.224564	3.515219	11.739783	22.878557
444.5	7.245941	4.497081	11.743022	22.757644
444.6	4.736469	7.005961	11.742430	22.594867
444.7	4.574398	7.164636	11.739035	22.419511
444.8	7.057225	4.680702	11.737927	22.258558
444.9	8.505365	3.235462	11.740827	22.129294
445	6.662335	5.081227	11.743561	22.035961
445.1	4.076493	7.665571	11.742063	21.971174
445.2	4.529610	7.208707	11.738316	21.921116
445.3	7.553611	4.184052	11.737664	21.872229
445.4	8.933875	2.807305	11.741179	21.816778
445.5	6.651554	5.092416	11.743970	21.755258
445.6	3.865820	7.876200	11.742019	21.694971
445.7	4.540932	7.197073	11.738005	21.645597
445.8	7.752804	3.984887	11.737691	21.613739
445.9	8.823022	2.918713	11.741735	21.598752
446	5.938735	5.805745	11.744480	21.591636
446.1	2.983239	8.758534	11.741773	21.577556
446.2	4.304339	7.432714	11.737052	21.541149
446.3	8.468860	3.268055	11.736915	21.472708
446.4	9.858972	1.882970	11.741941	21.372938
446.5	6.297669	5.447842	11.745511	21.254444
446.6	2.292791	9.449871	11.742662	21.139250
446.7	3.148127	8.588913	11.737040	21.052966
446.8	7.734349	4.001842	11.736192	21.017401
446.9	9.870986	1.870318	11.741304	21.043909
447	6.677591	5.067835	11.745426	21.129547
447.1	2.570704	9.172160	11.742863	21.257206
447.2	3.290289	8.446771	11.737060	21.399651
447.3	7.963282	3.772774	11.736055	21.526261
447.4	10.126616	1.614845	11.741461	21.610516
447.5	6.539719	5.206301	11.746020	21.636208
447.6	1.829987	9.913356	11.743343	21.600823
447.7	2.432534	9.304208	11.736742	21.515449
447.8	7.835797	3.899213	11.735009	21.401528
447.9	11.047259	0.693332	11.740591	21.285538
448	7.869957	3.876183	11.746140	21.193076
448.1	2.568098	9.176192	11.744289	21.143742
448.2	2.198979	9.538590	11.737569	21.147870
448.3	7.151448	4.583598	11.735047	21.205549
448.4	10.640973	1.099137	11.740111	21.307846
448.5	7.889819	3.856053	11.745872	21.439704
448.6	2.624419	9.120028	11.744448	21.583731
448.7	2.086086	9.651549	11.737635	21.724029
448.8	7.238091	4.496473	11.734564	21.849272
448.9	11.367050	0.372396	11.739446	21.954453
449	9.002170	2.743724	11.745894	22.040957
449.1	3.206355	8.539083	11.745438	22.114991
449.2	1.500478	10.238298	11.738777	22.184770
449.3	5.929261	5.805466	11.734727	22.257200
449.4	10.521827	1.216612	11.738439	22.335020
449.5	9.357475	2.387250	11.744725	22.415322
449.6	4.301062	7.444193	11.745256	22.490068
449.7	2.191885	9.547784	11.739669	22.548636
449.8	5.578345	6.157375	11.735720	22.581753
449.9	9.545974	2.192637	11.738611	22.585601
450	8.636757	3.107382	11.744139	22.564624
450.1	4.224689	7.520003	11.744691	22.531819
450.2	2.425476	9.314157	11.739633	22.505988
450.3	5.669249	6.066701	11.735950	22.506441
450.4	9.499909	2.238687	11.738596	22.546618
450.5	8.758574	2.985301	11.743875	22.628662
450.6	4.525975	7.218712	11.744687	22.740945
450.7	2.455901	9.284267	11.740168	22.859759
450.8	5.054063	6.682520	11.736583	22.955128
450.9	8.520444	3.218150	11.738595	22.999253
451	8.199862	3.543225	11.743087	22.975147
451.1	4.887581	6.856209	11.743790	22.882647
451.2	3.409786	8.330187	11.739974	22.739723
451.3	5.773332	5.963851	11.737183	22.578345
451.4	8.506424	3.232898	11.739322	22.435926
451.5	7.690466	4.052823	11.743289	22.344859
451.6	4.460178	7.283309	11.743487	22.323344
451.7	3.328820	8.410851	11.739670	22.370392
451.8	5.856422	5.880734	11.737156	22.466587
451.9	8.571774	3.167538	11.739312	22.580293
452	7.914104	3.828855	11.742959	22.677250
452.1	5.122159	6.620866	11.743025	22.730387
452.2	4.261488	7.478206	11.739694	22.726680
452.3	6.368732	5.369223	11.737955	22.668969
452.4	8.097376	3.642956	11.740333	22.572447
452.5	6.716009	5.027236	11.743245	22.457400
452.6	4.201138	7.541074	11.742213	22.341075
452.7	4.451503	7.286960	11.738464	22.231752
452.8	7.535008	4.202376	11.737384	22.127192
452.9	9.291336	2.449487	11.740823	22.017879
453	7.115777	4.628408	11.744184	21.893627
453.1	3.825279	7.917432	11.742711	21.750734
453.2	3.929756	7.808542	11.738298	21.596629
453.3	7.300667	4.436426	11.737093	21.449827
453.4	9.171685	2.569236	11.740921	21.334840
453.5	6.748085	4.996410	11.744494	21.273657
453.6	3.297432	8.445200	11.742632	21.276889
453.7	3.780143	7.957520	11.737663	21.338027
453.8	7.830195	3.906319	11.736514	21.433296
453.9	9.923148	1.817985	11.741134	21.527674
454	6.871885	4.873555	11.745440	21.585366
454.1	2.470580	9.272828	11.743408	21.581311
454.2	2.631327	9.106137	11.737464	21.509727
454.3	7.336565	4.398959	11.735524	21.386568
454.4	10.415581	1.324748	11.740329	21.244795
454.5	7.739822	4.005717	11.745539	21.123857
454.6	2.854880	8.889279	11.744159	21.056874
454.7	2.284193	9.453851	11.738044	21.059876
454.8	6.711679	5.023814	11.735494	21.126846
454.9	10.017685	1.722313	11.739998	21.232317
455	7.606046	4.139347	11.745393	21.340629
455.1	2.756550	8.987632	11.744181	21.418616
455.2	2.250131	9.487699	11.737830	21.447217
455.3	7.070307	4.664659	11.734966	21.427866
455.4	10.848682	0.891020	11.739701	21.381379
455.5	8.365554	3.380319	11.745873	21.339684
455.6	2.714290	9.030892	11.745182	21.333396
455.7	1.343706	10.394681	11.738387	21.379738
455.8	6.140940	5.593490	11.734431	21.475282
455.9	10.856523	0.882003	11.738526	21.596313
456	9.394444	2.350743	11.745187	21.706916
456.1	3.888828	7.856753	11.745581	21.772090
456.2	1.761246	9.978091	11.739338	21.771290
456.3	5.758212	5.976731	11.734943	21.707540
456.4	10.357157	1.381126	11.738282	21.608650
456.5	9.290279	2.454498	11.744777	21.519770
456.6	3.986009	7.759630	11.745639	21.489507
456.7	1.601608	10.138086	11.739693	21.554102
456.8	5.397083	6.337795	11.734878	21.724930
456.9	10.416927	1.320620	11.737547	21.983553
457	10.156940	1.587131	11.744071	22.286072
457.1	5.139538	6.606339	11.745877	22.575456
457.2	1.984028	9.756869	11.740897	22.797912
457.3	4.497907	7.238116	11.736024	22.918065
457.4	8.864860	2.872744	11.737604	22.928201
457.5	9.130326	2.612747	11.743073	22.848847
457.6	5.234902	6.509923	11.744826	22.720876
457.7	2.758064	8.982603	11.740667	22.592024
457.8	5.086577	6.649954	11.736531	22.502408
457.9	8.883090	2.855022	11.738112	22.473696
458	8.859207	2.883923	11.743130	22.505115
458.1	5.046458	6.698228	11.744686	22.577012
458.2	2.609827	9.130945	11.740772	22.660116
458.3	4.707464	7.029362	11.736826	22.726866
458.4	8.320436	3.417662	11.738099	22.760723
458.5	8.589848	3.152726	11.742575	22.760427
458.6	5.436504	6.307541	11.744045	22.738125
458.7	3.379654	8.361089	11.740743	22.712600
458.8	5.113941	6.623585	11.737526	22.700511
458.9	7.921753	3.817106	11.738859	22.709096
459	7.737612	4.005026	11.742638	22.733058
459.1	4.924700	6.818669	11.743370	22.756686
459.2	3.639525	8.100488	11.740013	22.760221
459.3	5.844480	5.892891	11.737371	22.727951
459.4	8.512923	3.226300	11.739223	22.654917
459.5	7.931402	3.811573	11.742976	22.549692
459.6	4.947040	6.796333	11.743372	22.432204
459.7	3.737855	8.002077	11.739932	22.327374
459.8	5.897824	5.839751	11.737575	22.256848
459.9	8.247370	3.492216	11.739586	22.231744
460	7.453271	4.289674	11.742945	22.248907
460.1	4.834815	6.907877	11.742691	22.291887
460.2	4.438789	7.300343	11.739132	22.336158
460.3	7.080060	4.657474	11.737534	22.356715
460.4	8.942918	2.797632	11.740549	22.335401
460.5	6.981577	4.762546	11.744122	22.265616
460.6	3.556418	8.186565	11.742984	22.153039
460.7	3.478637	8.259624	11.738261	22.012495
460.8	7.252790	4.483549	11.736339	21.862381
460.9	9.997067	1.743050	11.740117	21.718783
461	7.937473	3.807223	11.744696	21.591369
461.1	3.715904	8.027938	11.743842	21.482289
461.2	2.991828	8.746787	11.738614	21.388130
461.3	6.709386	5.026781	11.736167	21.303833
461.4	9.652372	2.087621	11.739993	21.226823
461.5	7.535771	4.209153	11.744924	21.159616
461.6	3.055938	8.688084	11.744022	21.109850
461.7	2.423426	9.314771	11.738197	21.087702
461.8	6.840165	4.895117	11.735282	21.101674
461.9	10.566164	1.173302	11.739466	21.154325
462	8.504004	3.241372	11.745375	21.239571
462.1	3.187926	8.557179	11.745104	21.342633
462.2	1.573834	10.165078	11.738912	21.442817
462.3	5.746158	5.988880	11.735038	21.518361
462.4	10.064446	1.674212	11.738659	21.551953
462.5	8.731046	3.013800	11.744847	21.535337
462.6	3.632645	8.112534	11.745180	21.471701
462.7	1.800378	9.938792	11.739170	21.375258
462.8	5.841245	5.893761	11.735006	21.268157
462.9	10.306619	1.431852	11.738471	21.175585
463	9.024113	2.720889	11.745001	21.120272
463.1	3.542443	8.203292	11.745735	21.117656
463.2	1.201750	10.537748	11.739498	21.172726
463.3	5.301853	6.432667	11.734520	21.279121
463.4	10.580846	1.156616	11.737462	21.420566
463.5	10.154531	1.589941	11.744471	21.574307
463.6	4.659737	7.086569	11.746307	21.715851
463.7	1.366543	10.374116	11.740659	21.824088
463.8	4.491713	7.243420	11.735134	21.885806
463.9	9.701857	2.035140	11.736997	21.898639
464	10.061838	1.681698	11.743536	21.871749
464.1	5.305184	6.440714	11.745897	21.823917
464.2	2.004948	9.736087	11.741036	21.779320
464.3	4.611977	7.123673	11.735650	21.761833
464.4	9.535883	2.201118	11.737001	21.789190
464.5	10.116686	1.626502	11.743187	21.868523
464.6	5.593473	6.152414	11.745887	21.994569
464.7	1.994466	9.747141	11.741607	22.151174
464.8	3.973347	7.762837	11.736184	22.315819
464.9	8.724903	3.011830	11.736732	22.465925
465	9.987643	1.754556	11.742199	22.585078
465.1	6.420079	5.325075	11.745154	22.667215
465.2	3.040649	8.701317	11.741965	22.717387
465.3	4.167523	7.569869	11.737392	22.748771
465.4	7.733930	4.003768	11.737697	22.776906
465.5	8.533724	3.208379	11.742103	22.813093
465.6	5.541350	6.202871	11.744221	22.859339
465.7	3.140723	8.600370	11.741093	22.906786
465.8	4.830965	6.906206	11.737171	22.938426
465.9	8.341527	3.396425	11.737952	22.935389
466	8.858424	2.883926	11.742349	22.884739
466.1	5.696576	6.047761	11.744337	22.786007
466.2	3.138444	8.602898	11.741342	22.653928
466.3	4.452414	7.285234	11.737649	22.516029
466.4	7.522035	4.216225	11.738260	22.405434
466.5	8.034370	3.707631	11.742001	22.350991
466.6	5.542864	6.200561	11.743425	22.367873
466.7	3.883930	7.856670	11.740600	22.451863
466.8	5.553607	6.184129	11.737736	22.579434
466.9	8.136341	3.602710	11.739051	22.713873
467	7.826638	3.916070	11.742708	22.815677
467.1	4.955223	6.788212	11.743434	22.853975
467.2	3.595468	8.144616	11.740084	22.815298
467.3	5.767476	5.969879	11.737355	22.706887
467.4	8.492509	3.246636	11.739146	22.553517
467.5	7.968527	3.774422	11.742949	22.389004
467.6	5.002305	6.741027	11.743332	22.245333
467.7	3.922601	7.817095	11.739696	22.143093
467.8	6.383570	5.353703	11.737274	22.086366
467.9	8.853546	2.886190	11.739736	22.063588
468	7.559017	4.184745	11.743762	22.053737
468.1	4.044749	7.698737	11.743485	22.035335
468.2	3.316793	8.422082	11.738875	21.994777
468.3	6.818043	4.918155	11.736198	21.930886
468.4	10.028853	1.710620	11.739473	21.854086
468.5	8.421610	3.322987	11.744597	21.780657
468.6	3.832090	7.912517	11.744607	21.724513
468.7	2.296760	9.442481	11.739241	21.689895
468.8	5.939155	5.796458	11.735613	21.668089
468.9	9.912910	1.825785	11.738695	21.639787
469	8.827080	2.917327	11.744407	21.582467
469.1	4.107292	7.637688	11.744980	21.480188
469.2	2.179694	9.559849	11.739544	21.332056
469.3	5.730668	6.004828	11.735497	21.155868
469.4	9.903180	1.835334	11.738514	20.985077
469.5	8.803174	2.941489	11.744663	20.859581
469.6	3.632345	8.113190	11.745535	20.813166
469.7	1.299288	10.440384	11.739671	20.861845
469.8	5.149133	6.585642	11.734775	20.997232
469.9	10.286478	1.450987	11.737464	21.187545
470	9.971978	1.772312	11.744290	21.386256
470.1	4.625581	7.120652	11.746233	21.545759
470.2	1.302670	10.438110	11.740780	21.631624
470.3	4.268516	7.466786	11.735302	21.632701
470.4	9.331961	2.405161	11.737121	21.563684
470.5	9.576058	2.167589	11.743647	21.459281
470.6	4.740455	7.005458	11.745913	21.362019
470.7	1.561388	10.179363	11.740751	21.307877
470.8	4.599041	7.136084	11.735125	21.314681
470.9	9.966693	1.770047	11.736740	21.377213
471	10.480282	1.263317	11.743599	21.470597
471.1	5.323933	6.422679	11.746612	21.560644
471.2	1.217601	10.524160	11.741761	21.617347
471.3	3.508105	8.227348	11.735453	21.626676
471.4	9.124689	2.611245	11.735934	21.596385
471.5	10.758410	0.983951	11.742360	21.553712
471.6	6.546737	5.199392	11.746129	21.535741
471.7	2.318069	9.424381	11.742450	21.575782
471.8	3.621947	8.114596	11.736543	21.690613
471.9	8.418150	3.318202	11.736353	21.873140
472	10.108224	1.633667	11.741891	22.093173
472.1	6.517451	5.228065	11.745516	22.306245
472.2	2.639852	9.102569	11.742421	22.467569
472.3	3.698886	8.038078	11.736964	22.546494
472.4	8.149132	3.587376	11.736508	22.536594
472.5	9.984466	1.757002	11.741468	22.458032
472.6	6.908876	4.836171	11.745047	22.351405
472.7	3.202378	8.540251	11.742628	22.265152
472.8	3.684584	8.053238	11.737823	22.240642
472.9	7.286036	4.451145	11.737181	22.299773
473	8.877608	2.863617	11.741225	22.438934
473.1	6.457826	5.286270	11.744096	22.630980
473.2	3.673560	8.068339	11.741899	22.834223
473.3	4.466384	7.271583	11.737968	23.005239
473.4	7.561009	4.176926	11.737935	23.111209
473.5	8.428964	3.312826	11.741790	23.138004
473.6	5.754767	5.989262	11.744029	23.091838
473.7	3.262686	8.478783	11.741469	22.994610
473.8	4.447313	7.290364	11.737677	22.875122
473.9	7.697009	4.040879	11.737888	22.759524
474	8.605135	3.136569	11.741704	22.664255
474.1	6.110117	5.633658	11.743775	22.593554
474.2	3.829568	7.911813	11.741381	22.541778
474.3	4.844385	6.893751	11.738136	22.499010
474.4	7.407307	4.331404	11.738711	22.457376
474.5	7.617671	4.124466	11.742138	22.415440
474.6	5.148424	6.594834	11.743257	22.379033
474.7	3.772161	7.968058	11.740219	22.358343
474.8	5.871105	5.866194	11.737299	22.362619
474.9	8.788959	2.949920	11.738878	22.394742
475	8.405548	3.337489	11.743036	22.447944
475.1	5.038062	6.705947	11.744009	22.506088
475.2	3.239866	8.500424	11.740290	22.547591
475.3	5.520157	6.216808	11.736964	22.551681
475.4	8.719521	3.019207	11.738727	22.504814
475.5	8.317823	3.425360	11.743182	22.405049
475.6	4.839476	6.904516	11.743992	22.262879
475.7	3.302156	8.437629	11.739785	22.098277
475.8	6.192980	5.543391	11.736372	21.934993
475.9	9.697402	2.041417	11.738819	21.794011
476	8.738718	3.005432	11.744150	21.688270
476.1	4.155212	7.589834	11.745046	21.620201
476.2	1.972925	9.766969	11.739894	21.582608
476.3	5.344166	6.391216	11.735382	21.562288
476.4	10.019461	1.718216	11.737677	21.544961
476.5	9.803202	1.940725	11.743927	21.519765
476.6	4.891292	6.854547	11.745839	21.481938
476.7	1.762555	9.978257	11.740812	21.433052
476.8	4.534478	7.201109	11.735587	21.379073
476.9	9.370832	2.366408	11.737240	21.327232
477	9.616259	2.127302	11.743561	21.282978
477.1	4.838806	6.907130	11.745936	21.248116
477.2	1.510726	10.230285	11.741011	21.220676
477.3	4.268553	7.466812	11.735365	21.196390
477.4	9.528273	2.208427	11.736699	21.171098
477.5	10.198491	1.544879	11.743370	21.143137
477.6	5.247970	6.498496	11.746466	21.114848
477.7	1.202408	10.539366	11.741774	21.092669
477.8	3.448680	8.286829	11.735509	21.085806
477.9	9.005542	2.730468	11.736010	21.103842
478	10.511283	1.231266	11.742550	21.153942
478.1	6.079639	5.666699	11.746337	21.238394
478.2	1.765276	9.977086	11.742362	21.353055
478.3	3.357635	8.378455	11.736090	21.487113
478.4	8.603161	3.132859	11.736020	21.624304
478.5	10.322840	1.419367	11.742207	21.745451
478.6	6.154656	5.591577	11.746232	21.832001
478.7	1.751320	9.991275	11.742595	21.869987
478.8	3.159365	8.576750	11.736114	21.853644
478.9	8.685503	3.049925	11.735428	21.787849
479	11.157034	0.584404	11.741438	21.688575
479.1	7.449057	4.297162	11.746219	21.580869
479.2	2.499341	9.244316	11.743657	21.494382
479.3	2.616485	9.120940	11.737425	21.457150
479.4	7.230741	4.505038	11.735779	21.488966
479.5	10.023710	1.716793	11.740503	21.596040
479.6	7.550593	4.194307	11.744901	21.768577
479.7	3.595049	8.148085	11.743134	21.982266
479.8	3.672697	8.065273	11.737970	22.203683
479.9	7.501297	4.235341	11.736638	22.398398
480	9.646399	2.094458	11.740856	22.539667
480.1	7.120326	4.624395	11.744721	22.615216
480.2	3.373920	8.369075	11.742995	22.630034
480.3	3.411967	8.326213	11.738180	22.604193
480.4	6.990067	4.746762	11.736829	22.566264
480.5	9.181187	2.559339	11.740526	22.544274
480.6	7.227957	4.516038	11.743995	22.557054
480.7	4.102170	7.640446	11.742616	22.608751
480.8	4.093338	7.645337	11.738675	22.688297
480.9	6.852100	4.885740	11.737840	22.773998
481	8.163074	3.578048	11.741121	22.841666
481.1	6.085205	5.658429	11.743634	22.873463
481.2	3.670828	8.070857	11.741685	22.864358
481.3	4.515161	7.222870	11.738030	22.823840
481.4	7.563828	4.174081	11.737908	22.772243
481.5	8.565751	3.175822	11.741573	22.732901
481.6	6.089930	5.653978	11.743907	22.722931
481.7	3.568521	8.173133	11.741654	22.746017
481.8	4.469045	7.268968	11.738013	22.789945
481.9	7.425939	4.312166	11.738104	22.830022
482	8.222416	3.519296	11.741713	22.837403
482.1	5.809897	5.933706	11.743603	22.789559
482.2	3.799701	7.941309	11.741010	22.679204
482.3	5.255157	6.482510	11.737667	22.518443
482.4	8.181467	3.557067	11.738535	22.336441
482.5	8.257527	3.485074	11.742601	22.171156
482.6	5.094308	6.649761	11.744068	22.057765
482.7	3.083551	8.656984	11.740535	22.017620
482.8	5.335929	6.400763	11.736692	22.051447
482.9	9.085688	2.652320	11.738008	22.139108
483	9.239317	2.503649	11.742966	22.245999
483.1	5.441844	6.302990	11.744834	22.333871
483.2	2.811391	8.929515	11.740906	22.372383
483.3	5.002124	6.734365	11.736489	22.347504
483.4	9.023983	2.713801	11.737784	22.264026
483.5	9.182331	2.560875	11.743205	22.141635
483.6	4.998332	6.746924	11.745256	22.006251
483.7	2.166295	9.574485	11.740780	21.880023
483.8	4.882436	6.853181	11.735617	21.773761
483.9	9.858346	1.878585	11.736931	21.684555
484	10.429630	1.313717	11.743347	21.599334
484.1	5.527336	6.219118	11.746454	21.502794
484.2	1.375212	10.366790	11.742002	21.386405
484.3	3.345151	8.390621	11.735772	21.254752
484.4	8.767904	2.968080	11.735984	21.126425
484.5	10.444287	1.297993	11.742280	21.028725
484.6	6.259524	5.486646	11.746169	20.987876
484.7	1.979689	9.762765	11.742454	21.018281
484.8	3.420838	8.315418	11.736255	21.114957
484.9	8.551162	3.184914	11.736076	21.252316
485	10.240719	1.501523	11.742242	21.390310
485.1	5.981782	5.764603	11.746384	21.486303
485.2	1.406669	10.336078	11.742747	21.508829
485.3	2.758562	8.977494	11.736056	21.448576
485.4	8.428220	3.307026	11.735246	21.322614
485.5	11.005970	0.735484	11.741454	21.170145
485.6	7.147297	4.599167	11.746464	21.040861
485.7	2.011274	9.732424	11.743698	20.979595
485.8	2.337177	9.399795	11.736973	21.012269
485.9	7.494488	4.240789	11.735277	21.137794
486	10.482488	1.258222	11.740709	21.328611
486.1	7.400954	4.344856	11.745810	21.539674
486.2	2.591505	9.152220	11.743725	21.722851
486.3	2.644472	9.092908	11.737380	21.841905
486.4	7.500381	4.235000	11.735381	21.883114
486.5	10.627693	1.112682	11.740375	21.858107
486.6	7.874298	3.871308	11.745606	21.798230
486.7	2.977356	8.766767	11.744123	21.742622
486.8	2.439354	9.298685	11.738038	21.724299
486.9	6.857718	4.877756	11.735474	21.759090
487	10.337048	1.402572	11.739619	21.841184
487.1	8.491430	3.253297	11.744727	21.946632
487.2	4.097093	7.647027	11.744120	22.043337
487.3	3.013850	8.725202	11.739052	22.103823
487.4	6.273204	5.463370	11.736574	22.116154
487.5	9.069171	2.670602	11.739773	22.089114
487.6	7.618641	4.125232	11.743873	22.049809
487.7	4.225637	7.517516	11.743154	22.034541
487.8	3.781402	7.957417	11.738819	22.076138
487.9	6.882832	4.854207	11.737039	22.192110
488	9.145514	2.594740	11.740254	22.377699
488.1	7.416910	4.327025	11.743935	22.606136
488.2	4.085375	7.657679	11.743055	22.836006
488.3	3.611996	8.127032	11.739027	23.023233
488.4	6.342945	5.394559	11.737504	23.133739
488.5	8.251303	3.489085	11.740388	23.152767
488.6	6.749269	4.994071	11.743340	23.088077
488.7	4.249312	7.492801	11.742113	22.966351
488.8	4.533320	7.205269	11.738589	22.824351
488.9	7.235535	4.502463	11.737998	22.697942
489	8.345761	3.395592	11.741353	22.612534
489.1	6.011743	5.732167	11.743910	22.577749
489.2	3.339552	8.402338	11.741890	22.587455
489.3	4.109886	7.628059	11.737945	22.624495
489.4	7.402141	4.335401	11.737541	22.667916
489.5	8.776509	2.964753	11.741263	22.699996
489.6	6.457578	5.286336	11.743914	22.710737
489.7	3.827389	7.914418	11.741807	22.698720
489.8	4.638600	7.099410	11.738011	22.668657
489.9	7.653815	4.084234	11.738048	22.627151
490	8.366068	3.375919	11.741987	22.578682
490.1	5.506691	6.237455	11.744146	22.523503
490.2	3.105241	8.635871	11.741111	22.458178
490.3	4.919040	6.817812	11.736852	22.378352
490.4	8.889041	2.848423	11.737464	22.282397
490.5	9.621499	2.121036	11.742535	22.174246
490.6	5.832156	5.913132	11.745288	22.064058
490.7	2.456328	9.285424	11.741752	21.966237
490.8	4.135380	7.601110	11.736490	21.895365
490.9	8.765855	2.970810	11.736664	21.861431
491	10.116695	1.625524	11.742219	21.866024
491.1	6.263087	5.482599	11.745686	21.900883
491.2	2.375933	9.366305	11.742239	21.949348
491.3	3.812297	7.924143	11.736440	21.990330
491.4	8.727657	3.008586	11.736243	22.003584
491.5	10.385932	1.356206	11.742138	21.974717
491.6	6.288143	5.458083	11.746226	21.898503
491.7	1.773503	9.969300	11.742803	21.779710
491.8	2.986265	8.749970	11.736234	21.631401
491.9	8.527175	3.208120	11.735295	21.471441
492	11.129420	0.611967	11.741386	21.318320
492.1	7.298567	4.447945	11.746512	21.187461
492.2	2.020513	9.723400	11.743912	21.088839
492.3	2.144080	9.593036	11.737116	21.026245
492.4	7.270622	4.464575	11.735198	20.998014
492.5	10.381825	1.358766	11.740590	20.998724
492.6	7.335222	4.410650	11.745872	21.021219
492.7	2.408768	9.335079	11.743847	21.058436
492.8	2.434761	9.302519	11.737281	21.104672
492.9	7.491469	4.243665	11.735134	21.156178
493	10.756023	0.984398	11.740421	21.211093
493.1	7.716634	4.029467	11.746100	21.268840
493.2	2.297441	9.447109	11.744549	21.329185
493.3	1.640195	10.097604	11.737799	21.391181
493.4	6.585930	5.148844	11.734774	21.452322
493.5	10.627759	1.111582	11.739341	21.508221
493.6	8.633472	3.111800	11.745272	21.553125
493.7	3.559051	8.185691	11.744741	21.581336
493.8	2.264965	9.473786	11.738751	21.589334
493.9	6.279112	5.456411	11.735523	21.578037
494	9.959061	1.780234	11.739295	21.554357
494.1	8.297334	3.447436	11.744770	21.531224
494.2	3.647745	8.096742	11.744486	21.525555
494.3	2.385692	9.353206	11.738898	21.554257
494.4	6.254860	5.480701	11.735561	21.629133
494.5	10.139128	1.599715	11.738843	21.752138
494.6	9.042472	2.701746	11.744219	21.912670
494.7	4.656165	7.088456	11.744621	22.088238
494.8	2.797934	8.941963	11.739896	22.248918
494.9	5.547695	6.188915	11.736610	22.364814
495	8.806929	2.931993	11.738922	22.414627
495.1	8.217994	3.525216	11.743210	22.392741
495.2	5.005990	6.737500	11.743490	22.312438
495.3	3.869905	7.869794	11.739700	22.203811
495.4	6.264964	5.472465	11.737430	22.106520
495.5	8.550651	3.189216	11.739867	22.059206
495.6	7.343133	4.400286	11.743418	22.088604
495.7	4.327243	7.415728	11.742970	22.201674
495.8	3.790832	7.948316	11.739148	22.383296
495.9	6.512569	5.224789	11.737358	22.600402
496	8.677339	3.062766	11.740105	22.811384
496.1	7.278419	4.465082	11.743501	22.977900
496.2	4.317774	7.425039	11.742813	23.075368
496.3	3.903573	7.835566	11.739139	23.098866
496.4	6.425256	5.312512	11.737768	23.062628
496.5	8.082230	3.658380	11.740610	22.993513
496.6	6.402295	5.341173	11.743468	22.920802
496.7	3.852243	7.889819	11.742062	22.865930
496.8	4.326358	7.411897	11.738255	22.835727
496.9	7.454327	4.283212	11.737539	22.821448
497	8.906881	2.834319	11.741200	22.803790
497.1	6.464809	5.279455	11.744264	22.761934
497.2	3.329008	8.413352	11.742360	22.683178
497.3	3.817404	7.920576	11.737980	22.569488
497.4	7.305792	4.431396	11.737188	22.438405
497.5	8.971344	2.769796	11.741140	22.317803
497.6	6.509248	5.235045	11.744293	22.236242
497.7	3.476379	8.265704	11.742083	22.212372
497.8	4.384960	7.352528	11.737488	22.247252
497.9	8.221055	3.516044	11.737099	22.322527
498	9.576015	2.165838	11.741853	22.405354
498.1	6.159312	5.586026	11.745338	22.458570
498.2	2.338958	9.403497	11.742454	22.452680
498.3	3.459121	8.277586	11.736707	22.375546
498.4	8.417670	3.318153	11.735823	22.236384
498.5	10.795582	0.945673	11.741255	22.062661
498.6	7.386048	4.359853	11.745901	21.890960
498.7	2.664218	9.079299	11.743517	21.754978
498.8	2.913555	8.823699	11.737254	21.674844
498.9	7.740526	3.995058	11.735584	21.651415
499	10.509074	1.231777	11.740850	21.667410
499.1	7.303383	4.442562	11.745945	21.694795
499.2	2.354157	9.389674	11.743831	21.705561
499.3	2.438891	9.298277	11.737169	21.681891
499.4	7.668889	4.066022	11.734911	21.621994
499.5	11.146760	0.593503	11.740262	21.539512
499.6	8.133624	3.612601	11.746225	21.456899
499.7	2.468053	9.276817	11.744871	21.395384
499.8	1.536767	10.201203	11.737970	21.365488
499.9	6.462715	5.271944	11.734659	21.361893
500	10.650479	1.088754	11.739233	21.364829
500.1	8.620699	3.124768	11.745467	21.347716
500.2	3.256688	8.488365	11.745053	21.288363
500.3	1.788004	9.950725	11.738730	21.179539
500.4	6.030379	5.704762	11.735141	21.034790
500.5	10.057334	1.681753	11.739087	20.886902
500.6	8.336977	3.408119	11.745096	20.779031
500.7	3.238432	8.506502	11.744933	20.751168
500.8	1.777322	9.961447	11.738769	20.826415
500.9	6.085015	5.649898	11.734913	21.001843
501	10.510318	1.228258	11.738576	21.247278
501.1	9.207209	2.537684	11.744893	21.512791
501.2	3.925552	7.819974	11.745526	21.742696
501.3	1.586561	10.153235	11.739796	21.891675
501.4	5.059735	6.675657	11.735392	21.937844
501.5	9.554150	2.183803	11.737954	21.888562
501.6	9.238746	2.504964	11.743710	21.777207
501.7	4.952770	6.792114	11.744884	21.652065
501.8	2.728518	9.011680	11.740199	21.561101
501.9	5.479494	6.256782	11.736276	21.537591
502	9.247420	2.490983	11.738403	21.591206
502.1	8.842082	2.901400	11.743482	21.707162
502.2	4.903680	6.840863	11.744542	21.853307
502.3	2.822957	8.917336	11.740293	21.992349
502.4	5.309603	6.427013	11.736616	22.094869
502.5	8.890343	2.847996	11.738339	22.148672
502.6	8.871507	2.871308	11.742814	22.161502
502.7	5.657821	6.086094	11.743915	22.156570
502.8	3.822446	7.918076	11.740522	22.162815
502.9	5.600565	6.137149	11.737713	22.203600
503	8.014671	3.724711	11.739382	22.287895
503.1	7.402931	4.339929	11.742860	22.406979
503.2	4.690794	7.052167	11.742961	22.537652
503.3	3.947850	7.791622	11.739472	22.650620
503.4	6.438875	5.298546	11.737422	22.720974
503.5	8.723726	3.016132	11.739858	22.737043
503.6	7.519441	4.224005	11.743446	22.704599
503.7	4.399311	7.343847	11.743158	22.645065
503.8	3.624845	8.114558	11.739402	22.588504
503.9	6.147707	5.589769	11.737477	22.563838
504	8.280486	3.459579	11.740065	22.589635
504.1	6.953926	4.789482	11.743408	22.668397
504.2	4.117756	7.624879	11.742634	22.786026
504.3	3.978321	7.760442	11.738763	22.916327
504.4	6.914082	4.823301	11.737383	23.028822
504.5	8.757792	2.982906	11.740698	23.097213
504.6	6.662343	5.081827	11.744170	23.105868
504.7	3.343508	8.399235	11.742743	23.052606
504.8	3.511037	8.227061	11.738099	22.947418
504.9	7.235291	4.501325	11.736616	22.808113
505	9.575611	2.164934	11.740545	22.654715
505.1	7.289503	4.455133	11.744636	22.504566
505.2	3.442751	8.300468	11.743219	22.369511
505.3	3.339732	8.398411	11.738142	22.255579
505.4	7.171495	4.564943	11.736438	22.164582
505.5	9.595301	2.145312	11.740613	22.096446
505.6	7.089369	4.655579	11.744948	22.051016
505.7	3.031214	8.712010	11.743225	22.028521
505.8	3.253984	8.483504	11.737488	22.028623
505.9	7.904080	3.831522	11.735602	22.048657
506	10.854937	0.885596	11.740533	22.082096
506.1	7.867865	3.878082	11.745947	22.118174
506.2	2.573273	9.171219	11.744492	22.143151
506.3	1.911999	9.825831	11.737829	22.143063
506.4	6.873623	4.861075	11.734698	22.107152
506.5	11.004390	0.734903	11.739294	22.030921
506.6	8.911567	2.833973	11.745540	21.917784
506.7	3.462944	8.282194	11.745138	21.778773
506.8	1.952997	9.785706	11.738703	21.630330
506.9	6.305036	5.429929	11.734965	21.490783
507	10.489126	1.249880	11.739007	21.376467
507.1	8.678756	3.066618	11.745374	21.298443
507.2	3.171319	8.574083	11.745403	21.260534
507.3	1.359262	10.379659	11.738921	21.259007
507.4	5.787257	5.947287	11.734543	21.283768
507.5	10.678351	1.059773	11.738124	21.320701
507.6	9.617895	2.127020	11.744915	21.354580
507.7	4.073849	7.672105	11.745954	21.372027
507.8	1.349239	10.390802	11.740041	21.364038
507.9	4.809053	6.926145	11.735198	21.327722
508	9.537215	2.200581	11.737796	21.266947
508.1	9.128117	2.615965	11.744083	21.191752
508.2	4.308807	7.436641	11.745447	21.116477
508.3	1.791307	9.948795	11.740102	21.056868
508.4	5.081069	6.654309	11.735379	21.026655
508.5	9.757460	1.980239	11.737699	21.034377
508.6	9.515806	2.228120	11.743926	21.081317
508.7	4.675611	7.070090	11.745701	21.161244
508.8	1.684600	10.056122	11.740722	21.262200
508.9	4.443940	7.291748	11.735688	21.369989
509	9.215251	2.521926	11.737177	21.472351
509.1	9.793900	1.949047	11.742947	21.562519
509.2	5.747163	5.998091	11.745254	21.640844
509.3	2.673956	9.067377	11.741333	21.713804
509.4	4.488876	7.247919	11.736795	21.790529
509.5	8.366680	3.371017	11.737698	21.877970
509.6	8.952151	2.790281	11.742432	21.976475
509.7	5.714607	6.029709	11.744315	22.077576
509.8	3.384103	8.356806	11.740909	22.165216
509.9	5.220889	6.516245	11.737134	22.220448
510	8.602541	3.135679	11.738221	22.228345
510.1	8.848400	2.894135	11.742536	22.184849
510.2	5.707988	6.036107	11.744095	22.100988
510.3	3.518945	8.221992	11.740937	22.002527
510.4	5.081957	6.655668	11.737624	21.924495
510.5	7.937400	3.801256	11.738656	21.901804
510.6	8.069377	3.672882	11.742260	21.958637
510.7	5.572890	6.170285	11.743176	22.100012
510.8	4.280423	7.459812	11.740235	22.308483
510.9	6.083079	5.654834	11.737913	22.547471
511	8.180291	3.559473	11.739764	22.770622
511.1	7.195687	4.547512	11.743199	22.934573
511.2	4.218266	7.524866	11.743132	23.011250
511.3	3.443431	8.295918	11.739349	22.995823
511.4	6.204141	5.532895	11.737036	22.907722
511.5	8.875607	2.863934	11.739541	22.784316
511.6	7.805243	3.938277	11.743520	22.669233
511.7	4.452126	7.291356	11.743482	22.599072
511.8	3.432107	8.307389	11.739496	22.592765
511.9	6.064711	5.672488	11.737199	22.646944
512	8.474268	3.265629	11.739897	22.738651
512.1	7.054560	4.689219	11.743779	22.834222
512.2	3.703125	8.040036	11.743161	22.901130
512.3	3.325135	8.413463	11.738598	22.918632
512.4	6.873798	4.862613	11.736411	22.883618
512.5	9.692301	2.047640	11.739941	22.809816
512.6	7.789965	3.954648	11.744613	22.720937
512.7	3.533291	8.210687	11.743977	22.640528
512.8	2.675398	9.063281	11.738680	22.582405
512.9	6.498579	5.237295	11.735873	22.545324
513	9.864492	1.875017	11.739509	22.513859
513.1	8.128669	3.616050	11.744719	22.465183
513.2	3.613320	8.130963	11.744283	22.379155
513.3	2.610681	9.127914	11.738595	22.247866
513.4	6.746458	4.988946	11.735404	22.080916
513.5	10.506195	1.233123	11.739318	21.904189
513.6	8.591754	3.153523	11.745278	21.752315
513.7	3.291194	8.453953	11.745147	21.657285
513.8	1.685691	10.053099	11.738790	21.637239
513.9	6.164757	5.569802	11.734559	21.689452
514	11.002257	0.735952	11.738209	21.790143
514.1	9.826448	1.918614	11.745062	21.901365
514.2	4.123889	7.622211	11.746100	21.982694
514.3	1.333633	10.406360	11.739993	22.003760
514.4	4.980613	6.754278	11.734890	21.953301
514.5	10.035137	1.702386	11.737523	21.841684
514.6	9.713931	2.030285	11.744216	21.696128
514.7	4.567296	7.178609	11.745905	21.550456
514.8	1.643829	10.096536	11.740364	21.433137
514.9	4.917353	6.817803	11.735157	21.357924
515	9.919891	1.817486	11.737377	21.320409
515.1	9.796265	1.947808	11.744072	21.301611
515.2	4.570248	7.175994	11.746242	21.277109
515.3	1.130022	10.610934	11.740956	21.228185
515.4	4.002865	7.732378	11.735243	21.150678
515.5	9.355960	2.380651	11.736611	21.058079
515.6	10.200637	1.542430	11.743067	20.977521
515.7	5.676743	6.069233	11.745976	20.939949
515.8	1.971857	9.769847	11.741704	20.968005
515.9	3.868480	7.867794	11.736274	21.066081
516	8.456672	3.280327	11.736999	21.216399
516.1	9.346557	2.396085	11.742642	21.382890
516.2	5.414271	6.331073	11.745344	21.521897
516.3	2.189711	9.551708	11.741419	21.596273
516.4	4.210353	7.525893	11.736246	21.588119
516.5	8.874709	2.862113	11.736823	21.505748
516.6	10.041183	1.701138	11.742321	21.382313
516.7	6.292005	5.453391	11.745397	21.266332
516.8	2.662403	9.079767	11.742170	21.207035
516.9	3.750143	7.987074	11.737217	21.239248
517	7.728745	4.008339	11.737084	21.372644
517.1	9.185441	2.556067	11.741508	21.588784
517.2	6.532298	5.211905	11.744202	21.846768
517.3	3.815803	7.925888	11.741691	22.095554
517.4	4.821116	6.916709	11.737825	22.288873
517.5	7.909425	3.828655	11.738081	22.398014
517.6	8.601134	3.140785	11.741919	22.418588
517.7	5.965160	5.778647	11.743807	22.369545
517.8	3.795440	7.945695	11.741135	22.285255
517.9	5.132766	6.605013	11.737778	22.203690
518	8.010013	3.728457	11.738470	22.154773
518.1	8.354468	3.387649	11.742118	22.152630
518.2	5.782235	5.961254	11.743489	22.193887
518.3	4.037692	7.703028	11.740720	22.261969
518.4	5.550922	6.186999	11.737921	22.335346
518.5	7.952618	3.786592	11.739210	22.396470
518.6	7.543484	4.199249	11.742733	22.438190
518.7	4.741024	7.002246	11.743269	22.465552
518.8	3.623712	8.116075	11.739787	22.492682
518.9	6.072633	5.664513	11.737147	22.536211
519	8.841445	2.897859	11.739305	22.607853
519.1	7.936629	3.806897	11.743526	22.708896
519.2	4.323723	7.420233	11.743956	22.828540
519.3	2.834293	8.905519	11.739812	22.946570
519.4	5.537551	6.199146	11.736697	23.039316
519.5	8.757130	2.981804	11.738933	23.086788
519.6	8.070569	3.672880	11.743449	23.078567
519.7	4.488230	7.255683	11.743913	23.016627
519.8	3.131270	8.608321	11.739591	22.914367
519.9	6.052848	5.683711	11.736559	22.792432
520	9.180671	2.558630	11.739301	22.672860
520.1	7.879483	3.864747	11.744231	22.573488
520.2	3.601869	8.142507	11.744376	22.504201
520.3	2.236216	9.502883	11.739099	22.465878
520.4	6.061384	5.673989	11.735373	22.451858
520.5	10.301209	1.437240	11.738449	22.451057
520.6	9.328442	2.416033	11.744475	22.451466
520.7	4.337261	7.408160	11.745422	22.442924
520.8	1.943709	9.796231	11.739940	22.418571
520.9	5.329596	6.405791	11.735387	22.374977
521	9.860167	1.877806	11.737974	22.311430
521.1	9.291960	2.452279	11.744239	22.229051
521.2	4.313388	7.432200	11.745588	22.130270
521.3	1.766142	9.973828	11.739969	22.018817
521.4	5.393640	6.341227	11.734867	21.900065
521.5	10.578586	1.158735	11.737321	21.781259
521.6	10.359909	1.384405	11.744314	21.671228
521.7	4.801805	6.944807	11.746612	21.579366
521.8	1.082252	10.658834	11.741086	21.514001
521.9	4.028647	7.706335	11.734982	21.480556
522	9.708035	2.028275	11.736310	21.480042
522.1	10.663861	1.079334	11.743195	21.508324
522.2	5.797146	5.949313	11.746459	21.556404
522.3	1.691911	10.049996	11.741908	21.611646
522.4	3.712543	8.023285	11.735829	21.659678
522.5	8.894906	2.841493	11.736399	21.686590
522.6	10.104469	1.638234	11.742704	21.681072
522.7	5.708447	6.037676	11.746123	21.636256
522.8	1.694647	10.047396	11.742043	21.551076
522.9	3.504152	8.231858	11.736010	21.431012
523	8.706114	3.030028	11.736142	21.288022
523.1	10.343558	1.398641	11.742199	21.139474
523.2	6.293108	5.452936	11.746044	21.005907
523.3	1.996139	9.746523	11.742662	20.907735
523.4	3.050167	8.686588	11.736755	20.861292
523.5	7.800265	3.935935	11.736200	20.875051
523.6	9.813070	1.928386	11.741455	20.947046
523.7	6.618203	5.127031	11.745234	21.064453
523.8	2.822481	8.920062	11.742543	21.205876
523.9	3.626627	8.110666	11.737293	21.346094
524	7.791223	3.945485	11.736708	21.462243
524.1	9.538533	2.202923	11.741456	21.539736
524.2	6.523879	5.221081	11.744959	21.576117
524.3	2.918311	8.824189	11.742500	21.581491
524.4	3.604180	8.133341	11.737520	21.575137
524.5	7.610325	4.126376	11.736702	21.579204
524.6	9.642231	2.098667	11.740898	21.611372
524.7	7.306563	4.437730	11.744293	21.678916
524.8	4.064648	7.677910	11.742558	21.776228
524.9	4.186019	7.552523	11.738542	21.886821
525	6.984502	4.753400	11.737902	21.989284
525.1	8.206559	3.534613	11.741172	22.065241
525.2	6.233158	5.510192	11.743350	22.106509
525.3	4.221524	7.519719	11.741243	22.118801
525.4	5.353129	6.384853	11.737983	22.120369
525.5	8.152531	3.585886	11.738417	22.135770
525.6	8.580811	3.161274	11.742085	22.186692
525.7	5.862837	5.880992	11.743829	22.283017
525.8	3.684255	8.056890	11.741145	22.417426
525.9	5.003183	6.734621	11.737804	22.565806
526	7.843196	3.895331	11.738527	22.693807
526.1	8.095693	3.646551	11.742244	22.767715
526.2	5.401774	6.341792	11.743567	22.766173
526.3	3.717025	8.023461	11.740486	22.688740
526.4	5.637438	6.099950	11.737388	22.558143
526.5	8.515026	3.223880	11.738906	22.415052
526.6	8.054874	3.688303	11.743177	22.306709
526.7	4.510852	7.233328	11.744180	22.272855
526.8	2.656567	9.083615	11.740181	22.333426
526.9	5.246918	6.489558	11.736477	22.482054
527	8.975090	2.763167	11.738257	22.687543
527.1	8.790591	2.952696	11.743288	22.902918
527.2	4.864713	6.880013	11.744726	23.079153
527.3	2.526344	9.214170	11.740515	23.179136
527.4	5.001980	6.734417	11.736398	23.187440
527.5	8.873284	2.864846	11.738130	23.112900
527.6	8.690423	3.053000	11.743422	22.983497
527.7	4.576530	7.168357	11.744887	22.835607
527.8	2.268688	9.471548	11.740236	22.701552
527.9	5.262210	6.473500	11.735710	22.599772
528	9.757097	1.980611	11.737707	22.530864
528.1	9.591732	2.152117	11.743848	22.480511
528.2	4.706442	7.039434	11.745875	22.427787
528.3	1.532814	10.207998	11.740812	22.355439
528.4	4.455664	7.279592	11.735256	22.258075
528.5	9.768866	1.967815	11.736682	22.145119
528.6	10.471760	1.271539	11.743299	22.037380
528.7	5.648698	6.097592	11.746290	21.958608
528.8	1.780168	9.961463	11.741631	21.925290
528.9	4.067296	7.668302	11.735598	21.938728
529	9.388651	2.347730	11.736381	21.982592
529.1	10.457437	1.285564	11.743001	22.027192
529.2	5.676424	6.070104	11.746528	22.039180
529.3	1.404640	10.337435	11.742075	21.993300
529.4	3.484142	8.251315	11.735457	21.881984
529.5	9.355996	2.379488	11.735485	21.719175
529.6	11.375043	0.367147	11.742190	21.536822
529.7	6.923193	4.823594	11.746787	21.375016
529.8	1.816599	9.926771	11.743370	21.269087
529.9	2.530500	9.206167	11.736667	21.238064
530	7.717066	4.018478	11.735544	21.278517
530.1	10.275154	1.466017	11.741171	21.365922
530.2	6.963173	4.782548	11.745721	21.463069
530.3	2.555414	9.187692	11.743106	21.532563
530.4	3.142477	8.594614	11.737091	21.549070
530.5	7.849807	3.886161	11.735969	21.507057
530.6	10.156670	1.584582	11.741252	21.421415
530.7	6.832509	4.913231	11.745740	21.320924
530.8	2.287509	9.455866	11.743375	21.237034
530.9	2.557178	9.180193	11.737371	21.192111
531	7.209413	4.526315	11.735728	21.191441
531.1	10.070065	1.670381	11.740446	21.221889
531.2	7.565860	4.179195	11.745055	21.257679
531.3	3.318087	8.425448	11.743535	21.271171
531.4	3.001417	8.736866	11.738283	21.244663
531.5	6.719895	5.016620	11.736515	21.178820
531.6	9.195781	2.544591	11.740372	21.094527
531.7	7.160641	4.583658	11.744299	21.027225
531.8	3.671363	8.071553	11.742916	21.015492
531.9	3.656684	8.081633	11.738317	21.087698
532	7.109947	4.626961	11.736908	21.251284
532.1	9.280261	2.460248	11.740508	21.488437
532.2	7.320283	4.423772	11.744055	21.759765
532.3	4.069500	7.673286	11.742786	22.014956
532.4	3.933831	7.804875	11.738706	22.207056
532.5	6.836522	4.900988	11.737510	22.305837
532.6	8.609675	3.130914	11.740589	22.306093
532.7	6.978202	4.765148	11.743350	22.228360
532.8	4.587157	7.154777	11.741934	22.112074
532.9	4.975081	6.763549	11.738630	22.003534
533	7.439013	4.299388	11.738401	21.942595
533.1	8.149847	3.591789	11.741636	21.952166
533.2	5.830369	5.913192	11.743561	22.033510
533.3	3.755765	7.985394	11.741158	22.168276
533.4	5.098920	6.638749	11.737668	22.326042
533.5	8.231532	3.506587	11.738120	22.474508
533.6	8.815279	2.926827	11.742106	22.588918
533.7	5.908604	5.835537	11.744141	22.657884
533.8	3.443813	8.297511	11.741324	22.684241
533.9	4.791348	6.946220	11.737569	22.681341
534	7.951600	3.786628	11.738228	22.666638
534.1	8.270793	3.471685	11.742478	22.655087
534.2	5.066096	6.678160	11.744256	22.654641
534.3	2.823658	8.917084	11.740742	22.665087
534.4	5.006652	6.729948	11.736600	22.680163
534.5	8.968089	2.769651	11.737740	22.691704
534.6	9.283182	2.459803	11.742985	22.694001
534.7	5.222107	6.523212	11.745319	22.686644
534.8	2.041813	9.699594	11.741406	22.674893
534.9	4.002392	7.733983	11.736375	22.667582
535	8.495583	3.241439	11.737022	22.673509
535.1	9.464072	2.278422	11.742493	22.697713
535.2	5.654432	6.090854	11.745285	22.739004
535.3	2.414777	9.326705	11.741482	22.789550
535.4	4.385611	7.350662	11.736273	22.836563
535.5	8.988515	2.748466	11.736981	22.865449
535.6	9.787285	1.955626	11.742911	22.863364
535.7	5.362677	6.383330	11.746007	22.822116
535.8	1.556975	10.184779	11.741754	22.739744
535.9	3.729165	8.006419	11.735584	22.620540
536	9.345060	2.390746	11.735806	22.473829
536.1	11.094682	0.647683	11.742365	22.312030
536.2	6.609315	5.137358	11.746673	22.148587
536.3	1.750158	9.992846	11.743004	21.996173
536.4	2.891322	8.844898	11.736220	21.865335
536.5	8.435029	3.300309	11.735338	21.763552
536.6	10.954869	0.786603	11.741472	21.694620
536.7	7.137048	4.609306	11.746354	21.658337
536.8	2.187599	9.555842	11.743442	21.650542
536.9	2.797011	8.939686	11.736697	21.663640
537	8.140331	3.594890	11.735220	21.687672
537.1	11.007844	0.733164	11.741008	21.711850
537.2	7.503964	4.242340	11.746304	21.726290
537.3	2.256620	9.487424	11.744044	21.723533
537.4	2.192729	9.544554	11.737283	21.699505
537.5	7.312640	4.422362	11.735002	21.653692
537.6	10.806691	0.933391	11.740082	21.588621
537.7	8.193750	3.551881	11.745631	21.508951
537.8	3.136833	8.607554	11.744387	21.420600
537.9	2.300279	9.438068	11.738347	21.330233
538	6.420341	5.315424	11.735765	21.245144
538.1	9.609076	2.130828	11.739903	21.173302
538.2	7.538430	4.206418	11.744848	21.123057
538.3	3.228173	8.515618	11.743792	21.102125
538.4	2.722863	9.015407	11.738269	21.115711
538.5	6.786330	4.949542	11.735873	21.164176
538.6	9.943509	1.796328	11.739837	21.241060
538.7	7.977547	3.767228	11.744776	21.332519
538.8	3.555829	8.188310	11.744139	21.418953
538.9	2.476559	9.262443	11.739002	21.479014
539	5.880438	5.855885	11.736324	21.495250
539.1	9.004918	2.734488	11.739406	21.459880
539.2	7.855714	3.887977	11.743691	21.378774
539.3	4.464023	7.279311	11.743333	21.271965
539.4	3.726752	8.012417	11.739169	21.169959
539.5	6.544677	5.192531	11.737208	21.106388
539.6	8.794127	2.945995	11.740122	21.108913
539.7	7.277660	4.466026	11.743686	21.191041
539.8	4.164352	7.578531	11.742884	21.347548
539.9	3.826360	7.912547	11.738907	21.555204
540	6.706726	5.030589	11.737315	21.778904
540.1	8.826076	2.914109	11.740185	21.981512
540.2	7.438334	4.305018	11.743352	22.134405
540.3	4.761269	6.981178	11.742447	22.225349
540.4	4.627208	7.111825	11.739033	22.261090
540.5	6.984649	4.753540	11.738189	22.263747
540.6	8.116796	3.624321	11.741117	22.262200
540.7	6.176408	5.567001	11.743408	22.281378
540.8	3.995687	7.745781	11.741469	22.333203
540.9	5.018983	6.718912	11.737895	22.412378
541	8.131656	3.606287	11.737943	22.498619
541.1	8.944860	2.797070	11.741930	22.564644
541.2	5.992061	5.752375	11.744435	22.587143
541.3	3.092394	8.649383	11.741776	22.556796
541.4	4.248892	7.488498	11.737390	22.483593
541.5	7.992227	3.745100	11.737327	22.395288
541.6	9.194049	2.547770	11.741819	22.329167
541.7	6.114317	5.630409	11.744726	22.319713
541.8	2.948894	8.793042	11.741936	22.386353
541.9	4.120405	7.616817	11.737222	22.525551
542	8.051727	3.685480	11.737206	22.710213
542.1	9.172368	2.569755	11.742123	22.896908
542.2	5.646817	6.098401	11.745218	23.038747
542.3	2.173694	9.568261	11.741955	23.099779
542.4	3.710118	8.026382	11.736500	23.066169
542.5	8.525879	3.210430	11.736309	22.950444
542.6	10.258388	1.483521	11.741910	22.787387
542.7	6.476021	5.269875	11.745895	22.622962
542.8	2.141585	9.601259	11.742844	22.499968
542.9	3.039683	8.697114	11.736798	22.445161
543	7.920966	3.814976	11.735942	22.462016
543.1	10.111046	1.630430	11.741477	22.531287
543.2	6.583811	5.162025	11.745836	22.618833
543.3	2.201263	9.541648	11.742911	22.687716
543.4	3.186238	8.550265	11.736503	22.710257
543.5	8.542748	3.192620	11.735369	22.675895
543.6	11.154615	0.586725	11.741340	22.592409
543.7	7.312325	4.434283	11.746608	22.480506
543.8	1.880182	9.863888	11.744070	22.364204
543.9	1.985226	9.751705	11.736930	22.260881
544	7.543338	4.191220	11.734557	22.174846
544.1	11.319778	0.420249	11.740027	22.096830
544.2	8.505119	3.240923	11.746042	22.009482
544.3	3.023948	8.720752	11.744700	21.896577
544.4	2.182797	9.555206	11.738002	21.752228
544.5	6.904704	4.830326	11.735031	21.586266
544.6	10.638117	1.101583	11.739700	21.423426
544.7	8.278341	3.467261	11.745601	21.296235
544.8	3.014562	8.730181	11.744742	21.233960
544.9	1.953628	9.784668	11.738296	21.251534
545	6.541335	5.193579	11.734914	21.342591
545.1	10.684253	1.054804	11.739057	21.479375
545.2	8.957643	2.787488	11.745131	21.619931
545.3	3.757965	7.987177	11.745142	21.720410
545.4	1.908052	9.831298	11.739349	21.748432
545.5	5.524322	6.211302	11.735624	21.693029
545.6	9.462233	2.276487	11.738720	21.567778
545.7	8.488517	3.255589	11.744106	21.406046
545.8	4.235587	7.508851	11.744437	21.249982
545.9	2.653296	9.086236	11.739533	21.137000
546	5.772119	5.964190	11.736309	21.088314
546.1	9.106530	2.632603	11.739133	21.103345
546.2	8.004509	3.739459	11.743967	21.161706
546.3	4.023296	7.720825	11.744121	21.231845
546.4	2.662860	9.076576	11.739436	21.283140
546.5	5.790981	5.945349	11.736331	21.297096
546.6	9.200095	2.538824	11.738919	21.273728
546.7	8.445283	3.298260	11.743543	21.230967
546.8	4.782237	6.961773	11.744010	21.197463
546.9	3.188606	8.551417	11.740024	21.201459
547	5.500641	6.236607	11.737249	21.259805
547.1	8.193892	3.545397	11.739289	21.371054
547.2	7.576308	4.166591	11.742899	21.515133
547.3	4.887905	6.854957	11.742862	21.659740
547.4	4.264022	7.475365	11.739387	21.771264
547.5	6.710875	5.026738	11.737613	21.826453
547.6	8.712240	3.027926	11.740166	21.820833
547.7	7.333766	4.409658	11.743424	21.770978
547.8	4.457982	7.284753	11.742735	21.709845
547.9	4.109775	7.629300	11.739076	21.676695
548	6.715144	5.022512	11.737656	21.704888
548.1	8.506189	3.234278	11.740466	21.811457
548.2	6.943095	4.800301	11.743396	21.991713
548.3	4.398900	7.343225	11.742125	22.220402
548.4	4.753780	6.984642	11.738423	22.458857
548.5	7.680284	4.057487	11.737770	22.665714
548.6	8.880046	2.861420	11.741466	22.807855
548.7	6.198284	5.546162	11.744446	22.868352
548.8	3.013393	8.728849	11.742242	22.849394
548.9	3.811268	7.926231	11.737499	22.769826
549	7.837643	3.899040	11.736682	22.658602
549.1	9.788598	1.952556	11.741154	22.546502
549.2	6.952057	4.792940	11.744997	22.458681
549.3	3.067408	8.675543	11.742950	22.410002
549.4	3.362245	8.375501	11.737746	22.403957
549.5	7.366008	4.370541	11.736549	22.434765
549.6	9.440865	2.300243	11.741108	22.491333
549.7	6.530279	5.214879	11.745158	22.561443
549.8	2.540013	9.202902	11.742916	22.634838
549.9	3.120271	8.616935	11.737206	22.704519
550	7.795875	3.939984	11.735858	22.766385
550.1	10.324478	1.416520	11.740998	22.817897
550.2	7.099643	4.646214	11.745857	22.856683
550.3	2.251178	9.492593	11.743772	22.879771
550.4	2.284547	9.452789	11.737336	22.883775
550.5	7.292023	4.443109	11.735132	22.865821
550.6	10.672115	1.068072	11.740187	22.824745
550.7	7.940442	3.805317	11.745759	22.761981
550.8	2.812378	8.931964	11.744342	22.681781
550.9	2.242553	9.495287	11.737840	22.590660
551	7.014796	4.720286	11.735082	22.496277
551.1	10.624081	1.115800	11.739881	22.406100
551.2	8.072193	3.673582	11.745775	22.326200
551.3	2.731415	9.013269	11.744683	22.260380
551.4	1.911222	9.826659	11.737881	22.209705
551.5	6.991339	4.743092	11.734430	22.172372
551.6	11.415338	0.323723	11.739062	22.143890
551.7	9.343916	2.401856	11.745773	22.117567
551.8	3.427598	8.318180	11.745779	22.085382
551.9	1.304356	10.434817	11.739173	22.039296
552	5.524502	6.210203	11.734706	21.972918
552.1	10.338989	1.399094	11.738083	21.883247
552.2	9.490887	2.253639	11.744527	21.772007
552.3	4.449190	7.296215	11.745405	21.646082
552.4	2.155668	9.584138	11.739806	21.516672
552.5	5.576778	6.158721	11.735500	21.397192
552.6	9.864410	1.873872	11.738282	21.300350
552.7	9.098582	2.645673	11.744255	21.235198
552.8	4.289909	7.455399	11.745309	21.205085
552.9	1.877658	9.862450	11.740108	21.207184
553	4.989652	6.746047	11.735699	21.233773
553.1	9.370420	2.367438	11.737858	21.274836
553.2	9.277945	2.465498	11.743443	21.321019
553.3	5.129938	6.615002	11.744941	21.365853
553.4	2.624179	9.116489	11.740668	21.406388
553.5	4.870379	6.866346	11.736725	21.442064
553.6	8.392516	3.345892	11.738408	21.472369
553.7	8.205781	3.537307	11.743088	21.494468
553.8	4.700163	7.043976	11.744139	21.502081
553.9	2.898496	8.841663	11.740159	21.486536
554	5.384303	6.352427	11.736730	21.439996
554.1	8.787520	2.951040	11.738560	21.359903
554.2	8.529772	3.213291	11.743062	21.252927
554.3	5.086004	6.658101	11.744105	21.136531
554.4	3.162774	8.577700	11.740474	21.036907
554.5	5.168187	6.569120	11.737307	20.983199
554.6	8.106226	3.632574	11.738800	20.999369
554.7	7.985341	3.757192	11.742533	21.096150
554.8	5.339991	6.403175	11.743166	21.265888
554.9	4.184529	7.555497	11.740026	21.482437
555	6.144607	5.593243	11.737850	21.706774
555.1	8.212293	3.527550	11.739843	21.897113
555.2	7.227601	4.515462	11.743063	22.020658
555.3	4.552901	7.189799	11.742701	22.063340
555.4	4.172692	7.566402	11.739094	22.034290
555.5	6.898840	4.838542	11.737381	21.963341
555.6	9.021187	2.718993	11.740180	21.892084
555.7	7.489423	4.254268	11.743691	21.861129
555.8	4.338657	7.404292	11.742949	21.897615
555.9	3.951236	7.787681	11.738917	22.006985
556	6.852515	4.884790	11.737305	22.171774
556.1	8.839167	2.901356	11.740523	22.357780
556.2	6.891133	4.852934	11.744067	22.525587
556.3	3.633553	8.109155	11.742707	22.643513
556.4	3.850024	7.888001	11.738026	22.697616
556.5	7.651715	4.084852	11.736567	22.695356
556.6	9.926047	1.814721	11.740768	22.661734
556.7	7.232746	4.512456	11.745202	22.629328
556.8	2.798934	8.944794	11.743727	22.625826
556.9	2.463010	9.275019	11.738029	22.663523
557	6.772310	4.963348	11.735658	22.734575
557.1	10.037787	1.702078	11.739865	22.813791
557.2	7.912485	3.832537	11.745022	22.868028
557.3	3.323602	8.420526	11.744128	22.868897
557.4	2.560018	9.178369	11.738388	22.804224
557.5	6.672684	5.063021	11.735704	22.684104
557.6	9.930987	1.808920	11.739907	22.539196
557.7	7.626692	4.118652	11.745343	22.411637
557.8	2.676432	9.068002	11.744434	22.341549
557.9	1.865904	9.872196	11.738100	22.353678
558	6.617449	5.117332	11.734781	22.448746
558.1	10.823751	0.915346	11.739097	22.602470
558.2	8.911522	2.833927	11.745449	22.772640
558.3	3.381611	8.363775	11.745385	22.911854
558.4	1.567249	10.171730	11.738979	22.981664
558.5	5.833693	5.901119	11.734813	22.963444
558.6	10.394388	1.344080	11.738468	22.862528
558.7	9.097668	2.647316	11.744984	22.704536
558.8	3.732569	8.012950	11.745519	22.525519
558.9	1.636056	10.103233	11.739289	22.359598
559	5.786838	5.947830	11.734668	22.228487
559.1	10.730661	1.007274	11.737935	22.136411
559.2	9.854927	1.889883	11.744810	22.071830
559.3	4.253756	7.492407	11.746163	22.014870
559.4	1.291127	10.449086	11.740213	21.947277
559.5	4.816754	6.918094	11.734848	21.860913
559.6	10.134070	1.602990	11.737060	21.761485
559.7	10.338376	1.405359	11.743734	21.666123
559.8	5.412461	6.333567	11.746028	21.595812
559.9	1.981994	9.759207	11.741201	21.565725
560	4.337935	7.398052	11.735987	21.577349
560.1	8.914037	2.823253	11.737289	21.615695
560.2	9.418894	2.324099	11.742993	21.652984
560.3	5.372742	6.372438	11.745180	21.657796
560.4	2.500630	9.240363	11.740993	21.606513
560.5	4.752183	6.984136	11.736319	21.492946
560.6	8.983205	2.754348	11.737553	21.332463
560.7	9.391481	2.351459	11.742940	21.158858
560.8	5.421015	6.324153	11.745169	21.014663
560.9	2.368110	9.373273	11.741383	20.937985
561	4.113603	7.623239	11.736842	20.950216
561.1	8.037118	3.700426	11.737544	21.048767
561.2	8.854335	2.887830	11.742164	21.207317
561.3	5.816009	5.928224	11.744233	21.383575
561.4	3.402430	8.338723	11.741154	21.531998
561.5	4.895677	6.841851	11.737527	21.617324
561.6	7.934776	3.803696	11.738472	21.624522
561.7	8.066104	3.676406	11.742510	21.562070
561.8	5.073549	6.670293	11.743841	21.457724
561.9	3.208784	8.531775	11.740560	21.348500
562	5.163993	6.573249	11.737242	21.268409
562.1	8.329625	3.408828	11.738453	21.238114
562.2	8.496951	3.245458	11.742409	21.259851
562.3	5.683693	6.059932	11.743625	21.318993
562.4	3.928002	7.812639	11.740641	21.391343
562.5	5.509208	6.228701	11.737908	21.453292
562.6	7.850676	3.888636	11.739312	21.491129
562.7	7.409045	4.333593	11.742639	21.506241
562.8	4.874487	6.868366	11.742854	21.514479
562.9	4.176598	7.562865	11.739463	21.540086
563	6.692511	5.044860	11.737371	21.606445
563.1	9.020038	2.719822	11.739861	21.726926
563.2	7.705241	4.038429	11.743671	21.899034
563.3	4.322671	7.420711	11.743382	22.103798
563.4	3.531761	8.207390	11.739151	22.310605
563.5	6.562100	5.174695	11.736796	22.485814
563.6	9.271820	2.467932	11.739751	22.602371
563.7	7.785022	3.959034	11.744056	22.647387
563.8	4.022395	7.721245	11.743639	22.625459
563.9	3.244498	8.494360	11.738858	22.556926
564	6.723468	5.012840	11.736308	22.471838
564.1	9.709002	2.030782	11.739784	22.401670
564.2	7.830191	3.914561	11.744752	22.371269
564.3	3.314738	8.429551	11.744290	22.393232
564.4	2.264915	9.473757	11.738671	22.465985
564.5	6.365583	5.369771	11.735354	22.575610
564.6	10.316816	1.422172	11.738987	22.700454
564.7	8.790474	2.954433	11.744906	22.816914
564.8	3.679375	8.065834	11.745209	22.904795
564.9	1.705496	10.033943	11.739439	22.951015
565	5.412180	6.323160	11.735340	22.951157
565.1	9.698041	2.040394	11.738434	22.908984
565.2	8.712095	3.032380	11.744474	22.834538
565.3	3.842594	7.902546	11.745140	22.741532
565.4	1.884082	9.855321	11.739403	22.644701
565.5	5.742023	5.993050	11.735073	22.557516
565.6	10.302809	1.435433	11.738243	22.490453
565.7	9.247462	2.497397	11.744859	22.449860
565.8	3.710427	8.035574	11.746000	22.437438
565.9	0.985167	10.754748	11.739915	22.450333
566	4.825991	6.908560	11.734551	22.481867
566.1	10.336870	1.400143	11.737013	22.522806
566.2	10.402348	1.341696	11.744043	22.562961
566.3	5.113516	6.632839	11.746355	22.592800
566.4	1.574561	10.166467	11.741029	22.604693
566.5	4.379775	7.355559	11.735335	22.593525
566.6	9.554959	2.181935	11.736894	22.556625
566.7	10.030933	1.712545	11.743478	22.493232
566.8	5.190031	6.556088	11.746119	22.403893
566.9	1.638713	10.102518	11.741230	22.290200
567	4.265381	7.469993	11.735374	22.155094
567.1	9.679502	2.056877	11.736379	22.003626
567.2	10.784451	0.958427	11.742878	21.843722
567.3	6.218878	5.527404	11.746281	21.686348
567.4	2.016268	9.726030	11.742298	21.544569
567.5	3.469459	8.266993	11.736452	21.431365
567.6	8.261025	3.475406	11.736431	21.356627
567.7	9.897944	1.843917	11.741862	21.324191
567.8	6.482125	5.263081	11.745206	21.330026
567.9	2.941493	8.800652	11.742145	21.362426
568	4.053395	7.683792	11.737187	21.404510
568.1	8.023420	3.713755	11.737175	21.438506
568.2	9.228733	2.513202	11.741934	21.450594
568.3	6.033440	5.711346	11.744787	21.434735
568.4	2.885445	8.856430	11.741875	21.394140
568.5	4.058401	7.678915	11.737316	21.339768
568.6	7.842726	3.894602	11.737328	21.286263
568.7	9.068157	2.673558	11.741715	21.246724
568.8	6.225946	5.518436	11.744382	21.228175
568.9	3.332226	8.409633	11.741859	21.229439
569	4.211999	7.525890	11.737889	21.242295
569.1	7.323923	4.414047	11.737969	21.255547
569.2	8.187763	3.553947	11.741710	21.260479
569.3	5.748564	5.995077	11.743641	21.255513
569.4	3.703339	8.037708	11.741048	21.248058
569.5	5.109179	6.628544	11.737723	21.252465
569.6	8.022982	3.715485	11.738467	21.284537
569.7	8.302011	3.440254	11.742265	21.354407
569.8	5.509100	6.234658	11.743758	21.460509
569.9	3.537735	8.203115	11.740850	21.587219
570	5.109104	6.628547	11.737652	21.707629
570.1	7.964153	3.774469	11.738622	21.791145
570.2	8.131161	3.611090	11.742251	21.813716
570.3	5.588175	6.155092	11.743267	21.767334
570.4	4.230291	7.509938	11.740228	21.665305
570.5	6.168157	5.569499	11.737657	21.540988
570.6	8.544808	3.194733	11.739542	21.439760
570.7	7.586027	4.157376	11.743404	21.406285
570.8	4.238400	7.505171	11.743571	21.470934
570.9	3.203630	8.535688	11.739318	21.639740
571	6.366101	5.370219	11.736320	21.891318
571.1	9.783263	1.955697	11.738959	22.182058
571.2	8.809841	2.934141	11.743982	22.458202
571.3	4.561798	7.182823	11.744621	22.671101
571.4	2.660015	9.079867	11.739882	22.790869
571.5	5.636670	6.099500	11.736170	22.814077
571.6	9.344779	2.393867	11.738646	22.763091
571.7	8.532264	3.211742	11.744006	22.677412
571.8	4.143238	7.601555	11.744793	22.600033
571.9	2.230706	9.508952	11.739658	22.563432
572	5.688399	6.047092	11.735491	22.579893
572.1	10.043114	1.695057	11.738172	22.639261
572.2	9.309940	2.434432	11.744372	22.714626
572.3	4.183364	7.562419	11.745783	22.773673
572.4	1.354610	10.385723	11.740332	22.791493
572.5	4.609357	7.125833	11.735191	22.760220
572.6	9.646970	2.090273	11.737243	22.692040
572.7	9.758984	1.984776	11.743760	22.614578
572.8	4.842465	6.903513	11.745978	22.560378
572.9	1.563279	10.177635	11.740914	22.554367
573	4.354743	7.380703	11.735446	22.603878
573.1	9.390953	2.346081	11.737035	22.694931
573.2	9.751066	1.992503	11.743569	22.796186
573.3	4.848897	6.897247	11.746145	22.869281
573.4	1.333775	10.407345	11.741120	22.881944
573.5	4.140478	7.594671	11.735149	22.819284
573.6	9.735312	2.000987	11.736299	22.689289
573.7	10.738513	1.004655	11.743167	22.520593
573.8	5.784476	5.962204	11.746680	22.353280
573.9	1.381818	10.360392	11.742210	22.225911
574	3.265432	8.470296	11.735728	22.163232
574.1	8.830196	2.905577	11.735774	22.168717
574.2	10.722153	1.019935	11.742088	22.224348
574.3	6.658711	5.087426	11.746137	22.297472
574.4	2.302636	9.440001	11.742636	22.352110
574.5	3.504475	8.232032	11.736507	22.360672
574.6	8.491382	3.244670	11.736053	22.311985
574.7	10.431840	1.309940	11.741779	22.213081
574.8	6.706798	5.039097	11.745895	22.084471
574.9	2.335064	9.407856	11.742920	21.951026
575	3.120489	8.616443	11.736932	21.832121
575.1	7.934148	3.801730	11.735878	21.734807
575.2	10.427680	1.313242	11.740922	21.652540
575.3	7.572877	4.172317	11.745194	21.569800
575.4	3.428376	8.314876	11.743251	21.470660
575.5	3.363332	8.374848	11.738180	21.347817
575.6	6.905116	4.831848	11.736964	21.208400
575.7	8.827325	2.913569	11.740894	21.074030
575.8	6.556931	5.187237	11.744168	20.974755
575.9	3.541411	8.200788	11.742200	20.938823
576	4.180051	7.557838	11.737889	20.981866
576.1	7.630134	4.107224	11.737357	21.099489
576.2	9.071381	2.669981	11.741362	21.266131
576.3	6.465607	5.278755	11.744363	21.441003
576.4	3.330135	8.412166	11.742301	21.579404
576.5	3.801450	7.936684	11.738133	21.645859
576.6	6.995567	4.741990	11.737557	21.624807
576.7	8.440036	3.301065	11.741101	21.525336
576.8	6.362702	5.380919	11.743621	21.378417
576.9	3.977315	7.764355	11.741671	21.227534
577	4.738248	7.000000	11.738248	21.115761
577.1	7.434614	4.303740	11.738355	21.073400
577.2	8.048397	3.693417	11.741813	21.110032
577.3	5.613622	6.129942	11.743564	21.213244
577.4	3.658798	8.082160	11.740959	21.354095
577.5	5.150730	6.586904	11.737634	21.497207
577.6	8.157039	3.581341	11.738380	21.611996
577.7	8.488239	3.254021	11.742260	21.681412
577.8	5.659294	6.084520	11.743814	21.705603
577.9	3.676741	8.064047	11.740787	21.699731
578	5.392636	6.344821	11.737457	21.687170
578.1	8.367122	3.371534	11.738656	21.690708
578.2	8.241490	3.501315	11.742805	21.724847
578.3	5.022977	6.720953	11.743931	21.791690
578.4	3.320748	8.419375	11.740123	21.881496
578.5	5.895522	5.841038	11.736560	21.977328
578.6	9.470747	2.267740	11.738488	22.061901
578.7	8.973078	2.770596	11.743673	22.124108
578.8	4.656317	7.088750	11.745067	22.163010
578.9	2.154706	9.585739	11.740445	22.188066
579	4.972671	6.763139	11.735810	22.215730
579.1	9.524136	2.213336	11.737472	22.263687
579.2	9.745998	1.997363	11.743361	22.344722
579.3	5.294483	6.451098	11.745581	22.462146
579.4	2.148126	9.592952	11.741078	22.608122
579.5	4.557599	7.178350	11.735950	22.765214
579.6	9.179433	2.557844	11.737277	22.910550
579.7	9.520767	2.222629	11.743396	23.021287
579.8	4.842687	6.903263	11.745950	23.079891
579.9	1.384833	10.356378	11.741211	23.077925
580	4.016222	7.719125	11.735347	23.017642
580.1	9.503572	2.232710	11.736281	22.911243
580.2	10.640601	1.102357	11.742957	22.778224
580.3	5.863170	5.883418	11.746588	22.641540
580.4	1.417343	10.325040	11.742383	22.523396
580.5	3.058819	8.677180	11.735999	22.441418
580.6	8.392128	3.343822	11.735949	22.405786
580.7	10.165265	1.576893	11.742158	22.417736
580.8	6.077103	5.669003	11.746106	22.469638
580.9	1.849752	9.892637	11.742389	22.546654
581	3.417368	8.318687	11.736054	22.629708
581.1	8.812993	2.922781	11.735774	22.699277
581.2	10.760237	0.981840	11.742077	22.739219
581.3	6.502948	5.243614	11.746562	22.739829
581.4	1.605205	10.137964	11.743169	22.699379
581.5	2.570511	9.165824	11.736334	22.623761
581.6	8.181262	3.553800	11.735061	22.524347
581.7	11.146063	0.594866	11.740929	22.414696
581.8	7.773582	3.972531	11.746114	22.307094
581.9	2.714762	9.029155	11.743918	22.209946
582	2.594779	9.142779	11.737558	22.126747
582.1	7.253181	4.482400	11.735581	22.056783
582.2	10.261688	1.478676	11.740364	21.997090
582.3	7.714290	4.030919	11.745210	21.944732
582.4	3.307554	8.436073	11.743627	21.898375
582.5	3.080285	8.657707	11.737993	21.858461
582.6	7.225221	4.510811	11.736032	21.825902
582.7	10.040758	1.699509	11.740267	21.799930
582.8	7.785298	3.959532	11.744830	21.776205
582.9	3.605145	8.138505	11.743651	21.746312
583	3.045581	8.693005	11.738585	21.699300
583.1	6.560108	5.176448	11.736556	21.625111
583.2	9.200412	2.539616	11.740029	21.518851
583.3	7.554325	4.189627	11.743952	21.384320
583.4	4.213847	7.529165	11.743013	21.235229
583.5	3.854224	7.884644	11.738868	21.093183
583.6	6.694300	5.043200	11.737500	20.982610
583.7	8.435945	3.304783	11.740727	20.924013
583.8	6.493479	5.250338	11.743817	20.927655
583.9	3.625430	8.116878	11.742308	20.989921
584	3.960993	7.777297	11.738289	21.093796
584.1	7.147488	4.589900	11.737388	21.213592
584.2	8.853185	2.887659	11.740844	21.322537
584.3	6.826575	4.917268	11.743843	21.400769
584.4	3.958090	7.784243	11.742333	21.440976
584.5	4.126501	7.612139	11.738640	21.449694
584.6	6.787598	4.950433	11.738032	21.443696
584.7	7.928916	3.812294	11.741210	21.442749
584.8	5.923204	5.820186	11.743391	21.461325
584.9	3.876168	7.865080	11.741248	21.502417
585	5.092932	6.644861	11.737793	21.555888
585.1	8.150014	3.588130	11.738144	21.602248
585.2	8.730598	3.011513	11.742111	21.620674
585.3	5.785281	5.958931	11.744212	21.598458
585.4	3.259451	8.481889	11.741340	21.538268
585.5	4.704881	7.032457	11.737338	21.460224
585.6	8.211010	3.526795	11.737805	21.397476
585.7	8.916720	2.825470	11.742190	21.386278
585.8	5.815541	5.928811	11.744352	21.453670
585.9	3.321427	8.419674	11.741102	21.606967
586	5.152531	6.584364	11.736894	21.828920
586.1	8.929227	2.808590	11.737817	22.080684
586.2	9.234022	2.508934	11.742956	22.312147
586.3	5.211037	6.534229	11.745266	22.476605
586.4	2.146111	9.595087	11.741197	22.545151
586.5	4.441083	7.294848	11.735931	22.516031
586.6	9.379580	2.357083	11.736663	22.415734
586.7	10.441105	1.301630	11.742735	22.291251
586.8	6.035380	5.710797	11.746177	22.195835
586.9	1.852270	9.890049	11.742319	22.172788
587	3.378591	8.357642	11.736233	22.242460
587.1	8.507189	3.228873	11.736062	22.396621
587.2	10.297806	1.444231	11.742037	22.601885
587.3	6.321163	5.424905	11.746068	22.810886
587.4	1.983096	9.759551	11.742647	22.977347
587.5	3.227523	8.508854	11.736377	23.070012
587.6	8.420650	3.315171	11.735821	23.080891
587.7	10.466969	1.274902	11.741871	23.025394
587.8	6.413608	5.332801	11.746410	22.934722
587.9	1.567223	10.175990	11.743212	22.843550
588	2.449437	9.286986	11.736423	22.777563
588.1	8.006875	3.728206	11.735081	22.745240
588.2	10.945547	0.795441	11.740988	22.736649
588.3	7.455889	4.290385	11.746275	22.729365
588.4	2.269602	9.474357	11.743959	22.699040
588.5	2.265995	9.471287	11.737282	22.630508
588.6	7.264602	4.470661	11.735263	22.525182
588.7	10.384434	1.356091	11.740525	22.401928
588.8	7.404134	4.341702	11.745836	22.291017
588.9	2.449590	9.294347	11.743937	22.223353
589	2.376709	9.360636	11.737345	22.218876
589.1	7.492804	4.242117	11.734921	22.278409
589.2	11.120559	0.619389	11.739948	22.381952
589.3	8.519083	3.226704	11.745787	22.494161
589.4	3.139469	8.605355	11.744823	22.575171
589.5	1.934188	9.804356	11.738543	22.593042
589.6	6.178810	5.556491	11.735301	22.533562
589.7	10.067078	1.672006	11.739084	22.404101
589.8	8.657809	3.086667	11.744475	22.230332
589.9	4.289378	7.454899	11.744277	22.047153
590	3.035766	8.703379	11.739144	21.887100
590.1	6.387701	5.348602	11.736303	21.770348
590.2	9.498220	2.241302	11.739522	21.699666
590.3	8.045297	3.698884	11.744182	21.661843
590.4	4.086757	7.657121	11.743878	21.634702
590.5	3.036525	8.702643	11.739168	21.596869
590.6	6.209873	5.526675	11.736548	21.536522
590.7	9.208984	2.530440	11.739424	21.455875
590.8	8.093468	3.650189	11.743657	21.369800
590.9	4.637297	7.106230	11.743527	21.299257
591	3.585961	8.153605	11.739566	21.262118
591.1	6.039011	5.698467	11.737479	21.264999
591.2	8.200493	3.539519	11.740012	21.299306
591.3	6.958752	4.784538	11.743291	21.343183
591.4	4.247217	7.495317	11.742533	21.368840
591.5	4.118725	7.620141	11.738866	21.352747
591.6	6.858691	4.878935	11.737626	21.285054
591.7	8.550006	3.190687	11.740692	21.174774
591.8	6.671976	5.071796	11.743773	21.048690
591.9	3.747904	7.994574	11.742478	20.944084
592	3.838685	7.899878	11.738562	20.897519
592.1	6.824113	4.913367	11.737481	20.933281
592.2	8.565372	3.175325	11.740697	21.055247
592.3	6.738062	5.005559	11.743620	21.244821
592.4	4.086829	7.655292	11.742121	21.465612
592.5	4.471942	7.266479	11.738421	21.673387
592.6	7.307155	4.430790	11.737945	21.828156
592.7	8.354852	3.386662	11.741514	21.904727
592.8	5.863990	5.880002	11.743991	21.898641
592.9	3.313623	8.427910	11.741533	21.825996
593	4.630235	7.107056	11.737291	21.717603
593.1	8.444784	3.292497	11.737281	21.609615
593.2	9.643918	2.097971	11.741889	21.533649
593.3	6.405166	5.339800	11.744967	21.509327
593.4	2.976940	8.765233	11.742173	21.541118
593.5	4.033574	7.703608	11.737182	21.619873
593.6	8.164568	3.572313	11.736881	21.727959
593.7	9.620037	2.121808	11.741846	21.845938
593.8	6.217322	5.527943	11.745265	21.958533
593.9	2.576772	9.165413	11.742186	22.058139
594	3.945546	7.791010	11.736556	22.145191
594.1	8.833552	2.902592	11.736144	22.225756
594.2	10.690499	1.051403	11.741902	22.307586
594.3	6.705305	5.041004	11.746308	22.396158
594.4	1.866744	9.876590	11.743334	22.492030
594.5	2.515310	9.221409	11.736719	22.590227
594.6	7.843150	3.892037	11.735187	22.681630
594.7	10.841559	0.899222	11.740781	22.755742
594.8	7.606023	4.140013	11.746036	22.803869
594.9	2.549529	9.194427	11.743956	22.821757
595	2.451433	9.286003	11.737436	22.811017
595.1	7.314418	4.420938	11.735355	22.779047
595.2	10.382520	1.358038	11.740558	22.737553
595.3	7.332243	4.413719	11.745962	22.700050
595.4	2.205643	9.538484	11.744127	22.678883
595.5	2.001374	9.736011	11.737385	22.682357
595.6	7.181471	4.553307	11.734778	22.712553
595.7	10.936986	0.802903	11.739889	22.764298
595.8	8.270609	3.475358	11.745967	22.825634
595.9	2.696724	9.048232	11.744956	22.879886
596	1.549888	10.188378	11.738266	22.909066
596.1	6.220557	5.514262	11.734818	22.898028
596.2	10.410977	1.328091	11.739068	22.838443
596.3	8.647998	3.097155	11.745153	22.731542
596.4	3.532801	8.212114	11.744915	22.588749
596.5	2.064363	9.674485	11.738848	22.429785
596.6	6.162829	5.572423	11.735253	22.278503
596.7	10.200294	1.538646	11.738940	22.157400
596.8	8.713830	3.031006	11.744836	22.082259
596.9	3.756810	7.988162	11.744973	22.058421
597	2.036072	9.703145	11.739217	22.079782
597.1	5.874535	5.860758	11.735292	22.130825
597.2	10.210934	1.527385	11.738319	22.191039
597.3	9.474366	2.269747	11.744113	22.240358
597.4	4.895041	6.850022	11.745063	22.263892
597.5	2.551619	9.188684	11.740303	22.254562
597.6	5.150826	6.585650	11.736476	22.212959
597.7	8.741722	2.996772	11.738493	22.144815
597.8	8.454550	3.288572	11.743122	22.057287
597.9	5.078536	6.665318	11.743854	21.955684
598	3.587557	8.152368	11.739924	21.842002
598.1	6.053555	5.683494	11.737049	21.715875
598.2	8.898825	2.840433	11.739258	21.577440
598.3	8.067094	3.676292	11.743386	21.430756
598.4	4.678483	7.065205	11.743688	21.286028
598.5	3.341073	8.398794	11.739867	21.159225
598.6	5.697413	6.039889	11.737302	21.068679
598.7	8.291165	3.448246	11.739411	21.029483
598.8	7.564384	4.178606	11.742990	21.047598
598.9	4.797827	6.945108	11.742935	21.115949
599	4.090624	7.648864	11.739488	21.214378
599.1	6.412904	5.324859	11.737763	21.314054
599.2	8.246414	3.493930	11.740344	21.385370
599.3	6.710036	5.033503	11.743540	21.406947
599.4	3.812453	7.930187	11.742640	21.372744
599.5	3.699500	8.039210	11.738710	21.294669
599.6	6.734024	5.003197	11.737221	21.199481
599.7	8.835863	2.904478	11.740342	21.120689
599.8	7.142948	4.600828	11.743776	21.087949
599.9	4.062080	7.680655	11.742735	21.117471
600	3.921481	7.817235	11.738717	21.206730
600.1	6.853835	4.883627	11.737462	21.335423
600.2	8.572344	3.168475	11.740818	21.472478
600.3	6.486160	5.257821	11.743981	21.586783
600.4	3.546939	8.195281	11.742220	21.657908
600.5	4.200805	7.536955	11.737760	21.683035
600.6	7.945878	3.791072	11.736949	21.677517
600.7	9.675566	2.065764	11.741330	21.668752
600.8	6.703150	5.041939	11.745089	21.685466
600.9	2.805917	8.936938	11.742855	21.746210
601	3.352978	8.384351	11.737329	21.851309
601.1	7.888851	3.847109	11.735960	21.981412
601.2	10.446688	1.294127	11.740816	22.103463
601.3	7.525611	4.219872	11.745483	22.182305
601.4	2.984419	8.759181	11.743600	22.193976
601.5	2.965639	8.771981	11.737620	22.135983
601.6	7.520159	4.215534	11.735692	22.030684
601.7	10.379291	1.361309	11.740600	21.920205
601.8	7.433796	4.311962	11.745757	21.854168
601.9	2.497679	9.246315	11.743994	21.874081
602	2.340001	9.397408	11.737409	21.999495
602.1	7.483369	4.251431	11.734800	22.220613
602.2	11.244755	0.495115	11.739871	22.499937
602.3	8.549510	3.196560	11.746070	22.782622
602.4	2.782109	8.963110	11.745219	23.012257
602.5	1.385705	10.352747	11.738452	23.147067
602.6	6.001108	5.733631	11.734739	23.171336
602.7	10.346332	1.392560	11.738892	23.098549
602.8	8.677753	3.067419	11.745171	22.965483
602.9	3.445142	8.299945	11.745087	22.819495
603	1.864772	9.874076	11.738848	22.703411
603.1	6.100599	5.634413	11.735011	22.643041
603.2	10.343366	1.395489	11.738855	22.641254
603.3	8.709191	3.036030	11.745221	22.680141
603.4	3.247161	8.498327	11.745489	22.729947
603.5	1.230045	10.509164	11.739209	22.761211
603.6	5.397963	6.336750	11.734713	22.755605
603.7	10.300075	1.437842	11.737917	22.711666
603.8	9.597895	2.146569	11.744464	22.643665
603.9	4.451166	7.294516	11.745682	22.574410
604	1.790025	9.950161	11.740187	22.525019
604.1	4.980157	6.755360	11.735518	22.505694
604.2	9.493968	2.243879	11.737847	22.511075
604.3	9.222892	2.520900	11.743791	22.521931
604.4	4.702971	7.042257	11.745227	22.512542
604.5	2.198882	9.541431	11.740314	22.460971
604.6	5.134854	6.600929	11.735783	22.358333
604.7	9.570007	2.167680	11.737687	22.213529
604.8	9.653656	2.089677	11.743332	22.051547
604.9	5.450833	6.294339	11.745172	21.905802
605	2.616208	9.124806	11.741014	21.807135
605.1	4.680229	7.056439	11.736668	21.773341
605.2	8.547641	3.190169	11.737810	21.802892
605.3	9.033353	2.709111	11.742464	21.875081
605.4	5.875882	5.868264	11.744145	21.956508
605.5	3.684289	8.056592	11.740880	22.011662
605.6	5.321098	6.416480	11.737578	22.013939
605.7	8.107129	3.631738	11.738867	21.953360
605.8	7.900110	3.842574	11.742684	21.838507
605.9	5.020932	6.722514	11.743445	21.692264
606	3.679089	8.060950	11.740039	21.543120
606.1	5.896039	5.841288	11.737327	21.415292
606.2	8.612842	3.126347	11.739189	21.321198
606.3	8.019732	3.723310	11.743042	21.258854
606.4	4.917746	6.825784	11.743530	21.214887
606.5	3.547187	8.192892	11.740078	21.171795
606.6	5.604600	6.133028	11.737629	21.116559
606.7	7.937991	3.801588	11.739579	21.047287
606.8	7.139955	4.603021	11.742975	20.975327
606.9	4.456315	7.286469	11.742784	20.921984
607	3.981630	7.757539	11.739169	20.910964
607.1	6.679449	5.057921	11.737370	20.959224
607.2	8.800621	2.939607	11.740228	21.069535
607.3	7.126460	4.617469	11.743929	21.227467
607.4	3.701963	8.041239	11.743202	21.404040
607.5	3.212327	8.526488	11.738814	21.563322
607.6	6.456153	5.280597	11.736750	21.672620
607.7	9.069285	2.670639	11.739924	21.712026
607.8	7.504123	4.239844	11.743967	21.680333
607.9	4.035910	7.707277	11.743187	21.595501
608	3.672359	8.066242	11.738602	21.489620
608.1	7.082390	4.654329	11.736720	21.399979
608.2	9.453410	2.287051	11.740461	21.358989
608.3	7.151008	4.593785	11.744793	21.385889
608.4	3.055787	8.687686	11.743473	21.482471
608.5	2.912408	8.825466	11.737873	21.633723
608.6	7.373122	4.362393	11.735515	21.812819
608.7	10.716601	1.023293	11.739893	21.988707
608.8	8.392335	3.353062	11.745397	22.133997
608.9	3.327784	8.416844	11.744628	22.231049
609	2.225748	9.512732	11.738480	22.274920
609.1	6.570109	5.165062	11.735171	22.272866
609.2	10.495994	1.243239	11.739232	22.241024
609.3	8.623023	3.122224	11.745247	22.199572
609.4	3.394656	8.350374	11.745030	22.167761
609.5	1.898641	9.840094	11.738735	22.160022
609.6	6.289205	5.445609	11.734815	22.183814
609.7	10.735579	1.003100	11.738679	22.239354
609.8	9.170374	2.574915	11.745289	22.320903
609.9	3.504137	8.241660	11.745797	22.419032
610	1.190476	10.548954	11.739429	22.523221
610.1	5.301074	6.433529	11.734603	22.624189
610.2	10.405020	1.332675	11.737695	22.715516
610.3	9.801400	1.943137	11.744537	22.794278
610.4	4.408649	7.337401	11.746050	22.860612
610.5	1.417790	10.322605	11.740395	22.916369
610.6	4.613413	7.121893	11.735306	22.963241
610.7	9.419987	2.317582	11.737569	23.000920
610.8	9.242973	2.500951	11.743924	23.025959
610.9	4.414522	7.331101	11.745624	23.031857
611	1.653781	10.086550	11.740331	23.010602
611.1	4.878156	6.857085	11.735241	22.955397
611.2	9.862429	1.874864	11.737293	22.863842
611.3	9.930548	1.813258	11.743806	22.740503
611.4	4.929349	6.816777	11.746127	22.597787
611.5	1.405188	10.336060	11.741247	22.454471
611.6	3.862156	7.873545	11.735701	22.331897
611.7	8.906529	2.830158	11.736687	22.248686
611.8	9.977705	1.764858	11.742563	22.215453
611.9	6.069028	5.676341	11.745369	22.231208
612	2.740582	9.001051	11.741632	22.282760
612.1	4.397539	7.339218	11.736757	22.347608
612.2	8.490309	3.247068	11.737378	22.399669
612.3	9.297965	2.444440	11.742406	22.416242
612.4	5.802603	5.942227	11.744831	22.384109
612.5	2.888070	8.853356	11.741426	22.302850
612.6	4.519531	7.217426	11.736957	22.184337
612.7	8.431025	3.306411	11.737436	22.048586
612.8	9.424471	2.317508	11.741979	21.917389
612.9	6.449061	5.295282	11.744343	21.807864
613	3.731933	8.009683	11.741616	21.728084
613.1	4.746243	6.991692	11.737935	21.676148
613.2	7.597204	4.141196	11.738400	21.642804
613.3	8.045620	3.696381	11.742001	21.616423
613.4	5.588766	6.154605	11.743370	21.588251
613.5	3.983832	7.756721	11.740553	21.555817
613.6	5.689787	6.047925	11.737712	21.523117
613.7	8.283605	3.455452	11.739056	21.497518
613.8	7.945664	3.797101	11.742764	21.484716
613.9	4.987152	6.756399	11.743551	21.483966
614	3.495533	8.244687	11.740220	21.485845
614.1	5.555613	6.181818	11.737432	21.473941
614.2	8.251204	3.487927	11.739132	21.430308
614.3	7.760231	3.982686	11.742917	21.342970
614.4	4.787608	6.955783	11.743391	21.212699
614.5	3.597921	8.141922	11.739842	21.056227
614.6	5.930360	5.806992	11.737352	20.904137
614.7	8.420845	3.318764	11.739609	20.793431
614.8	7.328729	4.414793	11.743523	20.756813
614.9	3.991956	7.751461	11.743417	20.812064
615	3.173066	8.566053	11.739119	20.955197
615.1	6.363732	5.372774	11.736506	21.160010
615.2	9.418216	2.321203	11.739419	21.384638
615.3	8.106773	3.637320	11.744093	21.583315
615.4	4.070798	7.673314	11.744112	21.719698
615.5	2.777184	8.962133	11.739317	21.777411
615.6	6.027842	5.708413	11.736255	21.764285
615.7	9.344120	2.395110	11.739230	21.708792
615.8	8.070996	3.673192	11.744188	21.649849
615.9	3.936457	7.807666	11.744124	21.623395
616	2.858706	8.880145	11.738851	21.650345
616.1	6.731174	5.004415	11.735589	21.730055
616.2	10.477542	1.261626	11.739168	21.841543
616.3	8.765063	2.980046	11.745108	21.952011
616.4	3.462318	8.283033	11.745351	22.029625
616.5	1.504239	10.234975	11.739214	22.055973
616.6	5.677521	6.057141	11.734663	22.033681
616.7	10.682455	1.055341	11.737796	21.986340
616.8	10.014113	1.730452	11.744565	21.950605
616.9	4.616963	7.129075	11.746037	21.963124
617	1.660401	10.079930	11.740330	22.046859
617.1	4.961004	6.774165	11.735169	22.201671
617.2	9.885899	1.851612	11.737511	22.402646
617.3	9.630449	2.113711	11.744160	22.607012
617.4	4.440372	7.305686	11.746058	22.767473
617.5	1.324452	10.416076	11.740528	22.847588
617.6	4.602955	7.131983	11.734938	22.833975
617.7	10.023820	1.713000	11.736820	22.741211
617.8	10.401983	1.341748	11.743731	22.607690
617.9	5.216730	6.529788	11.746518	22.483759
618	1.281513	10.460060	11.741573	22.416044
618.1	3.634264	8.101312	11.735577	22.433089
618.2	8.910859	2.825595	11.736454	22.536954
618.3	10.011994	1.730804	11.742798	22.703320
618.4	5.640237	6.105725	11.745963	22.889805
618.5	1.866999	9.874790	11.741789	23.049457
618.6	3.796035	7.940048	11.736083	23.144835
618.7	8.711878	3.024720	11.736598	23.158078
618.8	9.891730	1.850825	11.742554	23.093969
618.9	5.750455	5.995379	11.745834	22.975513
619	1.915053	9.826975	11.742028	22.834154
619.1	3.566590	8.169705	11.736296	22.698429
619.2	8.514175	3.222100	11.736275	22.585181
619.3	10.257735	1.484111	11.741846	22.496214
619.4	6.698174	5.047347	11.745520	22.421148
619.5	2.727408	9.015217	11.742625	22.344858
619.6	3.475362	8.261991	11.737353	22.256252
619.7	7.569056	4.167708	11.736764	22.154782
619.8	9.363856	2.377405	11.741261	22.052055
619.9	6.723109	5.021326	11.744436	21.967908
620	3.645028	8.097044	11.742072	21.922452
620.1	4.470887	7.266842	11.737728	21.927193
620.2	7.932951	3.804557	11.737508	21.978733
620.3	9.142608	2.598988	11.741596	22.057630
620.4	6.453860	5.290389	11.744249	22.133118
620.5	3.604732	8.137175	11.741907	22.172239
620.6	4.393714	7.344264	11.737978	22.150299
620.7	7.504682	4.233175	11.737856	22.059011
620.8	8.588535	3.152881	11.741417	21.909488
620.9	6.410250	5.333221	11.743471	21.729004
621	4.353273	7.387988	11.741261	21.552600
621.1	5.366433	6.371822	11.738255	21.412363
621.2	7.722708	4.016276	11.738984	21.327969
621.3	7.639115	4.103316	11.742430	21.301568
621.4	4.916918	6.826539	11.743457	21.318540
621.5	3.414727	8.325539	11.740266	21.353618
621.6	5.547378	6.189812	11.737189	21.380077
621.7	8.630695	3.107981	11.738676	21.378734
621.8	8.440021	3.302861	11.742882	21.343731
621.9	5.138035	6.606017	11.744051	21.283298
622	3.184956	8.555588	11.740543	21.215543
622.1	5.175950	6.561297	11.737247	21.161019
622.2	8.181302	3.557501	11.738803	21.134877
622.3	7.835513	3.907501	11.743014	21.141426
622.4	4.556282	7.187532	11.743814	21.172970
622.5	3.092420	8.647418	11.739838	21.213188
622.6	5.827269	5.909318	11.736587	21.243732
622.7	9.178254	2.560595	11.738849	21.251610
622.8	8.382703	3.361094	11.743797	21.234704
622.9	4.245434	7.499155	11.744589	21.203483
623	2.351974	9.387872	11.739846	21.178300
623.1	5.483821	6.252054	11.735875	21.183155
623.2	9.587860	2.150347	11.738206	21.237958
623.3	9.107344	2.636508	11.743852	21.351778
623.4	4.622102	7.123025	11.745127	21.519150
623.5	2.253504	9.486643	11.740147	21.720558
623.6	5.364380	6.371255	11.735635	21.926860
623.7	9.803156	1.934739	11.737895	22.106346
623.8	9.405729	2.338322	11.744051	22.232374
623.9	4.486498	7.259201	11.745699	22.289592
624	1.678896	10.061420	11.740317	22.277206
624.1	5.043236	6.691728	11.734964	22.208721
624.2	10.372367	1.364588	11.736955	22.108465
624.3	10.596868	1.147030	11.743898	22.005977
624.4	5.244590	6.502079	11.746669	21.929688
624.5	1.226528	10.515029	11.741557	21.901294
624.6	3.728670	8.006631	11.735300	21.931921
624.7	9.332178	2.403963	11.736141	22.020661
624.8	10.598598	1.144232	11.742829	22.155561
624.9	5.990800	5.755558	11.746358	22.316691
625	1.829114	9.912960	11.742075	22.480582
625.1	3.707495	8.028389	11.735884	22.625115
625.2	8.969222	2.766986	11.736209	22.733892
625.3	10.356093	1.386524	11.742617	22.799194
625.4	5.848473	5.897968	11.746442	22.822896
625.5	1.407342	10.335143	11.742485	22.815141
625.6	2.964633	8.771360	11.735993	22.791061
625.7	8.487990	3.247576	11.735566	22.766395
625.8	10.747388	0.994271	11.741659	22.753152
625.9	6.950725	4.795399	11.746124	22.756561
626	2.290488	9.452731	11.743219	22.774194
626.1	2.821955	8.915182	11.737138	22.797542
626.2	7.438241	4.297855	11.736096	22.815537
626.3	9.664215	2.077012	11.741227	22.818835
626.4	6.561658	5.183652	11.745310	22.803368
626.5	2.580532	9.162226	11.742759	22.771854
626.6	3.320144	8.416992	11.737136	22.732634
626.7	7.882320	3.853809	11.736129	22.696142
626.8	10.172287	1.568792	11.741079	22.670232
626.9	7.182926	4.562389	11.745315	22.656124
627	2.948735	8.794545	11.743280	22.646610
627.1	2.992061	8.745838	11.737899	22.627464
627.2	6.996559	4.739793	11.736351	22.581889
627.3	9.539421	2.200940	11.740361	22.496639
627.4	7.535314	4.208914	11.744229	22.367733
627.5	4.124231	7.618644	11.742875	22.203649
627.6	4.009802	7.728793	11.738595	22.024586
627.7	7.019625	4.717838	11.737463	21.857712
627.8	8.705746	3.035071	11.740817	21.729715
627.9	6.763599	4.980089	11.743687	21.658990
628	4.135398	7.606618	11.742016	21.650061
628.1	4.647946	7.090359	11.738305	21.692148
628.2	7.563199	4.174686	11.737885	21.762445
628.3	8.721590	3.019730	11.741320	21.833046
628.4	6.496993	5.246715	11.743707	21.879205
628.5	4.052782	7.688933	11.741715	21.886133
628.6	4.770746	6.967541	11.738288	21.852079
628.7	7.439644	4.298720	11.738364	21.786768
628.8	8.065663	3.676116	11.741779	21.706004
628.9	5.684283	6.059210	11.743493	21.624611
629	3.812529	7.928340	11.740869	21.550522
629.1	5.375196	6.362406	11.737602	21.482352
629.2	8.322229	3.416325	11.738554	21.411413
629.3	8.343123	3.399571	11.742694	21.327380
629.4	5.036355	6.707914	11.744269	21.225267
629.5	2.769768	8.971065	11.740833	21.110734
629.6	4.738891	6.998029	11.736920	21.001221
629.7	8.396428	3.341506	11.737934	20.921930
629.8	8.797888	2.944683	11.742571	20.897640
629.9	5.429714	6.314730	11.744444	20.943142
630	3.011802	8.729115	11.740917	21.055829
630.1	4.961564	6.775355	11.736919	21.213567
630.2	8.519308	3.218881	11.738190	21.379224
630.3	8.483645	3.259503	11.743148	21.510953
630.4	4.581247	7.163568	11.744815	21.575136
630.5	2.166413	9.574069	11.740482	21.557737
630.6	4.943056	6.792745	11.735802	21.470043
630.7	9.593233	2.144068	11.737301	21.346513
630.8	9.960219	1.783082	11.743302	21.235016
630.9	5.403397	6.342455	11.745852	21.182360
631	1.909437	9.831985	11.741422	21.219729
631.1	4.147585	7.588300	11.735885	21.352799
631.2	9.095629	2.641104	11.736733	21.559865
631.3	10.023179	1.719695	11.742874	21.798669
631.4	5.630560	6.115382	11.745942	22.019714
631.5	1.939740	9.801874	11.741614	22.181656
631.6	4.179949	7.555692	11.735641	22.263670
631.7	9.555638	2.180581	11.736220	22.270727
631.8	10.821566	0.921270	11.742836	22.230164
631.9	6.042091	5.704639	11.746731	22.180900
632	1.385583	10.356998	11.742581	22.159191
632.1	3.018727	8.717024	11.735751	22.185934
632.2	8.861075	2.874171	11.735247	22.259929
632.3	11.280452	0.461267	11.741719	22.359381
632.4	7.186422	4.560186	11.746608	22.450965
632.5	2.052581	9.690982	11.743564	22.503126
632.6	2.548106	9.188727	11.736833	22.498786
632.7	7.711391	4.024034	11.735425	22.442846
632.8	10.440008	1.301015	11.741023	22.361731
632.9	7.126022	4.619881	11.745903	22.295030
633	2.402264	9.341220	11.743484	22.282068
633.1	2.731570	9.005577	11.737147	22.348047
633.2	7.648033	4.087490	11.735523	22.494559
633.3	10.467441	1.273346	11.740787	22.697763
633.4	7.360886	4.384937	11.745823	22.914898
633.5	2.463301	9.280614	11.743916	23.096970
633.6	2.230753	9.506968	11.737721	23.203378
633.7	6.813855	4.921660	11.735515	23.213684
633.8	10.043972	1.696052	11.740024	23.132781
633.9	7.816411	3.928576	11.744987	22.988033
634	3.428047	8.315778	11.743825	22.819657
634.1	2.850579	8.887848	11.738426	22.667824
634.2	6.629605	5.106662	11.736267	22.560874
634.3	9.397605	2.342532	11.740137	22.508382
634.4	7.372162	4.372388	11.744550	22.500992
634.5	3.442475	8.300971	11.743446	22.516441
634.6	3.057499	8.680916	11.738415	22.529158
634.7	6.781500	4.954802	11.736301	22.519722
634.8	9.679365	2.060448	11.739813	22.480827
634.9	8.104158	3.639908	11.744066	22.417894
635	4.451107	7.292382	11.743489	22.344605
635.1	3.591919	8.147379	11.739299	22.275503
635.2	6.233892	5.503521	11.737413	22.218830
635.3	8.348520	3.391598	11.740118	22.172530
635.4	7.075507	4.667684	11.743192	22.125020
635.5	4.610560	7.131622	11.742182	22.060397
635.6	4.780403	6.958304	11.738708	21.966004
635.7	7.434049	4.303904	11.737953	21.839315
635.8	8.687164	3.053970	11.741134	21.691326
635.9	6.572691	5.171045	11.743736	21.544873
636	3.949152	7.792838	11.741989	21.428216
636.1	4.476425	7.261879	11.738304	21.365969
636.2	7.384586	4.353310	11.737896	21.370483
636.3	8.525722	3.215624	11.741346	21.436744
636.4	6.276279	5.467436	11.743715	21.542634
636.5	3.891821	7.849741	11.741562	21.654634
636.6	4.869058	6.868888	11.737946	21.737187
636.7	7.845231	3.892943	11.738174	21.762734
636.8	8.396881	3.345276	11.742157	21.719245
636.9	5.387872	6.356400	11.744272	21.612963
637	2.870774	8.870452	11.741226	21.465681
637.1	4.566857	7.170108	11.736964	21.307660
637.2	8.470027	3.267434	11.737462	21.168643
637.3	9.303925	2.438413	11.742338	21.069866
637.4	5.753233	5.991825	11.745057	21.019468
637.5	2.490192	9.251612	11.741803	21.012429
637.6	3.925402	7.811500	11.736901	21.034611
637.7	8.105398	3.631667	11.737065	21.069156
637.8	9.274030	2.468096	11.742127	21.102911
637.9	5.792957	5.952131	11.745088	21.130690
638	2.531429	9.210275	11.741704	21.156146
638.1	4.218079	7.518444	11.736523	21.189241
638.2	8.757725	2.979102	11.736827	21.241462
638.3	9.867399	1.875127	11.742526	21.320603
638.4	5.708491	6.037451	11.745942	21.426954
638.5	1.713252	10.028910	11.742161	21.552152
638.6	3.433051	8.302920	11.735971	21.680990
638.7	8.903270	2.832401	11.735671	21.795539
638.8	11.015643	0.726214	11.741856	21.880238
638.9	6.975289	4.771097	11.746387	21.926404
639	2.147016	9.596204	11.743219	21.934898
639.1	2.945207	8.791397	11.736604	21.916235
639.2	8.215203	3.520256	11.735459	21.888220
639.3	10.754568	0.986790	11.741357	21.871744
639.4	7.031104	4.715222	11.746326	21.885830
639.5	2.025268	9.718282	11.743549	21.943068
639.6	2.591000	9.145615	11.736615	22.046436
639.7	8.197674	3.537120	11.734793	22.188186
639.8	11.521376	0.219244	11.740620	22.351024
639.9	8.156242	3.590226	11.746467	22.511407
640	2.461781	9.282920	11.744701	22.644360
640.1	1.752184	9.985613	11.737797	22.728899
640.2	6.652927	5.081976	11.734903	22.752932
640.3	10.479429	1.260178	11.739607	22.716513
640.4	8.282340	3.463012	11.745352	22.632550
640.5	3.315114	8.429341	11.744455	22.524567
640.6	2.384654	9.353736	11.738390	22.421785
640.7	6.599895	5.135641	11.735536	22.352539
640.8	10.038696	1.701023	11.739720	22.337581
640.9	7.928249	3.816902	11.745150	22.385022
641	3.104831	8.639596	11.744427	22.488334
641.1	2.079974	9.658581	11.738555	22.628103
641.2	6.219305	5.516137	11.735442	22.777138
641.3	9.997414	1.741743	11.739157	22.907538
641.4	8.508045	3.236551	11.744595	22.997699
641.5	3.935943	7.808618	11.744561	23.037175
641.6	2.382516	9.356887	11.739403	23.027998
641.7	5.626924	6.109295	11.736219	22.982157
641.8	9.018867	2.720211	11.739077	22.916206
641.9	8.047828	3.695908	11.743736	22.844960
642	4.380497	7.363274	11.743771	22.776483
642.1	3.264127	8.475242	11.739370	22.710152
642.2	6.200652	5.536119	11.736771	22.638423
642.3	9.044996	2.694508	11.739504	22.551559
642.4	7.897067	3.846595	11.743662	22.443461
642.5	4.438896	7.304625	11.743521	22.316228
642.6	3.441180	8.298253	11.739433	22.181530
642.7	6.149269	5.587829	11.737098	22.057984
642.8	8.763225	2.976316	11.739541	21.965255
642.9	7.876209	3.866906	11.743115	21.916906
643	5.084211	6.658659	11.742870	21.914637
643.1	4.438463	7.301028	11.739491	21.946216
643.2	6.610392	5.127665	11.738057	21.988163
643.3	8.111735	3.628886	11.740621	22.012580
643.4	6.531209	5.212085	11.743294	21.995955
643.5	4.146037	7.595906	11.741944	21.926958
643.6	4.652933	7.085373	11.738306	21.810460
643.7	7.685922	4.051723	11.737645	21.666244
643.8	9.079918	2.661273	11.741191	21.522727
643.9	6.711588	5.032557	11.744145	21.407770
644	3.672421	8.069900	11.742321	21.339755
644.1	4.089693	7.648474	11.738167	21.322029
644.2	7.306335	4.431175	11.737510	21.342676
644.3	8.683539	3.057818	11.741357	21.379623
644.4	6.117640	5.626642	11.744283	21.409202
644.5	3.171355	8.570595	11.741950	21.414935
644.6	4.203983	7.533408	11.737391	21.393282
644.7	8.107518	3.629531	11.737049	21.354143
644.8	9.526005	2.215761	11.741766	21.315917
644.9	6.204149	5.541112	11.745261	21.296986
645	2.371252	9.371340	11.742592	21.306957
645.1	3.201482	8.535650	11.737133	21.341193
645.2	7.702168	4.034068	11.736236	21.381069
645.3	9.869612	1.871591	11.741204	21.400264
645.4	6.796392	4.948929	11.745321	21.375101
645.5	2.720181	9.022741	11.742922	21.295223
645.6	3.304685	8.432559	11.737244	21.170528
645.7	7.816906	3.919249	11.736155	21.031350
645.8	9.987224	1.754118	11.741342	20.921175
645.9	6.602115	5.143650	11.745765	20.883825
646	2.133918	9.609227	11.743145	20.949163
646.1	2.848940	8.887782	11.736722	21.122141
646.2	8.183868	3.551288	11.735156	21.379132
646.3	11.195127	0.545703	11.740830	21.673176
646.4	7.772439	3.973933	11.746372	21.946810
646.5	2.297359	9.447019	11.744378	22.148565
646.6	1.964552	9.772844	11.737396	22.247881
646.7	7.214350	4.520301	11.734652	22.243624
646.8	11.108161	0.631591	11.739752	22.163446
646.9	8.564906	3.180946	11.745852	22.054254
647	3.109544	8.635285	11.744829	21.966979
647.1	2.087305	9.650855	11.738161	21.940671
647.2	6.792367	4.942516	11.734883	21.991127
647.3	10.780053	0.959356	11.739409	22.107617
647.4	8.588550	3.157068	11.745618	22.258473
647.5	3.097778	8.647357	11.745135	22.403327
647.6	1.650155	10.088420	11.738576	22.507574
647.7	6.208806	5.525866	11.734672	22.554009
647.8	10.773635	0.964916	11.738551	22.547743
647.9	9.417282	2.327703	11.744985	22.512943
648	4.075069	7.670468	11.745537	22.482837
648.1	1.753151	9.986636	11.739787	22.486773
648.2	5.143049	6.592552	11.735601	22.539035
648.3	9.301435	2.436947	11.738382	22.633424
648.4	8.593022	3.150969	11.743991	22.745435
648.5	4.257700	7.486977	11.744678	22.841167
648.6	2.444658	9.294996	11.739653	22.889699
648.7	5.686476	6.049457	11.735934	22.874493
648.8	9.525963	2.212651	11.738614	22.799775
648.9	8.709983	3.034025	11.744008	22.689687
649	4.320182	7.424653	11.744835	22.580524
649.1	2.188136	9.551975	11.740111	22.508795
649.2	4.980012	6.756258	11.736269	22.499225
649.3	8.789962	2.948319	11.738281	22.556729
649.4	8.640695	3.102400	11.743094	22.664959
649.5	5.138532	6.605595	11.744128	22.791692
649.6	3.295445	8.444850	11.740295	22.899010
649.7	5.494855	6.242305	11.737160	22.954731
649.8	8.418794	3.320211	11.739005	22.941264
649.9	7.925636	3.817385	11.743020	22.859210
650	4.830420	6.913074	11.743495	22.724942
650.1	3.588382	8.151460	11.739842	22.563529
650.2	5.969240	5.768006	11.737246	22.399873
650.3	8.668200	3.071071	11.739271	22.251295
650.4	8.047600	3.695358	11.742958	22.124057
650.5	5.184258	6.558906	11.743164	22.014611
650.6	4.168175	7.571649	11.739825	21.914592
650.7	6.243190	5.494676	11.737866	21.817167
650.8	8.170758	3.569297	11.740055	21.722002
650.9	7.049191	4.693864	11.743055	21.636744
651	4.579774	7.162550	11.742324	21.574412
651.1	4.591821	7.146970	11.738791	21.547730
651.2	7.349443	4.388225	11.737668	21.562669
651.3	8.912189	2.828734	11.740923	21.613863
651.4	6.706970	5.037192	11.744162	21.683881
651.5	3.464019	8.278620	11.742640	21.746959
651.6	3.682940	8.055184	11.738124	21.776166
651.7	7.302914	4.433862	11.736776	21.751676
651.8	9.500991	2.239641	11.740633	21.667372
651.9	7.220338	4.524203	11.744541	21.533511
652	3.500022	8.243082	11.743104	21.374462
652.1	3.417516	8.320723	11.738240	21.222163
652.2	7.043270	4.693449	11.736719	21.107319
652.3	9.208328	2.532470	11.740798	21.051032
652.4	6.650014	5.094853	11.744867	21.059399
652.5	2.743369	8.999685	11.743055	21.122544
652.6	3.053189	8.684326	11.737515	21.218172
652.7	7.570825	4.164974	11.735799	21.318342
652.8	10.383183	1.357367	11.740550	21.397271
652.9	7.567120	4.178478	11.745598	21.437867
653	2.681846	9.062269	11.744115	21.435252
653.1	2.175838	9.562124	11.737962	21.396609
653.2	6.701472	5.033905	11.735376	21.337821
653.3	10.139435	1.600423	11.739859	21.278254
653.4	7.846795	3.898514	11.745309	21.235385
653.5	3.022184	8.722034	11.744219	21.220796
653.6	2.428331	9.309621	11.737952	21.238423
653.7	7.127820	4.607248	11.735068	21.285179
653.8	10.843652	0.896070	11.739722	21.353374
653.9	8.372507	3.373329	11.745836	21.433947
654	2.770449	8.974674	11.745123	21.519468
654.1	1.469186	10.269118	11.738304	21.606094
654.2	6.358910	5.375425	11.734335	21.694086
654.3	11.145535	0.592962	11.738497	21.786884
654.4	9.639491	2.105819	11.745310	21.889142
654.5	3.945505	7.800308	11.745813	22.004267
654.6	1.605618	10.133878	11.739496	22.132157
654.7	5.547616	6.187268	11.734884	22.267731
654.8	10.299427	1.438635	11.738063	22.400744
654.9	9.445774	2.298833	11.744607	22.517118
655	4.217140	7.528528	11.745668	22.601708
655.1	1.713061	10.026822	11.739884	22.642040
655.2	5.295762	6.439329	11.735090	22.632178
655.3	10.134014	1.603677	11.737691	22.575678
655.4	9.772290	1.971840	11.744129	22.486592
655.5	4.746751	6.999076	11.745827	22.387819
655.6	1.713460	10.027240	11.740700	22.306791
655.7	4.482336	7.253397	11.735733	22.269235
655.8	9.110609	2.626801	11.737410	22.292502
655.9	9.441600	2.301551	11.743151	22.380339
656	5.337442	6.407694	11.745136	22.520774
656.1	2.532470	9.208497	11.740967	22.688099
656.2	4.657648	7.078973	11.736621	22.848764
656.3	8.467433	3.270583	11.738016	22.969781
656.4	8.568414	3.174583	11.742997	23.027348
656.5	4.882678	6.861879	11.744557	23.013166
656.6	2.609340	9.131219	11.740559	22.936499
656.7	4.969732	6.766801	11.736533	22.821229
656.8	8.826568	2.911385	11.737954	22.698743
656.9	9.058453	2.684361	11.742814	22.598789
657	5.495744	6.248827	11.744571	22.541127
657.1	2.948685	8.792428	11.741113	22.530574
657.2	4.560863	7.176509	11.737372	22.556897
657.3	7.758374	3.979922	11.738296	22.599429
657.4	8.138942	3.603219	11.742161	22.634682
657.5	5.584453	6.158903	11.743356	22.644235
657.6	4.101557	7.638812	11.740369	22.620187
657.7	5.925152	5.812560	11.737713	22.566337
657.8	8.375305	3.364001	11.739306	22.494896
657.9	7.817691	3.925185	11.742877	22.420151
658	4.943819	6.799453	11.743272	22.351670
658.1	3.812816	7.927051	11.739867	22.289780
658.2	6.051185	5.686290	11.737475	22.225207
658.3	8.510917	3.228568	11.739485	22.143142
658.4	7.753333	3.989665	11.742998	22.030273
658.5	4.974233	6.768715	11.742947	21.882066
658.6	4.293947	7.445450	11.739397	21.707320
658.7	6.776718	4.960839	11.737558	21.527941
658.8	8.752476	2.987852	11.740328	21.373543
658.9	7.029150	4.714770	11.743920	21.272476
659	3.691904	8.051120	11.743025	21.242298
659.1	3.469814	8.268657	11.738471	21.283097
659.2	7.054418	4.682051	11.736469	21.376247
659.3	9.762727	1.977339	11.740066	21.489309
659.4	7.785375	3.959244	11.744619	21.585654
659.5	3.578451	8.165449	11.743900	21.635641
659.6	2.751520	8.987207	11.738727	21.625524
659.7	6.426063	5.310043	11.736106	21.561023
659.8	9.552047	2.187658	11.739705	21.464282
659.9	7.741374	4.003282	11.744656	21.365315
660	3.389028	8.355039	11.744067	21.291007
660.1	2.538406	9.200152	11.738558	21.255648
660.2	6.555547	5.180111	11.735658	21.256449
660.3	10.031082	1.708476	11.739558	21.275688
660.4	8.045048	3.700102	11.745149	21.288712
660.5	3.036561	8.708193	11.744754	21.274790
660.6	1.749025	9.989607	11.738633	21.226716
660.7	6.129997	5.604907	11.734904	21.155377
660.8	10.506833	1.231842	11.738675	21.087291
660.9	9.080776	2.664237	11.745013	21.055689
661	3.757394	7.988053	11.745447	21.088140
661.1	1.663266	10.076131	11.739397	21.195169
661.2	5.563555	6.171487	11.735042	21.364163
661.3	10.105372	1.632921	11.738294	21.561165
661.4	9.055740	2.689001	11.744741	21.740407
661.5	3.809288	7.936255	11.745543	21.858718
661.6	1.599948	10.139480	11.739427	21.890039
661.7	5.715141	6.019417	11.734558	21.835067
661.8	10.902465	0.835146	11.737611	21.722541
661.9	10.269689	1.475040	11.744729	21.601411
662	4.503079	7.243484	11.746563	21.526202
662.1	1.038681	10.702032	11.740712	21.540211
662.2	4.262413	7.472474	11.734887	21.661958
662.3	9.808553	1.928067	11.736620	21.879298
662.4	10.473210	1.270143	11.743354	22.153047
662.5	5.717588	6.028491	11.746079	22.428890
662.6	2.106074	9.635354	11.741429	22.653621
662.7	4.345274	7.390670	11.735944	22.790440
662.8	9.103921	2.633109	11.737030	22.828476
662.9	9.763688	1.979338	11.743026	22.783765
663	5.426513	6.319186	11.745698	22.691811
663.1	1.989059	9.752419	11.741478	22.594643
663.2	4.058397	7.677739	11.736136	22.526972
663.3	8.801434	2.935372	11.736806	22.506106
663.4	9.918241	1.824169	11.742411	22.528752
663.5	6.115372	5.630005	11.745378	22.575297
663.6	2.602399	9.139575	11.741973	22.619518
663.7	3.876241	7.860859	11.737101	22.639896
663.8	7.801061	3.936269	11.737330	22.628307
663.9	8.857827	2.884176	11.742003	22.593028
664	5.776117	5.968363	11.744480	22.555154
664.1	3.041986	8.699449	11.741436	22.539979
664.2	4.497632	7.239628	11.737260	22.566647
664.3	8.070788	3.666978	11.737766	22.639947
664.4	8.800585	2.941576	11.742161	22.747274
664.5	5.737107	6.007226	11.744334	22.861828
664.6	3.133755	8.607636	11.741391	22.950907
664.7	4.482177	7.255326	11.737503	22.986354
664.8	7.799797	3.938148	11.737946	22.953517
664.9	8.576269	3.165581	11.741850	22.855705
665	6.036402	5.707281	11.743683	22.712742
665.1	3.968528	7.772568	11.741097	22.554327
665.2	5.206034	6.531999	11.738033	22.410605
665.3	7.709204	4.029705	11.738909	22.303239
665.4	7.700614	4.041692	11.742306	22.239883
665.5	5.210303	6.532821	11.743125	22.213634
665.6	4.037380	7.702639	11.740019	22.207245
665.7	6.190681	5.546750	11.737431	22.200217
665.8	8.821108	2.918145	11.739253	22.176076
665.9	8.162761	3.580362	11.743124	22.127258
666	4.966316	6.777294	11.743610	22.056111
666.1	3.612833	8.127091	11.739924	21.972062
666.2	5.972331	5.764887	11.737218	21.886405
666.3	8.660405	3.078977	11.739382	21.806990
666.4	7.750696	3.992714	11.743410	21.734952
666.5	4.441257	7.302204	11.743461	21.664762
666.6	3.555461	8.183723	11.739183	21.587479
666.7	6.703071	5.033467	11.736539	21.495848
666.8	9.673925	2.065665	11.739590	21.389134
666.9	8.058566	3.685956	11.744522	21.275690
667	3.560461	8.184066	11.744527	21.172049
667.1	2.074531	9.664683	11.739214	21.098657
667.2	5.761095	5.974434	11.735529	21.073544
667.3	9.878540	1.859960	11.738500	21.106044
667.4	8.983742	2.760518	11.744259	21.192678
667.5	4.296706	7.448377	11.745083	21.316660
667.6	2.141898	9.597964	11.739862	21.451288
667.7	5.384791	6.350946	11.735737	21.566303
667.8	9.472155	2.266268	11.738424	21.635356
667.9	8.614496	3.129812	11.744307	21.642492
668	3.803821	7.941406	11.745227	21.585877
668.1	1.642455	10.097201	11.739655	21.477918
668.2	5.364680	6.370337	11.735017	21.341923
668.3	10.222259	1.515480	11.737739	21.206396
668.4	9.706363	2.038033	11.744396	21.098560
668.5	4.366957	7.379158	11.746116	21.038738
668.6	1.248385	10.492121	11.740506	21.036786
668.7	4.513487	7.221516	11.735003	21.091177
668.8	9.820485	1.916474	11.736960	21.190582
668.9	10.103496	1.640244	11.743740	21.317324
669	5.054094	6.692130	11.746224	21.451732
669.1	1.537098	10.203974	11.741073	21.576405
669.2	4.344740	7.390498	11.735237	21.679540
669.3	9.729589	2.007018	11.736607	21.756736
669.4	10.437371	1.306006	11.743377	21.811020
669.5	5.472343	6.274124	11.746467	21.851183
669.6	1.459745	10.281963	11.741708	21.888833
669.7	3.789151	7.946267	11.735418	21.934865
669.8	9.436526	2.299393	11.735919	21.996225
669.9	11.031609	0.710861	11.742470	22.073832
670	6.623679	5.122723	11.746402	22.162317
670.1	2.093663	9.649078	11.742741	22.251769
670.2	3.193386	8.543244	11.736630	22.331090
670.3	8.040817	3.695356	11.736172	22.391997
670.4	9.983710	1.757893	11.741603	22.432370
670.5	6.642641	5.102690	11.745331	22.457693
670.6	2.858727	8.883690	11.742417	22.479840
670.7	3.850639	7.886451	11.737090	22.513277
670.8	8.133331	3.603380	11.736711	22.569718
670.9	9.738300	2.003416	11.741716	22.652924
671	6.430752	5.314483	11.745234	22.755564
671.1	2.642578	9.099997	11.742575	22.859545
671.2	3.335288	8.402177	11.737466	22.940198
671.3	7.364323	4.372417	11.736740	22.973398
671.4	9.283362	2.457702	11.741064	22.943555
671.5	6.810104	4.934250	11.744353	22.849900
671.6	3.652440	8.089880	11.742320	22.708781
671.7	4.112793	7.625364	11.738158	22.550825
671.8	7.201044	4.536728	11.737772	22.413418
671.9	8.315774	3.425742	11.741516	22.330560
672	5.845609	5.898314	11.743923	22.323111
672.1	3.362782	8.378748	11.741530	22.392512
672.2	4.491917	7.245775	11.737692	22.520057
672.3	7.796684	3.941088	11.737772	22.672052
672.4	8.823157	2.918465	11.741623	22.809330
672.5	6.309957	5.433945	11.743902	22.898129
672.6	3.831641	7.909965	11.741606	22.918929
672.7	4.697750	7.040412	11.738162	22.870519
672.8	7.397175	4.341250	11.738425	22.768190
672.9	7.953154	3.788643	11.741797	22.636970
673	5.694121	6.049101	11.743222	22.502428
673.1	4.155946	7.584606	11.740552	22.382374
673.2	5.852819	5.884886	11.737705	22.282302
673.3	8.474937	3.264091	11.739028	22.195997
673.4	8.101842	3.641042	11.742884	22.110757
673.5	4.959694	6.784053	11.743748	22.014964
673.6	3.401022	8.339066	11.740087	21.904860
673.7	5.838945	5.897904	11.736849	21.787722
673.8	9.111296	2.627408	11.738704	21.680037
673.9	8.654639	3.088692	11.743331	21.601231
674	4.919609	6.824738	11.744347	21.565334
674.1	2.987393	8.752779	11.740172	21.573881
674.2	5.600892	6.135603	11.736494	21.613044
674.3	9.178791	2.559767	11.738558	21.656512
674.4	8.590064	3.153666	11.743729	21.673521
674.5	4.353424	7.391398	11.744822	21.639414
674.6	2.226265	9.513735	11.740000	21.545013
674.7	5.395251	6.340382	11.735633	21.401278
674.8	9.855312	1.882514	11.737826	21.237265
674.9	9.568131	2.175802	11.743933	21.091726
675	4.666929	7.078907	11.745836	21.000966
675.1	1.507497	10.233374	11.740871	20.987031
675.2	4.228974	7.506626	11.735600	21.050318
675.3	9.135920	2.601155	11.737075	21.169253
675.4	9.624449	2.118818	11.743267	21.307288
675.5	5.116068	6.629663	11.745731	21.424880
675.6	1.870335	9.870729	11.741064	21.492357
675.7	4.455273	7.280360	11.735634	21.499219
675.8	9.417055	2.319935	11.736989	21.456626
675.9	9.866636	1.876863	11.743498	21.392257
676	4.901920	6.844444	11.746364	21.339407
676.1	1.056332	10.685159	11.741491	21.324280
676.2	3.621166	8.114017	11.735183	21.356116
676.3	9.447313	2.288515	11.735828	21.423783
676.4	11.003657	0.738983	11.742639	21.500179
676.5	6.360211	5.386431	11.746642	21.552954
676.6	1.730927	10.011713	11.742639	21.557706
676.7	3.163090	8.573019	11.736110	21.508841
676.8	8.526763	3.209024	11.735788	21.423974
676.9	10.510210	1.231747	11.741957	21.339982
677	6.500680	5.245505	11.746185	21.301711
677.1	2.034019	9.708730	11.742749	21.347028
677.2	3.257126	8.479174	11.736300	21.493244
677.3	8.638705	3.096819	11.735523	21.729651
677.4	11.054837	0.686627	11.741464	22.018890
677.5	7.333261	4.412961	11.746222	22.306966
677.6	2.405188	9.338409	11.743597	22.538790
677.7	2.637792	9.099461	11.737253	22.674278
677.8	7.449023	4.286564	11.735587	22.699850
677.9	10.356363	1.384136	11.740500	22.631703
678	7.741671	4.003510	11.745181	22.509966
678.1	3.426543	8.316981	11.743524	22.385806
678.2	3.182909	8.555270	11.738179	22.305807
678.3	6.955604	4.780940	11.736544	22.298636
678.4	9.293320	2.447281	11.740601	22.368102
678.5	7.014981	4.729523	11.744505	22.494387
678.6	3.436276	8.306595	11.742871	22.642526
678.7	3.572618	8.165483	11.738102	22.774821
678.8	7.195945	4.540888	11.736834	22.862861
678.9	9.290177	2.450553	11.740730	22.895200
679	7.033391	4.710979	11.744370	22.878546
679.1	3.560832	8.182041	11.742873	22.832650
679.2	3.490256	8.248255	11.738512	22.781304
679.3	6.618778	5.118534	11.737311	22.742976
679.4	8.468293	3.272365	11.740658	22.724535
679.5	6.645895	5.097725	11.743620	22.720106
679.6	4.025320	7.716740	11.742060	22.715124
679.7	4.470038	7.268342	11.738380	22.693692
679.8	7.320482	4.417457	11.737939	22.646235
679.9	8.420289	3.321104	11.741393	22.574439
680	6.102080	5.641731	11.743811	22.491601
680.1	3.589884	8.151829	11.741713	22.418280
680.2	4.436997	7.301018	11.738015	22.374890
680.3	7.499196	4.238692	11.737887	22.373987
680.4	8.570483	3.170946	11.741429	22.415061
680.5	6.341203	5.402360	11.743562	22.483707
680.6	4.199458	7.541837	11.741296	22.555466
680.7	5.303990	6.434034	11.738024	22.602965
680.8	7.971571	3.767090	11.738661	22.603919
680.9	8.064230	3.678232	11.742462	22.547319
681	5.088858	6.655013	11.743871	22.435895
681.1	3.228286	8.512158	11.740444	22.284278
681.2	5.521584	6.215103	11.736687	22.113789
681.3	9.265714	2.472305	11.738019	21.945846
681.4	9.388212	2.354819	11.743031	21.796276
681.5	5.466755	6.278263	11.745018	21.672318
681.6	2.622297	9.118821	11.741117	21.572996
681.7	4.683753	7.052748	11.736501	21.492285
681.8	8.840780	2.896734	11.737514	21.423528
681.9	9.323546	2.419341	11.742887	21.363260
682	5.329841	6.415399	11.745240	21.312963
682.1	2.309561	9.431590	11.741150	21.278176
682.2	4.577464	7.158608	11.736072	21.265454
682.3	9.225043	2.512040	11.737084	21.278480
682.4	9.849635	1.893470	11.743105	21.314948
682.5	5.293764	6.452296	11.746059	21.365509
682.6	1.484882	10.256864	11.741746	21.415332
682.7	3.594835	8.140907	11.735742	21.447855
682.8	8.969205	2.766885	11.736090	21.449560
682.9	10.512198	1.230234	11.742432	21.414246
683	6.162658	5.583686	11.746344	21.345439
683.1	1.711265	10.031344	11.742609	21.256177
683.2	3.052847	8.683433	11.736280	21.166211
683.3	8.258734	3.477164	11.735898	21.097376
683.4	10.201556	1.540383	11.741939	21.068388
683.5	6.233394	5.512743	11.746137	21.090372
683.6	1.817023	9.925665	11.742687	21.164158
683.7	3.131621	8.604558	11.736179	21.279924
683.8	8.619816	3.115653	11.735469	21.419152
683.9	10.961010	0.780679	11.741689	21.558421
684	6.901191	4.845421	11.746611	21.674223
684.1	1.710655	10.032985	11.743641	21.747839
684.2	2.220819	9.515849	11.736668	21.769337
684.3	7.751319	3.983558	11.734877	21.739913
684.4	11.065072	0.675432	11.740504	21.672031
684.5	8.007016	3.738956	11.745972	21.587221
684.6	2.894802	8.849319	11.744121	21.511814
684.7	2.568748	9.168941	11.737689	21.471391
684.8	7.250280	4.485132	11.735413	21.485090
684.9	10.454235	1.285990	11.740224	21.561141
685	7.850712	3.894774	11.745486	21.694807
685.1	3.020606	8.723497	11.744103	21.869459
685.2	2.491196	9.246825	11.738021	22.060677
685.3	6.957584	4.777815	11.735399	22.242429
685.4	10.504170	1.235416	11.739585	22.393654
685.5	8.616786	3.128067	11.744853	22.503348
685.6	4.032625	7.711720	11.744346	22.572588
685.7	2.758274	8.980901	11.739175	22.612802
685.8	5.997651	5.738843	11.736493	22.640792
685.9	8.929436	2.810181	11.739617	22.672105
686	7.589840	4.153989	11.743829	22.715005
686.1	4.167728	7.575511	11.743239	22.767184
686.2	3.632081	8.106810	11.738891	22.816498
686.3	6.708968	5.028052	11.737020	22.845642
686.4	8.998729	2.741514	11.740243	22.839258
686.5	7.231591	4.512432	11.744023	22.790970
686.6	3.802021	7.941104	11.743125	22.707722
686.7	3.361874	8.376990	11.738864	22.609553
686.8	6.383854	5.353266	11.737120	22.524498
686.9	8.651176	3.088950	11.740126	22.480000
687	7.197669	4.545864	11.743532	22.493594
687.1	4.297789	7.444871	11.742660	22.566055
687.2	4.059591	7.679402	11.738993	22.679575
687.3	6.612590	5.125273	11.737863	22.801909
687.4	8.099089	3.641709	11.740799	22.895483
687.5	6.326937	5.416489	11.743426	22.928648
687.6	3.941404	7.800419	11.741823	22.885495
687.7	4.591014	7.147194	11.738208	22.770947
687.8	7.588123	4.149697	11.737820	22.609385
687.9	8.754110	2.987286	11.741396	22.437185
688	6.351095	5.392872	11.743967	22.291584
688.1	3.674566	8.067277	11.741843	22.199525
688.2	4.491346	7.246594	11.737940	22.170122
688.3	7.674412	4.063371	11.737783	22.193125
688.4	8.703827	3.037832	11.741660	22.243660
688.5	6.082416	5.661625	11.744042	22.291393
688.6	3.607158	8.134201	11.741358	22.310765
688.7	5.066689	6.670573	11.737262	22.288681
688.8	8.677946	3.059783	11.737728	22.227082
688.9	9.280000	2.462536	11.742536	22.139767
689	5.574324	6.170827	11.745151	22.044990
689.1	2.336032	9.405596	11.741628	21.956920
689.2	4.125927	7.610456	11.736383	21.879424
689.3	8.879475	2.857049	11.736524	21.804710
689.4	10.362436	1.379684	11.742120	21.717434
689.5	6.518266	5.227523	11.745789	21.602713
689.6	2.408067	9.334496	11.742563	21.454838
689.7	3.495579	8.241182	11.736761	21.283075
689.8	8.209537	3.526756	11.736293	21.111873
689.9	9.977720	1.764171	11.741891	20.974847
690	6.175917	5.570016	11.745932	20.904255
690.1	1.863868	9.878850	11.742718	20.919534
690.2	3.041113	8.695257	11.736370	21.019049
690.3	8.411696	3.323767	11.735464	21.178306
690.4	10.902759	0.838668	11.741427	21.355719
690.5	7.097960	4.648472	11.746432	21.504402
690.6	1.919158	9.824650	11.743808	21.586255
690.7	2.133162	9.603878	11.737041	21.583669
690.8	7.323951	4.411191	11.735142	21.504845
690.9	10.482939	1.257616	11.740554	21.380837
691	7.449350	4.296537	11.745887	21.255212
691.1	2.477536	9.266382	11.743919	21.169773
691.2	2.422287	9.315074	11.737361	21.151170
691.3	7.417631	4.317541	11.735171	21.202898
691.4	10.672253	1.068151	11.740405	21.305372
691.5	7.673023	4.073011	11.746034	21.423903
691.6	2.353845	9.390565	11.744411	21.521706
691.7	1.873248	9.864345	11.737593	21.573294
691.8	7.013833	4.720787	11.734620	21.573534
691.9	11.105332	0.634089	11.739421	21.539181
692	8.885720	2.859907	11.745626	21.502386
692.1	3.407471	8.337666	11.745137	21.498535
692.2	1.844835	9.894009	11.738844	21.552781
692.3	5.982056	5.753140	11.735196	21.670111
692.4	10.104181	1.634623	11.738804	21.832561
692.5	8.846799	2.897711	11.744510	22.004674
692.6	4.253209	7.491425	11.744633	22.145393
692.7	2.697763	9.041529	11.739292	22.222333
692.8	6.168341	5.567583	11.735924	22.223478
692.9	9.775312	1.963713	11.739025	22.162230
693	8.588037	3.156186	11.744223	22.073993
693.1	4.276393	7.468076	11.744469	22.005335
693.2	2.643929	9.095676	11.739605	21.999287
693.3	5.712247	6.024050	11.736297	22.081596
693.4	9.200699	2.538117	11.738815	22.252394
693.5	8.546355	3.197093	11.743448	22.485884
693.6	4.975414	6.768506	11.743920	22.737980
693.7	3.456107	8.283875	11.739981	22.959255
693.8	5.735590	6.001786	11.737376	23.108950
693.9	8.191980	3.547645	11.739625	23.165649
694	7.198536	4.544732	11.743268	23.131522
694.1	4.244286	7.498696	11.742982	23.029315
694.2	3.684250	8.054896	11.739146	22.893620
694.3	6.480520	5.256689	11.737210	22.759722
694.4	8.818302	2.921647	11.739949	22.653787
694.5	7.474398	4.269176	11.743574	22.587367
694.6	4.314458	7.428647	11.743105	22.557458
694.7	3.624935	8.114400	11.739335	22.551321
694.8	6.120599	5.617008	11.737607	22.553720
694.9	8.081681	3.658536	11.740217	22.553618
695	6.746344	4.996892	11.743237	22.547891
695.1	4.237081	7.505133	11.742214	22.540988
695.2	4.434178	7.304419	11.738597	22.541074
695.3	7.280392	4.457317	11.737708	22.554574
695.4	8.719589	3.021477	11.741066	22.581492
695.5	6.489664	5.254356	11.744019	22.613526
695.6	3.549881	8.192355	11.742236	22.635772
695.7	4.086385	7.651606	11.737991	22.631444
695.8	7.551637	4.185567	11.737204	22.587818
695.9	9.221236	2.519890	11.741126	22.501178
696	6.743347	5.001012	11.744359	22.378918
696.1	3.572702	8.169584	11.742285	22.237959
696.2	4.264660	7.473023	11.737683	22.100016
696.3	7.998025	3.739062	11.737086	21.985290
696.4	9.484951	2.256671	11.741622	21.906707
696.5	6.324589	5.420510	11.745099	21.866542
696.6	2.657487	9.084919	11.742406	21.856413
696.7	3.722735	8.014113	11.736848	21.860454
696.8	8.503303	3.232712	11.736015	21.860457
696.9	10.702234	1.039184	11.741418	21.841220
697	7.137587	4.608466	11.746053	21.794422
697.1	2.273819	9.469816	11.743635	21.719991
697.2	2.475108	9.262098	11.737207	21.624856
697.3	7.476336	4.258948	11.735285	21.519841
697.4	10.618605	1.121843	11.740448	21.415971
697.5	7.730349	4.015417	11.745766	21.321503
697.6	2.752915	8.991158	11.744073	21.240543
697.7	2.432587	9.305098	11.737685	21.173470
697.8	7.164594	4.570732	11.735326	21.118682
697.9	10.403881	1.336420	11.740300	21.074829
698	7.544197	4.201710	11.745907	21.042562
698.1	2.279608	9.464824	11.744432	21.025157
698.2	1.740730	9.996926	11.737655	21.027810
698.3	6.862991	4.871599	11.734590	21.055874
698.4	10.995993	0.743408	11.739400	21.112652
698.5	8.725995	3.019758	11.745752	21.197443
698.6	3.095131	8.650137	11.745268	21.304428
698.7	1.514117	10.224607	11.738724	21.422740
698.8	5.872611	5.862324	11.734934	21.537760
698.9	10.132036	1.606831	11.738866	21.633438
699	8.558199	3.186841	11.745040	21.695251
699.1	3.431098	8.313928	11.745026	21.713298
699.2	1.871523	9.867322	11.738844	21.684949
699.3	6.161944	5.572929	11.734873	21.616468
699.4	10.653105	1.085406	11.738511	21.523061
699.5	9.365429	2.379510	11.744940	21.427015
699.6	3.986818	7.758831	11.745649	21.353947
699.7	1.563504	10.176306	11.739810	21.327661
699.8	5.123276	6.611936	11.735212	21.364602
699.9	9.832073	1.905677	11.737750	21.469286
700	9.621585	2.122150	11.743735	21.632059
700.1	5.171788	6.573376	11.745164	21.830196
700.2	2.638434	9.102050	11.740484	22.032486
700.3	5.213590	6.522728	11.736318	22.206488
700.4	9.064697	2.673524	11.738221	22.326673
700.5	8.862604	2.880692	11.743296	22.381230
700.6	5.042760	6.701737	11.744497	22.375411
700.7	2.953262	8.787074	11.740336	22.330215
700.8	5.394263	6.342395	11.736658	22.276522
700.9	8.920049	2.818375	11.738424	22.246232
701	8.755273	2.987752	11.743026	22.262991
701.1	5.295711	6.448449	11.744160	22.335366
701.2	3.304157	8.436389	11.740546	22.454644
701.3	5.231319	6.506079	11.737398	22.598003
701.4	8.046951	3.692006	11.738957	22.736074
701.5	7.750893	3.991814	11.742707	22.842414
701.6	4.983960	6.759248	11.743208	22.901747
701.7	3.892517	7.847340	11.739857	22.914190
701.8	6.077923	5.659684	11.737607	22.894024
701.9	8.312605	3.427188	11.739793	22.863483
702	7.214180	4.529157	11.743337	22.843762
702.1	4.163430	7.579694	11.743124	22.846502
702.2	3.435622	8.303683	11.739305	22.868902
702.3	6.160614	5.576550	11.737163	22.894337
702.4	8.666128	3.073559	11.739687	22.898464
702.5	7.590276	4.153069	11.743344	22.858726
702.6	4.573035	7.170013	11.743049	22.763896
702.7	3.893172	7.846173	11.739345	22.620142
702.8	6.381274	5.356348	11.737623	22.451186
702.9	8.258093	3.482310	11.740403	22.292188
703	6.613693	5.129947	11.743639	22.179173
703.1	3.749703	7.992720	11.742423	22.137485
703.2	4.047879	7.690270	11.738150	22.173176
703.3	7.603827	4.133030	11.736857	22.270364
703.4	9.711899	2.028843	11.740742	22.395555
703.5	7.282836	4.461892	11.744729	22.507600
703.6	3.376473	8.366778	11.743251	22.569970
703.7	3.272701	8.465403	11.738103	22.561303
703.8	7.199169	4.537118	11.736286	22.480735
703.9	9.805706	1.934719	11.740425	22.346418
704	7.426096	4.318818	11.744915	22.187985
704.1	3.275495	8.467943	11.743438	22.035817
704.2	3.218622	8.519167	11.737789	21.911017
704.3	7.637725	4.098000	11.735725	21.819611
704.4	10.600885	1.139511	11.740396	21.752873
704.5	7.809687	3.936049	11.745736	21.693331
704.6	2.663292	9.081139	11.744431	21.623896
704.7	1.971244	9.766690	11.737933	21.536427
704.8	6.813638	4.921165	11.734802	21.436244
704.9	10.890561	0.848734	11.739295	21.340727
705	8.818680	2.926840	11.745520	21.272418
705.1	3.345871	8.399346	11.745217	21.249228
705.2	1.714313	10.024532	11.738845	21.275603
705.3	5.962744	5.772257	11.735001	21.338305
705.4	10.211502	1.527340	11.738842	21.408854
705.5	8.627895	3.117222	11.745117	21.452226
705.6	3.336817	8.408440	11.745257	21.439033
705.7	1.563091	10.175901	11.738992	21.356903
705.8	5.832148	5.902621	11.734769	21.216853
705.9	10.478891	1.259471	11.738362	21.052001
706	9.229711	2.515324	11.745036	20.908591
706.1	3.661570	8.084301	11.745871	20.831986
706.2	1.131977	10.607764	11.739740	20.852175
706.3	4.957433	6.777366	11.734800	20.973659
706.4	10.035014	1.702523	11.737538	21.173201
706.5	9.725207	2.018950	11.744157	21.406366
706.6	4.673589	7.072217	11.745805	21.620799
706.7	1.766229	9.974242	11.740471	21.771939
706.8	4.793989	6.941520	11.735509	21.836013
706.9	9.473960	2.263621	11.737581	21.816127
707	9.404479	2.339252	11.743730	21.739599
707.1	4.741255	7.004294	11.745549	21.647661
707.2	1.890527	9.850055	11.740582	21.581192
707.3	4.802134	6.933395	11.735529	21.567403
707.4	9.699637	2.037477	11.737114	21.611952
707.5	10.221600	1.521540	11.743139	21.698964
707.6	5.862858	5.882794	11.745652	21.798647
707.7	2.409237	9.332399	11.741636	21.879557
707.8	4.091937	7.644796	11.736733	21.921033
707.9	8.202009	3.535327	11.737336	21.921318
708	9.158295	2.583819	11.742115	21.898560
708.1	6.092323	5.651986	11.744309	21.884370
708.2	3.622376	8.118784	11.741159	21.912294
708.3	5.184022	6.553371	11.737392	22.005288
708.4	8.374453	3.363884	11.738337	22.166594
708.5	8.563417	3.179131	11.742547	22.377209
708.6	5.434734	6.309327	11.744062	22.600826
708.7	3.313310	8.427515	11.740824	22.794581
708.8	5.040909	6.696508	11.737417	22.922013
708.9	8.093079	3.645428	11.738507	22.963973
709	8.250844	3.491536	11.742380	22.923993
709.1	5.492767	6.250778	11.743545	22.826585
709.2	3.835817	7.904710	11.740527	22.709241
709.3	5.528099	6.209714	11.737814	22.610969
709.4	7.911942	3.827397	11.739339	22.561097
709.5	7.350007	4.392846	11.742853	22.571803
709.6	4.533961	7.209213	11.743173	22.636369
709.7	3.556094	8.183566	11.739660	22.733176
709.8	6.026886	5.710360	11.737246	22.833614
709.9	8.631323	3.108144	11.739467	22.911017
710	7.713360	4.029977	11.743338	22.947694
710.1	4.484132	7.259310	11.743442	22.938111
710.2	3.425444	8.314138	11.739583	22.887801
710.3	6.006892	5.730281	11.737173	22.809075
710.4	8.560000	3.179644	11.739643	22.715571
710.5	7.431724	4.311778	11.743503	22.617798
710.6	4.235303	7.507861	11.743164	22.521144
710.7	3.679947	8.058980	11.738926	22.426689
710.8	6.840953	4.895847	11.736800	22.333974
710.9	9.369532	2.370566	11.740098	22.244189
711	7.460660	4.283822	11.744481	22.162157
711.1	3.420817	8.322888	11.743705	22.096129
711.2	2.838926	8.899490	11.738416	22.055353
711.3	6.892641	4.843041	11.735682	22.046328
711.4	10.391804	1.347643	11.739447	22.069257
711.5	8.615458	3.129416	11.744874	22.116153
711.6	3.829495	7.915158	11.744652	22.171486
711.7	2.425433	9.313548	11.738981	22.215357
711.8	6.285726	5.449804	11.735530	22.228286
711.9	10.097890	1.641208	11.739097	22.196156
712	8.502325	3.242586	11.744912	22.113809
712.1	3.511080	8.233855	11.744935	21.986265
712.2	1.978509	9.760343	11.738853	21.827321
712.3	6.301421	5.433355	11.734776	21.656046
712.4	10.920704	0.817701	11.738405	21.492323
712.5	9.593003	2.152166	11.745169	21.352678
712.6	3.817542	7.928601	11.746143	21.247444
712.7	1.014504	10.725466	11.739970	21.179760
712.8	4.730883	7.003887	11.734770	21.146355
712.9	9.946536	1.790799	11.737335	21.139556
713	9.795058	1.949031	11.744089	21.149818
713.1	4.692951	7.053001	11.745952	21.168052
713.2	1.640692	10.099864	11.740556	21.187296
713.3	4.710800	7.024543	11.735342	21.203542
713.4	9.590076	2.147347	11.737423	21.215738
713.5	9.503788	2.240168	11.743957	21.225180
713.6	4.448280	7.297750	11.746031	21.234497
713.7	1.228538	10.512204	11.740743	21.246470
713.8	4.272047	7.463086	11.735133	21.262947
713.9	9.642344	2.094352	11.736697	21.284085
714	10.303074	1.440258	11.743332	21.308187
714.1	5.498215	6.248013	11.746228	21.332281
714.2	1.657094	10.084595	11.741689	21.353419
714.3	3.740234	7.995698	11.735932	21.370373
714.4	8.737914	2.998669	11.736583	21.385186
714.5	9.926038	1.816470	11.742509	21.403848
714.6	5.924913	5.820686	11.745599	21.435549
714.7	2.344905	9.396909	11.741814	21.490314
714.8	4.046032	7.690417	11.736449	21.575441
714.9	8.650085	3.086670	11.736754	21.691758
715	9.947256	1.794911	11.742166	21.831040
715.1	6.318657	5.426664	11.745321	21.975869
715.2	2.738001	9.004124	11.742125	22.102587
715.3	3.910525	7.826555	11.737080	22.187040
715.4	8.061497	3.675407	11.736904	22.211753
715.5	9.630692	2.110808	11.741500	22.172398
715.6	6.840709	4.903770	11.744479	22.081325
715.7	3.765982	7.976100	11.742082	21.966549
715.8	4.447984	7.290055	11.738039	21.865877
715.9	7.466162	4.271851	11.738013	21.817423
716	8.310766	3.430950	11.741716	21.849099
716.1	5.866808	5.876835	11.743643	21.970206
716.2	3.829410	7.911614	11.741024	22.167896
716.3	5.276139	6.461529	11.737668	22.409871
716.4	8.237957	3.500480	11.738437	22.652788
716.5	8.506376	3.235946	11.742323	22.853994
716.6	5.607234	6.136672	11.743906	22.983059
716.7	3.466696	8.274330	11.741026	23.029537
716.8	4.877651	6.860135	11.737787	23.004551
716.9	7.629281	4.109413	11.738694	22.935755
717	7.745991	3.996293	11.742284	22.857440
717.1	5.180826	6.562450	11.743276	22.799087
717.2	3.837656	7.902523	11.740179	22.776236
717.3	5.876970	5.860529	11.737498	22.786656
717.4	8.455589	3.283725	11.739315	22.812970
717.5	7.684833	4.058459	11.743292	22.830623
717.6	4.303519	7.440250	11.743769	22.818189
717.7	2.918363	8.821420	11.739783	22.766221
717.8	5.623148	6.113543	11.736691	22.681371
717.9	8.893714	2.845121	11.738835	22.584252
718	8.317834	3.425524	11.743357	22.501776
718.1	4.746360	6.997640	11.744000	22.456764
718.2	3.214629	8.525196	11.739825	22.458674
718.3	5.928790	5.807905	11.736694	22.498947
718.4	9.053353	2.685812	11.739165	22.552867
718.5	7.988333	3.755603	11.743936	22.587474
718.6	3.966920	7.777281	11.744202	22.572884
718.7	2.643652	9.095538	11.739190	22.493034
718.8	6.282207	5.453416	11.735623	22.352022
718.9	10.277706	1.460954	11.738660	22.173671
719	9.156442	2.588114	11.744557	21.994337
719.1	4.144093	7.601294	11.745387	21.851343
719.2	1.836976	9.902824	11.739800	21.771001
719.3	5.414435	6.320714	11.735149	21.760330
719.4	10.194977	1.542763	11.737740	21.805298
719.5	9.773982	1.970229	11.744211	21.876093
719.6	4.663194	7.082684	11.745878	21.937484
719.7	1.717285	10.023144	11.740429	21.960523
719.8	4.934168	6.801008	11.735175	21.931476
719.9	9.981345	1.755934	11.737278	21.854896
720	9.952579	1.791435	11.744014	21.749973
720.1	4.713640	7.032676	11.746315	21.641753
720.2	1.210141	10.530819	11.740961	21.550704
720.3	4.198614	7.536394	11.735008	21.484665
720.4	9.814231	1.922168	11.736399	21.436323
720.5	10.663560	1.079759	11.743319	21.387189
720.6	5.653259	6.093360	11.746619	21.316592
720.7	1.389575	10.352473	11.742048	21.212201
720.8	3.321995	8.413855	11.735850	21.077888
720.9	8.560975	3.175294	11.736268	20.935619
721	9.946394	1.796106	11.742500	20.820174
721.1	5.745237	6.000712	11.745949	20.768173
721.2	1.870040	9.871901	11.741941	20.805072
721.3	3.741272	7.994720	11.735991	20.934749
721.4	8.904231	2.832015	11.736246	21.135599
721.5	10.366520	1.375918	11.742437	21.364932
721.6	6.059408	5.686874	11.746282	21.570635
721.7	1.625841	10.116817	11.742658	21.706494
721.8	2.859425	8.876983	11.736408	21.746234
721.9	8.047294	3.688440	11.735734	21.691623
722	10.416336	1.324932	11.741268	21.571910
722.1	7.179752	4.565745	11.745497	21.434711
722.2	2.986594	8.756411	11.743004	21.331296
722.3	3.410680	8.326851	11.737531	21.301040
722.4	7.533297	4.203265	11.736562	21.360044
722.5	9.535460	2.205690	11.741149	21.497451
722.6	6.772019	4.972782	11.744801	21.680385
722.7	3.210362	8.532194	11.742556	21.865586
722.8	3.797037	7.940594	11.737631	22.013655
722.9	7.718630	4.018127	11.736757	22.101130
723	9.701156	2.039804	11.740960	22.126537
723.1	7.265741	4.478687	11.744428	22.108756
723.2	3.892202	7.850452	11.742654	22.078685
723.3	4.016393	7.722029	11.738421	22.067449
723.4	7.041180	4.696422	11.737602	22.095381
723.5	8.535987	3.204996	11.740983	22.165553
723.6	6.584113	5.159398	11.743512	22.263870
723.7	4.263505	7.478148	11.741652	22.365378
723.8	5.004330	6.733967	11.738297	22.444256
723.9	7.637607	4.100820	11.738427	22.483819
724	8.170601	3.571302	11.741904	22.482955
724.1	5.633195	6.110482	11.743676	22.456816
724.2	3.567633	8.173424	11.741057	22.431648
724.3	4.993437	6.744221	11.737659	22.435677
724.4	8.018119	3.720205	11.738325	22.489243
724.5	8.409803	3.332411	11.742214	22.597549
724.6	5.572321	6.171568	11.743888	22.748341
724.7	3.448558	8.292421	11.740979	22.915151
724.8	4.974987	6.762623	11.737610	23.064839
724.9	7.885236	3.853380	11.738616	23.166872
725	7.887563	3.855053	11.742616	23.201383
725.1	4.837630	6.906194	11.743824	23.163645
725.2	3.124332	8.615921	11.740253	23.063964
725.3	5.503530	6.233238	11.736768	22.923487
725.4	8.975157	2.763280	11.738436	22.767686
725.5	8.716984	3.026284	11.743269	22.619753
725.6	4.843421	6.901253	11.744674	22.495874
725.7	2.515433	9.225115	11.740548	22.403430
725.8	4.947382	6.789041	11.736422	22.342040
725.9	8.864355	2.873645	11.738000	22.306428
726	8.881069	2.862110	11.743179	22.289672
726.1	4.977862	6.766884	11.744746	22.285534
726.2	2.693321	9.047014	11.740336	22.289238
726.3	5.495389	6.240573	11.735962	22.296820
726.4	9.744846	1.993069	11.737915	22.303796
726.5	9.443462	2.300446	11.743908	22.304154
726.6	4.560924	7.184896	11.745820	22.290415
726.7	1.474044	10.266654	11.740698	22.254982
726.8	4.532654	7.202446	11.735101	22.192390
726.9	10.004424	1.732112	11.736536	22.101597
727	10.796201	0.947090	11.743290	21.987379
727.1	5.871001	5.875502	11.746503	21.860182
727.2	1.716981	10.024970	11.741951	21.734282
727.3	3.738876	7.996887	11.735763	21.624721
727.4	9.047995	2.688240	11.736236	21.543843
727.5	10.373225	1.369453	11.742678	21.498407
727.6	5.876785	5.869547	11.746332	21.488013
727.7	1.649474	10.092717	11.742190	21.505205
727.8	3.487129	8.248660	11.735790	21.537105
727.9	9.022307	2.713476	11.735782	21.568126
728	10.844675	0.897593	11.742268	21.583077
728.1	6.438868	5.307757	11.746625	21.570060
728.2	1.573880	10.169188	11.743069	21.522661
728.3	2.599704	9.136665	11.736369	21.441150
728.4	8.017920	3.717482	11.735402	21.332582
728.5	10.594609	1.146674	11.741283	21.209778
728.6	7.057585	4.688450	11.746035	21.089296
728.7	2.318065	9.425348	11.743412	20.988617
728.8	2.696855	9.040320	11.737176	20.922944
728.9	7.451555	4.284248	11.735803	20.902195
729	9.985743	1.755253	11.740996	20.928892
729.1	6.891369	4.854182	11.745551	20.997571
729.2	2.492098	9.251164	11.743262	21.096073
729.3	2.864487	8.872785	11.737272	21.208561
729.4	7.596198	4.139488	11.735686	21.319564
729.5	10.414141	1.326451	11.740592	21.417925
729.6	7.657223	4.088171	11.745394	21.499383
729.7	3.069874	8.673946	11.743820	21.566872
729.8	2.624083	9.114139	11.738223	21.628305
729.9	6.593996	5.142109	11.736105	21.692482
730	9.520416	2.219535	11.739952	21.764537
730.1	7.753251	3.990969	11.744219	21.842662
730.2	4.150296	7.592895	11.743191	21.917514
730.3	3.802381	7.936270	11.738651	21.974906
730.4	7.008389	4.728658	11.737048	22.001139
730.5	9.136994	2.603482	11.740476	21.989237
730.6	7.223801	4.520216	11.744016	21.943802
730.7	3.988688	7.754094	11.742782	21.882376
730.8	3.882687	7.855943	11.738630	21.832252
730.9	6.920219	4.817109	11.737328	21.823207
731	8.865320	2.875145	11.740465	21.878164
731.1	7.246212	4.497253	11.743464	22.004779
731.2	4.633842	7.108387	11.742228	22.190948
731.3	4.744818	6.994025	11.738843	22.406186
731.4	7.116588	4.621780	11.738368	22.609001
731.5	7.944838	3.796634	11.741473	22.758357
731.6	5.754999	5.988495	11.743494	22.825831
731.7	3.670499	8.070731	11.741230	22.804568
731.8	4.938843	6.798872	11.737715	22.712024
731.9	8.089816	3.648223	11.738039	22.585347
732	8.771482	2.970544	11.742027	22.470620
732.1	5.860799	5.883444	11.744243	22.409247
732.2	3.217283	8.524258	11.741541	22.425736
732.3	4.413524	7.324079	11.737602	22.520767
732.4	7.714823	4.023093	11.737915	22.671705
732.5	8.437376	3.304677	11.742052	22.840285
732.6	5.532925	6.211219	11.744144	22.984849
732.7	3.160506	8.580594	11.741100	23.073010
732.8	4.864712	6.872408	11.737120	23.090600
732.9	8.424103	3.313857	11.737960	23.044081
733	8.759431	2.983303	11.742734	22.955933
733.1	5.097153	6.647680	11.744833	22.854976
733.2	2.367940	9.373099	11.741039	22.765286
733.3	4.558336	7.177952	11.736288	22.697782
733.4	9.018555	2.718601	11.737156	22.647463
733.5	9.792030	1.950703	11.742733	22.597152
733.6	5.722764	6.022788	11.745552	22.526163
733.7	2.240221	9.501460	11.741681	22.420469
733.8	4.098764	7.637516	11.736280	22.280394
733.9	8.815058	2.921697	11.736755	22.122739
734	9.905783	1.836807	11.742590	21.976338
734.1	5.752837	5.992982	11.745819	21.872456
734.2	2.013150	9.728661	11.741811	21.833468
734.3	4.036424	7.699375	11.735798	21.863944
734.4	9.427962	2.308056	11.736018	21.947521
734.5	11.001790	0.740712	11.742502	22.050928
734.6	6.410154	5.336598	11.746752	22.133964
734.7	1.502614	10.240401	11.743015	22.162091
734.8	2.691302	9.044804	11.736106	22.117320
734.9	8.414254	3.320852	11.735107	22.003606
735	11.165782	0.575492	11.741273	21.844920
735.1	7.452154	4.294212	11.746366	21.676699
735.2	2.366251	9.377436	11.743687	21.533740
735.3	2.679945	9.057060	11.737005	21.438815
735.4	7.772142	3.963247	11.735389	21.395992
735.5	10.571743	1.169236	11.740978	21.390901
735.6	7.166019	4.580136	11.746155	21.397670
735.7	2.083565	9.660310	11.743876	21.389826
735.8	2.172013	9.565140	11.737154	21.351030
735.9	7.382503	4.352456	11.734959	21.281622
736	10.857701	0.882464	11.740166	21.198516
736.1	8.109466	3.636334	11.745800	21.128450
736.2	2.900294	8.844198	11.744492	21.097121
736.3	2.051145	9.687112	11.738257	21.118282
736.4	6.345152	5.390382	11.735534	21.187008
736.5	9.746846	1.992900	11.739746	21.279863
736.6	7.729229	4.015675	11.744904	21.362226
736.7	3.287854	8.456110	11.743964	21.400413
736.8	2.642786	9.095561	11.738347	21.374374
736.9	6.710998	5.024799	11.735796	21.286415
737	9.962313	1.777444	11.739757	21.162625
737.1	8.017921	3.726895	11.744816	21.046161
737.2	3.532522	8.211668	11.744190	20.984347
737.3	2.489435	9.249417	11.738852	21.013703
737.4	6.151596	5.584392	11.735988	21.147825
737.5	9.577896	2.161306	11.739203	21.372135
737.6	8.430890	3.313021	11.743912	21.647301
737.7	4.631802	7.112068	11.743870	21.920270
737.8	3.383259	8.356313	11.739572	22.139392
737.9	6.024138	5.712997	11.737135	22.268845
738	8.559406	3.180270	11.739677	22.297905
738.1	7.508792	4.234475	11.743268	22.242372
738.2	4.669649	7.073123	11.742772	22.138086
738.3	4.296030	7.443033	11.739062	22.028983
738.4	6.963672	4.773888	11.737559	21.953760
738.5	8.833879	2.906557	11.740436	21.935418
738.6	7.194697	4.548901	11.743598	21.976734
738.7	4.312869	7.429713	11.742582	22.062581
738.8	4.173877	7.565010	11.738886	22.167674
738.9	6.826354	4.911421	11.737775	22.266668
739	8.384994	3.355752	11.740746	22.342969
739.1	6.640037	5.103389	11.743426	22.393374
739.2	4.228377	7.513498	11.741875	22.427320
739.3	4.798215	6.940105	11.738321	22.461479
739.4	7.632099	4.105945	11.738043	22.512032
739.5	8.510573	3.231164	11.741737	22.587569
739.6	5.770554	5.973700	11.744254	22.685182
739.7	2.961021	8.780756	11.741778	22.790997
739.8	4.076201	7.661228	11.737429	22.884752
739.9	7.856652	3.880542	11.737194	22.946664
740	9.266548	2.475023	11.741571	22.964075
740.1	6.374660	5.369984	11.744644	22.935628
740.2	3.133887	8.608275	11.742162	22.871673
740.3	4.001397	7.736149	11.737546	22.790962
740.4	7.707041	4.030248	11.737289	22.714894
740.5	8.916936	2.824944	11.741880	22.661305
740.6	5.701349	6.043549	11.744898	22.639739
740.7	2.459131	9.282713	11.741844	22.649505
740.8	3.975819	7.760810	11.736629	22.680781
740.9	8.619442	3.117044	11.736486	22.718078
741	10.226016	1.515955	11.741971	22.744707
741.1	6.442860	5.302987	11.745847	22.746844
741.2	2.179396	9.563363	11.742759	22.716138
741.3	3.169273	8.567422	11.736695	22.650469
741.4	8.165947	3.569870	11.735817	22.553149
741.5	10.466974	1.274426	11.741400	22.431247
741.6	6.942181	4.803742	11.745923	22.293812
741.7	2.381717	9.361448	11.743165	22.150538
741.8	3.095495	8.641260	11.736755	22.011002
741.9	8.283967	3.451464	11.735431	21.884295
742	10.944391	0.796803	11.741194	21.778670
742.1	7.294068	4.452332	11.746399	21.700916
742.2	2.041024	9.702910	11.743934	21.655414
742.3	2.233882	9.503004	11.736886	21.643066
742.4	7.803699	3.930879	11.734577	21.660526
742.5	11.517186	0.222958	11.740143	21.700081
742.6	8.518655	3.227638	11.746293	21.750411
742.7	2.748884	8.996112	11.744996	21.798137
742.8	1.677526	10.060602	11.738128	21.829863
742.9	6.427243	5.307601	11.734844	21.834257
743	10.468627	1.270684	11.739310	21.803776
743.1	8.481002	3.264294	11.745297	21.735791
743.2	3.381932	8.362803	11.744735	21.633032
743.3	2.179402	9.559163	11.738565	21.503407
743.4	6.434902	5.300373	11.735275	21.359269
743.5	10.249424	1.489904	11.739328	21.216138
743.6	8.347534	3.397662	11.745196	21.090858
743.7	3.209973	8.534975	11.744948	20.999203
743.8	1.671112	10.067828	11.738941	20.953099
743.9	5.723613	6.011594	11.735207	20.957937
744	9.959286	1.779298	11.738584	21.010662
744.1	8.918974	2.825393	11.744367	21.099393
744.2	4.284938	7.459939	11.744876	21.205120
744.3	2.339144	9.400619	11.739762	21.305514
744.4	5.421385	6.314772	11.736157	21.380150
744.5	9.023150	2.715659	11.738809	21.415891
744.6	8.184598	3.559210	11.743808	21.410805
744.7	4.230002	7.514207	11.744209	21.375232
744.8	2.745764	8.993783	11.739547	21.329343
744.9	5.847640	5.888619	11.736259	21.297586
745	9.395261	2.343490	11.738751	21.301536
745.1	8.748832	2.994697	11.743529	21.353301
745.2	4.984387	6.759822	11.744209	21.451679
745.3	3.176313	8.563889	11.740202	21.582469
745.4	5.426138	6.311038	11.737176	21.723039
745.5	8.301096	3.437943	11.739039	21.849770
745.6	7.896888	3.845884	11.742772	21.945924
745.7	5.190858	6.552166	11.743023	22.007192
745.8	4.318733	7.420942	11.739675	22.042859
745.9	6.532457	5.205299	11.737756	22.071980
746	8.503805	3.236290	11.740095	22.115737
746.1	7.240507	4.502789	11.743296	22.188602
746.2	4.462070	7.280604	11.742674	22.291538
746.3	4.158479	7.580550	11.739028	22.409917
746.4	6.840355	4.897195	11.737550	22.517300
746.5	8.731532	3.008873	11.740405	22.584149
746.6	7.121425	4.622149	11.743574	22.588710
746.7	4.272647	7.469876	11.742524	22.526285
746.8	4.242863	7.495863	11.738726	22.413460
746.9	7.052945	4.684726	11.737671	22.285371
747	8.546426	3.194598	11.741024	22.186416
747.1	6.317166	5.426890	11.744056	22.157096
747.2	3.349974	8.392246	11.742220	22.221155
747.3	3.998431	7.739346	11.737777	22.377270
747.4	7.725549	4.011402	11.736951	22.598196
747.5	9.498754	2.242481	11.741235	22.837891
747.6	6.645464	5.099513	11.744976	23.044514
747.7	2.771533	8.971424	11.742957	23.175214
747.8	3.063528	8.674190	11.737718	23.208027
747.9	7.181796	4.554532	11.736328	23.147131
748	9.573330	2.167394	11.740725	23.019920
748.1	7.014763	4.730131	11.744894	22.867091
748.2	3.107510	8.635525	11.743035	22.729216
748.3	3.385997	8.351651	11.737649	22.634348
748.4	7.598593	4.137682	11.736275	22.590717
748.5	9.862009	1.879071	11.741080	22.586670
748.6	6.740616	5.004975	11.745591	22.597436
748.7	2.242366	9.501016	11.743382	22.595925
748.8	2.623628	9.113430	11.737059	22.563421
748.9	7.804092	3.930977	11.735069	22.496284
749	11.142739	0.597586	11.740325	22.406304
749.1	8.202957	3.543062	11.746019	22.314843
749.2	2.808269	8.936317	11.744587	22.243195
749.3	2.067317	9.670598	11.737914	22.203014
749.4	6.879890	4.855042	11.734933	22.190622
749.5	10.700784	1.038858	11.739642	22.187508
749.6	8.337174	3.408495	11.745669	22.167007
749.7	2.985058	8.759750	11.744808	22.104754
749.8	1.969842	9.768270	11.738112	21.989005
749.9	6.852965	4.881600	11.734565	21.826884
750	11.227862	0.511167	11.739029	21.643969
750.1	9.236811	2.508856	11.745667	21.477070
750.2	3.411201	8.334512	11.745714	21.362497
750.3	1.323730	10.415428	11.739159	21.323858
750.4	5.552397	6.182299	11.734696	21.363675
750.5	10.374263	1.363822	11.738085	21.461845
750.6	9.493390	2.251208	11.744598	21.581618
750.7	4.338800	7.406750	11.745550	21.681112
750.8	1.898359	9.841575	11.739934	21.726459
750.9	5.240279	6.495242	11.735520	21.702078
751	9.562517	2.175684	11.738200	21.614628
751.1	8.900491	2.843647	11.744138	21.489388
751.2	4.210528	7.534658	11.745187	21.360516
751.3	1.926410	9.813564	11.739974	21.258751
751.4	5.156811	6.578803	11.735614	21.200987
751.5	9.542738	2.195215	11.737953	21.185403
751.6	9.242217	2.501533	11.743750	21.193792
751.7	4.761519	6.983726	11.745245	21.200093
751.8	2.091023	9.649625	11.740648	21.181890
751.9	4.571832	7.164463	11.736295	21.130553
752	8.613766	3.124107	11.737873	21.056180
752.1	8.827393	2.915487	11.742880	20.985365
752.2	5.292880	6.451508	11.744388	20.952417
752.3	3.117475	8.623114	11.740589	20.987036
752.4	5.241052	6.495927	11.736979	21.102769
752.5	8.536883	3.201657	11.738539	21.290414
752.6	8.365757	3.377188	11.742945	21.518855
752.7	5.024602	6.719419	11.744021	21.743311
752.8	3.192033	8.548320	11.740353	21.918426
752.9	5.380767	6.356293	11.737060	22.011975
753	8.583214	3.155345	11.738560	22.014738
753.1	8.584778	3.157789	11.742567	21.943343
753.2	5.722118	6.021429	11.743547	21.835214
753.3	4.117362	7.623115	11.740477	21.737292
753.4	5.751146	5.986860	11.738006	21.692186
753.5	7.857540	3.882091	11.739630	21.726080
753.6	7.167562	4.575181	11.742743	21.842033
753.7	4.739721	7.002835	11.742556	22.020428
753.8	4.393650	7.345503	11.739152	22.226005
753.9	7.021567	4.715926	11.737493	22.418888
754	9.045216	2.695050	11.740266	22.565969
754.1	7.418226	4.325581	11.743807	22.649170
754.2	4.127712	7.615387	11.743100	22.668416
754.3	3.630051	8.108904	11.738954	22.638996
754.4	6.610474	5.126632	11.737105	22.584824
754.5	8.871366	2.868854	11.740221	22.530210
754.6	7.141400	4.602584	11.743985	22.492954
754.7	3.776668	7.966329	11.742997	22.480756
754.8	3.603247	8.135202	11.738449	22.491597
754.9	7.087941	4.648779	11.736720	22.517297
755	9.420332	2.320179	11.740512	22.548485
755.1	7.089929	4.654869	11.744797	22.578953
755.2	2.977358	8.766175	11.743534	22.607846
755.3	2.679771	9.058359	11.738129	22.639131
755.4	6.824043	4.911799	11.735842	22.678849
755.5	9.956884	1.783044	11.739928	22.731440
755.6	7.830970	3.914010	11.744980	22.796641
755.7	3.277622	8.466496	11.744118	22.868142
755.8	2.488022	9.250417	11.738438	22.934440
755.9	6.566518	5.169179	11.735697	22.981537
756	9.904653	1.835098	11.739752	22.996519
756.1	7.803939	3.941178	11.745117	22.970846
756.2	3.044892	8.699412	11.744304	22.902414
756.3	2.272475	9.465681	11.738157	22.795910
756.4	6.889070	4.845909	11.734978	22.661603
756.5	10.869967	0.869366	11.739333	22.513080
756.6	8.743736	3.001891	11.745626	22.364660
756.7	3.104800	8.640610	11.745410	22.229095
756.8	1.374860	10.363920	11.738779	22.115935
756.9	5.939930	5.794509	11.734438	22.030636
757	10.873766	0.864378	11.738144	21.974304
757.1	9.761873	1.983098	11.744971	21.943931
757.2	4.217477	7.528396	11.745873	21.933019
757.3	1.674168	10.065605	11.739772	21.932571
757.4	5.416878	6.318077	11.734955	21.932434
757.5	10.239859	1.498032	11.737891	21.922929
757.6	9.530000	2.214557	11.744557	21.896531
757.7	4.198294	7.547613	11.745906	21.849241
757.8	1.443561	10.296500	11.740061	21.781303
757.9	5.061071	6.673744	11.734816	21.696994
758	10.348281	1.388875	11.737155	21.603544
758.1	10.390275	1.353682	11.743958	21.509472
758.2	5.212954	6.533328	11.746282	21.422872
758.3	1.588818	10.152488	11.741306	21.350145
758.4	3.959197	7.776658	11.735855	21.295505
758.5	8.742063	2.994981	11.737044	21.261205
758.6	9.452380	2.290480	11.742860	21.248120
758.7	5.436859	6.308388	11.745246	21.256154
758.8	2.444755	9.296381	11.741136	21.284042
758.9	4.584683	7.151701	11.736384	21.328485
759	8.795587	2.941955	11.737542	21.382992
759.1	9.212004	2.530943	11.742947	21.437205
759.2	5.222047	6.523137	11.745184	21.477480
759.3	2.206765	9.534504	11.741269	21.489216
759.4	4.157081	7.579480	11.736561	21.460704
759.5	8.362522	3.374791	11.737314	21.387557
759.6	9.259926	2.482339	11.742265	21.276212
759.7	5.946131	5.798512	11.744643	21.144959
759.8	3.119925	8.621564	11.741490	21.021517
759.9	4.480158	7.257267	11.737425	20.937208
760	7.833724	3.904274	11.737998	20.919014
760.1	8.444428	3.297678	11.742106	20.981765
760.2	5.661698	6.082151	11.743849	21.122946
760.3	3.607023	8.133858	11.740881	21.322102
760.4	5.234149	6.503370	11.737518	21.545458
760.5	8.240348	3.498144	11.738492	21.754715
760.6	8.441648	3.300690	11.742338	21.917527
760.7	5.670727	6.072899	11.743626	22.016399
760.8	3.884571	7.856103	11.740674	22.053141
760.9	5.492623	6.245175	11.737798	22.047293
761	8.030585	3.708468	11.739053	22.028941
761.1	7.825728	3.916746	11.742474	22.028223
761.2	5.308858	6.434140	11.742998	22.065028
761.3	4.334144	7.405689	11.739832	22.142405
761.4	6.490666	5.247006	11.737672	22.246003
761.5	8.634873	3.105048	11.739920	22.349806
761.6	7.351147	4.392430	11.743577	22.426189
761.7	4.070355	7.672930	11.743286	22.456768
761.8	3.373279	8.365764	11.739043	22.440111
761.9	6.560551	5.176031	11.736581	22.393391
762	9.516427	2.223080	11.739507	22.347145
762.1	8.178675	3.565374	11.744049	22.334768
762.2	4.227325	7.516694	11.744019	22.380278
762.3	2.958948	8.780441	11.739389	22.488710
762.4	6.022728	5.713810	11.736538	22.642661
762.5	9.037157	2.702344	11.739501	22.806528
762.6	7.602670	4.141551	11.744220	22.937289
762.7	3.544572	8.199402	11.743973	22.998389
762.8	2.601287	9.137484	11.738771	22.972089
762.9	6.466115	5.269554	11.735669	22.866052
763	10.133562	1.605634	11.739196	22.711793
763.1	8.512781	3.232109	11.744890	22.555358
763.2	3.489664	8.255411	11.745075	22.443206
763.3	1.653082	10.086227	11.739309	22.407907
763.4	5.478290	6.256937	11.735227	22.458328
763.5	9.876047	1.862278	11.738325	22.577442
763.6	8.975099	2.769329	11.744428	22.728322
763.7	4.086358	7.658872	11.745230	22.866115
763.8	1.982272	9.757312	11.739584	22.951881
763.9	5.675557	6.059636	11.735194	22.963637
764	10.196858	1.541337	11.738196	22.901133
764.1	9.258322	2.486369	11.744691	22.783137
764.2	3.893598	7.852246	11.745843	22.638681
764.3	1.282954	10.456893	11.739847	22.495775
764.4	5.145092	6.589480	11.734572	22.371823
764.5	10.593091	1.144027	11.737118	22.269138
764.6	10.509791	1.234442	11.744233	22.176950
764.7	5.011594	6.734969	11.746563	22.078760
764.8	1.321237	10.419857	11.741094	21.961898
764.9	4.185067	7.550080	11.735147	21.825349
765	9.640769	2.095788	11.736557	21.682563
765.1	10.415290	1.327976	11.743266	21.557970
765.2	5.632090	6.114138	11.746228	21.478310
765.3	1.831358	9.910228	11.741585	21.461988
765.4	4.086052	7.649666	11.735718	21.510511
765.5	9.250818	2.485700	11.736518	21.605444
765.6	10.325078	1.417736	11.742814	21.712407
765.7	5.884360	5.861751	11.746112	21.791046
765.8	1.874689	9.867398	11.742087	21.807755
765.9	3.543295	8.192947	11.736241	21.746779
766	8.507392	3.228927	11.736318	21.615790
766.1	10.157474	1.584487	11.741961	21.443891
766.2	6.536616	5.208880	11.745496	21.272574
766.3	2.688294	9.054135	11.742429	21.142630
766.4	3.608235	8.129032	11.737267	21.081393
766.5	7.608524	4.128531	11.737054	21.094597
766.6	8.966814	2.774965	11.741778	21.165521
766.7	5.895682	5.849012	11.744694	21.261569
766.8	2.835157	8.906614	11.741771	21.345887
766.9	4.158103	7.579018	11.737120	21.389930
767	8.140846	3.596318	11.737164	21.382653
767.1	9.413408	2.328408	11.741815	21.333245
767.2	6.316457	5.428306	11.744763	21.266680
767.3	3.029618	8.712574	11.742191	21.213846
767.4	3.766075	7.971728	11.737803	21.199904
767.5	7.187262	4.550219	11.737481	21.235076
767.6	8.568362	3.172889	11.741251	21.311099
767.7	6.388311	5.355309	11.743620	21.404569
767.8	4.137455	7.603978	11.741433	21.485890
767.9	5.118071	6.620041	11.738112	21.530602
768	7.788164	3.950375	11.738539	21.529051
768.1	8.148302	3.593765	11.742066	21.490939
768.2	5.580518	6.163030	11.743548	21.443101
768.3	3.756611	7.984158	11.740769	21.421205
768.4	5.365242	6.372399	11.737641	21.458112
768.5	8.225474	3.513149	11.738623	21.572762
768.6	8.358894	3.383442	11.742335	21.763232
768.7	5.658970	6.084523	11.743493	22.006195
768.8	4.051407	7.689055	11.740462	22.262902
768.9	5.854795	5.882864	11.737659	22.489719
769	8.380361	3.358900	11.739261	22.649909
769.1	7.745138	3.997957	11.743095	22.723085
769.2	4.584047	7.159494	11.743541	22.709679
769.3	3.414194	8.325397	11.739592	22.629449
769.4	6.254578	5.482058	11.736637	22.514913
769.5	9.442674	2.296406	11.739080	22.402033
769.6	8.448880	3.295045	11.743925	22.321058
769.7	4.276325	7.468225	11.744550	22.290075
769.8	2.425254	9.314587	11.739841	22.312680
769.9	5.473991	6.262054	11.736045	22.379803
770	9.376019	2.362375	11.738395	22.474450
770.1	8.807090	2.936725	11.743815	22.577486
770.2	4.468620	7.276290	11.744910	22.672612
770.3	2.272434	9.467643	11.740078	22.749279
770.4	5.283288	6.452612	11.735900	22.803207
770.5	9.381808	2.356430	11.738239	22.835006
770.6	8.781842	2.962220	11.744062	22.847892
770.7	4.051038	7.694317	11.745355	22.845552
770.8	1.587240	10.152822	11.740063	22.830875
770.9	4.989941	6.745217	11.735158	22.805746
771	9.975497	1.761861	11.737359	22.771610
771.1	9.944165	1.799753	11.743918	22.730300
771.2	4.871738	6.874387	11.746125	22.684575
771.3	1.468826	10.272179	11.741005	22.638090
771.4	4.219805	7.515623	11.735429	22.594813
771.5	9.332503	2.404402	11.736905	22.558128
771.6	9.847728	1.895676	11.743404	22.529969
771.7	5.086577	6.659460	11.746037	22.510254
771.8	1.635742	10.105354	11.741096	22.496721
771.9	4.434483	7.300701	11.735184	22.485128
772	9.967209	1.769182	11.736391	22.469716
772.1	10.843133	0.900196	11.743329	22.443842
772.2	5.710689	6.036167	11.746855	22.400790
772.3	1.185846	10.556406	11.742252	22.334778
772.4	3.140028	8.595516	11.735544	22.242174
772.5	8.963957	2.771521	11.735477	22.122752
772.6	11.096984	0.644963	11.741947	21.980692
772.7	7.020299	4.726011	11.746309	21.824879
772.8	2.375897	9.367100	11.742998	21.668142
772.9	3.244145	8.492620	11.736765	21.525324
773	8.107403	3.628631	11.736033	21.410451
773.1	10.181353	1.560208	11.741561	21.333673
773.2	6.688846	5.056833	11.745680	21.298851
773.3	2.472531	9.270303	11.742834	21.302596
773.4	3.270531	8.466457	11.736988	21.335172
773.5	7.965308	3.770747	11.736055	21.383083
773.6	10.236847	1.504330	11.741176	21.432559
773.7	7.139091	4.606303	11.745394	21.472814
773.8	2.904870	8.838331	11.743201	21.498000
773.9	3.049975	8.687847	11.737822	21.507236
774	7.017126	4.719404	11.736531	21.502838
774.1	9.253324	2.487429	11.740753	21.487609
774.2	6.903531	4.840926	11.744457	21.462428
774.3	3.479850	8.262809	11.742659	21.425362
774.4	3.745197	7.992926	11.738122	21.372863
774.5	7.146507	4.590727	11.737234	21.302734
774.6	8.805756	2.935345	11.741101	21.217676
774.7	6.417012	5.327201	11.744213	21.127748
774.8	3.370803	8.371442	11.742245	21.050244
774.9	3.927763	7.810229	11.737991	21.006352
775	7.325351	4.411966	11.737316	21.015169
775.1	8.959885	2.781128	11.741012	21.086838
775.2	6.796083	4.947807	11.743891	21.217255
775.3	4.012121	7.730018	11.742139	21.386570
775.4	4.378499	7.360001	11.738500	21.562677
775.5	7.044338	4.693822	11.738160	21.709244
775.6	8.007560	3.733812	11.741372	21.796141
775.7	5.968843	5.774428	11.743271	21.809069
775.8	4.144266	7.596722	11.740989	21.755101
775.9	5.501907	6.235924	11.737831	21.661984
776	8.323413	3.415116	11.738530	21.570918
776.1	8.545724	3.196617	11.742341	21.524758
776.2	5.628212	6.115709	11.743921	21.555181
776.3	3.525350	8.215550	11.740901	21.672906
776.4	5.188799	6.548624	11.737422	21.864212
776.5	8.302995	3.435428	11.738423	22.095010
776.6	8.435274	3.307295	11.742569	22.321275
776.7	5.341647	6.402298	11.743945	22.502481
776.8	3.482163	8.258233	11.740396	22.613646
776.9	5.757069	5.979766	11.736835	22.652036
777	9.161500	2.577037	11.738537	22.636349
777.1	8.718414	3.025131	11.743545	22.598782
777.2	4.528738	7.216236	11.744974	22.572812
777.3	2.057110	9.683362	11.740472	22.581021
777.4	4.835866	6.899966	11.735832	22.627247
777.5	9.421315	2.316063	11.737378	22.695836
777.6	9.762578	1.980671	11.743249	22.758233
777.7	5.346928	6.398718	11.745646	22.784524
777.8	2.031869	9.709457	11.741326	22.755768
777.9	4.199958	7.536174	11.736132	22.672586
778	8.782279	2.954875	11.737154	22.556790
778.1	9.388955	2.354072	11.743027	22.445234
778.2	5.071780	6.673876	11.745656	22.377869
778.3	1.752051	9.989199	11.741249	22.384041
778.4	4.183897	7.551777	11.735675	22.471797
778.5	9.309495	2.427132	11.736626	22.623966
778.6	10.202308	1.540765	11.743073	22.802504
778.7	5.458888	6.287521	11.746409	22.959743
778.8	1.302117	10.439892	11.742008	23.052836
778.9	3.343109	8.392498	11.735607	23.056586
779	8.992016	2.743724	11.735741	22.970469
779.1	10.819289	0.922981	11.742269	22.817632
779.2	6.468823	5.277670	11.746493	22.636463
779.3	1.814854	9.927949	11.742803	22.467781
779.4	3.077729	8.658485	11.736213	22.342109
779.5	8.484203	3.251401	11.735604	22.271295
779.6	10.694082	1.047682	11.741765	22.247061
779.7	6.714442	5.031906	11.746348	22.246528
779.8	1.941182	9.801944	11.743127	22.242304
779.9	2.898514	8.837859	11.736373	22.213210
780	8.462492	3.272623	11.735115	22.151672
780.1	11.346475	0.394574	11.741049	22.065201
780.2	7.797631	3.948710	11.746341	21.971708
780.3	2.499732	9.244405	11.744136	21.890758
780.4	2.248178	9.489398	11.737576	21.834356
780.5	7.016191	4.719167	11.735358	21.801029
780.6	10.294191	1.445900	11.740091	21.775650
780.7	7.941961	3.803157	11.745118	21.735235
780.8	3.510372	8.233382	11.743754	21.658604
780.9	3.106897	8.631292	11.738188	21.536246
781	7.080337	4.655832	11.736170	21.376502
781.1	9.788178	1.952176	11.740354	21.205430
781.2	7.454739	4.290157	11.744896	21.059974
781.3	3.243750	8.499875	11.743626	20.976503
781.4	2.796262	8.942120	11.738382	20.978548
781.5	6.573328	5.162942	11.736270	21.067999
781.6	9.432265	2.307657	11.739922	21.222949
781.7	7.729490	4.014679	11.744170	21.403144
781.8	4.077422	7.665939	11.743361	21.561429
781.9	3.456697	8.282293	11.738990	21.657513
782	6.356899	5.380372	11.737271	21.669614
782.1	8.406709	3.333693	11.740402	21.600226
782.2	6.691134	5.052591	11.743726	21.474269
782.3	3.771513	7.970961	11.742473	21.330411
782.4	3.922436	7.816005	11.738441	21.208607
782.5	7.058956	4.678373	11.737330	21.138021
782.6	8.887987	2.852711	11.740698	21.129264
782.7	6.945862	4.797987	11.743848	21.173242
782.8	3.985045	7.757438	11.742483	21.246615
782.9	4.043432	7.695227	11.738659	21.321629
783	6.835806	4.901945	11.737750	21.376699
783.1	8.334718	3.406123	11.740841	21.404039
783.2	6.570732	5.172602	11.743334	21.411820
783.3	4.349392	7.392243	11.741635	21.420330
783.4	5.072721	6.665595	11.738316	21.453727
783.5	7.724951	4.013424	11.738375	21.530442
783.6	8.290829	3.451094	11.741923	21.655656
783.7	5.656359	6.087472	11.743831	21.818451
783.8	3.484792	8.256253	11.741046	21.994569
783.9	5.133716	6.603509	11.737224	22.153767
784	8.676096	3.061744	11.737840	22.269246
784.1	9.272172	2.470208	11.742380	22.326036
784.2	5.895541	5.849165	11.744706	22.325643
784.3	3.015654	8.725824	11.741478	22.285588
784.4	4.577011	7.160000	11.737011	22.234144
784.5	8.438535	3.298998	11.737534	22.202054
784.6	9.152662	2.589820	11.742483	22.213845
784.7	5.526410	6.218598	11.745008	22.281278
784.8	2.512816	9.228536	11.741352	22.400680
784.9	4.514280	7.222025	11.736305	22.554564
785	9.117824	2.619085	11.736909	22.716738
785.1	10.066769	1.675951	11.742719	22.859152
785.2	5.749588	5.996465	11.746053	22.958515
785.3	1.660633	10.081637	11.742271	23.001050
785.4	3.195135	8.541110	11.736245	22.984476
785.5	8.342062	3.393931	11.735993	22.917232
785.6	10.262771	1.479087	11.741858	22.815588
785.7	6.460026	5.285906	11.745931	22.699696
785.8	2.168306	9.574397	11.742703	22.589602
785.9	3.266457	8.470133	11.736590	22.501981
786	8.244403	3.491602	11.736004	22.447982
786.1	10.187726	1.554155	11.741881	22.432255
786.2	6.212722	5.533534	11.746256	22.453030
786.3	1.557591	10.185412	11.743003	22.503052
786.4	2.630715	9.105549	11.736264	22.571139
786.5	8.293754	3.441282	11.735036	22.644159
786.6	11.207428	0.533653	11.741081	22.709144
786.7	7.572733	4.173721	11.746454	22.755200
786.8	2.221475	9.522607	11.744081	22.774884
786.9	2.185589	9.551621	11.737211	22.764762
787	7.351753	4.383267	11.735020	22.725083
787.1	10.718709	1.021605	11.740314	22.658755
787.2	7.844516	3.901339	11.745854	22.570034
787.3	2.749884	8.994293	11.744177	22.463441
787.4	2.405826	9.331783	11.737609	22.343302
787.5	7.324979	4.410057	11.735035	22.214017
787.6	10.920487	0.819425	11.739912	22.080812
787.7	8.389163	3.356534	11.745697	21.950421
787.8	3.106853	8.637862	11.744715	21.831096
787.9	2.034134	9.704248	11.738382	21.731572
788	6.455104	5.280024	11.735128	21.659028
788.1	10.454257	1.284809	11.739066	21.616650
788.2	8.926537	2.818197	11.744734	21.601691
788.3	4.199495	7.545200	11.744694	21.604994
788.4	2.570994	9.168432	11.739426	21.612513
788.5	5.802808	5.933444	11.736251	21.608720
788.6	9.107216	2.632005	11.739221	21.581005
788.7	7.977562	3.766314	11.743876	21.523702
788.8	4.253983	7.489741	11.743725	21.440292
788.9	3.278534	8.460630	11.739164	21.342846
789	6.397463	5.339197	11.736660	21.248666
789.1	9.217976	2.521695	11.739672	21.175100
789.2	7.799927	3.944065	11.743992	21.134218
789.3	4.052396	7.691330	11.743726	21.129207
789.4	2.979491	8.759894	11.739384	21.153813
789.5	5.803882	5.933077	11.736959	21.195089
789.6	8.497223	3.242327	11.739549	21.238507
789.7	7.512163	4.231117	11.743280	21.273514
789.8	4.572895	7.170058	11.742953	21.297403
789.9	3.979892	7.759399	11.739291	21.315887
790	6.464994	5.272684	11.737677	21.339989
790.1	8.290992	3.449424	11.740416	21.380314
790.2	6.708939	5.034579	11.743518	21.440906
790.3	3.924481	7.817980	11.742460	21.515256
790.4	3.957557	7.781095	11.738653	21.586415
790.5	6.902364	4.835080	11.737444	21.631731
790.6	8.757712	2.982818	11.740530	21.630969
790.7	7.071773	4.671772	11.743545	21.575091
790.8	4.383594	7.358675	11.742270	21.472441
790.9	4.560393	7.178253	11.738646	21.349624
791	7.239064	4.498938	11.738002	21.246082
791.1	8.342185	3.399179	11.741364	21.203488
791.2	6.025358	5.718475	11.743834	21.253062
791.3	3.553561	8.187986	11.741546	21.404900
791.4	4.779594	6.957842	11.737435	21.643029
791.5	8.452444	3.284953	11.737397	21.928235
791.6	9.580415	2.161505	11.741920	22.208212
791.7	6.324498	5.420486	11.744984	22.432122
791.8	2.866873	8.875334	11.742207	22.565062
791.9	3.919676	7.817458	11.737134	22.597848
792	8.175089	3.561595	11.736683	22.548910
792.1	9.854119	1.887519	11.741637	22.457683
792.2	6.554207	5.191099	11.745305	22.371634
792.3	2.703055	9.039497	11.742551	22.331187
792.4	3.637318	8.099679	11.736997	22.357475
792.5	8.200808	3.535495	11.736304	22.446888
792.6	10.102516	1.639149	11.741665	22.574010
792.7	6.469309	5.276587	11.745896	22.701718
792.8	1.996371	9.746685	11.743057	22.794761
792.9	2.792845	8.943855	11.736700	22.832041
793	8.043837	3.691499	11.735337	22.813348
793.1	10.863713	0.877261	11.740973	22.758330
793.2	7.438754	4.307464	11.746219	22.698266
793.3	2.216417	9.527679	11.744096	22.663749
793.4	2.032828	9.704623	11.737451	22.672831
793.5	6.976496	4.758680	11.735176	22.723935
793.6	10.303483	1.436760	11.740243	22.796139
793.7	7.563611	4.182078	11.745690	22.856725
793.8	2.616501	9.127555	11.744057	22.873291
793.9	2.368131	9.369403	11.737534	22.826062
794	7.329089	4.405956	11.735045	22.715951
794.1	10.816338	0.923798	11.740136	22.565427
794.2	7.963700	3.782372	11.746072	22.411778
794.3	2.395445	9.349384	11.744829	22.295062
794.4	1.493732	10.244186	11.737918	22.244886
794.5	6.553621	5.180811	11.734432	22.270565
794.6	11.031711	0.707211	11.738922	22.357997
794.7	9.227333	2.518047	11.745380	22.474236
794.8	3.759182	7.986159	11.745341	22.578076
794.9	1.912446	9.826677	11.739123	22.632927
795	5.903786	5.831402	11.735188	22.617577
795.1	10.127985	1.610693	11.738678	22.531329
795.2	8.877005	2.867665	11.744670	22.392049
795.3	3.974535	7.770492	11.745027	22.228257
795.4	2.137574	9.601788	11.739362	22.068399
795.5	5.860210	5.875152	11.735362	21.931321
795.6	10.173223	1.565088	11.738311	21.821349
795.7	9.438562	2.305570	11.744132	21.729500
795.8	4.813141	6.931983	11.745124	21.640035
795.9	2.431975	9.308322	11.740297	21.539511
796	5.099834	6.636518	11.736352	21.424617
796.1	8.825513	2.912868	11.738381	21.305572
796.2	8.568534	3.174657	11.743191	21.203593
796.3	5.031756	6.712326	11.744082	21.143231
796.4	3.319839	8.420261	11.740100	21.142401
796.5	5.704426	6.032605	11.737031	21.203885
796.6	8.632578	3.106563	11.739141	21.311704
796.7	7.890246	3.853098	11.743344	21.434042
796.8	4.500670	7.243040	11.743710	21.532098
796.9	3.186017	8.553753	11.739769	21.572069
797	5.736053	6.000976	11.737029	21.536248
797.1	8.595915	3.143296	11.739211	21.429448
797.2	7.896044	3.847123	11.743167	21.278426
797.3	4.765019	6.978419	11.743438	21.124336
797.4	3.571421	8.168449	11.739869	21.010580
797.5	5.754971	5.982654	11.737625	20.969908
797.6	7.971311	3.768464	11.739776	21.014897
797.7	7.018835	4.724195	11.743030	21.134737
797.8	4.426501	7.316067	11.742568	21.299193
797.9	4.178915	7.560088	11.739003	21.468257
798	6.881854	4.855679	11.737533	21.604250
798.1	8.761091	2.979375	11.740466	21.682490
798.2	7.015109	4.728675	11.743783	21.697284
798.3	3.933270	7.809467	11.742737	21.661708
798.4	3.811494	7.927161	11.738655	21.601699
798.5	6.889836	4.847388	11.737224	21.546794
798.6	8.909580	2.830911	11.740491	21.520751
798.7	7.078205	4.665643	11.743848	21.535081
798.8	4.090160	7.652293	11.742453	21.587310
798.9	4.382395	7.355802	11.738197	21.664080
799	7.733266	4.003981	11.737247	21.747592
799.1	9.319446	2.421871	11.741317	21.822878
799.2	6.472036	5.272854	11.744889	21.883330
799.3	2.773331	8.969353	11.742684	21.932714
799.4	3.442386	8.294865	11.737251	21.983190
799.5	8.035345	3.700569	11.735914	22.050283
799.6	10.628976	1.111825	11.740802	22.146660
799.7	7.666261	4.079335	11.745596	22.276873
799.8	2.934802	8.809050	11.743853	22.434753
799.9	2.665631	9.072195	11.737826	22.604190
800	7.134098	4.601538	11.735636	22.762938
800.1	10.183071	1.557237	11.740308	22.888180
800.2	7.532728	4.212789	11.745516	22.962209
800.3	2.696200	9.047858	11.744058	22.976684
800.4	2.330794	9.406931	11.737725	22.934461
800.5	7.153919	4.581152	11.735072	22.848760
800.6	10.771161	0.968709	11.739871	22.740104
800.7	8.205266	3.540573	11.745839	22.631914
800.8	2.698944	9.046019	11.744964	22.545832
800.9	1.502347	10.235973	11.738320	22.497695
801	6.181274	5.553463	11.734736	22.494862
801.1	10.486534	1.252432	11.738966	22.535218
801.2	8.719188	3.026102	11.745290	22.607943
801.3	3.359589	8.385624	11.745213	22.695819
801.4	1.678473	10.060438	11.738911	22.778687
801.5	5.907882	5.827077	11.734959	22.837435
801.6	10.249905	1.488816	11.738721	22.857805
801.7	8.756505	2.988581	11.745085	22.833229
801.8	3.415479	8.329902	11.745381	22.766053
801.9	1.502947	10.236158	11.739104	22.666785
802	5.768287	5.966350	11.734637	22.551483
802.1	10.684936	1.053050	11.737986	22.437875
802.2	9.805323	1.939422	11.744745	22.341210
802.3	4.325909	7.420112	11.746021	22.270944
802.4	1.424893	10.315386	11.740279	22.229165
802.5	4.722952	7.012261	11.735213	22.211119
802.6	9.665907	2.071448	11.737355	22.207548
802.7	9.809564	1.933953	11.743517	22.207948
802.8	5.350540	6.394844	11.745385	22.203590
802.9	2.525848	9.214899	11.740747	22.189251
803	5.030223	6.705940	11.736163	22.163187
803.1	9.198793	2.539038	11.737831	22.125543
803.2	9.245440	2.497840	11.743280	22.076114
803.3	5.150853	6.594165	11.745018	22.012626
803.4	2.507070	9.233718	11.740787	21.930548
803.5	4.819731	6.916683	11.736414	21.824801
803.6	8.890835	2.846855	11.737690	21.692874
803.7	9.356591	2.386046	11.742636	21.538116
803.8	5.898197	5.846341	11.744538	21.371691
803.9	3.329807	8.411377	11.741184	21.211975
804	4.821914	6.915633	11.737547	21.081041
804.1	7.784410	3.954179	11.738588	20.998995
804.2	7.849490	3.892981	11.742471	20.977873
804.3	5.063170	6.680305	11.743475	21.017217
804.4	3.616668	8.123510	11.740177	21.103107
804.5	5.740303	5.997048	11.737351	21.211329
804.6	8.505179	3.233914	11.739093	21.313967
804.7	7.987654	3.755367	11.743021	21.387431
804.8	4.825186	6.918476	11.743662	21.419264
804.9	3.320431	8.419736	11.740168	21.411378
805	5.413067	6.324383	11.737450	21.378489
805.1	8.037692	3.701529	11.739222	21.342214
805.2	7.534886	4.207921	11.742807	21.322837
805.3	4.813346	6.929686	11.743032	21.331717
805.4	3.954494	7.785127	11.739620	21.367132
805.5	6.289686	5.447890	11.737576	21.415226
805.6	8.431614	3.308371	11.739986	21.455855
805.7	7.136238	4.607243	11.743481	21.471287
805.8	4.095463	7.647473	11.742936	21.454503
805.9	3.709756	8.029108	11.738864	21.413841
806	6.812761	4.924180	11.736941	21.371875
806.1	9.252867	2.487193	11.740061	21.358485
806.2	7.587327	4.156717	11.744045	21.400252
806.3	4.033020	7.710270	11.743290	21.509825
806.4	3.560931	8.177765	11.738696	21.679207
806.5	6.938642	4.798026	11.736668	21.879764
806.6	9.455901	2.284332	11.740233	22.069531
806.7	7.402147	4.342416	11.744564	22.205823
806.8	3.444052	8.299399	11.743451	22.259190
806.9	3.202837	8.535236	11.738073	22.224015
807	7.421196	4.314570	11.735767	22.121963
807.1	10.553447	1.186605	11.740053	21.996774
807.2	8.117727	3.627744	11.745470	21.901701
807.3	2.998155	8.746511	11.744666	21.883462
807.4	1.892419	9.846012	11.738431	21.967795
807.5	6.369426	5.365520	11.734946	22.151316
807.6	10.591098	1.147798	11.738896	22.402343
807.7	9.005215	2.739843	11.745059	22.670427
807.8	3.789311	7.955898	11.745210	22.901478
807.9	1.946764	9.792443	11.739207	23.053556
808	5.858149	5.877088	11.735236	23.108263
808.1	10.044331	1.694416	11.738747	23.074222
808.2	8.605414	3.139579	11.744993	22.981863
808.3	3.318111	8.427274	11.745385	22.871640
808.4	1.356843	10.382327	11.739170	22.779981
808.5	5.597983	6.136620	11.734602	22.727822
808.6	10.593743	1.144148	11.737891	22.715537
808.7	9.755946	1.988835	11.744782	22.725643
808.8	4.161847	7.584337	11.746184	22.731899
808.9	1.136867	10.603454	11.740322	22.711149
809	4.499559	7.235506	11.735065	22.653401
809.1	9.561118	2.176217	11.737335	22.566404
809.2	9.534670	2.209205	11.743876	22.473091
809.3	4.648908	7.096862	11.745770	22.402894
809.4	1.709558	10.030949	11.740507	22.380224
809.5	4.815028	6.920259	11.735287	22.414423
809.6	9.822455	1.914760	11.737216	22.494948
809.7	9.979461	1.764263	11.743724	22.593663
809.8	5.035283	6.710806	11.746089	22.673522
809.9	1.554965	10.186215	11.741180	22.700624
810	4.118975	7.616584	11.735559	22.655434
810.1	9.296785	2.439809	11.736594	22.539233
810.2	10.357910	1.384787	11.742697	22.373599
810.3	6.197089	5.548623	11.745712	22.193157
810.4	2.525160	9.216761	11.741920	22.034199
810.5	4.038699	7.698031	11.736730	21.923160
810.6	8.316081	3.420987	11.737068	21.868884
810.7	9.457794	2.284308	11.742102	21.861203
810.8	6.152768	5.592005	11.744774	21.876018
810.9	3.170831	8.570762	11.741593	21.884830
811	4.597028	7.140143	11.737171	21.865106
811.1	8.317955	3.419645	11.737600	21.807764
811.2	9.162703	2.579416	11.742119	21.719191
811.3	6.059605	5.684839	11.744444	21.617341
811.4	3.311732	8.429819	11.741551	21.523615
811.5	4.511410	7.226225	11.737635	21.453796
811.6	7.715617	4.022425	11.738042	21.411545
811.7	8.417124	3.324775	11.741898	21.387001
811.8	5.873762	5.869872	11.743635	21.361019
811.9	3.908451	7.832499	11.740950	21.313491
812	5.297359	6.440548	11.737907	21.232591
812.1	7.842447	3.896529	11.738976	21.121400
812.2	7.639926	4.102691	11.742617	20.999248
812.3	4.778740	6.964771	11.743511	20.896983
812.4	3.303813	8.436378	11.740191	20.847552
812.5	5.470946	6.266280	11.737226	20.874976
812.6	8.452905	3.285898	11.738803	20.985468
812.7	8.221320	3.521466	11.742786	21.163763
812.8	5.174422	6.569253	11.743674	21.376053
812.9	3.562180	8.178155	11.740335	21.578733
813	5.491327	6.246266	11.737593	21.730274
813.1	7.984791	3.754571	11.739362	21.802565
813.2	7.299754	4.443271	11.743025	21.788267
813.3	4.397275	7.345835	11.743110	21.702093
813.4	3.690627	8.048573	11.739200	21.575841
813.5	6.669167	5.067633	11.736799	21.448953
813.6	9.447475	2.292165	11.739640	21.357631
813.7	8.007797	3.736332	11.744129	21.325783
813.8	4.002985	7.741044	11.744029	21.360245
813.9	2.819163	8.920022	11.739185	21.451278
814	6.217567	5.518527	11.736094	21.577599
814.1	9.686907	2.052197	11.739104	21.713950
814.2	8.464485	3.279750	11.744235	21.838662
814.3	4.163675	7.580726	11.744401	21.938961
814.4	2.754233	8.984959	11.739192	22.012762
814.5	6.371328	5.364390	11.735718	22.066938
814.6	10.151030	1.587949	11.738980	22.113131
814.7	8.715495	3.029295	11.744791	22.162803
814.8	3.672843	8.072343	11.745186	22.223191
814.9	1.751757	9.987541	11.739298	22.295313
815	5.768047	5.966813	11.734860	22.374350
815.1	10.590719	1.147226	11.737945	22.451939
815.2	9.811203	1.933442	11.744645	22.519402
815.3	4.343267	7.402838	11.746105	22.570787
815.4	1.328539	10.411826	11.740365	22.604819
815.5	4.650725	7.084349	11.735075	22.625319
815.6	9.748446	1.988824	11.737270	22.640081
815.7	9.749949	1.993972	11.743921	22.658650
815.8	4.712524	7.033492	11.746016	22.689582
815.9	1.511958	10.228772	11.740730	22.737876
816	4.518906	7.216340	11.735247	22.803120
816.1	9.657948	2.079100	11.737048	22.878790
816.2	9.898446	1.845323	11.743769	22.952909
816.3	4.777680	6.968674	11.746354	23.010075
816.4	1.089488	10.651767	11.741256	23.034588
816.5	3.788056	7.947174	11.735229	23.014128
816.6	9.349944	2.386319	11.736263	22.943220
816.7	10.499667	1.243234	11.742901	22.825573
816.8	5.897019	5.849271	11.746290	22.674531
816.9	1.788065	9.954019	11.742084	22.511202
817	3.536940	8.199188	11.736129	22.360430
817.1	8.529600	3.206825	11.736425	22.245420
817.2	9.905504	1.836868	11.742372	22.182306
817.3	5.888919	5.856851	11.745770	22.176161
817.4	2.084249	9.657756	11.742005	22.219646
817.5	3.792420	7.943776	11.736197	22.294796
817.6	8.859084	2.877080	11.736164	22.377556
817.7	10.636498	1.105419	11.741918	22.443794
817.8	6.883685	4.862132	11.745816	22.475048
817.9	2.597074	9.145830	11.742904	22.462338
818	3.202967	8.534359	11.737327	22.406979
818.1	7.487858	4.248584	11.736442	22.318370
818.2	9.621529	2.119441	11.740970	22.209708
818.3	7.121969	4.622500	11.744469	22.093281
818.4	3.851931	7.890454	11.742385	21.977059
818.5	4.346559	7.391467	11.738026	21.863731
818.6	7.615170	4.122415	11.737584	21.752353
818.7	8.846159	2.895341	11.741500	21.641676
818.8	6.277313	5.466810	11.744123	21.533545
818.9	3.549732	8.192053	11.741785	21.434654
819	4.470199	7.267638	11.737837	21.355619
819.1	7.700697	4.037088	11.737785	21.307413
819.2	8.747857	2.993726	11.741584	21.296431
819.3	6.274191	5.469675	11.743866	21.320162
819.4	3.830722	7.910848	11.741571	21.365499
819.5	4.730404	7.007733	11.738137	21.410885
819.6	7.424154	4.314320	11.738475	21.432100
819.7	7.867754	3.874219	11.741974	21.410055
819.8	5.389532	6.353930	11.743462	21.337969
819.9	3.652426	8.088252	11.740679	21.225252
820	5.343512	6.394070	11.737581	21.096327
820.1	8.194696	3.544031	11.738727	20.984308
820.2	8.099991	3.642692	11.742682	20.921276
820.3	4.998677	6.745213	11.743890	20.928233
820.4	3.135600	8.604911	11.740512	21.008135
820.5	5.162063	6.575108	11.737171	21.144513
820.6	8.328786	3.409772	11.738559	21.306380
820.7	8.252213	3.490557	11.742770	21.457951
820.8	5.091956	6.651901	11.743857	21.569979
820.9	3.407964	8.332245	11.740209	21.628833
821	5.725028	6.011959	11.736987	21.640143
821.1	8.807654	2.931296	11.738950	21.625692
821.2	8.088375	3.655192	11.743567	21.614582
821.3	4.251694	7.492571	11.744265	21.631817
821.4	2.632007	9.107637	11.739643	21.688417
821.5	5.888252	5.847567	11.735819	21.776765
821.6	10.001841	1.736395	11.738235	21.873049
821.7	9.452122	2.291847	11.743968	21.946167
821.8	4.791218	6.954142	11.745360	21.970033
821.9	2.162265	9.578141	11.740406	21.934886
822	5.082972	6.652752	11.735725	21.853349
822.1	9.564429	2.173296	11.737725	21.758697
822.2	9.410642	2.333135	11.743777	21.695473
822.3	4.706512	7.039068	11.745580	21.705309
822.4	1.890314	9.850132	11.740446	21.812627
822.5	5.057411	6.677781	11.735192	22.015131
822.6	10.196479	1.540605	11.737084	22.282524
822.7	10.365135	1.378755	11.743890	22.564215
822.8	5.047983	6.698642	11.746625	22.803739
822.9	1.061956	10.679581	11.741537	22.955339
823	3.590298	8.144958	11.735256	22.997377
823.1	9.271199	2.464834	11.736033	22.938244
823.2	10.647253	1.095487	11.742740	22.812939
823.3	6.063649	5.682765	11.746413	22.671539
823.4	1.765129	9.977147	11.742277	22.563442
823.5	3.431147	8.304926	11.736073	22.522562
823.6	8.585280	3.150936	11.736217	22.558200
823.7	10.068709	1.673719	11.742428	22.654266
823.8	5.797813	5.948371	11.746184	22.776668
823.9	1.582803	10.159508	11.742311	22.885925
824	3.233033	8.502957	11.735990	22.950479
824.1	8.665704	3.070043	11.735747	22.956139
824.2	10.677667	1.064285	11.741951	22.908700
824.3	6.605790	5.140554	11.746344	22.829303
824.4	1.857363	9.885783	11.743146	22.744712
824.5	2.640935	9.095787	11.736722	22.676395
824.6	7.750677	3.984910	11.735587	22.632526
824.7	10.364515	1.376503	11.741018	22.605800
824.8	7.231687	4.513888	11.745575	22.577661
824.9	2.829639	8.913631	11.743270	22.527112
825	3.111145	8.626334	11.737479	22.440607
825.1	7.515147	4.220952	11.736100	22.319118
825.2	9.967916	1.772912	11.740828	22.179589
825.3	7.227915	4.517187	11.745102	22.050092
825.4	3.144390	8.598795	11.743185	21.960339
825.5	3.263677	8.474147	11.737824	21.930973
825.6	7.356329	4.379931	11.736260	21.965514
825.7	9.947937	1.792448	11.740384	22.047932
825.8	7.809470	3.935007	11.744477	22.146812
825.9	4.077089	7.666140	11.743229	22.224749
826	3.670832	8.067950	11.738782	22.249777
826.1	6.641827	5.095529	11.737357	22.204932
826.2	8.525330	3.215241	11.740571	22.092795
826.3	6.794844	4.948696	11.743540	21.933595
826.4	4.231194	7.510830	11.742024	21.757767
826.5	4.707757	7.030589	11.738346	21.595710
826.6	7.599160	4.138735	11.737895	21.468381
826.7	8.725926	3.015470	11.741396	21.381921
826.8	6.355082	5.388838	11.743921	21.327953
826.9	3.682314	8.059602	11.741916	21.289108
827	4.315960	7.422262	11.738222	21.247481
827.1	7.210140	4.527868	11.738007	21.192719
827.2	8.216302	3.525143	11.741445	21.126712
827.3	6.003592	5.739932	11.743524	21.063146
827.4	3.909690	7.831550	11.741240	21.022162
827.5	5.084962	6.652971	11.737933	21.022118
827.6	7.868134	3.870393	11.738528	21.071570
827.7	8.077866	3.664523	11.742389	21.164470
827.8	5.075781	6.668239	11.744020	21.280483
827.9	2.937243	8.803586	11.740829	21.390476
828	4.833222	6.903810	11.737032	21.465426
828.1	8.414939	3.323013	11.737952	21.485817
828.2	8.855851	2.886645	11.742496	21.448358
828.3	5.538083	6.206364	11.744447	21.367794
828.4	3.044026	8.697029	11.741055	21.273157
828.5	4.856431	6.880583	11.737014	21.199614
828.6	8.430848	3.307196	11.738044	21.178449
828.7	8.649720	3.093100	11.742820	21.228198
828.8	5.049494	6.695097	11.744591	21.349564
828.9	2.704974	9.035605	11.740579	21.525409
829	5.241554	6.494596	11.736150	21.725627
829.1	9.526511	2.211127	11.737638	21.915240
829.2	9.652884	2.090543	11.743427	22.063280
829.3	5.092005	6.653738	11.745743	22.150008
829.4	1.791611	9.949549	11.741160	22.170709
829.5	4.326350	7.409222	11.735572	22.135443
829.6	9.558765	2.177739	11.736504	22.065286
829.7	10.603603	1.139290	11.742894	21.986449
829.8	6.029132	5.717149	11.746281	21.924019
829.9	1.896995	9.845117	11.742112	21.896866
830	3.695404	8.040569	11.735973	21.914710
830.1	8.925677	2.810488	11.736165	21.977638
830.2	10.416080	1.326400	11.742481	22.077718
830.3	6.019276	5.727098	11.746374	22.201964
830.4	1.613760	10.128696	11.742457	22.335764
830.5	3.245628	8.490233	11.735860	22.465976
830.6	8.923754	2.811685	11.735439	22.583117
830.7	11.163690	0.578184	11.741874	22.682342
830.8	6.948832	4.797863	11.746695	22.763169
830.9	1.760650	9.982934	11.743584	22.828156
831	2.273275	9.463502	11.736777	22.880905
831.1	7.526616	4.208692	11.735308	22.923974
831.2	10.376080	1.364831	11.740911	22.957283
831.3	7.145566	4.600287	11.745853	22.977570
831.4	2.443000	9.300485	11.743485	22.979198
831.5	2.763175	8.973985	11.737160	22.956205
831.6	7.658727	4.076832	11.735559	22.905079
831.7	10.412325	1.328561	11.740886	22.827342
831.8	7.187984	4.557957	11.745941	22.730965
831.9	2.225626	9.518274	11.743900	22.629813
832	2.123250	9.614228	11.737478	22.540936
832.1	7.013644	4.721543	11.735188	22.480191
832.2	10.489041	1.250866	11.739907	22.457429
832.3	8.201846	3.543372	11.745217	22.472752
832.4	3.486742	8.257447	11.744190	22.515277
832.5	2.634153	9.104408	11.738561	22.565102
832.6	6.463324	5.272720	11.736044	22.598243
832.7	9.544222	2.195572	11.739794	22.593238
832.8	7.778729	3.965684	11.744413	22.537457
832.9	3.838473	7.905114	11.743587	22.431122
833	3.252231	8.486404	11.738635	22.287631
833.1	6.800695	4.935723	11.736419	22.129960
833.2	9.629647	2.110205	11.739852	21.984178
833.3	8.009575	3.734551	11.744126	21.872103
833.4	4.297451	7.446074	11.743525	21.805435
833.5	3.478661	8.260501	11.739162	21.783225
833.6	6.353901	5.383207	11.737109	21.793400
833.7	8.755118	2.984787	11.739906	21.817636
833.8	7.529203	4.214131	11.743335	21.837765
833.9	4.749303	6.993326	11.742629	21.841349
834	4.459978	7.279137	11.739115	21.824469
834.1	6.855467	4.882572	11.738040	21.790863
834.2	8.177726	3.563215	11.740941	21.747985
834.3	6.298556	5.444941	11.743496	21.701796
834.4	3.879346	7.862477	11.741823	21.652610
834.5	4.556706	7.181451	11.738157	21.593952
834.6	7.616193	4.121561	11.737754	21.515173
834.7	8.832191	2.909183	11.741374	21.407000
834.8	6.402308	5.341744	11.744052	21.267892
834.9	3.583137	8.158900	11.742037	21.108470
835	4.188973	7.549172	11.738145	20.951800
835.1	7.221501	4.516360	11.737861	20.828704
835.2	8.258585	3.482992	11.741576	20.769156
835.3	5.751774	5.992153	11.743927	20.792416
835.4	3.336502	8.404866	11.741368	20.899360
835.5	4.727377	7.009987	11.737364	21.069972
835.6	8.280377	3.457328	11.737704	21.267406
835.7	9.032498	2.709769	11.742266	21.447789
835.8	5.641167	6.103690	11.744857	21.572881
835.9	2.541622	9.200079	11.741700	21.621529
836	4.019351	7.717550	11.736902	21.596064
836.1	8.207015	3.530014	11.737028	21.521322
836.2	9.454599	2.287417	11.742015	21.436448
836.3	6.074463	5.670561	11.745024	21.382057
836.4	2.806084	8.935703	11.741786	21.387020
836.5	4.360610	7.376071	11.736681	21.459315
836.6	8.770204	2.966704	11.736908	21.584065
836.7	9.863049	1.879436	11.742484	21.729437
836.8	5.772523	5.973343	11.745866	21.858333
836.9	1.833669	9.908461	11.742130	21.941787
837	3.568272	8.167692	11.735964	21.969334
837.1	9.051619	2.684033	11.735652	21.952663
837.2	11.171652	0.570224	11.741876	21.921191
837.3	7.057881	4.688640	11.746521	21.911101
837.4	2.053992	9.689421	11.743413	21.951672
837.5	2.705571	9.031099	11.736670	22.053827
837.6	8.031380	3.703901	11.735281	22.205055
837.7	10.826974	0.914091	11.741066	22.372702
837.8	7.333831	4.412371	11.746203	22.514693
837.9	2.292553	9.451193	11.743746	22.594085
838	2.546135	9.190867	11.737002	22.592450
838.1	7.787694	3.947400	11.735094	22.517379
838.2	10.935817	0.804842	11.740659	22.401376
838.3	7.660040	4.086226	11.746267	22.292305
838.4	2.234820	9.509568	11.744388	22.238447
838.5	1.839298	9.898206	11.737504	22.273091
838.6	6.971338	4.763416	11.734754	22.403713
838.7	10.830622	0.909080	11.739702	22.609297
838.8	8.417391	3.328283	11.745673	22.846578
838.9	3.089082	8.655732	11.744814	23.063053
839	1.888478	9.850061	11.738538	23.212422
839.1	6.108485	5.626901	11.735386	23.267435
839.2	9.792306	1.947113	11.739419	23.226181
839.3	7.966148	3.778763	11.744911	23.110182
839.4	3.313554	8.430768	11.744322	22.955452
839.5	2.354401	9.384117	11.738518	22.799969
839.6	6.512664	5.222786	11.735450	22.671991
839.7	10.227109	1.512185	11.739293	22.583071
839.8	8.520957	3.223923	11.744879	22.527719
839.9	3.666420	8.078373	11.744793	22.489183
840	2.028118	9.711190	11.739308	22.448661
840.1	5.556915	6.178863	11.735778	22.394184
840.2	9.427780	2.310858	11.738637	22.325752
840.3	8.721943	3.021747	11.743690	22.254907
840.4	4.874565	6.869578	11.744142	22.199136
840.5	3.324554	8.415237	11.739791	22.173491
840.6	5.975912	5.760974	11.736887	22.182869
840.7	8.871627	2.867694	11.739321	22.218090
840.8	7.940601	3.802861	11.743463	22.257500
840.9	4.599530	7.143965	11.743495	22.273667
841	3.567344	8.172156	11.739500	22.242847
841.1	6.231020	5.506086	11.737106	22.153782
841.2	8.866750	2.872762	11.739511	22.012580
841.3	7.968391	3.774798	11.743189	21.841812
841.4	5.038319	6.704737	11.743055	21.673972
841.5	4.227764	7.511835	11.739599	21.541465
841.6	6.401023	5.336920	11.737943	21.466511
841.7	8.086325	3.654085	11.740410	21.454344
841.8	6.653731	5.089517	11.743248	21.491967
841.9	4.186837	7.555302	11.742139	21.552764
842	4.461084	7.277444	11.738529	21.605309
842.1	7.362461	4.375207	11.737667	21.623310
842.2	8.829163	2.911894	11.741057	21.593371
842.3	6.575966	5.168120	11.744086	21.518117
842.4	3.513973	8.228440	11.742413	21.413892
842.5	3.844773	7.893428	11.738202	21.304152
842.6	7.152670	4.584611	11.737282	21.211050
842.7	8.851118	2.889879	11.740997	21.148257
842.8	6.548880	5.195300	11.744180	21.117403
842.9	3.474734	8.267571	11.742306	21.109201
843	4.016504	7.721436	11.737941	21.108560
843.1	7.480830	4.256475	11.737305	21.101650
843.2	8.902541	2.838966	11.741507	21.082245
843.3	6.012648	5.732076	11.744724	21.055024
843.4	2.678939	9.063252	11.742191	21.034656
843.5	3.745367	7.991700	11.737067	21.040988
843.6	8.176669	3.559741	11.736410	21.092011
843.7	10.127337	1.614103	11.741440	21.197001
843.8	6.827180	4.918353	11.745533	21.352140
843.9	2.565635	9.177438	11.743073	21.540076
844	3.063066	8.674186	11.737252	21.733586
844.1	7.673041	4.062910	11.735952	21.902241
844.2	10.125005	1.616009	11.741014	22.020092
844.3	7.036826	4.708715	11.745541	22.072200
844.4	2.662484	9.080710	11.743194	22.058258
844.5	3.206885	8.530103	11.736988	21.992481
844.6	8.252476	3.482958	11.735434	21.899990
844.7	11.048629	0.692342	11.740971	21.810802
844.8	7.557656	4.188722	11.746378	21.753048
844.9	2.119516	9.624792	11.744308	21.747030
845	1.886469	9.850799	11.737268	21.801375
845.1	7.288920	4.445564	11.734483	21.911920
845.2	11.335090	0.404550	11.739640	22.063326
845.3	8.820768	2.925156	11.745924	22.232846
845.4	3.192819	8.552268	11.745087	22.395362
845.5	1.887932	9.850497	11.738429	22.528608
845.6	6.410155	5.324802	11.734957	22.617581
845.7	10.444131	1.295127	11.739257	22.657280
845.8	8.453957	3.291446	11.745403	22.653267
845.9	3.131651	8.613384	11.745035	22.619934
846	1.701763	10.036872	11.738635	22.576819
846.1	6.151949	5.582865	11.734814	22.543804
846.2	10.574775	1.163907	11.738682	22.536302
846.3	9.119972	2.625072	11.745043	22.561654
846.4	3.778451	7.967020	11.745471	22.617706
846.5	1.594171	10.145412	11.739583	22.693968
846.6	5.221639	6.513718	11.735357	22.775062
846.7	9.567492	2.170791	11.738283	22.845423
846.8	8.834096	2.910045	11.744141	22.893807
846.9	4.264238	7.480721	11.744960	22.916153
847	2.208768	9.531051	11.739819	22.915839
847.1	5.404170	6.331695	11.735864	22.901259
847.2	9.385061	2.353377	11.738438	22.881561
847.3	8.714788	3.029128	11.743915	22.862136
847.4	4.366074	7.378752	11.744826	22.841587
847.5	2.272453	9.467563	11.740015	22.811477
847.6	5.241757	6.494268	11.736025	22.759188
847.7	9.290637	2.447464	11.738101	22.673058
847.8	9.167453	2.575800	11.743253	22.548018
847.9	5.333521	6.411073	11.744594	22.389621
848	3.022084	8.718606	11.740690	22.214728
848.1	5.026739	6.710384	11.737123	22.048233
848.2	8.209172	3.529399	11.738571	21.916561
848.3	8.193597	3.548977	11.742574	21.839916
848.4	5.400634	6.342735	11.743369	21.825828
848.5	4.110098	7.629942	11.740040	21.866259
848.6	6.220904	5.516647	11.737551	21.939412
848.7	8.633841	3.105685	11.739526	22.015833
848.8	7.795130	3.948010	11.743140	22.066877
848.9	4.795205	6.948037	11.743242	22.072805
849	3.797259	7.942435	11.739694	22.027827
849.1	6.121069	5.616449	11.737518	21.940471
849.2	8.419366	3.320353	11.739719	21.829309
849.3	7.491137	4.251909	11.743046	21.715682
849.4	4.828081	6.914616	11.742697	21.616139
849.5	4.398428	7.340805	11.739232	21.537370
849.6	6.844297	4.893511	11.737808	21.475431
849.7	8.453484	3.287234	11.740718	21.419418
849.8	6.512262	5.231636	11.743899	21.357999
849.9	3.444413	8.298162	11.742574	21.286091
850	3.637658	8.100552	11.738210	21.208824
850.1	7.189670	4.547125	11.736795	21.140941
850.2	9.439212	2.301313	11.740525	21.101570
850.3	7.263180	4.481298	11.744478	21.106147
850.4	3.516260	8.226966	11.743226	21.158618
850.5	3.260012	8.478414	11.738425	21.247131
850.6	6.779490	4.957221	11.736711	21.345407
850.7	9.089199	2.651337	11.740536	21.419918
850.8	6.827290	4.917304	11.744593	21.440837
850.9	3.074641	8.668411	11.743052	21.393104
851	3.234575	8.503216	11.737791	21.283606
851.1	7.445041	4.291044	11.736085	21.141543
851.2	10.079863	1.660733	11.740595	21.011284
851.3	7.353878	4.391515	11.745393	20.939578
851.4	2.729102	9.014731	11.743834	20.961091
851.5	2.474719	9.263040	11.737759	21.087013
851.6	7.141321	4.593980	11.735301	21.300625
851.7	10.589915	1.150000	11.739915	21.561537
851.8	8.174637	3.570860	11.745497	21.817429
851.9	3.117043	8.627437	11.744480	22.019563
852	2.284173	9.453970	11.738142	22.137067
852.1	6.888709	4.846348	11.735057	22.165310
852.2	10.714818	1.024713	11.739532	22.125712
852.3	8.460285	3.285339	11.745624	22.057168
852.4	3.020258	8.724766	11.745024	22.002147
852.5	1.755890	9.982432	11.738322	21.992273
852.6	6.597667	5.136740	11.734407	22.038313
852.7	11.290814	0.447805	11.738619	22.127919
852.8	9.621577	2.123941	11.745518	22.231706
852.9	3.692288	8.053767	11.746055	22.315343
853	1.163014	10.576587	11.739601	22.353231
853.1	5.132301	6.602418	11.734719	22.338818
853.2	10.161018	1.576691	11.737710	22.287832
853.3	9.648638	2.095688	11.744326	22.233245
853.4	4.571351	7.174314	11.745666	22.213698
853.5	1.926911	9.813235	11.740147	22.259476
853.6	5.187631	6.547807	11.735437	22.380959
853.7	9.716685	2.021254	11.737939	22.563670
853.8	9.200979	2.543201	11.744180	22.771703
853.9	4.240519	7.505128	11.745647	22.958476
854	1.487925	10.252412	11.740337	23.081180
854.1	4.642180	7.093187	11.735367	23.114112
854.2	9.528621	2.208679	11.737300	23.056455
854.3	9.782320	1.961091	11.743412	22.932040
854.4	5.305442	6.440122	11.745564	22.781332
854.5	2.151723	9.589455	11.741178	22.648481
854.6	4.270303	7.466123	11.736425	22.567832
854.7	8.405319	3.332305	11.737625	22.554268
854.8	8.831781	2.911013	11.742794	22.600323
854.9	5.178846	6.565839	11.744685	22.680553
855	2.695370	9.045426	11.740796	22.761220
855.1	4.892433	6.844159	11.736592	22.811658
855.2	8.798464	2.939358	11.737822	22.813384
855.3	9.167096	2.575616	11.742712	22.764072
855.4	5.631182	6.113435	11.744617	22.675532
855.5	3.018076	8.723085	11.741161	22.567036
855.6	4.666534	7.070704	11.737238	22.456897
855.7	8.069787	3.668272	11.738059	22.355653
855.8	8.616475	3.125641	11.742116	22.263362
855.9	5.938055	5.805590	11.743645	22.171798
856	4.078927	7.661847	11.740774	22.070363
856.1	5.593967	6.143912	11.737878	21.953118
856.2	8.057538	3.681592	11.739129	21.823914
856.3	7.761483	3.981100	11.742583	21.697384
856.4	5.124474	6.618646	11.743120	21.595160
856.5	4.056210	7.683668	11.739878	21.538550
856.6	6.256619	5.480902	11.737521	21.540316
856.7	8.671409	3.068133	11.739542	21.598610
856.8	7.805514	3.937664	11.743178	21.695449
856.9	4.769331	6.973933	11.743263	21.800529
857	3.795968	7.943649	11.739616	21.879331
857.1	6.225008	5.512414	11.737422	21.902930
857.2	8.507531	3.232362	11.739893	21.856366
857.3	7.217199	4.526362	11.743561	21.742856
857.4	4.058525	7.684526	11.743052	21.582562
857.5	3.633377	8.105429	11.738806	21.406414
857.6	6.873954	4.862812	11.736766	21.247068
857.7	9.406779	2.333335	11.740115	21.129926
857.8	7.469336	4.275193	11.744529	21.066988
857.9	3.334147	8.409722	11.743869	21.055235
858	2.504355	9.234386	11.738741	21.079684
858.1	6.222555	5.513421	11.735976	21.119756
858.2	9.583722	2.155661	11.739383	21.156609
858.3	8.100223	3.644158	11.744382	21.178991
858.4	3.870592	7.873537	11.744129	21.185848
858.5	2.775806	8.963146	11.738952	21.185143
858.6	6.364265	5.371791	11.736057	21.189665
858.7	9.585857	2.153778	11.739635	21.211506
858.8	7.708529	4.036352	11.744881	21.257235
858.9	3.045629	8.698753	11.744382	21.325355
859	2.072630	9.665776	11.738406	21.406774
859.1	6.568960	5.165940	11.734900	21.487951
859.2	10.861454	0.877380	11.738834	21.555545
859.3	9.236984	2.508251	11.745235	21.600975
859.4	3.709311	8.036303	11.745614	21.623461
859.5	1.528394	10.210995	11.739388	21.630643
859.6	5.547030	6.187794	11.734824	21.636673
859.7	10.356169	1.381849	11.738017	21.658401
859.8	9.506943	2.237714	11.744657	21.710727
859.9	4.190723	7.555042	11.745765	21.802352
860	1.661940	10.077859	11.739800	21.932975
860.1	5.453752	6.281037	11.734790	22.092575
860.2	10.550934	1.186625	11.737559	22.262926
860.3	10.075259	1.669242	11.744502	22.421054
860.4	4.536205	7.210160	11.746366	22.543924
860.5	1.208101	10.532540	11.740641	22.613460
860.6	4.451113	7.283799	11.734912	22.620849
860.7	9.941458	1.795250	11.736708	22.569185
860.8	10.481610	1.261909	11.743519	22.473729
860.9	5.528247	6.218051	11.746297	22.359487
861	1.721509	10.020067	11.741576	22.256391
861.1	3.905102	7.830797	11.735898	22.192965
861.2	8.804470	2.932346	11.736816	22.189863
861.3	9.698555	2.044249	11.742804	22.254876
861.4	5.529124	6.216473	11.745598	22.380790
861.5	2.130235	9.611258	11.741493	22.546865
861.6	4.153455	7.582753	11.736208	22.723737
861.7	8.797464	2.939476	11.736940	22.880570
861.8	9.738023	2.004604	11.742627	22.992555
861.9	5.716076	6.029493	11.745569	23.046650
862	2.118008	9.623911	11.741919	23.043896
862.1	3.617011	8.119706	11.736717	22.997662
862.2	8.004496	3.732356	11.736852	22.928427
862.3	9.420393	2.321426	11.741819	22.856800
862.4	6.296265	5.448473	11.744739	22.797101
862.5	3.179716	8.562160	11.741876	22.753576
862.6	4.274233	7.463259	11.737492	22.720471
862.7	7.785316	3.952357	11.737673	22.685783
862.8	8.687309	3.054650	11.741959	22.637233
862.9	5.778341	5.965905	11.744246	22.568163
863	3.212931	8.528445	11.741376	22.481080
863.1	4.617484	7.119900	11.737384	22.387409
863.2	8.118483	3.619243	11.737725	22.303431
863.3	9.068427	2.673345	11.741772	22.243836
863.4	6.450525	5.293397	11.743922	22.215314
863.5	4.039488	7.702002	11.741490	22.212719
863.6	4.960186	6.778033	11.738220	22.219477
863.7	7.462468	4.276263	11.738732	22.212437
863.8	7.732754	4.009230	11.741984	22.169669
863.9	5.492326	6.250664	11.742991	22.078550
864	4.309662	7.430498	11.740160	21.941193
864.1	6.256490	5.481173	11.737663	21.775131
864.2	8.695600	3.043788	11.739388	21.608713
864.3	7.958784	3.784375	11.743160	21.472617
864.4	4.743493	7.000126	11.743619	21.390264
864.5	3.402198	8.337678	11.739876	21.370431
864.6	5.876939	5.860092	11.737031	21.404636
864.7	8.797196	2.941945	11.739140	21.470252
864.8	8.048704	3.694674	11.743378	21.538257
864.9	4.588041	7.155754	11.743795	21.582883
865	3.259112	8.480559	11.739671	21.589713
865.1	6.026655	5.710090	11.736744	21.559369
865.2	9.041545	2.697756	11.739301	21.505508
865.3	7.876157	3.867829	11.743986	21.447997
865.4	3.842770	7.901432	11.744202	21.403944
865.5	2.470336	9.268975	11.739311	21.380115
865.6	5.918040	5.817816	11.735856	21.369792
865.7	9.733697	2.005038	11.738735	21.355497
865.8	8.710207	3.034081	11.744287	21.316746
865.9	4.056992	7.688023	11.745014	21.239976
866	1.969355	9.770448	11.739804	21.126799
866.1	5.277190	6.458462	11.735652	20.997098
866.2	9.496057	2.242187	11.738243	20.885246
866.3	8.848343	2.895749	11.744092	20.830185
866.4	4.202561	7.542579	11.745140	20.862462
866.5	2.020853	9.718931	11.739784	20.992651
866.6	5.536582	6.198695	11.735277	21.205412
866.7	10.140180	1.597782	11.737962	21.461684
866.8	9.469842	2.274631	11.744472	21.708837
866.9	4.137907	7.608119	11.746027	21.895820
867	1.180653	10.559627	11.740281	21.988517
867.1	4.713627	7.021085	11.734712	21.980267
867.2	10.289353	1.447391	11.736744	21.893984
867.3	10.681483	1.062276	11.743760	21.775034
867.4	5.474206	6.272303	11.746509	21.677084
867.5	1.606794	10.134653	11.741447	21.645486
867.6	4.103938	7.631511	11.735449	21.703579
867.7	9.413100	2.323450	11.736550	21.846309
867.8	10.269547	1.473623	11.743170	22.043075
867.9	5.504284	6.242018	11.746302	22.248644
868	1.594103	10.147566	11.741670	22.418286
868.1	3.913295	7.822171	11.735466	22.521987
868.2	9.491895	2.244111	11.736006	22.553014
868.3	10.983231	0.759362	11.742593	22.528218
868.4	6.442550	5.303986	11.746536	22.480301
868.5	1.813186	9.929602	11.742789	22.445078
868.6	2.943420	8.793100	11.736520	22.448379
868.7	7.955627	3.780353	11.735980	22.497208
868.8	10.057605	1.683903	11.741508	22.578151
868.9	6.715206	5.030224	11.745430	22.663375
869	2.770783	8.971829	11.742612	22.721860
869.1	3.594305	8.142905	11.737210	22.731686
869.2	7.825691	3.911008	11.736699	22.688924
869.3	9.480153	2.261491	11.741645	22.609921
869.4	6.250734	5.494415	11.745149	22.526197
869.5	2.576037	9.166387	11.742423	22.473778
869.6	3.465107	8.272130	11.737238	22.480703
869.7	7.696842	4.039763	11.736605	22.557055
869.8	9.609943	2.131292	11.741236	22.690921
869.9	6.811895	4.932898	11.744794	22.851561
870	3.228458	8.514198	11.742656	22.998631
870.1	3.572055	8.165966	11.738021	23.094238
870.2	7.034499	4.702714	11.737213	23.113815
870.3	8.732404	3.008597	11.741001	23.052338
870.4	6.563702	5.180173	11.743875	22.924153
870.5	3.887816	7.854102	11.741918	22.756920
870.6	4.573256	7.164863	11.738118	22.582113
870.7	7.580010	4.157908	11.737918	22.425521
870.8	8.600557	3.140964	11.741521	22.300898
870.9	6.222419	5.521348	11.743766	22.208579
871	3.854483	7.887033	11.741516	22.138956
871.1	4.824622	6.913405	11.738027	22.078961
871.2	7.700998	4.037222	11.738220	22.018779
871.3	8.430556	3.311138	11.741694	21.956117
871.4	6.143728	5.599667	11.743395	21.896508
871.5	4.314271	7.426655	11.740926	21.849771
871.6	5.654553	6.083443	11.737996	21.824277
871.7	8.114997	3.624056	11.739053	21.821514
871.8	7.820937	3.921799	11.742736	21.833329
871.9	4.825116	6.918515	11.743631	21.843149
872	3.338791	8.401259	11.740050	21.830948
872.1	5.821841	5.914936	11.736777	21.780281
872.2	9.206081	2.532485	11.738566	21.684826
872.3	8.855723	2.887572	11.743295	21.552009
872.4	5.030153	6.714421	11.744574	21.402227
872.5	2.776835	8.963707	11.740543	21.263723
872.6	5.090698	6.645970	11.736667	21.164629
872.7	8.690469	3.047873	11.738342	21.124707
872.8	8.446959	3.296359	11.743318	21.149381
872.9	4.553307	7.191300	11.744607	21.227945
873	2.454720	9.285434	11.740155	21.336437
873.1	5.357179	6.378778	11.735958	21.444234
873.2	9.548355	2.189643	11.737998	21.522292
873.3	9.225523	2.518318	11.743841	21.550583
873.4	4.494405	7.251219	11.745624	21.522650
873.5	1.530556	10.210157	11.740713	21.446215
873.6	4.364074	7.371456	11.735530	21.340020
873.7	9.317205	2.419842	11.737047	21.228159
873.8	9.814199	1.929087	11.743286	21.133725
873.9	5.244616	6.501224	11.745840	21.073607
874	1.853863	9.887366	11.741230	21.055666
874.1	4.299507	7.436215	11.735722	21.078690
874.2	9.260586	2.476311	11.736897	21.134686
874.3	9.880366	1.862906	11.743272	21.212470
874.4	5.147455	6.598700	11.746154	21.301345
874.5	1.452380	10.289032	11.741412	21.393824
874.6	4.022197	7.713054	11.735251	21.486828
874.7	9.720747	2.015264	11.736011	21.581263
874.8	11.054526	0.688366	11.742892	21.680344
874.9	6.165747	5.581109	11.746857	21.787281
875	1.411927	10.330721	11.742647	21.903043
875.1	2.984850	8.750973	11.735823	22.024790
875.2	8.729858	3.005500	11.735359	22.145431
875.3	11.077240	0.664477	11.741716	22.254505
875.4	7.110014	4.636341	11.746356	22.340283
875.5	2.298156	9.445068	11.743225	22.392735
875.6	3.033617	8.703123	11.736740	22.406695
875.7	8.111722	3.623947	11.735668	22.384399
875.8	10.537314	1.204009	11.741323	22.336528
875.9	7.027481	4.718490	11.745972	22.281143
876	2.343272	9.400103	11.743374	22.240360
876.1	2.765876	8.971225	11.737101	22.235261
876.2	7.679026	4.056520	11.735547	22.280210
876.3	10.544092	1.196540	11.740632	22.378106
876.4	7.717245	4.028209	11.745454	22.518167
876.5	3.131379	8.612376	11.743755	22.677239
876.6	2.761154	8.977030	11.738185	22.824762
876.7	6.640130	5.096223	11.736353	22.930330
876.8	9.179645	2.560785	11.740430	22.971891
876.9	6.992811	4.751687	11.744499	22.942213
877	3.369925	8.373007	11.742933	22.851530
877.1	3.493425	8.244620	11.738045	22.725357
877.2	7.240260	4.496411	11.736670	22.597833
877.3	9.458906	2.281781	11.740687	22.502441
877.4	7.117186	4.627393	11.744579	22.462798
877.5	3.381520	8.361613	11.743133	22.486325
877.6	3.174696	8.563784	11.738480	22.562728
877.7	6.524644	5.212286	11.736930	22.667725
877.8	8.793763	2.946516	11.740279	22.770764
877.9	7.173981	4.569654	11.743635	22.844175
878	4.328125	7.414328	11.742453	22.870779
878.1	4.355856	7.382888	11.738744	22.847529
878.2	7.015573	4.722357	11.737930	22.784184
878.3	8.298878	3.442203	11.741081	22.697772
878.4	6.305662	5.437870	11.743531	22.605068
878.5	3.960998	7.780669	11.741667	22.515993
878.6	4.767639	6.970474	11.738113	22.430407
878.7	7.731418	4.006554	11.737972	22.339507
878.8	8.729188	3.012321	11.741509	22.231193
878.9	6.380898	5.362833	11.743731	22.097263
879	4.043026	7.698466	11.741491	21.939466
879.1	5.030947	6.707079	11.738025	21.771829
879.2	7.849253	3.889115	11.738369	21.617991
879.3	8.298637	3.443465	11.742102	21.504179
879.4	5.566425	6.177370	11.743794	21.450179
879.5	3.581630	8.159123	11.740753	21.461573
879.6	5.472530	6.264592	11.737123	21.526253
879.7	8.862018	2.876238	11.738255	21.616780
879.8	8.890898	2.852099	11.742997	21.698136
879.9	5.072419	6.672459	11.744879	21.738423
880	2.364097	9.376893	11.740990	21.718890
880.1	4.565092	7.171242	11.736334	21.639800
880.2	8.933649	2.803617	11.737266	21.520007
880.3	9.646808	2.095909	11.742717	21.390305
880.4	5.680734	6.064651	11.745385	21.282815
880.5	2.343843	9.397765	11.741608	21.220135
880.6	4.128839	7.607669	11.736509	21.208081
880.7	8.515192	3.221937	11.737129	21.234619
880.8	9.322597	2.420128	11.742726	21.275322
880.9	5.229119	6.516464	11.745584	21.303363
881	1.788664	9.952861	11.741526	21.300301
881.1	3.950586	7.785257	11.735843	21.263620
881.2	9.139958	2.596361	11.736319	21.208110
881.3	10.480257	1.262330	11.742587	21.160388
881.4	6.041192	5.705181	11.746373	21.148472
881.5	1.606207	10.136350	11.742557	21.190189
881.6	3.022301	8.713885	11.736187	21.284809
881.7	8.334241	3.401544	11.735786	21.411265
881.8	10.380062	1.361795	11.741857	21.534039
881.9	6.454240	5.291899	11.746140	21.614998
882	1.997396	9.745361	11.742756	21.627236
882.1	3.243411	8.492824	11.736235	21.566037
882.2	8.704562	3.030908	11.735470	21.452894
882.3	11.054683	0.687001	11.741684	21.330741
882.4	6.978455	4.768197	11.746652	21.251599
882.5	1.741515	10.002162	11.743677	21.260444
882.6	2.261779	9.474821	11.736600	21.380549
882.7	7.914810	3.819908	11.734718	21.605172
882.8	11.366155	0.374269	11.740424	21.898454
882.9	8.280917	3.465201	11.746119	22.205373
883	2.928749	8.815674	11.744423	22.467599
883.1	2.328210	9.409683	11.737893	22.640201
883.2	6.938745	4.796598	11.735343	22.703893
883.3	10.325687	1.414277	11.739964	22.669076
883.4	7.978485	3.766790	11.745275	22.570661
883.5	3.260713	8.483387	11.744100	22.455727
883.6	2.636149	9.102050	11.738198	22.368309
883.7	6.882348	4.853296	11.735644	22.336387
883.8	10.187604	1.552207	11.739811	22.365177
883.9	8.116846	3.628132	11.744978	22.438499
884	3.506418	8.237838	11.744256	22.527181
884.1	2.455653	9.283173	11.738826	22.601135
884.2	6.111360	5.624699	11.736059	22.640618
884.3	9.382873	2.356554	11.739427	22.642780
884.4	8.018365	3.725708	11.744073	22.621424
884.5	4.197809	7.545925	11.743735	22.600430
884.6	3.210510	8.528725	11.739235	22.603568
884.7	6.130496	5.606487	11.736983	22.644592
884.8	8.603387	3.136574	11.739961	22.721269
884.9	7.118162	4.625620	11.743781	22.815495
885	3.859356	7.883662	11.743019	22.899326
885.1	3.508980	8.229786	11.738765	22.944710
885.2	6.664005	5.072956	11.736961	22.933341
885.3	9.061808	2.678257	11.740066	22.863173
885.4	7.532635	4.211125	11.743760	22.749337
885.5	4.288988	7.454086	11.743074	22.619243
885.6	3.697741	8.041478	11.739219	22.503678
885.7	6.240186	5.497463	11.737649	22.427027
885.8	8.106308	3.634010	11.740318	22.399925
885.9	6.765968	4.977146	11.743114	22.416679
886	4.491808	7.250110	11.741918	22.458066
886.1	4.901773	6.836764	11.738538	22.498214
886.2	7.596444	4.141605	11.738049	22.513029
886.3	8.652367	3.089027	11.741394	22.487212
886.4	6.316864	5.427005	11.743868	22.417674
886.5	3.720828	8.020966	11.741794	22.312550
886.6	4.566124	7.171793	11.737918	22.186656
886.7	7.794066	3.943645	11.737711	22.055402
886.8	8.906112	2.835478	11.741590	21.929585
886.9	6.290458	5.453662	11.744120	21.812928
887	3.647799	8.093798	11.741597	21.703047
887.1	4.866661	6.870803	11.737464	21.595150
887.2	8.384202	3.353498	11.737700	21.486712
887.3	9.119057	2.623275	11.742332	21.381044
887.4	5.604283	6.140733	11.745016	21.288168
887.5	2.397417	9.344286	11.741703	21.222448
887.6	4.048559	7.687992	11.736551	21.197750
887.7	8.676926	3.059658	11.736584	21.221840
887.8	10.173388	1.568664	11.742052	21.292102
887.9	6.394628	5.351130	11.745758	21.394232
888	2.248310	9.494355	11.742665	21.504599
888.1	3.217760	8.519099	11.736859	21.595697
888.2	7.927344	3.808837	11.736181	21.643124
888.3	9.924052	1.817522	11.741574	21.632014
888.4	6.437550	5.308124	11.745674	21.561029
888.5	2.237213	9.505566	11.742779	21.442814
888.6	3.186740	8.549996	11.736736	21.300854
888.7	8.150096	3.585762	11.735858	21.163715
888.8	10.359460	1.382103	11.741563	21.058310
888.9	6.593389	5.152837	11.746226	21.003964
889	1.744631	9.998757	11.743389	21.008677
889.1	2.394036	9.342593	11.736629	21.068291
889.2	7.905251	3.829691	11.734942	21.168461
889.3	11.108320	0.632353	11.740673	21.288689
889.4	7.815679	3.930583	11.746262	21.407275
889.5	2.434070	9.310247	11.744317	21.506035
889.6	2.082890	9.654631	11.737521	21.573812
889.7	7.084633	4.650375	11.735008	21.608200
889.8	10.605772	1.134306	11.740078	21.615294
889.9	7.910297	3.835492	11.745789	21.607659
890	2.741387	9.002971	11.744357	21.601034
890.1	2.242437	9.495228	11.737666	21.610473
890.2	7.289501	4.445227	11.734727	21.646781
890.3	11.262266	0.477293	11.739558	21.714025
890.4	8.882344	2.863464	11.745807	21.808785
890.5	3.233303	8.511972	11.745275	21.921356
890.6	1.615089	10.123711	11.738800	22.038700
890.7	5.899875	5.835089	11.734964	22.148363
890.8	10.272256	1.466324	11.738580	22.242230
890.9	9.137817	2.606696	11.744513	22.318911
891	4.415725	7.329142	11.744867	22.383852
891.1	2.595022	9.144527	11.739549	22.446935
891.2	5.881794	5.854226	11.736020	22.518191
891.3	9.475899	2.263075	11.738974	22.602964
891.4	8.362064	3.382083	11.744147	22.698276
891.5	4.114528	7.629886	11.744413	22.791891
891.6	2.549023	9.190496	11.739519	22.864839
891.7	5.720269	6.015924	11.736193	22.896982
891.8	9.268864	2.469962	11.738827	22.874066
891.9	8.505291	3.238362	11.743653	22.793968
892	4.691307	7.052851	11.744157	22.669860
892.1	3.038773	8.701200	11.739972	22.528786
892.2	5.494350	6.242704	11.737054	22.405596
892.3	8.322134	3.417138	11.739272	22.333709
892.4	7.546590	4.196636	11.743227	22.335404
892.5	4.452474	7.290798	11.743272	22.414698
892.6	3.567580	8.171862	11.739442	22.555228
892.7	6.196745	5.540482	11.737228	22.724064
892.8	8.641730	3.098028	11.739758	22.880507
892.9	7.474157	4.269300	11.743456	22.987266
893	4.341619	7.401538	11.743156	23.020570
893.1	3.596737	8.142611	11.739348	22.976085
893.2	6.195932	5.541445	11.737378	22.868829
893.3	8.466715	3.273166	11.739881	22.727266
893.4	7.366719	4.376443	11.743162	22.583655
893.5	4.713860	7.028709	11.742569	22.463965
893.6	4.437395	7.301724	11.739119	22.380701
893.7	6.866646	4.871315	11.737961	22.330898
893.8	8.276294	3.464588	11.740882	22.299665
893.9	6.371784	5.371826	11.743610	22.267675
894	3.817603	7.924314	11.741917	22.219624
894.1	4.566047	7.171841	11.737889	22.150398
894.2	8.042719	3.694554	11.737272	22.066651
894.3	9.579747	2.161576	11.741323	21.983271
894.4	6.840512	4.904169	11.744681	21.916212
894.5	3.325017	8.417604	11.742622	21.874623
894.6	3.773775	7.964017	11.737792	21.855526
894.7	7.583505	4.153321	11.736825	21.843399
894.8	9.454949	2.286224	11.741173	21.815157
894.9	6.673267	5.071588	11.744856	21.748934
895	3.039318	8.703270	11.742588	21.633467
895.1	3.772239	7.965034	11.737273	21.474465
895.2	8.167758	3.568546	11.736304	21.295290
895.3	10.237576	1.503812	11.741388	21.131198
895.4	6.810668	4.935183	11.745851	21.018778
895.5	2.130506	9.612994	11.743500	20.984061
895.6	2.401469	9.335724	11.737193	21.033397
895.7	7.403749	4.331526	11.735275	21.150453
895.8	10.588033	1.152344	11.740377	21.300584
895.9	7.769256	3.976465	11.745721	21.441317
896	2.777457	8.966697	11.744154	21.535501
896.1	2.329447	9.408390	11.737837	21.562666
896.2	6.943238	4.792147	11.735385	21.524711
896.3	10.211694	1.528492	11.740186	21.443976
896.4	7.520632	4.225080	11.745712	21.354427
896.5	2.425533	9.318779	11.744311	21.289104
896.6	1.938418	9.799256	11.737674	21.268331
896.7	6.988765	4.745939	11.734704	21.292922
896.8	10.992216	0.747319	11.739535	21.344819
896.9	8.605320	3.140522	11.745841	21.394937
897	2.940139	8.805097	11.745236	21.415355
897.1	1.476659	10.261863	11.738522	21.391356
897.2	6.099639	5.634997	11.734635	21.328808
897.3	10.621194	1.117488	11.738682	21.253965
897.4	9.093857	2.651290	11.745147	21.205458
897.5	3.726100	8.019270	11.745370	21.221062
897.6	1.811160	9.928003	11.739163	21.323800
897.7	5.895622	5.839326	11.734949	21.512289
897.8	10.432570	1.305799	11.738369	21.758927
897.9	9.319677	2.425087	11.744764	22.016851
898	4.082446	7.663100	11.745545	22.233627
898.1	1.745990	9.993735	11.739726	22.367261
898.2	5.405736	6.329365	11.735101	22.399298
898.3	10.200268	1.537451	11.737719	22.340670
898.4	9.912826	1.831110	11.743936	22.228350
898.5	5.153156	6.592397	11.745554	22.113916
898.6	2.245266	9.495526	11.740792	22.047748
898.7	4.664441	7.071862	11.736303	22.063957
898.8	8.688288	3.049636	11.737924	22.170803
898.9	8.816455	2.926526	11.742981	22.349419
899	5.226014	6.518357	11.744371	22.560897
899.1	3.163781	8.576613	11.740394	22.759048
899.2	5.497069	6.239735	11.736804	22.904477
899.3	8.848946	2.889682	11.738629	22.975399
899.4	8.450726	3.292554	11.743279	22.972004
899.5	4.765368	6.978955	11.744323	22.913485
899.6	2.751367	8.989034	11.740401	22.829397
899.7	4.998893	6.738039	11.736932	22.748744
899.8	8.312425	3.426080	11.738504	22.690727
899.9	8.281842	3.460837	11.742679	22.660179
900	5.293263	6.450381	11.743644	22.648817
900.1	3.698544	8.041795	11.740339	22.641291
900.2	5.582132	6.155550	11.737682	22.623326
900.3	7.976350	3.763092	11.739442	22.588688
900.4	7.282949	4.460009	11.742958	22.542312
900.5	4.468768	7.274291	11.743059	22.498542
900.6	3.658121	8.081374	11.739495	22.475278
900.7	6.196283	5.541017	11.737300	22.486375
900.8	8.665938	3.073690	11.739628	22.535237
900.9	7.692048	4.051193	11.743241	22.612012
901	4.718000	7.025080	11.743080	22.695501
901.1	3.955746	7.783702	11.739448	22.759098
901.2	6.396410	5.341177	11.737587	22.778719
901.3	8.407577	3.332613	11.740191	22.739981
901.4	6.976322	4.767154	11.743475	22.642255
901.5	4.151418	7.591110	11.742528	22.498367
901.6	4.223133	7.515330	11.738463	22.330254
901.7	7.475489	4.261616	11.737104	22.162221
901.8	9.452766	2.287984	11.740749	22.014155
901.9	7.111912	4.632663	11.744575	21.896895
902	3.365741	8.377366	11.743107	21.811026
902.1	3.377417	8.360594	11.738011	21.749116
902.2	7.397095	4.339091	11.736185	21.700189
902.3	10.103647	1.636699	11.740346	21.654595
902.4	7.727248	4.017767	11.745016	21.607452
902.5	3.346422	8.397367	11.743789	21.559558
902.6	2.885504	8.852691	11.738194	21.515704
902.7	7.012347	4.723512	11.735859	21.481325
902.8	10.041879	1.698263	11.740141	21.458990
902.9	7.617990	4.127325	11.745315	21.446224
903	2.829660	8.914523	11.744183	21.435571
903.1	2.234036	9.503949	11.737985	21.416917
903.2	6.927644	4.807369	11.735013	21.381244
903.3	10.799436	0.940037	11.739473	21.324438
903.4	8.594332	3.151282	11.745614	21.249775
903.5	3.050360	8.694914	11.745273	21.168137
903.6	1.380396	10.358461	11.738857	21.095806
903.7	5.673222	6.061667	11.734889	21.050418
903.8	10.108797	1.629794	11.738591	21.046257
903.9	8.795904	2.948955	11.744859	21.090193
904	3.690341	8.054829	11.745170	21.179373
904.1	1.886486	9.852650	11.739136	21.301236
904.2	5.934210	5.800832	11.735042	21.435804
904.3	10.314938	1.423657	11.738595	21.559693
904.4	8.910072	2.835028	11.745100	21.650912
904.5	3.385630	8.360090	11.745720	21.693444
904.6	1.099785	10.639638	11.739423	21.680704
904.7	5.262294	6.472185	11.734480	21.617211
904.8	10.568025	1.169412	11.737436	21.518131
904.9	10.198431	1.545946	11.744378	21.406719
905	4.820135	6.926057	11.746192	21.310027
905.1	1.578714	10.161986	11.740699	21.253609
905.2	4.553302	7.182079	11.735381	21.256237
905.3	9.497229	2.240002	11.737231	21.325766
905.4	9.748657	1.994838	11.743495	21.457189
905.5	5.167497	6.578132	11.745629	21.633537
905.6	2.113731	9.627139	11.740870	21.829653
905.7	4.743294	6.992473	11.735768	22.018067
905.8	9.490875	2.246298	11.737173	22.175570
905.9	10.024678	1.718399	11.743076	22.288718
906	5.749682	5.995875	11.745557	22.356650
906.1	2.403467	9.338047	11.741513	22.390298
906.2	4.227199	7.509384	11.736583	22.408133
906.3	8.460968	3.276299	11.737267	22.429666
906.4	9.385533	2.356730	11.742263	22.468757
906.5	6.066551	5.678091	11.744642	22.528941
906.6	3.267020	8.474421	11.741441	22.602388
906.7	4.669955	7.067458	11.737413	22.672998
906.8	7.964286	3.773854	11.738140	22.722638
906.9	8.368492	3.373861	11.742353	22.738438
907	5.373614	6.370376	11.743990	22.718504
907.1	3.296311	8.444471	11.740783	22.673870
907.2	5.103791	6.633506	11.737297	22.625695
907.3	8.281936	3.456477	11.738412	22.598389
907.4	8.428468	3.314059	11.742527	22.610877
907.5	5.388262	6.355671	11.743933	22.669001
907.6	3.353076	8.387749	11.740826	22.761902
907.7	4.946616	6.791064	11.737680	22.863952
907.8	7.680729	4.058093	11.738822	22.941988
907.9	7.653773	4.088613	11.742385	22.965700
908	5.109709	6.633422	11.743131	22.917818
908.1	3.965726	7.774264	11.739990	22.800646
908.2	6.070403	5.667182	11.737585	22.636572
908.3	8.452528	3.287031	11.739559	22.462133
908.4	7.547954	4.195298	11.743252	22.317408
908.5	4.410193	7.333176	11.743369	22.234063
908.6	3.399639	8.339906	11.739546	22.225959
908.7	6.055121	5.681922	11.737043	22.285334
908.8	8.803854	2.935547	11.739401	22.385764
908.9	7.897570	3.845777	11.743346	22.490799
909	4.723477	7.019816	11.743293	22.565301
909.1	3.911531	7.827744	11.739275	22.585624
909.2	6.733785	5.003294	11.737079	22.545324
909.3	9.116515	2.623585	11.740100	22.454709
909.4	7.324323	4.419957	11.744280	22.334788
909.5	3.494640	8.248882	11.743523	22.208144
909.6	3.029071	8.709300	11.738371	22.090315
909.7	7.074325	4.661406	11.735731	21.984909
909.8	10.507825	1.231702	11.739527	21.884228
909.9	8.631653	3.113348	11.745001	21.774960
910	3.692939	8.051884	11.744823	21.646527
910.1	2.144486	9.594586	11.739072	21.498584
910.2	6.019090	5.716309	11.735399	21.344424
910.3	10.063537	1.675260	11.738797	21.208555
910.4	8.742197	3.002521	11.744719	21.118991
910.5	3.781186	7.963902	11.745088	21.096872
910.6	1.937747	9.801535	11.739282	21.147285
910.7	5.832768	5.902373	11.735141	21.254921
910.8	10.251628	1.486788	11.738416	21.386632
910.9	9.096721	2.648122	11.744843	21.500514
911	3.711344	8.034396	11.745741	21.558746
911.1	1.239087	10.500654	11.739741	21.539905
911.2	5.061893	6.672892	11.734785	21.446457
911.3	10.169749	1.567771	11.737520	21.304653
911.4	9.798139	1.946188	11.744327	21.156595
911.5	4.477994	7.268140	11.746133	21.046975
911.6	1.313752	10.426837	11.740589	21.008834
911.7	4.440535	7.294669	11.735204	21.053164
911.8	9.512144	2.225057	11.737201	21.165838
911.9	9.632541	2.111245	11.743786	21.312921
912	4.693183	7.052786	11.745969	21.452479
912.1	1.499787	10.240953	11.740740	21.548813
912.2	4.538955	7.196190	11.735145	21.584189
912.3	9.872191	1.864583	11.736774	21.564044
912.4	10.393680	1.349855	11.743535	21.513967
912.5	5.354723	6.391740	11.746463	21.469628
912.6	1.360585	10.381138	11.741723	21.463322
912.7	3.574383	8.161258	11.735641	21.511953
912.8	8.963126	2.773022	11.736148	21.610768
912.9	10.508084	1.234203	11.742288	21.735093
913	6.529899	5.215877	11.745777	21.849462
913.1	2.632653	9.109567	11.742220	21.920924
913.2	3.953017	7.783740	11.736757	21.931799
913.3	8.375091	3.361719	11.736810	21.887300
913.4	9.708838	2.033229	11.742068	21.815245
913.5	6.191569	5.553644	11.745213	21.757767
913.6	2.712361	9.029663	11.742024	21.757728
913.7	4.003475	7.733471	11.736946	21.844368
913.8	8.279184	3.457631	11.736814	22.022986
913.9	9.850158	1.891448	11.741607	22.272091
914	6.845933	4.898846	11.744780	22.548971
914.1	3.469794	8.272541	11.742335	22.801838
914.2	4.033466	7.704537	11.738003	22.984590
914.3	7.226786	4.510952	11.737738	23.069513
914.4	8.341500	3.400007	11.741507	23.054032
914.5	5.972501	5.771211	11.743712	22.959722
914.6	3.763770	7.977485	11.741256	22.824333
914.7	5.013979	6.723814	11.737793	22.689778
914.8	7.952343	3.786029	11.738372	22.590118
914.9	8.315951	3.426282	11.742234	22.543266
915	5.453999	6.289925	11.743924	22.548629
915.1	3.283967	8.457064	11.741032	22.590738
915.2	4.784217	6.953369	11.737586	22.646967
915.3	7.826237	3.912121	11.738358	22.696238
915.4	8.203226	3.538938	11.742165	22.725639
915.5	5.537189	6.206414	11.743603	22.732912
915.6	3.721691	8.019032	11.740722	22.724504
915.7	5.323690	6.414059	11.737750	22.710491
915.8	7.927152	3.811863	11.739015	22.698740
915.9	7.639664	4.103042	11.742706	22.690738
916	4.776934	6.966459	11.743393	22.680694
916.1	3.549070	8.190776	11.739846	22.658114
916.2	6.038895	5.698111	11.737006	22.612684
916.3	9.002443	2.736652	11.739096	22.539403
916.4	8.246815	3.496646	11.743461	22.441868
916.5	4.619335	7.124690	11.744026	22.332353
916.6	3.079983	8.659827	11.739810	22.228551
916.7	5.858936	5.877631	11.736567	22.148099
916.8	9.179912	2.559001	11.738913	22.102812
916.9	8.364208	3.379520	11.743728	22.094630
917	4.440506	7.303730	11.744237	22.114662
917.1	2.953645	8.785815	11.739460	22.145607
917.2	6.293020	5.442890	11.735910	22.166687
917.3	10.078619	1.660161	11.738780	22.159446
917.4	8.919481	2.825054	11.744535	22.112555
917.5	3.942876	7.802480	11.745356	22.024251
917.6	1.654288	10.085495	11.739784	21.901874
917.7	5.284694	6.450349	11.735043	21.758971
917.8	10.235322	1.502198	11.737520	21.611146
917.9	10.023068	1.720988	11.744056	21.472107
918	4.941646	6.804352	11.745998	21.351072
918.1	1.735799	10.005000	11.740800	21.252116
918.2	4.570421	7.165092	11.735513	21.175265
918.3	9.418471	2.318842	11.737313	21.118604
918.4	9.517751	2.226000	11.743751	21.080411
918.5	4.591934	7.154068	11.746002	21.060486
918.6	1.324826	10.416001	11.740828	21.060249
918.7	4.334130	7.400959	11.735090	21.081708
918.8	9.807564	1.929014	11.736578	21.125789
918.9	10.487302	1.256160	11.743462	21.190704
919	5.388095	6.358550	11.746645	21.270992
919.1	1.172758	10.569167	11.741925	21.357567
919.2	3.291848	8.443766	11.735615	21.438840
919.3	8.768906	2.967151	11.736057	21.502666
919.4	10.283273	1.459203	11.742476	21.538713
919.5	5.991192	5.754953	11.746145	21.540784
919.6	1.870959	9.871240	11.742199	21.508633
919.7	3.545298	8.190803	11.736102	21.448889
919.8	8.704468	3.031685	11.736153	21.374772
919.9	10.315510	1.426750	11.742261	21.304428
920	6.171142	5.575003	11.746145	21.257934
920.1	1.852787	9.889770	11.742556	21.253307
920.2	3.192714	8.543584	11.736297	21.302229
920.3	8.471905	3.263781	11.735687	21.406481
920.4	10.792533	0.948900	11.741433	21.556159
920.5	7.276703	4.469165	11.745868	21.730533
920.6	2.713720	9.029595	11.743316	21.901833
920.7	2.990959	8.746522	11.737481	22.041420
920.8	7.362312	4.373838	11.736150	22.126981
920.9	9.823170	1.917547	11.740717	22.148842
921	7.343304	4.401402	11.744706	22.113442
921.1	3.678568	8.064265	11.742833	22.042642
921.2	3.907526	7.830492	11.738019	21.968645
921.3	7.498270	4.238737	11.737007	21.925659
921.4	9.322878	2.418158	11.741036	21.940548
921.5	6.868792	4.875608	11.744400	22.025219
921.6	3.570324	8.172202	11.742526	22.173130
921.7	3.888068	7.850097	11.738165	22.361132
921.8	7.195723	4.541603	11.737327	22.556226
921.9	8.876063	2.864863	11.740926	22.725196
922	6.813386	4.930397	11.743784	22.844102
922.1	4.129889	7.612162	11.742051	22.904596
922.2	4.556353	7.182127	11.738481	22.915004
922.3	7.175359	4.562927	11.738286	22.895894
922.4	7.925163	3.816503	11.741666	22.871690
922.5	5.553317	6.190292	11.743610	22.861298
922.6	3.464837	8.276302	11.741139	22.871089
922.7	4.839204	6.898435	11.737639	22.892763
922.8	7.991323	3.746778	11.738101	22.906952
922.9	8.625688	3.116321	11.742009	22.891295
923	5.858663	5.885319	11.743982	22.830123
923.1	3.494855	8.246469	11.741324	22.722154
923.2	4.701753	7.036084	11.737836	22.583239
923.3	7.576444	4.162004	11.738448	22.442871
923.4	7.900410	3.841791	11.742201	22.335366
923.5	5.216535	6.527040	11.743575	22.288604
923.6	3.560856	8.179536	11.740392	22.314185
923.7	5.669278	6.067839	11.737116	22.402490
923.8	8.835082	2.903570	11.738652	22.524553
923.9	8.502392	3.240813	11.743205	22.640332
924	4.786662	6.957793	11.744456	22.710722
924.1	2.676560	9.063792	11.740352	22.709381
924.2	5.264021	6.472287	11.736308	22.630410
924.3	9.258716	2.479246	11.737962	22.489380
924.4	9.258323	2.484942	11.743265	22.317467
924.5	5.185458	6.559542	11.745000	22.150815
924.6	2.600170	9.140481	11.740651	22.018878
924.7	5.155683	6.580417	11.736100	21.935728
924.8	9.426773	2.310959	11.737733	21.897217
924.9	9.422738	2.320804	11.743542	21.884681
925	4.871076	6.874499	11.745575	21.873549
925.1	1.882608	9.858147	11.740755	21.843448
925.2	4.760663	6.974711	11.735373	21.785953
925.3	9.941764	1.795049	11.736813	21.707098
925.4	10.511164	1.232288	11.743452	21.623810
925.5	5.480305	6.266254	11.746559	21.555766
925.6	1.313791	10.428127	11.741918	21.515991
925.7	3.429387	8.306216	11.735604	21.504023
925.8	8.962884	2.773076	11.735960	21.504574
925.9	10.564323	1.178114	11.742436	21.492537
926	6.207205	5.539117	11.746322	21.442738
926.1	1.844224	9.898237	11.742461	21.340900
926.2	3.335725	8.400445	11.736171	21.191624
926.3	8.542475	3.193548	11.736023	21.020067
926.4	10.258486	1.483748	11.742235	20.866156
926.5	6.010674	5.735689	11.746363	20.772851
926.6	1.463709	10.279015	11.742724	20.772217
926.7	2.809431	8.926669	11.736100	20.874039
926.8	8.404943	3.330390	11.735333	21.061025
926.9	10.932216	0.809230	11.741446	21.292544
927	7.156666	4.589653	11.746318	21.515954
927.1	2.165784	9.577812	11.743596	21.681983
927.2	2.479948	9.257166	11.737115	21.759191
927.3	7.394908	4.340669	11.735576	21.742794
927.4	10.142350	1.598485	11.740835	21.655016
927.5	7.112298	4.633288	11.745586	21.536938
927.6	2.617713	9.125672	11.743384	21.434696
927.7	2.909503	8.827784	11.737287	21.384708
927.8	7.700598	4.034973	11.735571	21.402845
927.9	10.628460	1.112063	11.740524	21.481025
928	7.852056	3.893448	11.745505	21.592101
928.1	3.103423	8.640572	11.743994	21.701047
928.2	2.554872	9.183350	11.738223	21.778324
928.3	6.645164	5.090719	11.735883	21.810701
928.4	9.812244	1.927501	11.739745	21.805752
928.5	8.129349	3.614935	11.744284	21.788619
928.6	4.322869	7.420634	11.743503	21.792320
928.7	3.651870	8.087064	11.738934	21.845158
928.8	6.689995	5.047090	11.737085	21.959746
928.9	8.896578	2.843733	11.740311	22.127521
929	7.171706	4.572129	11.743835	22.320667
929.1	4.080036	7.662645	11.742681	22.500780
929.2	4.045102	7.693482	11.738585	22.631285
929.3	7.098184	4.639171	11.737355	22.689366
929.4	8.939090	2.801573	11.740663	22.673427
929.5	7.030055	4.713771	11.743826	22.603654
929.6	4.070846	7.671657	11.742503	22.515607
929.7	4.087735	7.650987	11.738722	22.449091
929.8	6.795995	4.941861	11.737856	22.435989
929.9	8.172195	3.568781	11.740976	22.490958
930	6.278591	5.464855	11.743446	22.607760
930.1	3.989291	7.752356	11.741647	22.762049
930.2	4.768840	6.969354	11.738194	22.919314
930.3	7.584480	4.153714	11.738194	23.045147
930.4	8.290968	3.450887	11.741855	23.114486
930.5	5.603739	6.140276	11.744016	23.117139
930.6	3.137125	8.604294	11.741419	23.058330
930.7	4.435915	7.301577	11.737492	22.954795
930.8	7.897994	3.839708	11.737702	22.828282
930.9	8.846036	2.895819	11.741855	22.698951
931	6.024302	5.719908	11.744210	22.580823
931.1	3.423057	8.318411	11.741468	22.480404
931.2	4.718687	7.018818	11.737505	22.398286
931.3	8.033092	3.704936	11.738028	22.332458
931.4	8.488880	3.253571	11.742452	22.281594
931.5	5.174978	6.569497	11.744475	22.246810
931.6	2.719454	9.021424	11.740878	22.231225
931.7	4.951531	6.784819	11.736350	22.237648
931.8	9.297374	2.439923	11.737297	22.265557
931.9	9.939346	1.803504	11.742850	22.308817
932	5.767017	5.978629	11.745646	22.355306
932.1	2.200182	9.541566	11.741748	22.388873
932.2	4.033401	7.702849	11.736250	22.393121
932.3	8.843375	2.893230	11.736605	22.355825
932.4	10.098534	1.643909	11.742443	22.272529
932.5	6.015299	5.730550	11.745848	22.148115
932.6	2.141306	9.600728	11.742034	21.995855
932.7	3.919365	7.816662	11.736027	21.834229
932.8	9.164550	2.571514	11.736064	21.682510
932.9	10.789398	0.952978	11.742375	21.556419
933	6.341554	5.405069	11.746622	21.465014
933.1	1.509881	10.233117	11.742998	21.409520
933.2	2.674340	9.061813	11.736153	21.384164
933.3	8.361738	3.373383	11.735121	21.378518
933.4	11.117088	0.624177	11.741265	21.380525
933.5	7.383932	4.362496	11.746428	21.379361
933.6	2.186970	9.556868	11.743838	21.367507
933.7	2.354143	9.382978	11.737121	21.341734
933.8	7.408448	4.326888	11.735336	21.303052
933.9	10.350888	1.389874	11.740762	21.255850
934	7.186924	4.558993	11.745917	21.206570
934.1	2.291323	9.452435	11.743758	21.162210
934.2	2.410695	9.326516	11.737211	21.128915
934.3	7.483403	4.251767	11.735170	21.110857
934.4	10.701891	1.038559	11.740450	21.109617
934.5	7.695255	4.050745	11.746000	21.124212
934.6	2.414026	9.330383	11.744408	21.151819
934.7	1.827206	9.910622	11.737828	21.189082
934.8	6.638546	5.096445	11.734990	21.233630
934.9	10.472189	1.267302	11.739491	21.285263
935	8.456430	3.288730	11.745159	21.346258
935.1	3.574193	8.170332	11.744525	21.420412
935.2	2.406357	9.332402	11.738759	21.510912
935.3	6.266971	5.468818	11.735788	21.617600
935.4	9.696684	2.042774	11.739458	21.734656
935.5	8.063356	3.681185	11.744541	21.849805
935.6	3.769018	7.975067	11.744084	21.945858
935.7	2.782397	8.956424	11.738822	22.004685
935.8	6.484131	5.251809	11.735940	22.012784
935.9	9.939137	1.800084	11.739221	21.966845
936	8.684590	3.059528	11.744118	21.877333
936.1	4.610825	7.133353	11.744179	21.768462
936.2	3.114472	8.625243	11.739716	21.673865
936.3	5.765489	5.971486	11.736974	21.628656
936.4	8.551367	3.188021	11.739388	21.659885
936.5	7.722685	4.020469	11.743155	21.778203
936.6	4.859870	6.883050	11.742920	21.973471
936.7	4.284901	7.454373	11.739274	22.216058
936.8	6.802411	4.935221	11.737632	22.463890
936.9	8.666042	3.074360	11.740402	22.673449
937	7.046296	4.697320	11.743616	22.811554
937.1	4.107104	7.635558	11.742662	22.864331
937.2	3.926629	7.812231	11.738860	22.840519
937.3	6.703848	5.033715	11.737563	22.768020
937.4	8.492474	3.248077	11.740551	22.684715
937.5	6.813527	4.929994	11.743521	22.626486
937.6	4.153369	7.588870	11.742240	22.616294
937.7	4.368768	7.369826	11.738595	22.657846
937.8	7.118033	4.619884	11.737917	22.735817
937.9	8.297300	3.444018	11.741318	22.822405
938	5.954961	5.788989	11.743949	22.887807
938.1	3.271890	8.469949	11.741838	22.910904
938.2	4.196255	7.541443	11.737697	22.886397
938.3	7.747032	3.990310	11.737341	22.825931
938.4	9.126111	2.615388	11.741500	22.752904
938.5	6.341993	5.402550	11.744543	22.692940
938.6	3.139939	8.602255	11.742194	22.663574
938.7	3.940956	7.796654	11.737611	22.667001
938.8	7.661193	4.075976	11.737169	22.688656
938.9	9.100614	2.640954	11.741568	22.702269
939	6.185796	5.558868	11.744664	22.679669
939.1	3.022283	8.719661	11.741944	22.601838
939.2	4.278430	7.458586	11.737017	22.467166
939.3	8.510838	3.226029	11.736867	22.293780
939.4	9.852534	1.889563	11.742097	22.114895
939.5	6.090997	5.654697	11.745693	21.968608
939.6	2.068119	9.674339	11.742458	21.885575
939.7	3.376637	8.359743	11.736380	21.878817
939.8	8.650618	3.084980	11.735598	21.939196
939.9	11.069250	0.672155	11.741405	22.038170
940	7.390719	4.355507	11.746226	22.136867
940.1	2.419863	9.323780	11.743644	22.198346
940.2	2.693749	9.043351	11.737101	22.198804
940.3	7.719263	4.016129	11.735392	22.133938
940.4	10.603478	1.137347	11.740825	22.018433
940.5	7.356043	4.389983	11.746025	21.879022
940.6	2.349849	9.393995	11.743844	21.743898
940.7	2.475625	9.261463	11.737088	21.632452
940.8	7.784025	3.950832	11.734858	21.549165
940.9	11.267108	0.473198	11.740305	21.483820
941	8.187085	3.559217	11.746302	21.417785
941.1	2.458648	9.286270	11.744918	21.333828
941.2	1.484862	10.253156	11.738018	21.225502
941.3	6.348082	5.386652	11.734734	21.102291
941.4	10.479485	1.259767	11.739252	20.988228
941.5	8.504451	3.240884	11.745335	20.914177
941.6	3.327938	8.416902	11.744840	20.906395
941.7	2.027426	9.711214	11.738640	20.975536
941.8	6.252544	5.482717	11.735261	21.110329
941.9	10.112921	1.626343	11.739264	21.278601
942	8.269986	3.475163	11.745149	21.435823
942.1	3.176563	8.568336	11.744899	21.538602
942.2	1.716141	10.022688	11.738829	21.558736
942.3	5.903756	5.831314	11.735070	21.493016
942.4	10.227581	1.510994	11.738575	21.365311
942.5	9.088571	2.656001	11.744572	21.219976
942.6	4.200080	7.545057	11.745137	21.108557
942.7	2.089051	9.650741	11.739792	21.074026
942.8	5.314511	6.421346	11.735856	21.137649
942.9	9.291846	2.446576	11.738422	21.292710
943	8.730900	3.012788	11.743688	21.507047
943.1	4.709304	7.035144	11.744448	21.733425
943.2	2.901078	8.838824	11.739901	21.924238
943.3	5.719345	6.017096	11.736441	22.045676
943.4	9.199655	2.539067	11.738722	22.086852
943.5	8.623795	3.119652	11.743447	22.061161
943.6	4.924524	6.819635	11.744159	21.999867
943.7	3.183929	8.556168	11.740097	21.940436
943.8	5.603807	6.133142	11.736948	21.913823
943.9	8.713462	3.025380	11.738841	21.935006
944	8.384788	3.358065	11.742853	21.999782
944.1	5.430509	6.312909	11.743418	22.088495
944.2	4.114764	7.625345	11.740109	22.174998
944.3	6.014995	5.722920	11.737915	22.237369
944.4	7.997722	3.742213	11.739936	22.266498
944.5	6.968803	4.774228	11.743031	22.269545
944.6	4.422165	7.320328	11.742493	22.267214
944.7	4.252932	7.485999	11.738931	22.285974
944.8	7.016713	4.720772	11.737485	22.348099
944.9	8.931426	2.809023	11.740449	22.463054
945	7.170391	4.573452	11.743843	22.623182
945.1	3.968821	7.774099	11.742920	22.805081
945.2	3.617740	8.121172	11.738912	22.976106
945.3	6.466219	5.271181	11.737400	23.103744
945.4	8.405116	3.335356	11.740472	23.164769
945.5	6.668767	5.074938	11.743705	23.151339
945.6	3.808275	7.934096	11.742371	23.072327
945.7	4.115338	7.622904	11.738242	22.949833
945.8	7.416589	4.320677	11.737266	22.812340
945.9	9.074802	2.666344	11.741146	22.686869
946	6.459176	5.285470	11.744646	22.592578
946.1	2.896903	8.845809	11.742712	22.537461
946.2	3.323095	8.414598	11.737693	22.518642
946.3	7.400657	4.335750	11.736407	22.525527
946.4	9.724800	2.015971	11.740771	22.544316
946.5	7.140116	4.604798	11.744914	22.562168
946.6	3.196844	8.546251	11.743095	22.569815
946.7	3.403528	8.334191	11.737719	22.562184
946.8	7.586295	4.149956	11.736251	22.537433
946.9	9.937080	1.803862	11.740941	22.495316
947	6.966071	4.779386	11.745458	22.435904
947.1	2.541361	9.202021	11.743383	22.359279
947.2	2.853025	8.884161	11.737185	22.266280
947.3	7.889740	3.845472	11.735212	22.159790
947.4	11.111571	0.628843	11.740414	22.045783
947.5	8.106681	3.639387	11.746068	21.933405
947.6	2.677907	9.066696	11.744603	21.833764
947.7	1.961294	9.776544	11.737838	21.757621
947.8	6.916110	4.818621	11.734730	21.712649
947.9	10.963186	0.776240	11.739425	21.701099
948	8.736423	3.009223	11.745646	21.718644
948.1	3.263053	8.482018	11.745072	21.754787
948.2	1.892883	9.845635	11.738519	21.794741
948.3	6.410683	5.324166	11.734849	21.822309
948.4	10.637955	1.101078	11.739033	21.823033
948.5	8.769538	2.975903	11.745441	21.786943
948.6	3.220336	8.525080	11.745416	21.710368
948.7	1.408775	10.330150	11.738924	21.596605
948.8	5.805891	5.928715	11.734606	21.455420
948.9	10.625065	1.113121	11.738186	21.301575
949	9.553872	2.190994	11.744866	21.152604
949.1	4.103859	7.641983	11.745842	21.026114
949.2	1.443472	10.296584	11.740056	20.936944
949.3	4.792111	6.943280	11.735391	20.894597
949.4	9.327747	2.410190	11.737937	20.901418
949.5	8.916962	2.826966	11.743928	20.952030
949.6	4.374350	7.370753	11.745103	21.034356
949.7	2.134228	9.605731	11.739959	21.132215
949.8	5.367059	6.368571	11.735630	21.229040
949.9	9.699043	2.039019	11.738061	21.311816
950	9.226270	2.517708	11.743979	21.374125
950.1	4.516887	7.228546	11.745433	21.417292
950.2	1.787049	9.953499	11.740548	21.449132
950.3	4.539537	7.196343	11.735880	21.480564
950.4	9.030286	2.707179	11.737465	21.521131
950.5	9.479277	2.263587	11.742864	21.574962
950.6	5.731022	6.013776	11.744798	21.638712
950.7	3.084821	8.656221	11.741042	21.702441
950.8	4.916430	6.820640	11.737070	21.753357
950.9	8.329033	3.409220	11.738252	21.781284
951	8.499676	3.242940	11.742616	21.783873
951.1	5.375200	6.368743	11.743943	21.769489
951.2	3.494635	8.245865	11.740501	21.756278
951.3	5.511283	6.225943	11.737226	21.767251
951.4	8.588707	3.149939	11.738647	21.822631
951.5	8.519004	3.223636	11.742640	21.931937
951.6	5.574624	6.169007	11.743631	22.088651
951.7	3.926708	7.813747	11.740455	22.269711
951.8	5.679978	6.057815	11.737793	22.440612
951.9	8.043911	3.695464	11.739375	22.564996
952	7.509666	4.233064	11.742729	22.615943
952.1	4.925720	6.817147	11.742867	22.585336
952.2	4.201841	7.537696	11.739538	22.488047
952.3	6.550704	5.186926	11.737630	22.359171
952.4	8.592947	3.147171	11.740118	22.244761
952.5	7.158689	4.584930	11.743620	22.188687
952.6	3.987109	7.755950	11.743059	22.219633
952.7	3.489754	8.249206	11.738960	22.342359
952.8	6.531932	5.205026	11.736957	22.536079
952.9	9.014392	2.725572	11.739963	22.760542
953	7.473699	4.270221	11.743920	22.967915
953.1	3.982970	7.760346	11.743316	23.116651
953.2	3.373134	8.365804	11.738937	23.182903
953.3	6.473650	5.263284	11.736934	23.165922
953.4	8.836087	2.904156	11.740242	23.085890
953.5	6.933689	4.810591	11.744280	22.975272
953.6	3.286838	8.456343	11.743181	22.866873
953.7	3.167736	8.570391	11.738127	22.782864
953.8	7.189207	4.546845	11.736052	22.728541
953.9	10.101198	1.638935	11.740133	22.692797
954	7.811413	3.933692	11.745105	22.654823
954.1	3.163115	8.581074	11.744189	22.594293
954.2	2.336141	9.402292	11.738433	22.501059
954.3	6.488903	5.246644	11.735548	22.380621
954.4	10.042188	1.697304	11.739492	22.253210
954.5	8.184652	3.560276	11.744927	22.146771
954.6	3.506299	8.238049	11.744347	22.086390
954.7	2.580155	9.158243	11.738398	22.084123
954.8	6.936231	4.798993	11.735224	22.133101
954.9	10.739288	1.000144	11.739432	22.208292
955	8.589755	3.155832	11.745587	22.273896
955.1	3.024219	8.721097	11.745316	22.294935
955.2	1.398814	10.339853	11.738667	22.249008
955.3	6.084290	5.650026	11.734316	22.134064
955.4	11.119569	0.618514	11.738083	21.969380
955.5	9.990624	1.754456	11.745081	21.789329
955.6	4.248221	7.497922	11.746142	21.632073
955.7	1.431802	10.308207	11.740009	21.527100
955.8	5.051174	6.683770	11.734944	21.485940
955.9	10.020736	1.716898	11.737634	21.499249
956	9.596794	2.147499	11.744293	21.541157
956.1	4.425804	7.320073	11.745877	21.579193
956.2	1.563060	10.177230	11.740291	21.586123
956.3	4.894677	6.840445	11.735122	21.549393
956.4	9.923247	1.814097	11.737344	21.474813
956.5	9.875656	1.868291	11.743947	21.383232
956.6	4.804649	6.941439	11.746088	21.301585
956.7	1.441093	10.299902	11.740995	21.251739
956.8	4.130324	7.605235	11.735559	21.241420
956.9	9.123545	2.613407	11.736952	21.260723
957	9.772951	1.970126	11.743077	21.285663
957.1	5.433212	6.312425	11.745637	21.287618
957.2	2.091585	9.649809	11.741394	21.245245
957.3	4.134756	7.601557	11.736313	21.154465
957.4	8.547336	3.189918	11.737254	21.032647
957.5	9.242544	2.500178	11.742722	20.915115
957.6	5.384054	6.361090	11.745144	20.844795
957.7	2.370824	9.370447	11.741271	20.858310
957.8	4.373065	7.363382	11.736447	20.973148
957.9	8.725142	3.012032	11.737174	21.180363
958	9.669265	2.073084	11.742350	21.445422
958.1	6.120948	5.624059	11.745007	21.717188
958.2	2.905339	8.836499	11.741838	21.942259
958.3	4.084985	7.652415	11.737400	22.080169
958.4	7.675067	4.062521	11.737589	22.114627
958.5	8.742032	2.999648	11.741680	22.057351
958.6	6.233320	5.510444	11.743764	21.943459
958.7	4.078242	7.662895	11.741137	21.820138
958.8	5.394353	6.343483	11.737836	21.732372
958.9	8.150904	3.587757	11.738662	21.710307
959	8.254817	3.487566	11.742383	21.762072
959.1	5.460730	6.282906	11.743636	21.873907
959.2	3.692993	8.047619	11.740612	22.016997
959.3	5.435895	6.301693	11.737588	22.158270
959.4	8.226540	3.512256	11.738796	22.271325
959.5	8.194004	3.548428	11.742432	22.343935
959.6	5.547808	6.195486	11.743293	22.379946
959.7	4.190528	7.549714	11.740243	22.395507
959.8	6.038862	5.698967	11.737829	22.411436
959.9	8.216414	3.523301	11.739715	22.444742
960	7.219648	4.523626	11.743274	22.502342
960.1	4.150258	7.592946	11.743204	22.579030
960.2	3.400650	8.338555	11.739205	22.660103
960.3	6.404837	5.331905	11.736742	22.727382
960.4	9.283502	2.455995	11.739497	22.766268
960.5	8.008333	3.735636	11.743969	22.771255
960.6	4.096363	7.647677	11.744040	22.748025
960.7	2.762671	8.976801	11.739473	22.711543
960.8	5.802942	5.933527	11.736468	22.680992
960.9	9.008140	2.731065	11.739206	22.673395
961	7.893316	3.850621	11.743938	22.698087
961.1	3.971878	7.772144	11.744022	22.753780
961.2	2.788558	8.950614	11.739173	22.828951
961.3	6.209140	5.526946	11.736086	22.905201
961.4	9.614532	2.124733	11.739264	22.962301
961.5	8.135524	3.609040	11.744565	22.983285
961.6	3.530208	8.214416	11.744624	22.958160
961.7	2.079983	9.659042	11.739026	22.885429
961.8	6.055578	5.679632	11.735210	22.771398
961.9	10.364055	1.374449	11.738505	22.627916
962	9.232368	2.512328	11.744696	22.469491
962.1	4.073524	7.671963	11.745487	22.310659
962.2	1.765276	9.974442	11.739717	22.164140
962.3	5.428405	6.306710	11.735116	22.039856
962.4	10.123440	1.614508	11.737948	21.944585
962.5	9.446554	2.297898	11.744451	21.881865
962.6	4.245342	7.500432	11.745774	21.851900
962.7	1.610616	10.129335	11.739952	21.851436
962.8	5.332113	6.402614	11.734728	21.873781
962.9	10.641671	1.095564	11.737236	21.909238
963	10.453689	1.290646	11.744335	21.946127
963.1	4.846059	6.900620	11.746679	21.972351
963.2	1.056461	10.684697	11.741158	21.977250
963.3	3.931383	7.803668	11.735051	21.953315
963.4	9.566723	2.169592	11.736315	21.897382
963.5	10.586504	1.156553	11.743057	21.811046
963.6	5.914731	5.831505	11.746235	21.700315
963.7	1.986042	9.755777	11.741819	21.574660
963.8	3.958722	7.777294	11.736016	21.445735
963.9	8.869902	2.866804	11.736706	21.325985
964	9.845657	1.897164	11.742821	21.227219
964.1	5.482389	6.263570	11.745958	21.159147
964.2	1.683117	10.058719	11.741835	21.127860
964.3	3.607716	8.128291	11.736008	21.134401
964.4	8.730427	3.005835	11.736262	21.173738
964.5	10.307933	1.434228	11.742161	21.234657
964.6	6.408093	5.337720	11.745812	21.301027
964.7	2.310629	9.431934	11.742563	21.354613
964.8	3.271313	8.465737	11.737050	21.379138
964.9	7.607613	4.129042	11.736655	21.364699
965	9.304885	2.436673	11.741558	21.311275
965.1	6.273464	5.471373	11.744836	21.230046
965.2	2.955001	8.787091	11.742093	21.141702
965.3	4.005488	7.731813	11.737300	21.071780
965.4	7.939465	3.797627	11.737093	21.044071
965.5	9.347155	2.394502	11.741656	21.073939
965.6	6.375841	5.368843	11.744684	21.163635
965.7	3.140893	8.601250	11.742143	21.301271
965.8	3.972311	7.765338	11.737649	21.464034
965.9	7.593053	4.144217	11.737270	21.624836
966	9.109621	2.631618	11.741239	21.760386
966.1	6.768153	4.975801	11.743954	21.858044
966.2	4.083579	7.658328	11.741906	21.919097
966.3	4.691300	7.047028	11.738327	21.957227
966.4	7.366366	4.371955	11.738321	21.992566
966.5	8.080576	3.661063	11.741638	22.043360
966.6	5.891218	5.852053	11.743270	22.118189
966.7	4.198051	7.542732	11.740783	22.211685
966.8	5.694378	6.043443	11.737821	22.305543
966.9	8.360256	3.378563	11.738819	22.374795
967	8.300672	3.441862	11.742533	22.397381
967.1	5.393625	6.350078	11.743704	22.363688
967.2	3.615868	8.124694	11.740562	22.282523
967.3	5.446742	6.290747	11.737489	22.181001
967.4	8.267346	3.471531	11.738878	22.097859
967.5	7.996704	3.746108	11.742812	22.071974
967.6	4.944162	6.799467	11.743630	22.129711
967.7	3.517887	8.222086	11.739972	22.275308
967.8	5.978022	5.758934	11.736956	22.487748
967.9	8.992807	2.746289	11.739097	22.725495
968	8.102620	3.641125	11.743745	22.937916
968.1	4.096078	7.648358	11.744437	23.079900
968.2	2.280739	9.459133	11.739872	23.125067
968.3	5.296598	6.439446	11.736044	23.073281
968.4	9.286345	2.451872	11.738217	22.950072
968.5	8.946098	2.797480	11.743578	22.798153
968.6	4.763975	6.980898	11.744873	22.663884
968.7	2.460105	9.280212	11.740317	22.583117
968.8	5.178433	6.557761	11.736194	22.571036
968.9	9.080864	2.657440	11.738303	22.619132
969	8.566211	3.177634	11.743845	22.699990
969.1	4.115205	7.629854	11.745059	22.777915
969.2	1.886943	9.852974	11.739917	22.821472
969.3	5.327036	6.408189	11.735225	22.813534
969.4	10.175996	1.561549	11.737545	22.755483
969.5	9.954093	1.790002	11.744095	22.664403
969.6	4.753142	6.993050	11.746192	22.564704
969.7	1.366924	10.373975	11.740899	22.477581
969.8	4.308319	7.426849	11.735168	22.412418
969.9	9.700154	2.036491	11.736645	22.363418
970	10.382603	1.360761	11.743365	22.312703
970.1	5.503484	6.242825	11.746309	22.238641
970.2	1.686308	10.055204	11.741512	22.126124
970.3	4.123330	7.612116	11.735446	21.974765
970.4	9.551870	2.184463	11.736333	21.801660
970.5	10.613962	1.129088	11.743050	21.637382
970.6	5.777538	5.969042	11.746580	21.516376
970.7	1.461357	10.280765	11.742123	21.465066
970.8	3.468195	8.267369	11.735564	21.491927
970.9	9.212952	2.522662	11.735614	21.583208
971	11.157032	0.585155	11.742186	21.706043
971.1	6.810972	4.935619	11.746591	21.818081
971.2	1.927923	9.815242	11.743164	21.880471
971.3	2.751074	8.985604	11.736678	21.869789
971.4	7.819477	3.916260	11.735737	21.784852
971.5	10.205406	1.535870	11.741277	21.646138
971.6	6.905430	4.840169	11.745599	21.488101
971.7	2.661354	9.081602	11.742956	21.347170
971.8	3.291304	8.445878	11.737181	21.249666
971.9	7.799506	3.936725	11.736231	21.203873
972	9.907501	1.833828	11.741329	21.198918
972.1	6.684577	5.060900	11.745476	21.210672
972.2	2.457824	9.285259	11.743083	21.212355
972.3	2.851785	8.885670	11.737455	21.185835
972.4	7.235232	4.500888	11.736121	21.129421
972.5	9.760005	1.980631	11.740636	21.059228
972.6	7.316987	4.427760	11.744747	21.003560
972.7	3.502579	8.240502	11.743081	20.992296
972.8	3.453056	8.285223	11.738279	21.045117
972.9	6.890612	4.846415	11.737027	21.162895
973	8.829492	2.911322	11.740813	21.325480
973.1	6.631330	5.112819	11.744149	21.496912
973.2	3.533335	8.209044	11.742379	21.636465
973.3	3.972286	7.765763	11.738049	21.711890
973.4	7.418357	4.318812	11.737169	21.710373
973.5	9.232601	2.508250	11.740851	21.643480
973.6	7.126330	4.617632	11.743962	21.544346
973.7	4.157228	7.585173	11.742401	21.457928
973.8	4.290460	7.448192	11.738652	21.427440
973.9	6.951908	4.786108	11.738016	21.481293
974	8.148557	3.592545	11.741102	21.624630
974.1	6.304806	5.438389	11.743195	21.837989
974.2	4.406209	7.334990	11.741199	22.083279
974.3	5.492972	6.245143	11.738114	22.314975
974.4	8.101415	3.637234	11.738649	22.492872
974.5	8.300818	3.441468	11.742286	22.592494
974.6	5.468935	6.274892	11.743827	22.610215
974.7	3.453981	8.286833	11.740814	22.562022
974.8	5.229453	6.507822	11.737275	22.476887
974.9	8.518626	3.219617	11.738243	22.387324
975	8.761633	2.980938	11.742571	22.320280
975.1	5.496457	6.247835	11.744292	22.291089
975.2	3.176803	8.564107	11.740910	22.301889
975.3	5.037136	6.699942	11.737078	22.344305
975.4	8.460806	3.277445	11.738251	22.404831
975.5	8.493468	3.249487	11.742955	22.470674
975.6	4.834663	6.909920	11.744583	22.533982
975.7	2.517583	9.222980	11.740563	22.593223
975.8	5.022181	6.714050	11.736231	22.651686
975.9	9.216453	2.521253	11.737706	22.714084
976	9.358410	2.384907	11.743316	22.782842
976.1	4.973750	6.771796	11.745546	22.855570
976.2	1.778175	9.963027	11.741202	22.924640
976.3	4.075288	7.660700	11.735988	22.978913
976.4	8.836608	2.900329	11.736937	23.006907
976.5	9.675650	2.067155	11.742804	23.000222
976.6	5.511731	6.233871	11.745601	22.956074
976.7	2.120911	9.620532	11.741443	22.878199
976.8	4.283702	7.452282	11.735984	22.775969
976.9	9.138547	2.598280	11.736827	22.662171
977	9.938738	1.804318	11.743056	22.550172
977.1	5.301393	6.444841	11.746234	22.451304
977.2	1.351145	10.390644	11.741789	22.373000
977.3	3.600200	8.135221	11.735421	22.317953
977.4	9.394155	2.341494	11.735649	22.284203
977.5	11.238777	0.503559	11.742337	22.265920
977.6	6.735974	5.010746	11.746720	22.254615
977.7	1.827253	9.915800	11.743053	22.240583
977.8	2.911935	8.824359	11.736294	22.214455
977.9	8.354246	3.381217	11.735463	22.168769
978	10.756157	0.985405	11.741562	22.099376
978.1	6.919073	4.827220	11.746293	22.006446
978.2	2.101145	9.642115	11.743260	21.894760
978.3	2.890054	8.846493	11.736547	21.773086
978.4	8.325874	3.409312	11.735186	21.652636
978.5	11.194290	0.546733	11.741024	21.544902
978.6	7.681006	4.065303	11.746309	21.459383
978.7	2.404292	9.339829	11.744121	21.401842
978.8	2.184232	9.553287	11.737520	21.373549
978.9	7.034963	4.700296	11.735259	21.371664
979	10.388992	1.351069	11.740061	21.390509
979.1	7.987156	3.758097	11.745253	21.423142
979.2	3.360419	8.383565	11.743985	21.462612
979.3	2.754415	8.983919	11.738334	21.502430
979.4	6.673795	5.062337	11.736132	21.536256
979.5	9.486810	2.253394	11.740204	21.557229
979.6	7.308758	4.435991	11.744749	21.557670
979.7	3.233617	8.509879	11.743496	21.529808
979.8	2.923508	8.814730	11.738238	21.467783
979.9	6.824186	4.912007	11.736193	21.370536
980	9.655965	2.084112	11.740077	21.244564
980.1	7.667657	4.076903	11.744561	21.105244
980.2	3.623598	8.120088	11.743686	20.975622
980.3	2.875728	8.863149	11.738877	20.882314
980.4	6.138191	5.598509	11.736701	20.849191
980.5	8.817526	2.922284	11.739810	20.890513
980.6	7.488116	4.255488	11.743604	21.005696
980.7	4.406024	7.336861	11.742885	21.177726
980.8	4.038259	7.700722	11.738981	21.376245
980.9	6.761485	4.976084	11.737569	21.564896
981	8.544724	3.195851	11.740575	21.711023
981.1	6.806993	4.936617	11.743610	21.794831
981.2	4.051456	7.690868	11.742323	21.815069
981.3	4.236082	7.502467	11.738549	21.789198
981.4	7.152030	4.585583	11.737613	21.747770
981.5	8.773314	2.967449	11.740763	21.724615
981.6	6.985275	4.758204	11.743479	21.745952
981.7	4.506682	7.235295	11.741977	21.821994
981.8	4.894768	6.843826	11.738594	21.943917
981.9	7.404836	4.333530	11.738366	22.087281
982	8.106672	3.635026	11.741698	22.220802
982.1	5.693852	6.049805	11.743658	22.317516
982.2	3.598307	8.142761	11.741069	22.364407
982.3	5.166818	6.570512	11.737330	22.367090
982.4	8.637928	3.099934	11.737862	22.347755
982.5	9.254511	2.487829	11.742339	22.336968
982.6	5.883157	5.861602	11.744759	22.362121
982.7	2.883353	8.858295	11.741648	22.436628
982.8	4.291197	7.445911	11.737108	22.553813
982.9	8.172570	3.564819	11.737389	22.687906
983	9.116997	2.625214	11.742211	22.802092
983.1	5.698023	6.046892	11.744915	22.861067
983.2	2.612725	9.128859	11.741584	22.843848
983.3	4.293692	7.442966	11.736658	22.752343
983.4	8.631937	3.105104	11.737041	22.612538
983.5	9.623561	2.118953	11.742514	22.467585
983.6	5.603853	6.141862	11.745715	22.364861
983.7	1.801196	9.940875	11.742071	22.341177
983.8	3.424906	8.311352	11.736258	22.410978
983.9	8.499426	3.236674	11.736100	22.561470
984	10.319158	1.422787	11.741945	22.756275
984.1	6.443300	5.302699	11.745998	22.946386
984.2	2.081057	9.661720	11.742777	23.084773
984.3	3.119591	8.617029	11.736620	23.139833
984.4	8.126581	3.609325	11.735906	23.103385
984.5	10.235618	1.506043	11.741661	22.990870
984.6	6.493143	5.252894	11.746038	22.834100
984.7	1.996169	9.746753	11.742922	22.669456
984.8	3.058861	8.677504	11.736365	22.525822
984.9	8.548328	3.186943	11.735271	22.416452
985	11.197756	0.543602	11.741358	22.337334
985.1	7.316065	4.430583	11.746648	22.272167
985.2	1.872695	9.871356	11.744051	22.201633
985.3	2.010445	9.726455	11.736900	22.113134
985.4	7.575499	4.159079	11.734578	22.007127
985.5	11.321829	0.418224	11.740053	21.897587
985.6	8.511557	3.234447	11.746004	21.806438
985.7	3.081190	8.663468	11.744658	21.754153
985.8	2.229569	9.508511	11.738080	21.750245
985.9	6.816323	4.918876	11.735198	21.787481
986	10.425553	1.314190	11.739742	21.842323
986.1	8.150694	3.594701	11.745395	21.881781
986.2	3.148135	8.596347	11.744482	21.874459
986.3	2.237784	9.500510	11.738294	21.801900
986.4	6.675637	5.059544	11.735181	21.666113
986.5	10.556305	1.182941	11.739246	21.490375
986.6	8.808142	2.936834	11.744976	21.312772
986.7	3.868846	7.876001	11.744847	21.174458
986.8	2.193663	9.545693	11.739356	21.106553
986.9	5.592757	6.143259	11.736016	21.120119
987	9.121581	2.617470	11.739051	21.202627
987.1	8.049502	3.694437	11.743939	21.322130
987.2	4.175645	7.568281	11.743925	21.437704
987.3	3.036501	8.702753	11.739254	21.512578
987.4	6.172721	5.563823	11.736545	21.525520
987.5	9.147840	2.591680	11.739520	21.476675
987.6	7.810684	3.933315	11.743999	21.386072
987.7	3.987411	7.756426	11.743837	21.285539
987.8	2.853324	8.886033	11.739357	21.207049
987.9	5.825323	5.911382	11.736705	21.171672
988	8.795418	2.943890	11.739308	21.182988
988.1	7.909102	3.834255	11.743356	21.227149
988.2	4.725905	7.017421	11.743325	21.279371
988.3	3.762649	7.976938	11.739587	21.314380
988.4	6.136135	5.601446	11.737581	21.316944
988.5	8.235985	3.504030	11.740015	21.288658
988.6	7.048804	4.694390	11.743194	21.248504
988.7	4.431411	7.311050	11.742462	21.226930
988.8	4.332112	7.406764	11.738876	21.255452
988.9	7.050092	4.687549	11.737641	21.355349
989	8.767013	2.973604	11.740617	21.529306
989.1	7.010987	4.732630	11.743617	21.758889
989.2	4.237246	7.505113	11.742358	22.008716
989.3	4.370941	7.367673	11.738615	22.236027
989.4	7.194678	4.543067	11.737745	22.402598
989.5	8.615878	3.125156	11.741033	22.485279
989.6	6.535683	5.208056	11.743739	22.481985
989.7	3.970477	7.771344	11.741821	22.411501
989.8	4.813317	6.924556	11.737872	22.307465
989.9	8.107500	3.630173	11.737674	22.208616
990	9.100201	2.641719	11.741920	22.148400
990.1	5.932458	5.812381	11.744840	22.146931
990.2	2.627609	9.114449	11.742058	22.207378
990.3	3.831426	7.905545	11.736970	22.317274
990.4	8.278835	3.457633	11.736468	22.453781
990.5	10.155354	1.586140	11.741494	22.590875
990.6	6.871556	4.873888	11.745445	22.706178
990.7	2.721250	9.021733	11.742984	22.785588
990.8	3.196186	8.541229	11.737415	22.824858
990.9	7.509312	4.227032	11.736344	22.828299
991	9.595747	2.145538	11.741285	22.805640
991.1	6.423177	5.322250	11.745428	22.768380
991.2	2.297379	9.445497	11.742875	22.726818
991.3	3.085586	8.651292	11.736879	22.688413
991.4	8.069128	3.666514	11.735641	22.657528
991.5	10.639604	1.101532	11.741136	22.636111
991.6	7.165700	4.580459	11.746159	22.624685
991.7	2.080180	9.663724	11.743904	22.623101
991.8	2.103829	9.633417	11.737246	22.630798
991.9	7.221104	4.513941	11.735045	22.646612
992	10.617820	1.122422	11.740242	22.668395
992.1	7.807854	3.937971	11.745825	22.692727
992.2	2.690507	9.053732	11.744239	22.714915
992.3	2.298836	9.438781	11.737617	22.729302
992.4	7.261460	4.473502	11.734962	22.729799
992.5	10.881123	0.858857	11.739980	22.710514
992.6	8.157881	3.588108	11.745989	22.666411
992.7	2.616937	9.127914	11.744850	22.594003
992.8	1.679757	10.058192	11.737950	22.492102
992.9	6.733861	5.000553	11.734414	22.362601
993	11.226516	0.512417	11.738933	22.211092
993.1	9.348098	2.397427	11.745526	22.047035
993.2	3.682866	8.062697	11.745563	21.883135
993.3	1.662741	10.076470	11.739212	21.733742
993.4	5.696344	6.038670	11.735014	21.612389
993.5	10.182092	1.556278	11.738370	21.528963
993.6	9.190705	2.553796	11.744501	21.487256
993.7	4.319413	7.425723	11.745136	21.483731
993.8	2.269928	9.469719	11.739646	21.508052
993.9	5.702965	6.032664	11.735629	21.545425
994	9.801422	1.937046	11.738467	21.580194
994.1	8.966951	2.777224	11.744176	21.599638
994.2	4.364780	7.380245	11.745025	21.596798
994.3	2.174815	9.565199	11.740014	21.571417
994.4	5.187312	6.548668	11.735980	21.528735
994.5	9.219718	2.518472	11.738190	21.476653
994.6	8.966355	2.777033	11.743388	21.422389
994.7	5.071671	6.672881	11.744551	21.369977
994.8	2.909290	8.831174	11.740465	21.319626
994.9	5.108108	6.628914	11.737022	21.269201
995	8.205813	3.533043	11.738856	21.217190
995.1	7.757310	3.985779	11.743089	21.165777
995.2	4.535054	7.208575	11.743629	21.122478
995.3	3.262065	8.477670	11.739735	21.099220
995.4	5.887811	5.849096	11.736907	21.108732
995.5	8.877083	2.862028	11.739111	21.159282
995.6	8.170881	3.572425	11.743305	21.249683
995.7	4.778584	6.965202	11.743786	21.366721
995.8	3.268558	8.471528	11.740086	21.486550
995.9	5.438145	6.299272	11.737418	21.580314
996	8.036286	3.702995	11.739281	21.622668
996.1	7.529545	4.213168	11.742713	21.600612
996.2	5.023222	6.719502	11.742725	21.519570
996.3	4.440685	7.298766	11.739451	21.404259
996.4	6.736165	5.001668	11.737833	21.293443
996.5	8.498497	3.241901	11.740398	21.229669
996.6	6.946312	4.797201	11.743513	21.246924
996.7	4.112305	7.630243	11.742548	21.360041
996.8	4.092698	7.645935	11.738633	21.559408
996.9	7.148405	4.588866	11.737272	21.812913
997	9.113976	2.626578	11.740555	22.074811
997.1	7.186691	4.557298	11.743989	22.298856
997.2	4.009767	7.732910	11.742676	22.451567
997.3	4.103917	7.634416	11.738332	22.521370
997.4	7.444768	4.292350	11.737118	22.520643
997.5	9.275180	2.465816	11.740996	22.480071
997.6	6.718523	5.026160	11.744684	22.437264
997.7	3.066164	8.676644	11.742808	22.423582
997.8	3.484320	8.253264	11.737584	22.453683
997.9	7.770582	3.965565	11.736147	22.521364
998	10.255640	1.485147	11.740787	22.603079
998.1	7.379973	4.365502	11.745474	22.667777
998.2	2.738601	9.005212	11.743813	22.689492
998.3	2.465676	9.272173	11.737849	22.658109
998.4	6.953460	4.782087	11.735547	22.584343
998.5	10.179084	1.560975	11.740059	22.497026
998.6	7.778179	3.967135	11.745314	22.433496
998.7	3.009672	8.734478	11.744150	22.426409
998.8	2.394718	9.343385	11.738102	22.491583
998.9	6.809884	4.925568	11.735452	22.621242
999	10.175026	1.564935	11.739962	22.785166
999.1	7.695494	4.050096	11.745590	22.939549
999.2	2.538733	9.205821	11.744554	23.040670
999.3	1.735304	10.002672	11.737976	23.058791
999.4	6.662037	5.072561	11.734598	22.987616
999.5	10.984924	0.754143	11.739067	22.846121
999.6	9.018118	2.727452	11.745570	22.672229
999.7	3.350610	8.394906	11.745517	22.510518
999.8	1.437908	10.301133	11.739042	22.398187
999.9	5.668435	6.066391	11.734827	22.353962
1000	10.236658	1.501776	11.738434	22.373525
1000.1	9.013982	2.730884	11.744866	22.432690
1000.2	3.797107	7.948251	11.745358	22.496855
1000.3	1.826676	9.912547	11.739223	22.533163
1000.4	5.958223	5.776546	11.734769	22.521017
1000.5	10.759754	0.978332	11.738086	22.457389
1000.6	9.784837	1.960003	11.744840	22.355400
1000.7	4.217780	7.528309	11.746089	22.237157
1000.8	1.302017	10.438207	11.740224	22.123902
1000.9	4.733811	7.001199	11.735010	22.027420
1001	9.894897	1.842263	11.737160	21.946013
1001.1	10.136424	1.607120	11.743544	21.866534
1001.2	5.515221	6.230443	11.745664	21.771570
1001.3	2.371735	9.369321	11.741056	21.648842
1001.4	4.662860	7.073392	11.736252	21.498998
1001.5	8.878201	2.859467	11.737667	21.338513
1001.6	9.139484	2.603569	11.743053	21.196214
1001.7	5.222797	6.522110	11.744907	21.104343
1001.8	2.617635	9.123177	11.740812	21.087202
1001.9	4.865132	6.871378	11.736511	21.151432
1002	8.813831	2.924010	11.737841	21.281587
1002.1	9.099734	2.643105	11.742838	21.442879
1002.2	5.456158	6.288518	11.744675	21.590509
1002.3	2.863655	8.877413	11.741068	21.682693
1002.4	4.620484	7.116670	11.737155	21.693130
1002.5	8.007126	3.731070	11.738197	21.618825
1002.6	8.307686	3.434750	11.742436	21.480656
1002.7	5.338726	6.405121	11.743847	21.316566
1002.8	3.449684	8.290932	11.740615	21.169651
1002.9	5.272815	6.464656	11.737471	21.075112
1003	8.105790	3.633076	11.738867	21.050310
1003.1	7.867591	3.875155	11.742746	21.091016
1003.2	4.892760	6.850815	11.743574	21.174796
1003.3	3.407408	8.332770	11.740178	21.270058
1003.4	5.540280	6.197052	11.737332	21.347453
1003.5	8.361713	3.377263	11.738976	21.389676
1003.6	8.056554	3.686157	11.742711	21.396442
1003.7	5.256369	6.486923	11.743292	21.383195
1003.8	4.012092	7.727982	11.740073	21.374324
1003.9	5.962999	5.774830	11.737829	21.393513
1004	8.055235	3.684595	11.739830	21.454729
1004.1	7.059984	4.683106	11.743090	21.556983
1004.2	4.385676	7.356966	11.742642	21.684583
1004.3	4.168301	7.570522	11.738824	21.812644
1004.4	7.213815	4.523257	11.737072	21.915811
1004.5	9.490627	2.249617	11.740243	21.977133
1004.6	7.631324	4.112926	11.744250	21.994074
1004.7	3.866708	7.876784	11.743492	21.979692
1004.8	3.244108	8.494659	11.738767	21.958690
1004.9	6.674993	5.061491	11.736484	21.959722
1005	9.476141	2.263747	11.739888	22.006481
1005.1	7.724010	4.020350	11.744360	22.110364
1005.2	3.796310	7.947296	11.743606	22.266880
1005.3	3.255932	8.482536	11.738469	22.456687
1005.4	7.101308	4.634750	11.736059	22.650715
1005.5	10.097059	1.642965	11.740024	22.817662
1005.6	7.817144	3.928083	11.745228	22.931642
1005.7	2.934931	8.809543	11.744474	22.977946
1005.8	1.934190	9.804225	11.738415	22.955615
1005.9	6.370825	5.364195	11.735019	22.876586
1006	10.526063	1.212882	11.738944	22.762047
1006.1	8.906435	2.838653	11.745089	22.637302
1006.2	3.641647	8.103637	11.745284	22.526499
1006.3	1.711024	10.028268	11.739292	22.448403
1006.4	5.583464	6.151744	11.735208	22.413825
1006.5	9.884780	1.853771	11.738551	22.424881
1006.6	8.682418	3.062331	11.744748	22.475806
1006.7	3.580879	8.164407	11.745286	22.554870
1006.8	1.604671	10.134626	11.739297	22.646926
1006.9	5.639687	6.095174	11.734861	22.736123
1007	10.383665	1.354443	11.738108	22.808424
1007.1	9.409238	2.335584	11.744823	22.853591
1007.2	3.884998	7.861005	11.746003	22.866371
1007.3	1.135408	10.604561	11.739970	22.846689
1007.4	4.872280	6.862425	11.734704	22.798828
1007.5	10.203688	1.533504	11.737192	22.729830
1007.6	10.149526	1.594552	11.744078	22.647515
1007.7	4.927267	6.818933	11.746200	22.558718
1007.8	1.571256	10.169601	11.740857	22.468230
1007.9	4.473851	7.261474	11.735325	22.378722
1008	9.590042	2.146950	11.736991	22.291541
1008.1	10.002411	1.741069	11.743480	22.207944
1008.2	5.234890	6.511100	11.745990	22.130072
1008.3	1.794930	9.946249	11.741179	22.061123
1008.4	4.361544	7.374000	11.735545	22.004445
1008.5	9.558366	2.178223	11.736589	21.961813
1008.6	10.567310	1.175515	11.742825	21.931593
1008.7	6.197019	5.548967	11.745986	21.907697
1008.8	2.252376	9.489774	11.742150	21.880083
1008.9	3.650334	8.086378	11.736712	21.837028
1009	8.072298	3.664526	11.736823	21.768688
1009.1	9.478623	2.263237	11.741860	21.670863
1009.2	6.330024	5.414693	11.744717	21.547575
1009.3	3.315857	8.425838	11.741695	21.411337
1009.4	4.614518	7.122788	11.737307	21.280659
1009.5	8.204748	3.532982	11.737730	21.175336
1009.6	8.906389	2.835889	11.742278	21.110897
1009.7	5.648795	6.095775	11.744570	21.094038
1009.8	2.865114	8.876354	11.741467	21.120661
1009.9	4.289143	7.448142	11.737285	21.177304
1010	7.885146	3.852527	11.737672	21.245566
1010.1	8.807339	2.934537	11.741875	21.308042
1010.2	6.063773	5.680257	11.744030	21.353665
1010.3	3.635960	8.105435	11.741395	21.380494
1010.4	4.752136	6.985820	11.737955	21.394883
1010.5	7.488944	4.249637	11.738581	21.407347
1010.6	7.744783	3.997396	11.742179	21.426701
1010.7	5.166519	6.576903	11.743422	21.454859
1010.8	3.592910	8.147528	11.740438	21.484554
1010.9	5.482304	6.255172	11.737475	21.501214
1011	8.321966	3.416861	11.738827	21.488668
1011.1	8.150137	3.592540	11.742677	21.436775
1011.2	5.194184	6.549439	11.743623	21.348074
1011.3	3.597049	8.143286	11.740335	21.240642
1011.4	5.572135	6.165341	11.737476	21.145449
1011.5	8.264356	3.474745	11.739102	21.098430
1011.6	7.820003	3.922854	11.742857	21.129450
1011.7	4.929223	6.814053	11.743277	21.251742
1011.8	3.901430	7.838204	11.739634	21.455537
1011.9	6.451304	5.285856	11.737160	21.708509
1012	9.028323	2.711340	11.739663	21.963478
1012.1	7.722977	4.020895	11.743872	22.171381
1012.2	4.010617	7.733126	11.743743	22.295582
1012.3	3.055322	8.683702	11.739024	22.322968
1012.4	6.556283	5.179757	11.736040	22.268085
1012.5	10.041613	1.697516	11.739130	22.168793
1012.6	8.729327	3.015077	11.744404	22.074631
1012.7	4.171153	7.573584	11.744737	22.031558
1012.8	2.406387	9.333135	11.739522	22.067933
1012.9	5.813332	5.922439	11.735771	22.186293
1013	9.723484	2.015198	11.738683	22.363490
1013.1	8.666193	3.078199	11.744392	22.559055
1013.2	3.926301	7.818722	11.745023	22.728818
1013.3	1.998065	9.741396	11.739461	22.839169
1013.4	5.768749	5.966391	11.735140	22.877144
1013.5	10.361795	1.376302	11.738098	22.853068
1013.6	9.518341	2.226294	11.744634	22.795113
1013.7	4.090595	7.655463	11.746058	22.737923
1013.8	1.103668	10.636688	11.740356	22.709511
1013.9	4.442098	7.292937	11.735035	22.721151
1014	9.628918	2.108211	11.737129	22.763822
1014.1	9.800729	1.943014	11.743743	22.812410
1014.2	4.898536	6.847409	11.745945	22.835997
1014.3	1.682795	10.058033	11.740828	22.810455
1014.4	4.537737	7.197694	11.735430	22.728681
1014.5	9.508093	2.229089	11.737182	22.604693
1014.6	9.673896	2.069882	11.743778	22.470008
1014.7	4.611690	7.134540	11.746230	22.363466
1014.8	1.100315	10.640721	11.741035	22.318039
1014.9	4.032088	7.702917	11.735005	22.349229
1015	9.755826	1.980363	11.736190	22.449105
1015.1	10.854856	0.888222	11.743079	22.588089
1015.2	5.983459	5.763153	11.746612	22.723865
1015.3	1.598821	10.143441	11.742262	22.814352
1015.4	3.339517	8.396440	11.735956	22.830339
1015.5	8.645279	3.090741	11.736020	22.763574
1015.6	10.391359	1.350742	11.742100	22.627774
1015.7	6.459941	5.285946	11.745887	22.452551
1015.8	2.373067	9.369341	11.742407	22.272679
1015.9	3.673487	8.063067	11.736554	22.116637
1016	8.508194	3.228063	11.736257	21.998460
1016.1	10.316470	1.425318	11.741788	21.915529
1016.2	6.737261	5.008360	11.745621	21.852669
1016.3	2.643606	9.099110	11.742716	21.790627
1016.4	3.433587	8.303564	11.737151	21.715402
1016.5	7.859390	3.876969	11.736359	21.624774
1016.6	9.968001	1.773121	11.741122	21.529487
1016.7	7.188166	4.556690	11.744856	21.448705
1016.8	3.508533	8.234229	11.742762	21.401551
1016.9	3.758257	7.979847	11.738104	21.398098
1017	7.125204	4.612129	11.737333	21.433444
1017.1	8.670674	3.070502	11.741176	21.487374
1017.2	6.348634	5.395343	11.743977	21.530097
1017.3	3.668258	8.073557	11.741815	21.532220
1017.4	4.541186	7.196693	11.737879	21.475513
1017.5	7.751357	3.986438	11.737796	21.360582
1017.6	8.749020	2.992678	11.741697	21.208549
1017.7	6.076678	5.667460	11.744137	21.055843
1017.8	3.364110	8.377673	11.741784	20.943611
1017.9	4.209492	7.528507	11.737999	20.905106
1018	7.229228	4.508772	11.738000	20.955157
1018.1	8.161562	3.579989	11.741551	21.085184
1018.2	5.908498	5.834971	11.743469	21.265375
1018.3	3.949667	7.791399	11.741067	21.453300
1018.4	5.231140	6.506796	11.737936	21.606189
1018.5	7.890460	3.848275	11.738735	21.692945
1018.6	7.938304	3.804133	11.742436	21.702210
1018.7	5.075942	6.667765	11.743707	21.644177
1018.8	3.295440	8.445083	11.740524	21.545940
1018.9	5.272482	6.464736	11.737218	21.442242
1019	8.456238	3.282228	11.738466	21.364829
1019.1	8.520967	3.221647	11.742614	21.333827
1019.2	5.453551	6.290309	11.743859	21.353667
1019.3	3.652941	8.087483	11.740424	21.414415
1019.4	5.729400	6.007806	11.737207	21.497521
1019.5	8.690481	3.048473	11.738953	21.583648
1019.6	8.077252	3.666128	11.743380	21.659757
1019.7	4.429950	7.314163	11.744113	21.723109
1019.8	2.873485	8.866191	11.739676	21.781080
1019.9	6.024560	5.711413	11.735973	21.847209
1020	9.984607	1.753764	11.738370	21.935110
1020.1	9.331890	2.412154	11.744043	22.052495
1020.2	4.610688	7.134722	11.745410	22.197367
1020.3	1.952087	9.788314	11.740401	22.357564
1020.4	4.945161	6.790412	11.735572	22.513683
1020.5	9.653073	2.084374	11.737447	22.644330
1020.6	9.751091	1.992510	11.743601	22.731992
1020.7	5.062548	6.683202	11.745749	22.767773
1020.8	1.902585	9.838343	11.740927	22.753716
1020.9	4.570230	7.165409	11.735639	22.702224
1021	9.437439	2.299703	11.737142	22.632939
1021.1	9.773356	1.970169	11.743525	22.568063
1021.2	4.917419	6.828712	11.746131	22.527348
1021.3	1.342088	10.399164	11.741252	22.523932
1021.4	3.988834	7.746467	11.735301	22.561821
1021.5	9.499313	2.236986	11.736299	22.635371
1021.6	10.577424	1.165617	11.743041	22.730706
1021.7	5.737708	6.008899	11.746607	22.828684
1021.8	1.334480	10.407805	11.742286	22.908786
1021.9	3.088863	8.647031	11.735894	22.953248
1022	8.481021	3.254921	11.735942	22.950678
1022.1	10.223768	1.518441	11.742209	22.898476
1022.2	6.097160	5.648961	11.746122	22.803533
1022.3	1.872300	9.870080	11.742380	22.680956
1022.4	3.426889	8.309209	11.736098	22.550978
1022.5	8.753308	2.982543	11.735851	22.434638
1022.6	10.657163	1.084903	11.742066	22.349210
1022.7	6.474008	5.272430	11.746438	22.304488
1022.8	1.689057	10.054046	11.743103	22.300910
1022.9	2.620055	9.116418	11.736473	22.330014
1023	8.035957	3.699306	11.735264	22.377084
1023.1	10.897504	0.843384	11.740888	22.425179
1023.2	7.728843	4.016931	11.745774	22.459301
1023.3	3.020952	8.722682	11.743634	22.469463
1023.4	2.986947	8.750754	11.737701	22.451792
1023.5	7.308008	4.428038	11.736047	22.407535
1023.6	9.897767	1.842879	11.740646	22.340595
1023.7	7.308237	4.436771	11.745008	22.254758
1023.8	3.247559	8.495663	11.743221	22.151869
1023.9	3.312510	8.425365	11.737875	22.031769
1024	7.379920	4.356342	11.736262	21.894071
1024.1	9.964393	1.776022	11.740415	21.740962
1024.2	7.749079	3.995520	11.744598	21.579699
1024.3	3.885721	7.857619	11.743340	21.423411
1024.4	3.445963	8.292755	11.738719	21.289370
1024.5	6.571815	5.165319	11.737134	21.194885
1024.6	8.664422	3.075999	11.740420	21.151990
1024.7	6.958867	4.784785	11.743653	21.162779
1024.8	4.175141	7.567172	11.742313	21.217261
1024.9	4.386143	7.352402	11.738545	21.294897
1025	7.193153	4.544713	11.737866	21.369744
1025.1	8.418680	3.322581	11.741261	21.417803
1025.2	6.158914	5.584934	11.743848	21.424230
1025.3	3.532709	8.209163	11.741872	21.387925
1025.4	4.264128	7.473923	11.738051	21.321781
1025.5	7.396445	4.341287	11.737732	21.248303
1025.6	8.616583	3.124766	11.741349	21.191951
1025.7	6.301604	5.442231	11.743835	21.170793
1025.8	3.748494	7.993287	11.741781	21.190411
1025.9	4.470744	7.267471	11.738215	21.242303
1026	7.250079	4.488163	11.738242	21.307452
1026.1	7.960511	3.781237	11.741749	21.363878
1026.2	5.556152	6.187399	11.743551	21.395442
1026.3	3.648865	8.091986	11.740851	21.398604
1026.4	5.319178	6.418229	11.737406	21.384446
1026.5	8.503582	3.234733	11.738315	21.374953
1026.6	8.686649	3.055988	11.742637	21.394618
1026.7	5.326446	6.417963	11.744409	21.460324
1026.8	2.914373	8.826566	11.740939	21.573237
1026.9	4.872875	6.863960	11.736834	21.716003
1027	8.657263	3.080551	11.737813	21.856729
1027.1	9.084269	2.658395	11.742664	21.958898
1027.2	5.532485	6.212183	11.744667	21.994080
1027.3	2.990966	8.749907	11.740874	21.953107
1027.4	5.210490	6.525954	11.736445	21.851631
1027.5	9.292878	2.444851	11.737729	21.727681
1027.6	9.434418	2.308909	11.743328	21.631509
1027.7	4.995674	6.749954	11.745628	21.610664
1027.8	1.767686	9.973446	11.741132	21.695005
1027.9	4.309458	7.426108	11.735566	21.886569
1028	9.575567	2.160871	11.736438	22.157773
1028.1	10.699047	1.043778	11.742825	22.458716
1028.2	6.134906	5.611441	11.746347	22.731411
1028.3	1.856193	9.886129	11.742322	22.926425
1028.4	3.441951	8.294199	11.736150	23.016652
1028.5	8.591862	3.144271	11.736133	23.003878
1028.6	10.215210	1.527062	11.742272	22.916234
1028.7	6.028465	5.717735	11.746201	22.797645
1028.8	1.702863	10.039619	11.742482	22.693015
1028.9	3.217952	8.518094	11.736047	22.634190
1029	8.697100	3.038522	11.735621	22.631293
1029.1	10.813861	0.928064	11.741925	22.672043
1029.2	6.624370	5.122226	11.746596	22.728829
1029.3	1.591768	10.151613	11.743381	22.770635
1029.4	2.329078	9.407468	11.736546	22.775319
1029.5	7.782521	3.952639	11.735160	22.737815
1029.6	10.689294	1.051662	11.740956	22.671416
1029.7	7.310730	4.435359	11.746088	22.601915
1029.8	2.341991	9.401754	11.743745	22.556961
1029.9	2.477676	9.259568	11.737244	22.554719
1030	7.405846	4.329574	11.735421	22.596096
1030.1	10.355422	1.385241	11.740663	22.663444
1030.2	7.330765	4.415014	11.745779	22.726271
1030.3	2.491506	9.252299	11.743805	22.751900
1030.4	2.477777	9.259613	11.737390	22.717231
1030.5	7.441257	4.293893	11.735150	22.617368
1030.6	10.867290	0.872775	11.740065	22.467992
1030.7	8.306643	3.438943	11.745586	22.300601
1030.8	3.214203	8.530312	11.744515	22.152288
1030.9	2.200478	9.538040	11.738517	22.053623
1031	6.289758	5.445840	11.735598	22.018836
1031.1	9.878833	1.860469	11.739302	22.041632
1031.2	8.445133	3.299158	11.744291	22.097946
1031.3	4.392279	7.351631	11.743910	22.154465
1031.4	3.376608	8.362498	11.739106	22.179817
1031.5	6.525089	5.211619	11.736709	22.154445
1031.6	9.198351	2.541532	11.739882	22.075844
1031.7	7.630420	4.113593	11.744013	21.957568
1031.8	4.062000	7.681354	11.743354	21.822734
1031.9	3.442027	8.296908	11.738935	21.694691
1032	6.548957	5.187938	11.736895	21.588445
1032.1	9.079952	2.659939	11.739891	21.506034
1032.2	7.717115	4.026502	11.743617	21.437456
1032.3	4.575093	7.167923	11.743015	21.366620
1032.4	3.993712	7.745549	11.739261	21.279896
1032.5	6.430735	5.307089	11.737823	21.173834
1032.6	8.053319	3.687303	11.740621	21.058951
1032.7	6.390795	5.352628	11.743423	20.957909
1032.8	3.889645	7.852385	11.742030	20.898509
1032.9	4.341894	7.396446	11.738340	20.903855
1033	7.345588	4.392081	11.737669	20.983163
1033.1	8.746131	2.995007	11.741138	21.126561
1033.2	6.494735	5.249240	11.743974	21.305924
1033.3	3.622055	8.120147	11.742202	21.481741
1033.4	4.043684	7.694606	11.738290	21.613976
1033.5	7.061827	4.675897	11.737724	21.673513
1033.6	8.353696	3.387556	11.741252	21.650577
1033.7	6.114733	5.629043	11.743776	21.557489
1033.8	3.665934	8.075651	11.741585	21.424973
1033.9	4.729830	7.007909	11.737739	21.293250
1034	7.990393	3.747468	11.737862	21.200752
1034.1	8.765240	2.976833	11.742073	21.173903
1034.2	5.664663	6.079855	11.744518	21.220908
1034.3	2.858630	8.882853	11.741483	21.331104
1034.4	4.455262	7.281610	11.736873	21.479635
1034.5	8.613695	3.123404	11.737099	21.635622
1034.6	9.765419	1.976719	11.742138	21.771124
1034.7	6.221629	5.523604	11.745233	21.868201
1034.8	2.711801	9.030238	11.742039	21.922248
1034.9	4.064725	7.672069	11.736794	21.941110
1035	8.500396	3.236338	11.736734	21.940798
1035.1	9.881213	1.860909	11.742122	21.939565
1035.2	6.124948	5.620662	11.745611	21.952335
1035.3	2.290300	9.451889	11.742188	21.987088
1035.4	3.829666	7.906596	11.736262	22.043965
1035.5	8.992838	2.743117	11.735955	22.116905
1035.6	10.875735	0.866302	11.742037	22.196895
1035.7	6.668571	5.077985	11.746556	22.275544
1035.8	1.670860	10.072506	11.743367	22.347846
1035.9	2.419766	9.316747	11.736513	22.413379
1036	7.966512	3.768492	11.735004	22.475804
1036.1	11.047538	0.693269	11.740807	22.541012
1036.2	7.708809	4.037375	11.746184	22.614587
1036.3	2.522645	9.221399	11.744044	22.699342
1036.4	2.390047	9.347380	11.737426	22.793573
1036.5	7.272448	4.462893	11.735342	22.890450
1036.6	10.334864	1.405714	11.740578	22.978714
1036.7	7.271709	4.474245	11.745954	23.044594
1036.8	2.182512	9.561551	11.744064	23.074632
1036.9	2.041597	9.695739	11.737336	23.058909
1037	7.237203	4.497591	11.734794	22.993994
1037.1	10.969203	0.770698	11.739901	22.884887
1037.2	8.327394	3.418508	11.745902	22.745292
1037.3	2.829158	8.915737	11.744896	22.595858
1037.4	1.669508	10.068864	11.738372	22.460478
1037.5	6.145678	5.589397	11.735075	22.361291
1037.6	10.103536	1.635690	11.739226	22.313538
1037.7	8.328420	3.416589	11.745009	22.321615
1037.8	3.467068	8.277532	11.744599	22.377543
1037.9	2.259947	9.478742	11.738689	22.462481
1038	6.375704	5.359658	11.735363	22.551109
1038.1	10.259221	1.479862	11.739083	22.617771
1038.2	8.722333	3.022448	11.744780	22.642737
1038.3	3.881937	7.862911	11.744847	22.616763
1038.4	2.180160	9.559186	11.739346	22.542646
1038.5	5.736823	5.998860	11.735683	22.433356
1038.6	9.725809	2.012725	11.738533	22.307440
1038.7	9.034574	2.709216	11.743790	22.183251
1038.8	4.970074	6.774376	11.744450	22.073922
1038.9	3.109893	8.630157	11.740050	21.984693
1039	5.633574	6.103288	11.736862	21.913300
1039.1	8.688542	3.050517	11.739059	21.853019
1039.2	8.032291	3.710927	11.743218	21.796957
1039.3	4.845296	6.898144	11.743440	21.741749
1039.4	3.785242	7.954348	11.739591	21.689096
1039.5	6.333146	5.404090	11.737235	21.644468
1039.6	8.823068	2.916614	11.739681	21.613514
1039.7	7.716651	4.026780	11.743431	21.597741
1039.8	4.550919	7.192329	11.743248	21.591468
1039.9	3.672936	8.066570	11.739506	21.581686
1040	6.118401	5.619111	11.737512	21.551414
1040.1	8.290403	3.449537	11.739940	21.485690
1040.2	7.165433	4.577723	11.743156	21.378172
1040.3	4.541836	7.200683	11.742519	21.235799
1040.4	4.330272	7.408768	11.739040	21.079392
1040.5	6.839230	4.898659	11.737889	20.939406
1040.6	8.280982	3.459925	11.740906	20.847733
1040.7	6.262296	5.481525	11.743821	20.828031
1040.8	3.415177	8.327089	11.742266	20.887791
1040.9	3.840262	7.897872	11.738134	21.015013
1041	7.244555	4.492585	11.737140	21.180918
1041.1	9.118920	2.621895	11.740815	21.348129
1041.2	6.926137	4.818045	11.744181	21.481790
1041.3	3.701935	8.040659	11.742594	21.559974
1041.4	3.893097	7.845196	11.738293	21.579855
1041.5	7.123514	4.613860	11.737374	21.557460
1041.6	8.672185	3.069019	11.741204	21.521045
1041.7	6.164764	5.579563	11.744327	21.500365
1041.8	3.124449	8.617594	11.742043	21.515631
1041.9	4.170470	7.566768	11.737238	21.570124
1042	8.355400	3.381285	11.736685	21.649212
1042.1	10.082614	1.658972	11.741586	21.726249
1042.2	6.728603	5.016899	11.745502	21.773346
1042.3	2.552991	9.189957	11.742948	21.773127
1042.4	3.188774	8.548333	11.737107	21.727127
1042.5	7.936613	3.799216	11.735828	21.657500
1042.6	10.471419	1.269569	11.740988	21.601037
1042.7	7.321767	4.423931	11.745698	21.597228
1042.8	2.706491	9.037005	11.743497	21.674320
1042.9	2.955407	8.781828	11.737235	21.838220
1043	7.871395	3.864031	11.735426	22.068314
1043.1	10.806862	0.933862	11.740724	22.322002
1043.2	7.590943	4.155175	11.746119	22.546814
1043.3	2.324436	9.419807	11.744243	22.696319
1043.4	2.049154	9.688244	11.737398	22.744671
1043.5	7.286298	4.448357	11.734655	22.694943
1043.6	11.190843	0.548901	11.739744	22.578422
1043.7	8.603328	3.142648	11.745976	22.445015
1043.8	2.926485	8.818650	11.745135	22.347846
1043.9	1.585576	10.152865	11.738441	22.327038
1044	6.145167	5.589694	11.734862	22.397910
1044.1	10.329959	1.409103	11.739062	22.547255
1044.2	8.539749	3.205472	11.745221	22.738649
1044.3	3.339798	8.405188	11.744986	22.924741
1044.4	1.874100	9.864652	11.738752	23.062216
1044.5	6.143043	5.592002	11.735045	23.124451
1044.6	10.314897	1.424036	11.738933	23.107829
1044.7	8.651262	3.093923	11.745185	23.030077
1044.8	3.282972	8.462391	11.745363	22.921745
1044.9	1.353843	10.385348	11.739191	22.814270
1045	5.446101	6.288768	11.734869	22.729070
1045.1	10.185433	1.552606	11.738039	22.671464
1045.2	9.476481	2.267862	11.744343	22.631315
1045.3	4.533658	7.211789	11.745447	22.589694
1045.4	2.013974	9.726216	11.740191	22.528715
1045.5	5.020897	6.714956	11.735853	22.440560
1045.6	9.176075	2.562069	11.738144	22.332165
1045.7	8.812179	2.931465	11.743645	22.223735
1045.8	4.640697	7.104049	11.744746	22.141609
1045.9	2.560368	9.179673	11.740041	22.108160
1046	5.510864	6.225162	11.736026	22.132520
1046.1	9.563946	2.174166	11.738111	22.205644
1046.2	9.373004	2.370387	11.743391	22.301687
1046.3	5.342045	6.402779	11.744824	22.385344
1046.4	2.844536	8.896255	11.740791	22.422687
1046.5	4.881898	6.855056	11.736954	22.391782
1046.6	8.314822	3.423465	11.738286	22.289422
1046.7	8.508637	3.233847	11.742484	22.131737
1046.8	5.644382	6.099208	11.743590	21.948561
1046.9	4.055196	7.685167	11.740363	21.773617
1047	5.917176	5.820516	11.737691	21.633979
1047.1	8.313897	3.425537	11.739434	21.542388
1047.2	7.612425	4.130567	11.742992	21.494916
1047.3	4.725961	7.017209	11.743169	21.474476
1047.4	3.778501	7.961147	11.739647	21.458639
1047.5	6.171688	5.565737	11.737426	21.428712
1047.6	8.549692	3.189990	11.739682	21.376753
1047.7	7.554922	4.188312	11.743234	21.308033
1047.8	4.599966	7.143090	11.743056	21.238220
1047.9	3.856225	7.883211	11.739437	21.186514
1048	6.300356	5.437233	11.737590	21.167429
1048.1	8.300575	3.439638	11.740213	21.184355
1048.2	6.821203	4.922353	11.743556	21.227357
1048.3	3.873898	7.868789	11.742688	21.276117
1048.4	3.776432	7.962185	11.738616	21.306997
1048.5	6.949018	4.788066	11.737084	21.301773
1048.6	9.069638	2.670854	11.740492	21.254923
1048.7	7.029306	4.714979	11.744284	21.176855
1048.8	3.447837	8.295278	11.743115	21.091846
1048.9	3.244672	8.493737	11.738408	21.031242
1049	6.807199	4.929413	11.736612	21.024044
1049.1	9.292861	2.447434	11.740295	21.087869
1049.2	7.270511	4.473889	11.744400	21.223110
1049.3	3.585186	8.157948	11.743134	21.412074
1049.4	3.520454	8.217676	11.738130	21.623286
1049.5	7.366795	4.369628	11.736423	21.819600
1049.6	9.769371	1.971327	11.740697	21.967664
1049.7	7.075950	4.669290	11.745240	22.046043
1049.8	2.675349	9.068215	11.743564	22.049865
1049.9	2.691819	9.045684	11.737503	21.991005
1050	7.574778	4.160358	11.735136	21.894130
1050.1	11.109626	0.630296	11.739922	21.790034
1050.2	8.571580	3.174157	11.745737	21.708245
1050.3	3.183662	8.561207	11.744870	21.670804
1050.4	1.988494	9.749935	11.738429	21.688575
1050.5	6.460074	5.274943	11.735016	21.760554
1050.6	10.486096	1.253110	11.739206	21.875884
1050.7	8.579989	3.165321	11.745310	22.017630
1050.8	3.326574	8.418416	11.744990	22.167189
1050.9	1.944810	9.793753	11.738564	22.308260
1051	6.499321	5.235373	11.734694	22.429612
1051.1	10.974665	0.764082	11.738747	22.526286
1051.2	9.274076	2.471388	11.745464	22.599233
1051.3	3.450828	8.295088	11.745915	22.653688
1051.4	1.068302	10.671154	11.739456	22.696772
1051.5	5.166878	6.567733	11.734611	22.734921
1051.6	10.263094	1.474598	11.737692	22.771791
1051.7	9.701195	2.043249	11.744444	22.807143
1051.8	4.454011	7.291857	11.745868	22.837072
1051.9	1.627462	10.112819	11.740281	22.855564
1052	4.841908	6.893480	11.735388	22.856981
1052.1	9.499009	2.238744	11.737753	22.838745
1052.2	9.175734	2.568271	11.744005	22.803283
1052.3	4.343026	7.402542	11.745568	22.758420
1052.4	1.632392	10.107929	11.740321	22.715801
1052.5	4.790038	6.945340	11.735378	22.687581
1052.6	9.632439	2.104951	11.737390	22.682255
1052.7	9.734969	2.008649	11.743617	22.700983
1052.8	5.043420	6.702327	11.745748	22.735781
1052.9	1.821063	9.920032	11.741095	22.770512
1053	4.196894	7.539118	11.736012	22.784754
1053.1	8.804441	2.932721	11.737162	22.759636
1053.2	9.544766	2.197916	11.742682	22.683943
1053.3	5.766107	5.978921	11.745028	22.558511
1053.4	2.830909	8.910374	11.741283	22.397317
1053.5	4.643748	7.093076	11.736824	22.224641
1053.6	8.498701	3.239009	11.737711	22.068933
1053.7	9.058528	2.683962	11.742491	21.955144
1053.8	5.698484	6.046020	11.744504	21.897878
1053.9	3.150231	8.590889	11.741120	21.897532
1054	4.865929	6.871199	11.737129	21.940650
1054.1	8.409787	3.328127	11.737914	22.004348
1054.2	9.031271	2.710876	11.742147	22.063296
1054.3	6.178794	5.565159	11.743953	22.096898
1054.4	3.947395	7.793762	11.741157	22.094307
1054.5	5.175203	6.562826	11.738029	22.055700
1054.6	7.649271	4.089702	11.738974	21.989667
1054.7	7.578979	4.163356	11.742335	21.907966
1054.8	5.136551	6.606449	11.743000	21.819883
1054.9	4.117118	7.622763	11.739881	21.728517
1055	6.308735	5.428784	11.737519	21.630524
1055.1	8.736117	3.003420	11.739536	21.519439
1055.2	7.818576	3.924733	11.743310	21.391153
1055.3	4.563895	7.179653	11.743548	21.249165
1055.4	3.327109	8.412693	11.739802	21.107129
1055.5	5.742832	5.994407	11.737239	20.987114
1055.6	8.377900	3.361523	11.739423	20.913682
1055.7	7.525861	4.217375	11.743236	20.905525
1055.8	4.461565	7.281645	11.743210	20.967665
1055.9	3.676049	8.063254	11.739303	21.087265
1056	6.451755	5.285360	11.737114	21.235111
1056.1	8.860936	2.879062	11.739998	21.372882
1056.2	7.225454	4.518647	11.744102	21.464250
1056.3	3.501305	8.242232	11.743537	21.486283
1056.4	2.850200	8.888521	11.738721	21.437291
1056.5	6.473600	5.262548	11.736148	21.338191
1056.6	9.663763	2.075763	11.739526	21.226602
1056.7	8.084701	3.659735	11.744435	21.145319
1056.8	3.818730	7.925429	11.744159	21.128817
1056.9	2.698069	9.040895	11.738963	21.192262
1057	6.323459	5.412496	11.735955	21.326746
1057.1	9.719745	2.019653	11.739398	21.502442
1057.2	8.088298	3.656366	11.744663	21.678665
1057.3	3.545266	8.199118	11.744384	21.817459
1057.4	2.440624	9.298027	11.738651	21.896051
1057.5	6.641844	5.093362	11.735206	21.913887
1057.6	10.683819	1.055187	11.739006	21.891819
1057.7	8.980904	2.764321	11.745225	21.863753
1057.8	3.526901	8.218589	11.745489	21.863730
1057.9	1.503392	10.235811	11.739203	21.913049
1058	5.727280	6.007326	11.734606	22.012067
1058.1	10.737438	1.000418	11.737856	22.139696
1058.2	9.957004	1.787700	11.744704	22.260895
1058.3	4.456669	7.289410	11.746079	22.339611
1058.4	1.539128	10.201092	11.740220	22.352628
1058.5	4.974922	6.760116	11.735038	22.299371
1058.6	9.982755	1.754730	11.737485	22.204032
1058.7	9.706934	2.037276	11.744210	22.109022
1058.8	4.471550	7.274536	11.746087	22.061746
1058.9	1.348407	10.392114	11.740521	22.099048
1059	4.629452	7.105495	11.734947	22.234548
1059.1	10.035145	1.701688	11.736833	22.453149
1059.2	10.426438	1.317248	11.743686	22.714625
1059.3	5.307276	6.439174	11.746450	22.965160
1059.4	1.389841	10.351788	11.741630	23.153068
1059.5	3.594677	8.141125	11.735802	23.243599
1059.6	8.642370	3.094266	11.736635	23.228128
1059.7	9.701996	2.040677	11.742673	23.125003
1059.8	5.606590	6.138989	11.745579	22.972145
1059.9	2.193257	9.548268	11.741525	22.814214
1060	4.191429	7.544794	11.736222	22.688793
1060.1	8.820422	2.916547	11.736969	22.616153
1060.2	9.694136	2.048599	11.742735	22.595645
1060.3	5.545945	6.199742	11.745687	22.609375
1060.4	1.904046	9.837812	11.741858	22.631222
1060.5	3.596147	8.140257	11.736404	22.637582
1060.6	8.341480	3.395028	11.736508	22.615829
1060.7	9.969647	1.772139	11.741786	22.567615
1060.8	6.671943	5.073154	11.745097	22.506178
1060.9	3.124480	8.617824	11.742303	22.449134
1061	3.939082	7.798491	11.737573	22.409853
1061.1	7.592740	4.144595	11.737335	22.390933
1061.2	8.912956	2.828580	11.741536	22.382374
1061.3	6.303010	5.441104	11.744114	22.365184
1061.4	3.685555	8.056034	11.741590	22.319028
1061.5	4.800327	6.937375	11.737702	22.230959
1061.6	8.030630	3.707299	11.737929	22.101849
1061.7	8.850474	2.891366	11.741840	21.947929
1061.8	6.206433	5.537480	11.743913	21.796680
1061.9	3.851426	7.889950	11.741377	21.678340
1062	4.960188	6.777772	11.737960	21.615949
1062.1	7.752051	3.986401	11.738452	21.617389
1062.2	8.201064	3.540887	11.741950	21.672219
1062.3	5.806930	5.936395	11.743325	21.754444
1062.4	4.184570	7.556075	11.740645	21.830284
1062.5	5.732728	6.005194	11.737922	21.868355
1062.6	8.103961	3.635311	11.739272	21.848860
1062.7	7.596551	4.146318	11.742869	21.768832
1062.8	4.636780	7.106651	11.743432	21.641867
1062.9	3.402102	8.337732	11.739834	21.492733
1063	5.910642	5.826337	11.736979	21.348896
1063.1	8.922373	2.816648	11.739022	21.231985
1063.2	8.259481	3.483884	11.743365	21.152055
1063.3	4.682383	7.061666	11.744049	21.106383
1063.4	3.008357	8.731700	11.740057	21.082869
1063.5	5.472127	6.264780	11.736907	21.066508
1063.6	8.534069	3.204975	11.739045	21.046385
1063.7	7.763083	3.980433	11.743516	21.020592
1063.8	4.136947	7.606971	11.743918	20.997339
1063.9	2.864595	8.874800	11.739395	20.991918
1064	6.106293	5.629842	11.736135	21.020707
1064.1	9.669244	2.069680	11.738923	21.094395
1064.2	8.556616	3.187666	11.744282	21.212847
1064.3	3.965926	7.778993	11.744919	21.363430
1064.4	1.970848	9.768875	11.739722	21.523424
1064.5	5.354098	6.381475	11.735574	21.665789
1064.6	9.668435	2.069695	11.738131	21.766504
1064.7	9.132155	2.611844	11.743999	21.811224
1064.8	4.526110	7.219057	11.745167	21.799329
1064.9	2.251236	9.488697	11.739933	21.744230
1065	5.604213	6.131217	11.735430	21.669984
1065.1	10.103975	1.634032	11.738007	21.605259
1065.2	9.445217	2.299198	11.744415	21.576347
1065.3	4.189384	7.556562	11.745946	21.601035
1065.4	1.304394	10.435826	11.740220	21.684767
1065.5	4.887561	6.847112	11.734673	21.819827
1065.6	10.481565	1.255192	11.736757	21.987505
1065.7	10.807753	0.936135	11.743887	22.162529
1065.8	5.416408	6.330327	11.746735	22.318660
1065.9	1.337534	10.404077	11.741610	22.434221
1066	3.782582	7.952790	11.735372	22.496454
1066.1	9.293290	2.442960	11.736249	22.503909
1066.2	10.466234	1.276655	11.742889	22.466459
1066.3	5.858410	5.887888	11.746298	22.402991
1066.4	1.789642	9.952332	11.741973	22.337224
1066.5	3.733171	8.002698	11.735869	22.292516
1066.6	8.968875	2.767381	11.736256	22.286755
1066.7	10.344916	1.397653	11.742569	22.328493
1066.8	5.957496	5.788772	11.746268	22.415262
1066.9	1.670827	10.071569	11.742397	22.534552
1067	3.183205	8.552977	11.736183	22.667249
1067.1	8.420552	3.315346	11.735898	22.792651
1067.2	10.429637	1.312138	11.741774	22.893688
1067.3	6.701140	5.044750	11.745890	22.960822
1067.4	2.340391	9.402536	11.742927	22.993483
1067.5	3.031135	8.706012	11.737147	22.998622
1067.6	7.489037	4.247318	11.736354	22.986892
1067.7	9.496279	2.245060	11.741339	22.967826
1067.8	6.458131	5.286949	11.745080	22.945720
1067.9	2.766031	8.976460	11.742491	22.917815
1068	3.611064	8.126170	11.737234	22.875516
1068.1	7.897149	3.839373	11.736522	22.808360
1068.2	9.854141	1.887125	11.741266	22.709347
1068.3	6.918751	4.826278	11.745029	22.579622
1068.4	3.073612	8.669279	11.742891	22.430611
1068.5	3.314382	8.423575	11.737957	22.282477
1068.6	7.011969	4.724870	11.736839	22.159055
1068.7	9.106351	2.634301	11.740652	22.080731
1068.8	7.127309	4.616566	11.743875	22.057619
1068.9	4.274750	7.467483	11.742232	22.085434
1069	4.622646	7.115776	11.738421	22.145713
1069.1	7.440530	4.297450	11.737980	22.210582
1069.2	8.497746	3.243673	11.741419	22.250717
1069.3	6.216712	5.526988	11.743700	22.243982
1069.4	3.872227	7.869296	11.741523	22.181889
1069.5	4.848181	6.889807	11.737988	22.071731
1069.6	7.807520	3.930587	11.738107	21.933665
1069.7	8.623729	3.117941	11.741669	21.793774
1069.8	6.251787	5.491807	11.743594	21.675539
1069.9	4.155538	7.585678	11.741216	21.592676
1070	5.286940	6.451140	11.738080	21.545817
1070.1	7.825337	3.913490	11.738827	21.524056
1070.2	7.821784	3.920657	11.742442	21.510606
1070.3	5.014158	6.729430	11.743587	21.490291
1070.4	3.418201	8.322086	11.740287	21.455889
1070.5	5.630622	6.106406	11.737028	21.410823
1070.6	8.861111	2.877497	11.738608	21.367094
1070.7	8.558240	3.184951	11.743191	21.339236
1070.8	4.823819	6.920703	11.744522	21.336702
1070.9	2.576772	9.163790	11.740563	21.357863
1071	4.909876	6.826699	11.736575	21.388306
1071.1	8.708421	3.029626	11.738047	21.404594
1071.2	8.779664	2.963378	11.743042	21.382564
1071.3	5.009565	6.735114	11.744679	21.307340
1071.4	2.630382	9.110232	11.740614	21.181352
1071.5	5.018349	6.718099	11.736448	21.027031
1071.6	8.889189	2.848910	11.738098	20.882600
1071.7	8.713077	3.030395	11.743471	20.791730
1071.8	4.469658	7.275428	11.745086	20.790148
1071.9	1.969774	9.770597	11.740371	20.893581
1072	4.978473	6.757049	11.735522	21.091220
1072.1	9.807712	1.929565	11.737277	21.347260
1072.2	10.024774	1.718817	11.743591	21.610397
1072.3	5.168437	6.577652	11.746089	21.828484
1072.4	1.603022	10.138292	11.741313	21.963713
1072.5	4.078975	7.656601	11.735576	22.003384
1072.6	9.279469	2.457121	11.736591	21.962750
1072.7	10.200419	1.542597	11.743016	21.878994
1072.8	5.612724	6.133414	11.746138	21.798411
1072.9	1.811980	9.929638	11.741618	21.761104
1073	4.142315	7.593172	11.735487	21.788350
1073.1	9.662605	2.073514	11.736119	21.876811
1073.2	10.951259	0.791632	11.742891	22.001405
1073.3	6.071170	5.675686	11.746856	22.125605
1073.4	1.303878	10.438789	11.742668	22.215435
1073.5	2.879608	8.856175	11.735783	22.252141
1073.6	8.714938	3.020288	11.735226	22.239061
1073.7	11.198610	0.542994	11.741604	22.200312
1073.8	7.270238	4.476168	11.746406	22.171817
1073.9	2.323179	9.420249	11.743428	22.187886
1074	2.844283	8.892652	11.736935	22.268183
1074.1	7.796196	3.939519	11.735715	22.409713
1074.2	10.249667	1.491568	11.741235	22.586731
1074.3	6.851386	4.894467	11.745854	22.758693
1074.4	2.270558	9.472731	11.743290	22.883538
1074.5	2.758916	8.978139	11.737055	22.931762
1074.6	7.690274	4.045291	11.735565	22.896460
1074.7	10.484881	1.255877	11.740758	22.795931
1074.8	7.494611	4.251022	11.745633	22.667983
1074.9	2.779564	8.964236	11.743800	22.557911
1075	2.499063	9.238893	11.737956	22.504203
1075.1	6.704754	5.031220	11.735974	22.526710
1075.2	9.562691	2.177537	11.740228	22.621058
1075.3	7.390590	4.354087	11.744677	22.760881
1075.4	3.453356	8.289973	11.743330	22.906795
1075.5	3.223105	8.515196	11.738300	23.018845
1075.6	6.875892	4.860711	11.736604	23.068183
1075.7	9.268413	2.472037	11.740450	23.044252
1075.8	7.142711	4.601701	11.744412	22.955507
1075.9	3.518361	8.224700	11.743061	22.824041
1076	3.399141	8.339212	11.738354	22.676558
1076.1	6.923524	4.813204	11.736727	22.535192
1076.2	9.346419	2.393804	11.740223	22.411453
1076.3	7.613799	4.130129	11.743928	22.305154
1076.4	4.343897	7.399054	11.742951	22.208191
1076.5	3.945615	7.793410	11.739025	22.111209
1076.6	6.561226	5.176502	11.737728	22.010184
1076.7	8.230440	3.510136	11.740576	21.910117
1076.8	6.708184	5.034980	11.743164	21.824289
1076.9	4.540841	7.200849	11.741689	21.769308
1077	5.168412	6.569995	11.738406	21.757889
1077.1	7.816261	3.922012	11.738274	21.792237
1077.2	8.566431	3.175269	11.741700	21.860736
1077.3	6.071624	5.672215	11.743839	21.939473
1077.4	3.667981	8.073521	11.741502	21.998374
1077.5	4.731956	7.005894	11.737850	22.010008
1077.6	7.816611	3.921425	11.738037	21.958143
1077.7	8.577644	3.164221	11.741864	21.843125
1077.8	5.918212	5.825698	11.743910	21.682237
1077.9	3.647780	8.093386	11.741166	21.504859
1078	5.124675	6.612793	11.737468	21.344003
1078.1	8.341405	3.396829	11.738234	21.226942
1078.2	8.554842	3.187855	11.742697	21.167912
1078.3	5.029567	6.715084	11.744651	21.165065
1078.4	2.414079	9.326956	11.741035	21.202413
1078.5	4.484982	7.251520	11.736502	21.255861
1078.6	8.741871	2.995418	11.737289	21.301149
1078.7	9.534615	2.207942	11.742556	21.321100
1078.8	5.734771	6.010486	11.745256	21.309923
1078.9	2.430431	9.311248	11.741679	21.273518
1079	4.076856	7.659821	11.736678	21.226040
1079.1	8.346764	3.390395	11.737159	21.184233
1079.2	9.235507	2.507037	11.742544	21.161594
1079.3	5.361113	6.384256	11.745369	21.164322
1079.4	2.056121	9.685372	11.741494	21.190206
1079.5	4.139259	7.596757	11.736017	21.230560
1079.6	9.118689	2.617843	11.736532	21.274263
1079.7	10.301225	1.441445	11.742671	21.312375
1079.8	5.867109	5.879173	11.746282	21.341707
1079.9	1.591594	10.150748	11.742341	21.366228
1080	3.252560	8.483368	11.735929	21.395930
1080.1	8.798568	2.937030	11.735598	21.443604
1080.2	10.941037	0.800835	11.741871	21.520590
1080.3	6.871395	4.875012	11.746408	21.632757
1080.4	2.066250	9.676897	11.743147	21.777859
1080.5	2.966936	8.769556	11.736492	21.944953
1080.6	8.318017	3.417406	11.735423	22.116020
1080.7	10.848456	0.892945	11.741400	22.269405
1080.8	7.081755	4.664601	11.746356	22.384323
1080.9	2.068238	9.675305	11.743542	22.445459
1081	2.628726	9.107921	11.736647	22.446719
1081.1	8.169240	3.565646	11.734886	22.393281
1081.2	11.412778	0.327887	11.740665	22.301425
1081.3	8.069515	3.676864	11.746379	22.195979
1081.4	2.496136	9.248444	11.744579	22.105698
1081.5	1.848595	9.889220	11.737815	22.057377
1081.6	6.656027	5.079018	11.735046	22.069915
1081.7	10.370736	1.368912	11.739648	22.149721
1081.8	8.249134	3.496033	11.745167	22.288705
1081.9	3.505192	8.239058	11.744250	22.465619
1082	2.655736	9.082732	11.738467	22.650676
1082.1	6.645199	5.090670	11.735869	22.812481
1082.2	9.780554	1.959369	11.739923	22.925569
1082.3	7.659469	4.085494	11.744963	22.976511
1082.4	3.140132	8.603950	11.744082	22.966841
1082.5	2.342646	9.395860	11.738506	22.911893
1082.6	6.328845	5.406914	11.735759	22.835812
1082.7	9.783007	1.956391	11.739397	22.764219
1082.8	8.271815	3.472565	11.744380	22.716746
1082.9	4.074563	7.669553	11.744116	22.701762
1083	2.829864	8.909455	11.739319	22.714903
1083.1	5.869561	5.867121	11.736682	22.741810
1083.2	8.717788	3.021796	11.739583	22.764008
1083.3	7.484262	4.259436	11.743698	22.765853
1083.4	4.131572	7.611687	11.743258	22.740044
1083.5	3.505614	8.233400	11.739014	22.689747
1083.6	6.532480	5.204469	11.736949	22.626601
1083.7	9.056421	2.683444	11.739864	22.565363
1083.8	7.709561	4.034076	11.743637	22.517260
1083.9	4.493655	7.249476	11.743132	22.484634
1084	3.819587	7.919700	11.739287	22.459043
1084.1	6.370395	5.367159	11.737554	22.423782
1084.2	8.387917	3.352231	11.740148	22.360089
1084.3	7.149512	4.593605	11.743118	22.254899
1084.4	4.736467	7.005713	11.742180	22.107261
1084.5	4.834339	6.904512	11.738851	21.930897
1084.6	7.303907	4.434250	11.738156	21.751643
1084.7	8.378951	3.362315	11.741266	21.600335
1084.8	6.217642	5.526039	11.743681	21.503392
1084.9	3.777374	7.964303	11.741677	21.474277
1085	4.712874	7.024968	11.737842	21.508833
1085.1	8.016553	3.721087	11.737641	21.586231
1085.2	9.154959	2.586677	11.741636	21.675326
1085.3	6.374369	5.370043	11.744413	21.744312
1085.4	3.348477	8.393550	11.742027	21.770364
1085.5	4.212883	7.524796	11.737679	21.745961
1085.6	7.740551	3.996901	11.737452	21.679738
1085.7	8.904511	2.837273	11.741784	21.591696
1085.8	5.898605	5.846019	11.744624	21.504662
1085.9	2.862330	8.879440	11.741771	21.435260
1086	4.252355	7.484597	11.736952	21.387824
1086.1	8.467981	3.268966	11.736947	21.353625
1086.2	9.729537	2.012609	11.742146	21.315711
1086.3	5.973525	5.772120	11.745645	21.257531
1086.4	1.971131	9.771379	11.742510	21.171943
1086.5	3.090370	8.646340	11.736710	21.066931
1086.6	7.966161	3.769832	11.735993	20.965454
1086.7	10.160345	1.581041	11.741386	20.898963
1086.8	6.802710	4.942921	11.745631	20.896573
1086.9	2.530789	9.212174	11.742963	20.973645
1087	3.223787	8.513243	11.737030	21.124025
1087.1	7.935277	3.800756	11.736033	21.319155
1087.2	10.086952	1.654548	11.741500	21.514952
1087.3	6.478161	5.267838	11.745999	21.664658
1087.4	1.870245	9.872914	11.743159	21.733597
1087.5	2.700980	9.035527	11.736506	21.710926
1087.6	8.266297	3.468660	11.734957	21.614242
1087.7	11.389652	0.351160	11.740812	21.485194
1087.8	7.919921	3.826539	11.746460	21.377228
1087.9	2.365954	9.378484	11.744438	21.339262
1088	1.989836	9.747603	11.737438	21.400557
1088.1	7.170035	4.564722	11.734757	21.561681
1088.2	10.938084	0.801795	11.739879	21.794524
1088.3	8.319546	3.426309	11.745855	22.051291
1088.4	2.949461	8.795206	11.744667	22.279469
1088.5	2.117835	9.620138	11.737973	22.437781
1088.6	6.959259	4.775551	11.734810	22.507945
1088.7	10.969704	0.769717	11.739421	22.498517
1088.8	8.766615	2.979007	11.745622	22.439883
1088.9	3.268316	8.476851	11.745167	22.372447
1089	1.719616	10.019144	11.738760	22.332295
1089.1	6.028883	5.706072	11.734955	22.339341
1089.2	10.379287	1.359358	11.738645	22.391926
1089.3	9.118254	2.626447	11.744701	22.469449
1089.4	4.173174	7.571925	11.745099	22.541766
1089.5	2.172583	9.567066	11.739649	22.581731
1089.6	5.467938	6.267968	11.735906	22.576246
1089.7	9.242258	2.496500	11.738758	22.531833
1089.8	8.322233	3.421763	11.743996	22.472769
1089.9	4.172945	7.571414	11.744359	22.432532
1090	2.648490	9.090988	11.739478	22.441635
1090.1	5.862592	5.873570	11.736162	22.516211
1090.2	9.383376	2.355563	11.738939	22.651368
1090.3	8.401136	3.342830	11.743967	22.821620
1090.4	4.253082	7.491371	11.744453	22.988228
1090.5	2.466063	9.273834	11.739898	23.110902
1090.6	5.232727	6.503807	11.736534	23.159917
1090.7	8.658868	3.079817	11.738685	23.124614
1090.8	8.284883	3.458191	11.743074	23.015672
1090.9	5.056297	6.687368	11.743665	22.860682
1091	3.655284	8.084708	11.739993	22.694829
1091.1	5.860677	5.876792	11.737469	22.550030
1091.2	8.277075	3.462523	11.739598	22.446160
1091.3	7.362031	4.381137	11.743169	22.387057
1091.4	4.464499	7.278496	11.742995	22.362159
1091.5	3.816523	7.922770	11.739293	22.352629
1091.6	6.476262	5.261035	11.737297	22.339349
1091.7	8.838830	2.900971	11.739801	22.309734
1091.8	7.746551	3.996701	11.743252	22.261036
1091.9	4.895471	6.847385	11.742856	22.199268
1092	4.323848	7.415522	11.739369	22.134630
1092.1	6.633690	5.104236	11.737926	22.075607
1092.2	8.215469	3.525141	11.740610	22.024289
1092.3	6.573708	5.169704	11.743412	21.974891
1092.4	4.079027	7.662978	11.742005	21.916085
1092.5	4.630951	7.107200	11.738151	21.836233
1092.6	7.874203	3.863235	11.737438	21.729422
1092.7	9.344136	2.397163	11.741298	21.599852
1092.8	6.671493	5.073110	11.744603	21.462677
1092.9	3.200833	8.541782	11.742614	21.340722
1093	3.644338	8.093446	11.737784	21.257959
1093.1	7.518591	4.218103	11.736694	21.231877
1093.2	9.561060	2.179935	11.740996	21.267289
1093.3	6.876025	4.868855	11.744880	21.353720
1093.4	3.060013	8.682903	11.742917	21.467327
1093.5	3.401397	8.336267	11.737664	21.576837
1093.6	7.536091	4.200293	11.736384	21.651713
1093.7	9.741602	1.999453	11.741055	21.670091
1093.8	6.745480	4.999911	11.745391	21.624168
1093.9	2.427253	9.316030	11.743283	21.521614
1094	2.737680	8.999636	11.737316	21.382826
1094.1	7.525924	4.209610	11.735534	21.235087
1094.2	10.485956	1.254587	11.740542	21.105507
1094.3	7.574468	4.171283	11.745751	21.014780
1094.4	2.585945	9.158186	11.744131	20.973365
1094.5	2.169145	9.568648	11.737793	20.980791
1094.6	6.859371	4.875895	11.735267	21.027830
1094.7	10.292257	1.447726	11.739983	21.100500
1094.8	7.806249	3.939278	11.745527	21.184532
1094.9	2.831074	8.913196	11.744271	21.269000
1095	2.297722	9.440079	11.737801	21.348284
1095.1	7.168400	4.566520	11.734920	21.422143
1095.2	10.953054	0.786689	11.739743	21.494193
1095.3	8.393686	3.352280	11.745966	21.569486
1095.4	2.678370	9.066828	11.745198	21.651969
1095.5	1.359322	10.378948	11.738270	21.742542
1095.6	6.313323	5.420932	11.734255	21.838174
1095.7	11.179628	0.558794	11.738422	21.932280
1095.8	9.747430	1.997811	11.745241	22.016255
1095.9	4.104441	7.641355	11.745796	22.081844
1096	1.718864	10.020752	11.739616	22.123785
1096.1	5.477275	6.257836	11.735111	22.142057
1096.2	10.032912	1.705277	11.738189	22.143030
1096.3	9.185201	2.559261	11.744462	22.138982
1096.4	4.202776	7.542591	11.745367	22.145763
1096.5	1.945791	9.793950	11.739741	22.178915
1096.6	5.523331	6.211903	11.735234	22.249079
1096.7	10.161044	1.576847	11.737890	22.357925
1096.8	9.703997	2.040098	11.744095	22.495978
1096.9	4.822266	6.923355	11.745621	22.643335
1097	1.931723	9.808957	11.740680	22.773592
1097.1	4.544961	7.191088	11.736049	22.860287
1097.2	8.811351	2.926385	11.737736	22.884286
1097.3	9.004053	2.739005	11.743058	22.839981
1097.4	5.210687	6.533981	11.744667	22.738280
1097.5	2.854430	8.886205	11.740634	22.605139
1097.6	5.074291	6.662486	11.736776	22.475649
1097.7	8.568597	3.169809	11.738407	22.385107
1097.8	8.388176	3.354927	11.743103	22.359527
1097.9	4.803851	6.940441	11.744292	22.408427
1098	2.797071	8.943315	11.740387	22.522114
1098.1	5.109167	6.627647	11.736815	22.674414
1098.2	8.553687	3.184711	11.738398	22.830074
1098.3	8.525960	3.216847	11.742807	22.954583
1098.4	5.280236	6.463761	11.743998	23.023364
1098.5	3.349632	8.390957	11.740589	23.027504
1098.6	5.178902	6.558612	11.737514	22.974340
1098.7	7.933778	3.805163	11.738941	22.882959
1098.8	7.732363	4.010192	11.742554	22.776387
1098.9	5.119327	6.623757	11.743084	22.673321
1099	4.091722	7.648133	11.739855	22.582347
1099.1	6.252985	5.484649	11.737634	22.500615
1099.2	8.506181	3.233536	11.739717	22.417252
1099.3	7.539143	4.204026	11.743169	22.320021
1099.4	4.643315	7.099698	11.743013	22.202509
1099.5	3.937313	7.802073	11.739387	22.068903
1099.6	6.483232	5.254193	11.737425	21.934297
1099.7	8.703198	3.036761	11.739960	21.820191
1099.8	7.450013	4.293378	11.743391	21.746708
1099.9	4.561888	7.180856	11.742744	21.724395
1100	4.308616	7.430238	11.738854	21.748811
1100.1	7.205280	4.532099	11.737379	21.800203
1100.2	9.040041	2.700716	11.740758	21.848768
1100.3	6.785543	4.958884	11.744426	21.863959
1100.4	3.188882	8.554095	11.742977	21.824707
1100.5	3.303271	8.434655	11.737925	21.726936
1100.6	7.419308	4.316760	11.736069	21.585589
1100.7	10.253107	1.487122	11.740229	21.430247
1100.8	7.924143	3.820925	11.745068	21.295671
1100.9	3.363750	8.380338	11.744088	21.210465
1101	2.554727	9.183812	11.738538	21.187786
1101.1	6.455679	5.280243	11.735921	21.221366
1101.2	9.620744	2.119080	11.739824	21.288269
1101.3	7.600898	4.143992	11.744891	21.357407
1101.4	3.126258	8.617772	11.744030	21.400753
1101.5	2.485006	9.253208	11.738215	21.403193
1101.6	6.849045	4.886339	11.735384	21.367423
1101.7	10.422096	1.317560	11.739656	21.312097
1101.8	8.191062	3.554425	11.745487	21.263877
1101.9	2.882228	8.862736	11.744965	21.246351
1102	1.522334	10.216243	11.738577	21.269997
1102.1	6.019579	5.715194	11.734774	21.327083
1102.2	10.471700	1.266971	11.738671	21.393668
1102.3	8.999655	2.745427	11.745082	21.438266
1102.4	3.650341	8.095067	11.745408	21.434226
1102.5	1.667876	10.071355	11.739231	21.371378
1102.6	5.730015	6.004904	11.734918	21.262513
1102.7	10.314823	1.423515	11.738338	21.141986
1102.8	9.157312	2.587580	11.744892	21.056366
1102.9	3.763822	7.981850	11.745672	21.049963
1103	1.455704	10.283796	11.739500	21.149930
1103.1	5.516508	6.218086	11.734595	21.356020
1103.2	10.701543	1.036023	11.737566	21.638649
1103.3	10.185753	1.558787	11.744540	21.946220
1103.4	4.648648	7.097680	11.746328	22.219570
1103.5	1.344666	10.396000	11.740666	22.409011
1103.6	4.468550	7.266573	11.735123	22.488529
1103.7	9.723411	2.013499	11.736910	22.462628
1103.8	10.213284	1.530095	11.743379	22.363743
1103.9	5.586281	6.159552	11.745833	22.241244
1104	2.222561	9.518683	11.741244	22.145753
1104.1	4.499558	7.236504	11.736062	22.113962
1104.2	9.050262	2.687006	11.737268	22.158745
1104.3	9.571573	2.171447	11.743020	22.267503
1104.4	5.398837	6.346578	11.745414	22.408764
1104.5	2.233568	9.507726	11.741294	22.544370
1104.6	4.301233	7.435099	11.736332	22.642812
1104.7	8.737347	2.999799	11.737146	22.689146
1104.8	9.648835	2.093586	11.742421	22.688338
1104.9	6.052666	5.692336	11.745002	22.661307
1105	2.911044	8.830667	11.741711	22.635563
1105.1	4.191555	7.545819	11.737373	22.634080
1105.2	7.655088	4.082793	11.737881	22.666541
1105.3	8.308815	3.433342	11.742157	22.726023
1105.4	5.408430	6.335564	11.743994	22.792107
1105.5	3.280296	8.460546	11.740842	22.839065
1105.6	5.084137	6.653092	11.737229	22.845960
1105.7	8.380173	3.358103	11.738276	22.804923
1105.8	8.598945	3.143607	11.742552	22.724619
1105.9	5.415292	6.328881	11.744174	22.627708
1106	3.134204	8.606811	11.741015	22.543277
1106.1	4.697832	7.039691	11.737523	22.496983
1106.2	7.751506	3.986883	11.738389	22.502340
1106.3	8.125010	3.617084	11.742094	22.556138
1106.4	5.653507	6.089788	11.743294	22.639402
1106.5	4.161817	7.578642	11.740459	22.723397
1106.6	5.834784	5.903121	11.737904	22.778463
1106.7	8.103574	3.635881	11.739455	22.782640
1106.8	7.465239	4.277637	11.742877	22.727282
1106.9	4.690945	7.052125	11.743070	22.618097
1107	3.856343	7.883155	11.739498	22.471681
1107.1	6.460130	5.277040	11.737170	22.309178
1107.2	9.048904	2.690676	11.739581	22.149537
1107.3	7.948518	3.795037	11.743556	22.004724
1107.4	4.556135	7.187372	11.743507	21.878342
1107.5	3.583174	8.156178	11.739352	21.767695
1107.6	6.463320	5.273556	11.736876	21.668035
1107.7	9.162512	2.577198	11.739710	21.576993
1107.8	7.719773	4.024258	11.744031	21.497266
1107.9	3.950454	7.793213	11.743667	21.436406
1108	3.171319	8.567487	11.738806	21.403807
1108.1	6.784180	4.951918	11.736099	21.406101
1108.2	9.995563	1.744026	11.739589	21.442844
1108.3	8.187036	3.557803	11.744839	21.504318
1108.4	3.424877	8.319786	11.744664	21.572492
1108.5	1.991723	9.747271	11.738994	21.625091
1108.6	5.945252	5.790045	11.735298	21.641580
1108.7	10.133835	1.604782	11.738617	21.609179
1108.8	8.979204	2.765397	11.744601	21.526994
1108.9	4.021737	7.723481	11.745218	21.406915
1109	1.924118	9.815514	11.739631	21.270977
1109.1	5.463879	6.271570	11.735449	21.145941
1109.2	9.705284	2.033154	11.738438	21.056660
1109.3	8.682817	3.061762	11.744578	21.020076
1109.4	3.621900	8.123497	11.745397	21.041405
1109.5	1.442985	10.296536	11.739521	21.113383
1109.6	5.391391	6.343361	11.734752	21.218534
1109.7	10.452960	1.284674	11.737633	21.333689
1109.8	9.923787	1.820728	11.744515	21.435478
1109.9	4.417516	7.328783	11.746299	21.505456
1110	1.145787	10.594833	11.740621	21.533765
1110.1	4.332002	7.403054	11.735056	21.520694
1110.2	9.604754	2.132220	11.736974	21.476022
1110.3	9.914246	1.829416	11.743662	21.416476
1110.4	5.004854	6.741177	11.746031	21.361924
1110.5	1.691736	10.049155	11.740890	21.331148
1110.6	4.603652	7.131578	11.735230	21.337997
1110.7	9.902703	1.834063	11.736766	21.388710
1110.8	10.442162	1.301362	11.743524	21.480941
1110.9	5.391450	6.355042	11.746492	21.604734
1111	1.380161	10.361546	11.741707	21.745257
1111.1	3.670590	8.064913	11.735502	21.886675
1111.2	9.223371	2.512620	11.735991	22.016178
1111.3	10.843196	0.899131	11.742326	22.127035
1111.4	6.690121	5.055952	11.746073	22.219714
1111.5	2.449581	9.292975	11.742556	22.300628
1111.6	3.543615	8.193221	11.736836	22.378789
1111.7	8.054515	3.682057	11.736571	22.461375
1111.8	9.694352	2.047394	11.741746	22.549742
1111.9	6.421409	5.323668	11.745078	22.637385
1112	2.949512	8.792621	11.742133	22.710890
1112.1	4.057632	7.679544	11.737176	22.753882
1112.2	8.094992	3.642057	11.737049	22.752967
1112.3	9.447974	2.293827	11.741802	22.703724
1112.4	6.295935	5.448924	11.744859	22.614584
1112.5	2.957004	8.785155	11.742160	22.506883
1112.6	3.840698	7.896859	11.737557	22.410521
1112.7	7.513429	4.223861	11.737290	22.356142
1112.8	8.910925	2.830517	11.741442	22.366028
1112.9	6.352308	5.391826	11.744134	22.446593
1113	3.610097	8.131720	11.741816	22.585056
1113.1	4.437443	7.300572	11.738015	22.751726
1113.2	7.396261	4.341868	11.738130	22.907550
1113.3	8.113641	3.628200	11.741840	23.014836
1113.4	5.559717	6.184022	11.743738	23.047918
1113.5	3.448432	8.292637	11.741069	23.000429
1113.6	4.904861	6.832730	11.737592	22.886815
1113.7	8.021318	3.716892	11.738210	22.737596
1113.8	8.551517	3.190537	11.742054	22.589861
1113.9	5.869808	5.873956	11.743764	22.476078
1114	3.773974	7.967103	11.741077	22.414839
1114.1	5.067870	6.670080	11.737950	22.406444
1114.2	7.654466	4.084377	11.738842	22.434592
1114.3	7.669570	4.072759	11.742328	22.473315
1114.4	5.134981	6.608185	11.743166	22.496542
1114.5	3.980735	7.759186	11.739921	22.486820
1114.6	6.303562	5.433661	11.737222	22.440174
1114.7	9.077066	2.662169	11.739235	22.365541
1114.8	8.241201	3.502293	11.743494	22.279296
1114.9	4.591233	7.152819	11.744052	22.197202
1115	3.017967	8.721873	11.739839	22.127063
1115.1	5.808521	5.927976	11.736497	22.065078
1115.2	9.265554	2.473173	11.738726	21.997438
1115.3	8.623845	3.119763	11.743608	21.906664
1115.4	4.697175	7.047204	11.744379	21.780273
1115.5	2.947604	8.792202	11.739806	21.618324
1115.6	5.962036	5.774123	11.736158	21.436686
1115.7	9.651281	2.087430	11.738710	21.264312
1115.8	8.690999	3.053249	11.744248	21.135064
1115.9	3.985091	7.760058	11.745149	21.076686
1116	1.783995	9.955825	11.739819	21.100773
1116.1	5.292771	6.442446	11.735217	21.197448
1116.2	10.082183	1.655462	11.737645	21.336923
1116.3	9.796405	1.947681	11.744086	21.477763
1116.4	4.696512	7.049506	11.746019	21.579301
1116.5	1.458672	10.282161	11.740834	21.614061
1116.6	4.294802	7.440651	11.735454	21.575985
1116.7	9.288538	2.448544	11.737082	21.481588
1116.8	9.665341	2.078121	11.743463	21.363635
1116.9	4.956421	6.789473	11.745894	21.259518
1117	1.644578	10.096448	11.741025	21.198401
1117.1	4.345592	7.389878	11.735470	21.191649
1117.2	9.456906	2.279972	11.736878	21.229896
1117.3	9.965414	1.778072	11.743486	21.287743
1117.4	4.994791	6.751584	11.746375	21.334341
1117.5	1.144931	10.596563	11.741494	21.345962
1117.6	3.688978	8.046255	11.735233	21.315929
1117.7	9.432893	2.303042	11.735935	21.258158
1117.8	10.893792	0.848912	11.742705	21.202867
1117.9	6.241680	5.504916	11.746595	21.185812
1118	1.687367	10.055194	11.742561	21.234829
1118.1	3.158644	8.577479	11.736122	21.358507
1118.2	8.468971	3.266889	11.735861	21.541205
1118.3	10.417307	1.324624	11.741931	21.746471
1118.4	6.509404	5.236621	11.746024	21.927986
1118.5	2.197269	9.545374	11.742643	22.044521
1118.6	3.418243	8.318176	11.736418	22.073874
1118.7	8.609416	3.126324	11.735740	22.021022
1118.8	10.888994	0.852486	11.741480	21.917587
1118.9	7.291583	4.454404	11.745986	21.812621
1119	2.596317	9.147121	11.743438	21.757619
1119.1	2.809851	8.927616	11.737468	21.790581
1119.2	7.276524	4.459464	11.735988	21.924275
1119.3	9.906625	1.833949	11.740574	22.142384
1119.4	7.489215	4.255520	11.744735	22.404647
1119.5	3.715299	8.027700	11.742998	22.659117
1119.6	3.778714	7.959444	11.738158	22.857455
1119.7	7.282146	4.454897	11.737044	22.968335
1119.8	9.094976	2.646064	11.741040	22.984861
1119.9	6.624112	5.120316	11.744428	22.924086
1120	3.313524	8.428976	11.742500	22.819338
1120.1	3.727856	8.010138	11.737994	22.708419
1120.2	7.247569	4.489541	11.737110	22.621830
1120.3	9.061942	2.678973	11.740915	22.574875
1120.4	6.854850	4.889221	11.744071	22.565856
1120.5	3.828032	7.914352	11.742385	22.580323
1120.6	4.060321	7.678166	11.738486	22.599222
1120.7	6.886326	4.851567	11.737894	22.607607
1120.8	8.092744	3.648480	11.741224	22.600634
1120.9	6.008211	5.735312	11.743523	22.584798
1121	3.795426	7.946016	11.741441	22.574252
1121.1	4.806595	6.931401	11.737996	22.583921
1121.2	7.715103	4.023103	11.738205	22.622223
1121.3	8.375870	3.366012	11.741882	22.686263
1121.4	5.760421	5.983418	11.743839	22.761343
1121.5	3.502191	8.239057	11.741248	22.824988
1121.6	4.798818	6.938889	11.737707	22.854017
1121.7	7.867353	3.870844	11.738198	22.832108
1121.8	8.435134	3.306876	11.742010	22.755202
1121.9	5.798539	5.945162	11.743701	22.632884
1122	3.843276	7.897557	11.740833	22.485397
1122.1	5.481795	6.255752	11.737547	22.337385
1122.2	8.372701	3.366034	11.738735	22.210612
1122.3	8.155597	3.587321	11.742918	22.118058
1122.4	4.805805	6.938260	11.744065	22.061232
1122.5	3.021847	8.718272	11.740119	22.031302
1122.6	5.731609	6.004681	11.736290	22.013308
1122.7	9.663926	2.074166	11.738092	21.991754
1122.8	9.480429	2.263069	11.743498	21.955547
1122.9	5.134897	6.610404	11.745301	21.900680
1123	2.264443	9.476446	11.740889	21.830040
1123.1	4.695117	7.040969	11.736086	21.750773
1123.2	9.131195	2.606238	11.737434	21.670534
1123.3	9.479405	2.263786	11.743192	21.594192
1123.4	5.168256	6.577229	11.745485	21.522276
1123.5	2.093242	9.647760	11.741002	21.451655
1123.6	4.646778	7.088943	11.735721	21.378036
1123.7	9.560096	2.176870	11.736965	21.299194
1123.8	10.113726	1.629620	11.743346	21.217544
1123.9	5.250578	6.495790	11.746369	21.140996
1124	1.235701	10.506122	11.741823	21.081613
1124.1	3.388187	8.347425	11.735612	21.052450
1124.2	8.903576	2.832396	11.735972	21.063535
1124.3	10.516699	1.225705	11.742404	21.118268
1124.4	6.195912	5.550382	11.746294	21.211372
1124.5	1.835857	9.906629	11.742486	21.329034
1124.6	3.284895	8.451327	11.736221	21.451259
1124.7	8.452816	3.283226	11.736042	21.555838
1124.8	10.177338	1.564861	11.742199	21.622982
1124.9	5.986311	5.759977	11.746288	21.639553
1125	1.527590	10.215035	11.742625	21.601998
1125.1	2.971527	8.764485	11.736012	21.517405
1125.2	8.619588	3.115743	11.735331	21.402505
1125.3	11.075082	0.666510	11.741593	21.280796
1125.4	7.104332	4.642202	11.746534	21.178288
1125.5	1.952327	9.791337	11.743663	21.118592
1125.6	2.347372	9.389507	11.736879	21.118245
1125.7	7.609670	4.125493	11.735163	21.183194
1125.8	10.719197	1.021387	11.740584	21.307267
1125.9	7.746469	3.999268	11.745736	21.473164
1126	2.933754	8.810070	11.743824	21.655977
1126.1	2.783639	8.954033	11.737672	21.828661
1126.2	7.328688	4.406973	11.735661	21.968274
1126.3	10.305193	1.435170	11.740363	22.061413
1126.4	7.737125	4.008152	11.745277	22.107352
1126.5	3.202384	8.541415	11.743799	22.117832
1126.6	2.833920	8.904138	11.738058	22.113392
1126.7	7.057000	4.678802	11.735802	22.117120
1126.8	10.207811	1.532070	11.739881	22.147626
1126.9	8.257775	3.486892	11.744667	22.213370
1127	4.027937	7.715975	11.743912	22.310194
1127.1	3.069918	8.669139	11.739057	22.422954
1127.2	6.177864	5.558975	11.736839	22.530833
1127.3	8.719820	3.020124	11.739943	22.614624
1127.4	7.288065	4.455587	11.743652	22.663536
1127.5	4.249108	7.493634	11.742742	22.679107
1127.6	4.100544	7.638174	11.738717	22.674705
1127.7	7.045349	4.692087	11.737435	22.670604
1127.8	8.810236	2.930519	11.740755	22.686205
1127.9	6.766500	4.977501	11.744001	22.732093
1128	3.639474	8.103150	11.742624	22.804835
1128.1	3.663339	8.075220	11.738559	22.886638
1128.2	6.687558	5.049864	11.737422	22.950339
1128.3	8.493042	3.247583	11.740626	22.968336
1128.4	6.749006	4.994523	11.743529	22.922576
1128.5	4.168454	7.573639	11.742094	22.812142
1128.6	4.502877	7.235677	11.738554	22.655629
1128.7	7.163936	4.574184	11.738120	22.487162
1128.8	8.130296	3.611172	11.741468	22.347011
1128.9	5.812738	5.930994	11.743732	22.269687
1129	3.464733	8.276736	11.741469	22.273312
1129.1	4.604556	7.133152	11.737708	22.353804
1129.2	7.897481	3.840307	11.737788	22.485813
1129.3	8.861596	2.880159	11.741755	22.630190
1129.4	6.155785	5.588331	11.744116	22.745541
1129.5	3.580792	8.160721	11.741513	22.800091
1129.6	4.798407	6.939178	11.737584	22.780031
1129.7	8.092495	3.645477	11.737971	22.691754
1129.8	8.673240	3.069043	11.742283	22.557541
1129.9	5.500675	6.243722	11.744398	22.406530
1130	3.016207	8.724808	11.741015	22.264344
1130.1	5.041500	6.695094	11.736593	22.145132
1130.2	9.175866	2.561585	11.737450	22.048733
1130.3	9.741042	2.001815	11.742856	21.963714
1130.4	5.601560	6.144031	11.745592	21.874777
1130.5	2.093754	9.647928	11.741683	21.771423
1130.6	4.020725	7.715391	11.736116	21.654276
1130.7	9.013312	2.723074	11.736386	21.536437
1130.8	10.465014	1.277296	11.742310	21.439130
1130.9	6.373564	5.372460	11.746024	21.383222
1131	2.158842	9.583666	11.742508	21.379845
1131.1	3.439338	8.297141	11.736479	21.423911
1131.2	8.403551	3.332581	11.736133	21.493343
1131.3	10.187559	1.554455	11.742014	21.554831
1131.4	6.199690	5.546439	11.746129	21.574453
1131.5	1.772894	9.969832	11.742726	21.529601
1131.6	3.038472	8.697746	11.736218	21.417938
1131.7	8.541587	3.193805	11.735391	21.259965
1131.8	11.007115	0.734431	11.741546	21.093912
1131.9	7.042004	4.704594	11.746598	20.964333
1132	1.756055	9.987785	11.743840	20.908051
1132.1	2.010412	9.726535	11.736946	20.942185
1132.2	7.303509	4.431544	11.735053	21.058337
1132.3	10.520961	1.219564	11.740525	21.225048
1132.4	7.508429	4.237436	11.745865	21.397767
1132.5	2.566041	9.177848	11.743889	21.533026
1132.6	2.517380	9.220010	11.737391	21.602038
1132.7	7.439078	4.296203	11.735281	21.599139
1132.8	10.586824	1.153661	11.740486	21.542283
1132.9	7.567667	4.178323	11.745991	21.465560
1133	2.327633	9.416692	11.744325	21.406480
1133.1	1.882828	9.854799	11.737627	21.392560
1133.2	6.925743	4.809013	11.734756	21.431951
1133.3	10.924968	0.814461	11.739429	21.511368
1133.4	8.829057	2.916322	11.745379	21.601981
1133.5	3.645018	8.099841	11.744859	21.671082
1133.6	2.219091	9.519802	11.738893	21.695276
1133.7	6.114783	5.620809	11.735592	21.670419
1133.8	9.828454	1.910688	11.739142	21.614635
1133.9	8.428944	3.315487	11.744431	21.563204
1134	4.088636	7.655635	11.744271	21.556942
1134.1	2.845906	8.893193	11.739099	21.628026
1134.2	6.329497	5.406577	11.736073	21.788120
1134.3	9.739227	1.999965	11.739193	22.022905
1134.4	8.537951	3.206109	11.744060	22.294981
1134.5	4.507982	7.236161	11.744143	22.554255
1134.6	3.066466	8.673159	11.739626	22.752491
1134.7	5.850471	5.886339	11.736809	22.857287
1134.8	8.778533	2.960770	11.739304	22.861086
1134.9	7.915652	3.827668	11.743321	22.782470
1135	4.776852	6.966418	11.743270	22.659602
1135.1	3.874569	7.864958	11.739527	22.538195
1135.2	6.278264	5.459332	11.737597	22.458015
1135.3	8.289077	3.451104	11.740181	22.442183
1135.4	6.879427	4.864023	11.743449	22.492374
1135.5	4.040013	7.702603	11.742616	22.590901
1135.6	3.904360	7.834425	11.738785	22.708382
1135.7	6.815625	4.921752	11.737377	22.813995
1135.8	8.777286	2.963152	11.740439	22.884754
1135.9	7.060031	4.683703	11.743734	22.910943
1136	4.032466	7.710247	11.742713	22.896403
1136.1	3.814776	7.924128	11.738904	22.854299
1136.2	6.502589	5.235114	11.737703	22.800466
1136.3	8.129037	3.611665	11.740702	22.747069
1136.4	6.391630	5.351818	11.743447	22.698888
1136.5	3.971894	7.769948	11.741842	22.653314
1136.6	4.660046	7.078065	11.738112	22.603643
1136.7	7.761202	3.976553	11.737755	22.543976
1136.8	8.859746	2.881881	11.741627	22.473555
1136.9	6.084768	5.659657	11.744425	22.398663
1137	3.044254	8.697761	11.742015	22.331308
1137.1	4.016902	7.720545	11.737447	22.285141
1137.2	7.901925	3.835075	11.737000	22.270194
1137.3	9.497058	2.244385	11.741443	22.288423
1137.4	6.629532	5.115183	11.744715	22.331759
1137.5	3.305130	8.437072	11.742202	22.383446
1137.6	4.267613	7.469689	11.737302	22.422267
1137.7	8.303172	3.433774	11.736946	22.428262
1137.8	9.694246	2.047690	11.741936	22.388085
1137.9	6.134290	5.611202	11.745492	22.298348
1138	2.243161	9.499252	11.742414	22.166016
1138.1	3.510736	8.225750	11.736487	22.005962
1138.2	8.662800	3.072910	11.735710	21.836674
1138.3	11.005207	0.736238	11.741445	21.675574
1138.4	7.301141	4.445110	11.746251	21.535397
1138.5	2.286024	9.457681	11.743705	21.422531
1138.6	2.504104	9.233026	11.737130	21.337463
1138.7	7.561227	4.174063	11.735290	21.276782
1138.8	10.600679	1.139960	11.740640	21.235748
1138.9	7.501567	4.244382	11.745948	21.210431
1139	2.453279	9.290730	11.744010	21.198739
1139.1	2.320814	9.416590	11.737404	21.200189
1139.2	7.338948	4.396132	11.735080	21.214748
1139.3	10.723661	1.016605	11.740267	21.241371
1139.4	7.804453	3.941586	11.746039	21.276921
1139.5	2.381525	9.363075	11.744600	21.315883
1139.6	1.685146	10.052656	11.737801	21.351037
1139.7	6.678067	5.056631	11.734698	21.374868
1139.8	10.750421	0.988979	11.739400	21.381328
1139.9	8.561784	3.183809	11.745593	21.367501
1140	3.133359	8.611697	11.745056	21.334777
1140.1	1.701882	10.036786	11.738668	21.289265
1140.2	6.004937	5.730151	11.735088	21.241312
1140.3	10.083462	1.655568	11.739030	21.204086
1140.4	8.439480	3.305521	11.745001	21.191324
1140.5	3.438054	8.306798	11.744852	21.214491
1140.6	2.007203	9.731600	11.738803	21.279798
1140.7	6.219417	5.515639	11.735056	21.385755
1140.8	10.507165	1.231516	11.738680	21.521980
1140.9	9.172887	2.571960	11.744847	21.669976
1141	3.987247	7.758161	11.745408	21.806135
1141.1	1.730332	10.009439	11.739771	21.906724
1141.2	5.168944	6.566524	11.735468	21.953843
1141.3	9.611127	2.126822	11.737949	21.940875
1141.4	9.391041	2.352491	11.743532	21.875718
1141.5	5.297479	6.447253	11.744732	21.780509
1141.6	3.080650	8.659720	11.740370	21.687366
1141.7	5.491254	6.245487	11.736741	21.630896
1141.8	8.820225	2.918504	11.738729	21.639287
1141.9	8.335368	3.407919	11.743287	21.726484
1142	4.812502	6.931479	11.743981	21.887854
1142.1	3.238286	8.501655	11.739941	22.100880
1142.2	5.794511	5.942329	11.736840	22.330936
1142.3	8.947380	2.791503	11.738882	22.540608
1142.4	8.468026	3.275083	11.743109	22.699832
1142.5	5.202173	6.541567	11.743740	22.793716
1142.6	3.654228	8.085977	11.740205	22.825600
1142.7	5.636747	6.100916	11.737663	22.814371
1142.8	7.957045	3.782530	11.739575	22.786966
1142.9	7.181719	4.561215	11.742934	22.768587
1143	4.542203	7.200552	11.742755	22.773977
1143.1	4.041823	7.697441	11.739264	22.802772
1143.2	6.585886	5.151668	11.737554	22.840534
1143.3	8.583250	3.156993	11.740243	22.865096
1143.4	7.054573	4.689059	11.743632	22.855937
1143.5	3.976838	7.766049	11.742887	22.803179
1143.6	3.609149	8.129789	11.738939	22.712826
1143.7	6.490326	5.246960	11.737285	22.606179
1143.8	8.609054	3.131205	11.740259	22.513370
1143.9	7.021689	4.721977	11.743666	22.463118
1144	4.035293	7.707363	11.742655	22.472257
1144.1	3.972468	7.766166	11.738634	22.538769
1144.2	6.989939	4.747447	11.737386	22.641005
1144.3	8.734987	3.005875	11.740863	22.743593
1144.4	6.511436	5.232769	11.744205	22.808291
1144.5	3.318005	8.424454	11.742459	22.806181
1144.6	3.844430	7.893307	11.737737	22.727112
1144.7	7.783393	3.953212	11.736605	22.583149
1144.8	9.903419	1.837543	11.740962	22.404810
1144.9	7.148136	4.596929	11.745065	22.231340
1145	3.068174	8.675038	11.743212	22.098326
1145.1	3.201851	8.535877	11.737729	22.026809
1145.2	7.465932	4.270140	11.736072	22.017550
1145.3	10.067078	1.673569	11.740647	22.052195
1145.4	7.356880	4.388389	11.745269	22.100711
1145.5	2.991086	8.752376	11.743461	22.132246
1145.6	3.109052	8.628412	11.737463	22.125455
1145.7	7.855371	3.880108	11.735479	22.074657
1145.8	10.875906	0.864635	11.740541	21.989777
1145.9	7.804920	3.941165	11.746085	21.890436
1146	2.384895	9.359677	11.744572	21.796681
1146.1	1.729281	10.008456	11.737737	21.720123
1146.2	6.838337	4.896187	11.734524	21.659025
1146.3	11.110566	0.628643	11.739209	21.599366
1146.4	9.022004	2.723612	11.745616	21.521545
1146.5	3.437366	8.307953	11.745318	21.410173
1146.6	1.737522	10.001365	11.738887	21.263075
1146.7	5.944126	5.790933	11.735059	21.095743
1146.8	10.109973	1.628968	11.738941	20.939090
1146.9	8.450626	3.294522	11.745148	20.830756
1147	3.201766	8.543378	11.745144	20.802718
1147.1	1.579039	10.159793	11.738832	20.869459
1147.2	5.966119	5.768592	11.734711	21.021030
1147.3	10.613370	1.125035	11.738405	21.223793
1147.4	9.323239	2.421818	11.745057	21.429058
1147.5	3.763589	7.982256	11.745846	21.587078
1147.6	1.230634	10.509165	11.739799	21.661919
1147.7	4.918825	6.816183	11.735008	21.642313
1147.8	9.777295	1.960429	11.737724	21.544835
1147.9	9.398296	2.345790	11.744086	21.408310
1148	4.546658	7.198855	11.745513	21.281275
1148.1	1.917574	9.822689	11.740263	21.206649
1148.2	5.014073	6.721509	11.735583	21.208683
1148.3	9.540137	2.197625	11.737762	21.286430
1148.4	9.367540	2.376183	11.743723	21.415718
1148.5	4.815133	6.930242	11.745375	21.558712
1148.6	2.082124	9.658456	11.740581	21.677581
1148.7	4.821749	6.914112	11.735861	21.747486
1148.8	9.343635	2.393812	11.737447	21.764468
1148.9	9.737986	2.005026	11.743012	21.745675
1149	5.748821	5.996285	11.745105	21.722095
1149.1	2.816089	8.925165	11.741253	21.726561
1149.2	4.590471	7.146482	11.736954	21.781384
1149.3	8.263518	3.474371	11.737889	21.889996
1149.4	8.785033	2.957301	11.742334	22.035504
1149.5	5.796569	5.947396	11.743964	22.186573
1149.6	3.767835	7.972904	11.740739	22.308505
1149.7	5.533340	6.204117	11.737457	22.375586
1149.8	8.427850	3.310934	11.738784	22.380404
1149.9	8.237378	3.505378	11.742756	22.336934
1150	5.177160	6.566570	11.743731	22.276372
1150.1	3.497696	8.242691	11.740387	22.237162
1150.2	5.449866	6.287602	11.737468	22.252600
1150.3	8.195753	3.543239	11.738992	22.340096
1150.4	7.919948	3.822698	11.742646	22.495530
1150.5	5.199931	6.543274	11.743205	22.694357
1150.6	4.037482	7.702520	11.740003	22.898861
1150.7	6.035789	5.702024	11.737813	23.069016
1150.8	8.091538	3.648391	11.739929	23.173426
1150.9	6.922261	4.821077	11.743338	23.197017
1151	3.951519	7.791442	11.742961	23.143439
1151.1	3.464201	8.274803	11.739003	23.031993
1151.2	6.489560	5.247353	11.736913	22.890608
1151.3	9.094609	2.645171	11.739780	22.747515
1151.4	7.717790	4.026031	11.743822	22.624311
1151.5	4.192516	7.550974	11.743490	22.532318
1151.6	3.317738	8.421501	11.739239	22.472781
1151.7	6.199070	5.537946	11.737015	22.440051
1151.8	8.665762	3.074201	11.739962	22.426030
1151.9	7.128426	4.615469	11.743895	22.423950
1152	3.753893	7.989176	11.743069	22.430175
1152.1	3.554074	8.184307	11.738380	22.443648
1152.2	7.239344	4.497067	11.736410	22.463692
1152.3	9.878001	1.862282	11.740284	22.487441
1152.4	7.583077	4.161898	11.744975	22.508323
1152.5	3.146221	8.597706	11.743927	22.516418
1152.6	2.575146	9.163056	11.738202	22.500753
1152.7	6.908759	4.826664	11.735423	22.452721
1152.8	10.513427	1.226094	11.739521	22.369336
1152.9	8.528553	3.216601	11.745154	22.255085
1153	3.541251	8.203462	11.744712	22.121576
1153.1	2.268647	9.470032	11.738679	21.985014
1153.2	6.489040	5.246149	11.735189	21.862233
1153.3	10.496235	1.242851	11.739086	21.766519
1153.4	8.736236	3.008976	11.745212	21.704442
1153.5	3.426022	8.319191	11.745213	21.674585
1153.6	1.734445	10.004436	11.738881	21.668379
1153.7	6.129366	5.605270	11.734637	21.672664
1153.8	10.888039	0.850251	11.738290	21.673105
1153.9	9.633618	2.111513	11.745131	21.657516
1154	3.887153	7.858960	11.746112	21.618280
1154.1	1.119942	10.619995	11.739937	21.553474
1154.2	4.841470	6.893334	11.734804	21.466673
1154.3	9.982984	1.754455	11.737439	21.365742
1154.4	9.736881	2.007272	11.744153	21.261058
1154.5	4.626879	7.119026	11.745904	21.163577
1154.6	1.650019	10.090458	11.740477	21.083073
1154.7	4.760153	6.975200	11.735354	21.026754
1154.8	9.584670	2.152834	11.737503	20.998408
1154.9	9.439775	2.304199	11.743974	20.998163
1155	4.420443	7.325510	11.745953	21.022941
1155.1	1.273835	10.466867	11.740702	21.067534
1155.2	4.295839	7.439375	11.735214	21.126111
1155.3	9.570473	2.166297	11.736770	21.193743
1155.4	10.244014	1.499203	11.743217	21.267459
1155.5	5.628720	6.117286	11.746006	21.346379
1155.6	1.931928	9.809749	11.741677	21.430748
1155.7	3.845470	7.890800	11.736271	21.520111
1155.8	8.442413	3.294552	11.736966	21.611292
1155.9	9.423642	2.318845	11.742487	21.697104
1156	5.683339	6.061808	11.745147	21.766647
1156.1	2.580403	9.161006	11.741410	21.807579
1156.2	4.466964	7.269548	11.736511	21.810045
1156.3	8.816224	2.920904	11.737128	21.771155
1156.4	9.801392	1.940947	11.742340	21.698430
1156.5	6.202935	5.542175	11.745110	21.610643
1156.6	2.877438	8.864479	11.741917	21.535112
1156.7	4.068189	7.669093	11.737282	21.501616
1156.8	7.858908	3.878431	11.737339	21.534316
1156.9	9.123639	2.617943	11.741582	21.644024
1157	6.550698	5.193293	11.743991	21.823380
1157.1	4.059308	7.682220	11.741528	22.046880
1157.2	5.044556	6.693499	11.738054	22.276322
1157.3	7.744714	3.993843	11.738557	22.470498
1157.4	8.056151	3.685963	11.742114	22.596479
1157.5	5.507969	6.235472	11.743441	22.639087
1157.6	3.858416	7.882147	11.740563	22.605496
1157.7	5.605055	6.132562	11.737616	22.523310
1157.8	8.337231	3.401661	11.738892	22.432467
1157.9	8.142021	3.600647	11.742669	22.373356
1158	5.196764	6.546861	11.743625	22.374803
1158.1	3.565070	8.175334	11.740404	22.445733
1158.2	5.450070	6.287504	11.737574	22.573153
1158.3	8.061387	3.677769	11.739156	22.727055
1158.4	7.590996	4.151867	11.742862	22.870553
1158.5	4.690401	7.052902	11.743303	22.971802
1158.6	3.611661	8.128042	11.739703	23.013724
1158.7	6.107567	5.629609	11.737176	22.998276
1158.8	8.739794	2.999738	11.739532	22.944007
1158.9	7.607315	4.136378	11.743693	22.877909
1159	3.989505	7.754270	11.743775	22.824655
1159.1	2.835202	8.904175	11.739377	22.797158
1159.2	5.926902	5.809527	11.736428	22.791901
1159.3	9.207828	2.531256	11.739084	22.790770
1159.4	8.232414	3.511394	11.743808	22.768695
1159.5	4.363322	7.380750	11.744072	22.704296
1159.6	3.015133	8.724302	11.739435	22.589569
1159.7	6.144135	5.592226	11.736361	22.434927
1159.8	9.366507	2.372822	11.739329	22.267538
1159.9	7.945824	3.798574	11.744398	22.123303
1160	3.558062	8.186323	11.744386	22.035145
1160.1	2.313122	9.425745	11.738867	22.021647
1160.2	6.389219	5.345945	11.735164	22.080085
1160.3	10.695703	1.042847	11.738551	22.186371
1160.4	9.471416	2.273417	11.744834	22.302082
1160.5	4.136592	7.609095	11.745687	22.386216
1160.6	1.642838	10.097022	11.739860	22.407715
1160.7	5.252037	6.483028	11.735065	22.354501
1160.8	10.095024	1.642699	11.737723	22.236027
1160.9	9.648859	2.095397	11.744256	22.078668
1161	4.535635	7.210178	11.745812	21.915764
1161.1	1.738608	10.001605	11.740214	21.776002
1161.2	5.170842	6.564159	11.735001	21.674320
1161.3	10.289846	1.447476	11.737322	21.608487
1161.4	10.122268	1.621952	11.744220	21.562376
1161.5	4.678078	7.068413	11.746491	21.514444
1161.6	1.060037	10.680979	11.741016	21.447996
1161.7	4.032866	7.702133	11.734999	21.359184
1161.8	9.668300	2.068067	11.736367	21.259558
1161.9	10.579595	1.163623	11.743218	21.172064
1162	5.711146	6.035303	11.746449	21.121908
1162.1	1.596806	10.145144	11.741950	21.125740
1162.2	3.532602	8.203346	11.735948	21.183351
1162.3	8.605028	3.131441	11.736469	21.275299
1162.4	9.838246	1.904325	11.742572	21.367786
1162.5	5.668825	6.077007	11.745832	21.423448
1162.6	1.921766	9.820084	11.741850	21.414464
1162.7	3.780044	7.956074	11.736118	21.333384
1162.8	8.752939	2.983510	11.736449	21.197667
1162.9	10.113291	1.629103	11.742394	21.046001
1163	6.011715	5.734232	11.745947	20.927249
1163.1	1.914514	9.827886	11.742400	20.885462
1163.2	3.208108	8.528462	11.736570	20.945827
1163.3	8.066830	3.669330	11.736160	21.106201
1163.4	10.090300	1.651155	11.741455	21.337093
1163.5	6.901553	4.843679	11.745232	21.590152
1163.6	3.062468	8.680188	11.742656	21.812433
1163.7	3.663643	8.073931	11.737574	21.961825
1163.8	7.545397	4.191540	11.736937	22.018723
1163.9	9.225475	2.515852	11.741327	21.990339
1164	6.531660	5.212832	11.744492	21.906575
1164.1	3.388103	8.354030	11.742133	21.809149
1164.2	4.205924	7.531732	11.737656	21.737845
1164.3	7.850642	3.886578	11.737219	21.718494
1164.4	9.398141	2.343113	11.741254	21.756527
1164.5	6.953579	4.790566	11.744145	21.837861
1164.6	4.028283	7.713875	11.742157	21.936320
1164.7	4.454074	7.284332	11.738406	22.024603
1164.8	7.172557	4.565613	11.738170	22.084773
1164.9	8.075905	3.665549	11.741455	22.114595
1165	5.991301	5.751959	11.743261	22.127686
1165.1	4.223030	7.517884	11.740914	22.147696
1165.2	5.598276	6.139625	11.737901	22.198814
1165.3	8.247100	3.491682	11.738782	22.296094
1165.4	8.226033	3.516491	11.742524	22.439046
1165.5	5.256469	6.487368	11.743837	22.610657
1165.6	3.319216	8.421489	11.740705	22.782112
1165.7	5.109286	6.628111	11.737397	22.921489
1165.8	8.154697	3.583853	11.738550	23.003461
1165.9	8.199106	3.543469	11.742575	23.016805
1166	5.198746	6.545039	11.743784	22.967394
1166.1	3.444549	8.295868	11.740416	22.875930
1166.2	5.495359	6.241892	11.737251	22.771426
1166.3	8.434207	3.304728	11.738936	22.682709
1166.4	7.887967	3.855310	11.743276	22.630676
1166.5	4.326501	7.417581	11.744082	22.623546
1166.6	2.690461	9.049415	11.739876	22.656185
1166.7	5.561103	6.175182	11.736286	22.713201
1166.8	9.303505	2.434925	11.738431	22.774379
1166.9	8.817555	2.926100	11.743655	22.820491
1167	4.603601	7.141272	11.744873	22.837726
1167.1	2.315438	9.424842	11.740280	22.819721
1167.2	5.115909	6.620143	11.736052	22.767142
1167.3	9.230080	2.507951	11.738031	22.685590
1167.4	8.996028	2.747565	11.743594	22.582983
1167.5	4.689463	7.055586	11.745049	22.467486
1167.6	2.317357	9.422842	11.740199	22.346549
1167.7	5.403096	6.332510	11.735606	22.227001
1167.8	9.929737	1.808037	11.737774	22.115647
1167.9	9.601675	2.142402	11.744077	22.019638
1168	4.516010	7.229987	11.745997	21.946094
1168.1	1.367538	10.373095	11.740633	21.900850
1168.2	4.576512	7.158400	11.734912	21.886693
1168.3	10.178944	1.557557	11.736501	21.901764
1168.4	10.893962	0.849498	11.743460	21.938807
1168.5	5.782891	5.963771	11.746662	21.985724
1168.6	1.555657	10.186273	11.741930	22.027420
1168.7	3.665779	8.069859	11.735638	22.048553
1168.8	9.076703	2.659476	11.736179	22.036489
1168.9	10.404528	1.338190	11.742718	21.983742
1169	5.866354	5.880002	11.746356	21.889397
1169.1	1.651939	10.090204	11.742143	21.759263
1169.2	3.547312	8.188425	11.735737	21.604876
1169.3	9.111465	2.624313	11.735778	21.441627
1169.4	10.930377	0.811892	11.742269	21.286406
1169.5	6.538573	5.208030	11.746602	21.155103
1169.6	1.674570	10.068542	11.743112	21.060255
1169.7	2.582786	9.153775	11.736562	21.009113
1169.8	7.777540	3.958076	11.735616	21.002400
1169.9	10.243285	1.497966	11.741252	21.034057
1170	6.902829	4.842865	11.745694	21.092215
1170.1	2.546187	9.196871	11.743058	21.161435
1170.2	3.127104	8.610061	11.737165	21.225944
1170.3	7.706306	4.029818	11.736124	21.273232
1170.4	9.905114	1.836162	11.741276	21.297076
1170.5	6.676377	5.069153	11.745530	21.299069
1170.6	2.396056	9.347046	11.743102	21.288009
1170.7	2.856035	8.881259	11.737294	21.277124
1170.8	7.461386	4.274490	11.735876	21.279815
1170.9	10.151437	1.589157	11.740595	21.305216
1171	7.578320	4.166718	11.745038	21.355067
1171.1	3.398405	8.345048	11.743453	21.423093
1171.2	3.110192	8.628137	11.738329	21.497289
1171.3	6.722462	5.014187	11.736649	21.564502
1171.4	9.125576	2.614765	11.740341	21.615740
1171.5	7.259406	4.484603	11.744009	21.650265
1171.6	4.079439	7.663220	11.742659	21.676728
1171.7	4.140273	7.598189	11.738462	21.710598
1171.8	7.243501	4.493907	11.737408	21.768438
1171.9	8.937236	2.803630	11.740866	21.860866
1172	6.876249	4.867626	11.743875	21.986737
1172.1	4.018676	7.723584	11.742260	22.130950
1172.2	4.341846	7.396561	11.738407	22.267173
1172.3	7.283491	4.454237	11.737728	22.365172
1172.4	8.690721	3.050294	11.741015	22.400674
1172.5	6.745565	4.997926	11.743492	22.364589
1172.6	4.406260	7.335467	11.741727	22.268314
1172.7	5.015383	6.723089	11.738473	22.142887
1172.8	7.470284	4.268303	11.738587	22.031668
1172.9	7.894796	3.847154	11.741950	21.978428
1173	5.390165	6.353394	11.743559	22.014361
1173.1	3.531181	8.209587	11.740767	22.148151
1173.2	5.291429	6.445889	11.737318	22.362399
1173.3	8.561025	3.177206	11.738231	22.617798
1173.4	8.822162	2.920413	11.742575	22.863952
1173.5	5.473831	6.270637	11.744469	23.053543
1173.6	2.902071	8.839130	11.741201	23.155425
1173.7	4.535241	7.201945	11.737187	23.162531
1173.8	8.034822	3.703163	11.737986	23.092183
1173.9	8.455543	3.286963	11.742505	22.978906
1174	5.165544	6.578814	11.744358	22.862330
1174.1	2.863234	8.877519	11.740754	22.774322
1174.2	5.051105	6.685504	11.736609	22.729677
1174.3	8.939447	2.798439	11.737886	22.723325
1174.4	9.070964	2.672201	11.743165	22.734693
1174.5	4.928148	6.817113	11.745261	22.737322
1174.6	1.970359	9.770681	11.741041	22.710049
1174.7	4.336202	7.399799	11.736001	22.645563
1174.8	9.045575	2.691430	11.737005	22.553233
1174.9	9.830324	1.912517	11.742841	22.455240
1175	5.635902	6.109733	11.745635	22.377550
1175.1	2.195622	9.545884	11.741507	22.339193
1175.2	4.298651	7.437373	11.736024	22.343952
1175.3	9.156187	2.580587	11.736774	22.377694
1175.4	10.048497	1.694441	11.742938	22.412523
1175.5	5.515965	6.230194	11.746159	22.416389
1175.6	1.588797	10.153020	11.741817	22.364766
1175.7	3.773876	7.961631	11.735508	22.250147
1175.8	9.479615	2.256117	11.735733	22.085845
1175.9	11.240241	0.502184	11.742426	21.902560
1176	6.633700	5.113136	11.746836	21.738768
1176.1	1.620705	10.122420	11.743125	21.628192
1176.2	2.710123	9.026072	11.736195	21.588717
1176.3	8.350318	3.384864	11.735182	21.616594
1176.4	11.048250	0.693045	11.741295	21.687955
1176.5	7.358823	4.387473	11.746296	21.767045
1176.6	2.364875	9.378719	11.743594	21.818246
1176.7	2.731961	9.005044	11.737006	21.817630
1176.8	7.771472	3.964005	11.735476	21.760014
1176.9	10.506022	1.234972	11.740993	21.659171
1177	7.166597	4.579416	11.746013	21.541307
1177.1	2.249892	9.493835	11.743727	21.434411
1177.2	2.393949	9.343265	11.737214	21.357508
1177.3	7.439203	4.295993	11.735197	21.313846
1177.4	10.702349	1.037953	11.740302	21.290575
1177.5	7.951437	3.794234	11.745671	21.265010
1177.6	2.934685	8.809608	11.744293	21.215097
1177.7	2.182749	9.555547	11.738296	21.130092
1177.8	6.307929	5.427862	11.735791	21.017286
1177.9	9.493191	2.246663	11.739855	20.901972
1178	7.553325	4.191318	11.744642	20.820310
1178.1	3.464018	8.279584	11.743602	20.807312
1178.2	3.030801	8.707541	11.738342	20.884064
1178.3	6.883762	4.852424	11.736185	21.048718
1178.4	9.738845	2.001220	11.740066	21.274618
1178.5	7.707890	4.036773	11.744662	21.516558
1178.6	3.535074	8.208732	11.743806	21.723381
1178.7	2.750100	8.988699	11.738799	21.852974
1178.8	6.215033	5.521362	11.736395	21.884813
1178.9	9.209383	2.530161	11.739544	21.826013
1179	7.994419	3.749249	11.743668	21.708937
1179.1	4.681278	7.061964	11.743242	21.581192
1179.2	3.949495	7.789791	11.739286	21.491275
1179.3	6.521738	5.215809	11.737546	21.474465
1179.4	8.470326	3.269983	11.740309	21.543332
1179.5	6.992774	4.750631	11.743405	21.685612
1179.6	4.330457	7.411888	11.742345	21.869701
1179.7	4.417598	7.321092	11.738690	22.055601
1179.8	7.208322	4.529382	11.737704	22.207496
1179.9	8.771368	2.969434	11.740802	22.303897
1180	6.926951	4.816614	11.743565	22.342315
1180.1	4.339039	7.403051	11.742090	22.337480
1180.2	4.667962	7.070609	11.738570	22.314265
1180.3	7.308855	4.429282	11.738137	22.298164
1180.4	8.272040	3.469413	11.741453	22.306736
1180.5	5.990762	5.752911	11.743673	22.344792
1180.6	3.719587	8.021793	11.741380	22.404620
1180.7	4.933694	6.803976	11.737670	22.470666
1180.8	8.172643	3.565316	11.737960	22.526622
1180.9	8.820374	2.921833	11.742206	22.562166
1181	5.606141	6.138473	11.744614	22.576959
1181.1	2.700472	9.041129	11.741601	22.580619
1181.2	4.151698	7.585339	11.737036	22.588903
1181.3	8.177491	3.559676	11.737168	22.617633
1181.4	9.376118	2.365850	11.741968	22.676603
1181.5	6.086383	5.658560	11.744943	22.765544
1181.6	2.781651	8.960327	11.741978	22.873433
1181.7	3.991508	7.745626	11.737134	22.981215
1181.8	7.991667	3.745516	11.737183	23.066888
1181.9	9.083580	2.658604	11.742184	23.111270
1182	5.533363	6.211808	11.745171	23.102679
1182.1	2.212321	9.529385	11.741706	23.039311
1182.2	4.022303	7.713952	11.736255	22.928933
1182.3	8.950062	2.786302	11.736364	22.786361
1182.4	10.460400	1.281865	11.742265	22.629742
1182.5	6.307879	5.438332	11.746210	22.476814
1182.6	1.825407	9.917389	11.742796	22.342034
1182.7	2.950106	8.786327	11.736433	22.235012
1182.8	8.212833	3.522774	11.735607	22.160163
1182.9	10.599313	1.142128	11.741440	22.117200
1183	6.963735	4.782324	11.746059	22.101995
1183.1	2.324979	9.418183	11.743162	22.107492
1183.2	3.118694	8.617930	11.736623	22.124589
1183.3	8.421620	3.313747	11.735367	22.143061
1183.4	11.065099	0.676190	11.741289	22.152670
1183.5	7.281912	4.464631	11.746543	22.144475
1183.6	1.919380	9.824618	11.743998	22.112187
1183.7	2.089761	9.647116	11.736877	22.053265
1183.8	7.678877	4.055674	11.734551	21.969432
1183.9	11.436642	0.303427	11.740069	21.866414
1184	8.560584	3.185540	11.746123	21.752931
1184.1	2.974621	8.770208	11.744829	21.639192
1184.2	1.985715	9.752443	11.738158	21.535271
1184.3	6.581617	5.153486	11.735103	21.449720
1184.4	10.339146	1.400423	11.739568	21.388596
1184.5	8.205054	3.540257	11.745311	21.354904
1184.6	3.208571	8.535979	11.744551	21.348307
1184.7	2.181927	9.556511	11.738439	21.364952
1184.8	6.476856	5.258456	11.735312	21.397433
1184.9	10.244206	1.495135	11.739342	21.435076
1185	8.421411	3.323610	11.745021	21.464881
1185.1	3.496405	8.248350	11.744756	21.473382
1185.2	2.011841	9.727226	11.739068	21.449404
1185.3	5.753495	5.982163	11.735658	21.387243
1185.4	9.554829	2.184081	11.738910	21.289414
1185.5	8.434501	3.309676	11.744177	21.167890
1185.6	4.195533	7.548828	11.744361	21.043000
1185.7	2.680123	9.059389	11.739512	20.939743
1185.8	5.741100	5.995337	11.736437	20.882110
1185.9	8.945575	2.793644	11.739219	20.886841
1186	7.876547	3.867253	11.743800	20.958473
1186.1	4.161980	7.581822	11.743802	21.087382
1186.2	3.051771	8.687538	11.739309	21.251763
1186.3	6.131940	5.604603	11.736543	21.423267
1186.4	9.255860	2.483350	11.739210	21.574765
1186.5	8.327246	3.416317	11.743562	21.687881
1186.6	4.794763	6.949009	11.743772	21.757812
1186.7	3.421608	8.318277	11.739886	21.793773
1186.8	5.714880	6.022541	11.737421	21.814768
1186.9	8.168356	3.571169	11.739525	21.842053
1187	7.454674	4.288139	11.742812	21.890843
1187.1	5.025919	6.716564	11.742483	21.964248
1187.2	4.732382	7.006816	11.739198	22.051728
1187.3	7.106346	4.631613	11.737960	22.132850
1187.4	8.584187	3.156582	11.740769	22.185225
1187.5	6.744554	4.999092	11.743646	22.193883
1187.6	3.976644	7.765672	11.742316	22.158667
1187.7	4.205321	7.533134	11.738455	22.096702
1187.8	7.251290	4.486186	11.737475	22.038616
1187.9	8.920615	2.820236	11.740852	22.019351
1188	6.871244	4.872638	11.743883	22.066415
1188.1	4.001237	7.741010	11.742247	22.189547
1188.2	4.420951	7.317269	11.738220	22.375505
1188.3	7.555792	4.181826	11.737617	22.590154
1188.4	8.792015	2.949524	11.741539	22.787607
1188.5	6.001810	5.742727	11.744537	22.923758
1188.6	2.825039	8.917079	11.742119	22.969923
1188.7	3.822686	7.914584	11.737270	22.922121
1188.8	7.996424	3.740238	11.736662	22.802811
1188.9	9.810348	1.931079	11.741427	22.654363
1189	6.667211	5.078060	11.745271	22.526254
1189.1	2.650196	9.092714	11.742910	22.460073
1189.2	3.142765	8.594666	11.737430	22.477156
1189.3	7.465960	4.270322	11.736282	22.572794
1189.4	9.680949	2.060152	11.741101	22.718741
1189.5	6.684937	5.060358	11.745296	22.872964
1189.6	2.581508	9.161469	11.742977	22.993204
1189.7	3.159156	8.578012	11.737168	23.049743
1189.8	7.858167	3.877710	11.735877	23.033185
1189.9	10.306099	1.435030	11.741129	22.954938
1190	6.958684	4.787247	11.745931	22.840693
1190.1	2.148304	9.595304	11.743608	22.719622
1190.2	2.442819	9.294196	11.737016	22.613449
1190.3	7.727693	4.007255	11.734948	22.529389
1190.4	11.133242	0.607085	11.740326	22.459391
1190.5	8.141896	3.604199	11.746095	22.385716
1190.6	2.703968	9.040610	11.744578	22.290436
1190.7	2.027624	9.710185	11.737810	22.165041
1190.8	6.936711	4.798157	11.734868	22.016253
1190.9	10.766864	0.972820	11.739684	21.865637
1191	8.342519	3.403207	11.745726	21.742924
1191.1	2.970800	8.773984	11.744785	21.675380
1191.2	2.005680	9.732373	11.738052	21.677121
1191.3	6.922432	4.812136	11.734568	21.742414
1191.4	11.260000	0.479088	11.739088	21.845647
1191.5	9.218831	2.526864	11.745696	21.948290
1191.6	3.390369	8.355332	11.745701	22.010635
1191.7	1.299464	10.439729	11.739193	22.004349
1191.8	5.459740	6.275046	11.734785	21.921504
1191.9	10.225049	1.513029	11.738078	21.776931
1192	9.454873	2.289512	11.744385	21.603061
1192.1	4.559287	7.186008	11.745295	21.439059
1192.2	2.261999	9.477947	11.739946	21.318004
1192.3	5.416767	6.319089	11.735856	21.256573
1192.4	9.371560	2.366965	11.738525	21.250725
1192.5	8.551950	3.192148	11.744098	21.278735
1192.6	4.074185	7.670673	11.744858	21.310321
1192.7	2.086324	9.653459	11.739783	21.318445
1192.8	5.325976	6.409805	11.735781	21.289480
1192.9	9.468652	2.269543	11.738195	21.228063
1193	9.069695	2.673968	11.743663	21.154947
1193.1	4.843147	6.901735	11.744883	21.098701
1193.2	2.470853	9.269649	11.740502	21.084351
1193.3	4.845882	6.890767	11.736649	21.123189
1193.4	8.407177	3.331202	11.738379	21.207550
1193.5	8.294866	3.448086	11.742952	21.312593
1193.6	4.968909	6.775040	11.743949	21.404611
1193.7	3.274639	8.465539	11.740178	21.453026
1193.8	5.578066	6.158994	11.737060	21.441887
1193.9	8.605716	3.133190	11.738907	21.376757
1194	8.171360	3.571661	11.743022	21.284461
1194.1	4.989902	6.753764	11.743666	21.205562
1194.2	3.526440	8.213644	11.740084	21.181911
1194.3	5.712937	6.024427	11.737364	21.243318
1194.4	8.398348	3.340835	11.739183	21.397657
1194.5	7.930692	3.812075	11.742767	21.627611
1194.6	5.242053	6.500972	11.743026	21.895062
1194.7	4.308699	7.431099	11.739798	22.151677
1194.8	6.364464	5.373461	11.737926	22.352297
1194.9	8.201660	3.538514	11.740174	22.466998
1195	6.941311	4.801893	11.743204	22.488240
1195.1	4.347444	7.394957	11.742401	22.431278
1195.2	4.376627	7.362038	11.738665	22.328157
1195.3	7.366541	4.370811	11.737351	22.217578
1195.4	9.251929	2.488715	11.740644	22.134019
1195.5	7.192930	4.551248	11.744178	22.099390
1195.6	3.767784	7.975180	11.742964	22.119402
1195.7	3.609374	8.129127	11.738502	22.185125
1195.8	6.943273	4.793669	11.736943	22.278533
1195.9	9.105001	2.635552	11.740553	22.379702
1196	6.973054	4.771293	11.744348	22.473131
1196.1	3.462839	8.280042	11.742882	22.551290
1196.2	3.620140	8.117843	11.737983	22.614681
1196.3	7.496151	4.240353	11.736503	22.668994
1196.4	9.766664	1.974180	11.740844	22.720861
1196.5	6.966927	4.778373	11.745300	22.773987
1196.6	2.517158	9.226479	11.743637	22.827065
1196.7	2.373380	9.364383	11.737764	22.874054
1196.8	6.933642	4.801825	11.735467	22.906471
1196.9	10.266739	1.473187	11.739926	22.916666
1197	7.989504	3.755721	11.745226	22.900787
1197.1	3.227529	8.516708	11.744237	22.860409
1197.2	2.443627	9.294701	11.738328	22.802347
1197.3	6.647226	5.088385	11.735611	22.736858
1197.4	9.960701	1.779193	11.739895	22.674909
1197.5	7.648877	4.096470	11.745347	22.625411
1197.6	2.742036	9.002295	11.744331	22.593184
1197.7	2.081727	9.656200	11.737926	22.578070
1197.8	6.963658	4.771070	11.734727	22.575229
1197.9	11.106564	0.632713	11.739277	22.576349
1198	8.942237	2.803497	11.745734	22.571357
1198.1	3.183076	8.562444	11.745520	22.550272
1198.2	1.372351	10.366485	11.738836	22.504925
1198.3	5.881702	5.852803	11.734504	22.430408
1198.4	10.735326	1.002903	11.738229	22.326118
1198.5	9.566306	2.178677	11.744983	22.196261
1198.6	4.072222	7.673543	11.745765	22.049645
1198.7	1.661525	10.078113	11.739638	21.898636
1198.8	5.502439	6.232462	11.734901	21.757286
1198.9	10.346603	1.391283	11.737886	21.638897
1199	9.658563	2.085947	11.744510	21.553509
1199.1	4.384322	7.361540	11.745862	21.505940
1199.2	1.604555	10.135624	11.740179	21.494933
1199.3	5.007657	6.727445	11.735102	21.513673
1199.4	10.029994	1.707346	11.737340	21.551538
1199.5	10.058137	1.685645	11.743782	21.596527
1199.6	5.202246	6.543628	11.745873	21.637613
1199.7	1.920777	9.820325	11.741102	21.666301
1199.8	4.274990	7.461096	11.736086	21.677043
1199.9	8.713688	3.023730	11.737418	21.666646
1200	9.182761	2.560149	11.742911	21.633236
1200.1	5.324032	6.420894	11.744925	21.575565
1200.2	2.662080	9.078805	11.740884	21.493254
1200.3	4.851899	6.884652	11.736551	21.388099
1200.4	8.754696	2.983215	11.737911	21.265919
1200.5	8.915171	2.827850	11.743021	21.137997
1200.6	5.067587	6.677276	11.744863	21.020996
1200.7	2.392525	9.348480	11.741004	20.934681
1200.8	4.393202	7.343542	11.736744	20.897551
1200.9	8.263061	3.474650	11.737711	20.921409
1201	8.906250	2.836044	11.742294	21.006605
1201.1	5.835096	5.909078	11.744173	21.139826
1201.2	3.507137	8.233951	11.741088	21.295720
1201.3	4.972646	6.765013	11.737660	21.442502
1201.4	7.819093	3.919580	11.738673	21.550285
1201.5	7.857540	3.884906	11.742447	21.599763
1201.6	5.105643	6.637811	11.743454	21.588456
1201.7	3.641991	8.098238	11.740229	21.532252
1201.8	5.719562	6.017800	11.737362	21.461369
1201.9	8.557465	3.181458	11.738923	21.411644
1202	8.291647	3.451067	11.742715	21.413721
1202.1	5.409359	6.334091	11.743450	21.483543
1202.2	3.979722	7.760523	11.740246	21.617309
1202.3	5.850694	5.887096	11.737789	21.792687
1202.4	8.102230	3.637348	11.739578	21.976030
1202.5	7.357444	4.385451	11.742895	22.133279
1202.6	4.738599	7.004144	11.742744	22.240924
1202.7	4.287025	7.452126	11.739152	22.293281
1202.8	7.011224	4.726114	11.737338	22.303541
1202.9	9.140859	2.599406	11.740264	22.298171
1203	7.358143	4.385962	11.744105	22.306584
1203.1	3.750325	7.993019	11.743344	22.349720
1203.2	3.254372	8.484283	11.738654	22.431644
1203.3	6.802812	4.933545	11.736357	22.537306
1203.4	9.722488	2.017315	11.739802	22.637472
1203.5	7.961508	3.782984	11.744491	22.699291
1203.6	3.760674	7.983331	11.744005	22.698880
1203.7	2.783226	8.955655	11.738881	22.631466
1203.8	6.368858	5.367258	11.736116	22.515312
1203.9	9.544105	2.195523	11.739628	22.387716
1204	7.767728	3.976963	11.744692	22.294111
1204.1	3.306132	8.438094	11.744225	22.273708
1204.2	2.334416	9.404177	11.738593	22.346428
1204.3	6.465529	5.269866	11.735395	22.505570
1204.4	10.284613	1.454587	11.739199	22.718770
1204.5	8.529127	3.215980	11.745107	22.937096
1204.6	3.330287	8.414869	11.745156	23.109360
1204.7	1.550515	10.188615	11.739130	23.197014
1204.8	5.587379	6.147662	11.735041	23.184821
1204.9	10.055894	1.682495	11.738388	23.083962
1205	8.990220	2.754430	11.744650	22.926827
1205.1	3.925808	7.819506	11.745314	22.755531
1205.2	1.861378	9.878056	11.739433	22.608229
1205.3	5.741476	5.993543	11.735019	22.507876
1205.4	10.345820	1.392402	11.738223	22.457067
1205.5	9.285329	2.459549	11.744878	22.440273
1205.6	3.744507	8.001466	11.745973	22.432183
1205.7	1.087847	10.651961	11.739808	22.408714
1205.8	5.046100	6.688340	11.734440	22.356487
1205.9	10.626839	1.110156	11.736995	22.277302
1206	10.650553	1.093588	11.744141	22.186154
1206.1	5.223943	6.522578	11.746521	22.103825
1206.2	1.514459	10.226730	11.741189	22.047140
1206.3	4.197544	7.537858	11.735402	22.020844
1206.4	9.386245	2.350547	11.736792	22.014414
1206.5	10.044612	1.698622	11.743234	22.005209
1206.6	5.444313	6.301610	11.745923	21.966957
1206.7	1.966545	9.774759	11.741304	21.880442
1206.8	4.369224	7.366496	11.735721	21.742353
1206.9	9.412830	2.323881	11.736711	21.568804
1207	10.330560	1.412328	11.742888	21.391893
1207.1	5.926956	5.819027	11.745983	21.250184
1207.2	2.041311	9.700714	11.742026	21.176245
1207.3	3.627002	8.109473	11.736476	21.185515
1207.4	8.273763	3.462887	11.736649	21.270427
1207.5	9.729604	2.012354	11.741958	21.401939
1207.6	6.338662	5.406413	11.745075	21.538101
1207.7	2.948133	8.793899	11.742031	21.636841
1207.8	4.048366	7.688973	11.737340	21.668708
1207.9	7.765998	3.971474	11.737472	21.625344
1208	8.763609	2.978383	11.741992	21.520940
1208.1	5.715160	6.029289	11.744449	21.386371
1208.2	2.986472	8.754980	11.741452	21.258209
1208.3	4.434579	7.302659	11.737238	21.166513
1208.4	8.083742	3.653896	11.737638	21.125602
1208.5	8.957020	2.785012	11.742032	21.130885
1208.6	5.946669	5.797708	11.744377	21.162595
1208.7	3.198160	8.543460	11.741620	21.194845
1208.8	4.297167	7.440567	11.737734	21.206573
1208.9	7.465609	4.272385	11.737994	21.190356
1209	8.296556	3.445151	11.741706	21.155894
1209.1	5.946413	5.797057	11.743470	21.126931
1209.2	4.079041	7.661878	11.740919	21.132710
1209.3	5.458406	6.279525	11.737931	21.197012
1209.4	8.009882	3.729041	11.738923	21.328646
1209.5	7.905462	3.837025	11.742487	21.516767
1209.6	5.164426	6.578998	11.743424	21.732718
1209.7	3.707776	8.032472	11.740248	21.937868
1209.8	5.750179	5.987225	11.737404	22.094904
1209.9	8.541974	3.197005	11.738979	22.178945
1210	8.199418	3.543389	11.742807	22.184906
1210.1	5.254333	6.489112	11.743445	22.128884
1210.2	3.970283	7.769660	11.739943	22.043247
1210.3	6.246780	5.490574	11.737354	21.967125
1210.4	8.755138	2.984466	11.739605	21.935325
1210.5	7.585206	4.158492	11.743698	21.969029
1210.6	4.008421	7.735250	11.743671	22.070881
1210.7	3.050034	8.689050	11.739084	22.225526
1210.8	6.490755	5.245315	11.736071	22.405016
1210.9	10.003289	1.735760	11.739049	22.577050
1211	8.776815	2.967533	11.744347	22.713459
1211.1	4.187292	7.557576	11.744868	22.796548
1211.2	2.216320	9.523445	11.739765	22.821865
1211.3	5.437857	6.297993	11.735851	22.797206
1211.4	9.422958	2.315499	11.738456	22.738756
1211.5	8.673176	3.070885	11.744061	22.665966
1211.6	4.165485	7.579454	11.744939	22.596774
1211.7	2.133480	9.606258	11.739739	22.544356
1211.8	5.540587	6.194940	11.735527	22.515875
1211.9	9.844530	1.893712	11.738242	22.512948
1212	9.038971	2.705453	11.744424	22.533167
1212.1	3.929993	7.815684	11.745677	22.571851
1212.2	1.297424	10.442640	11.740064	22.623424
1212.3	4.821707	6.913254	11.734961	22.682190
1212.4	9.978187	1.759066	11.737253	22.742559
1212.5	9.962060	1.781920	11.743980	22.799001
1212.6	4.811202	6.934983	11.746185	22.846011
1212.7	1.411334	10.329600	11.740934	22.878227
1212.8	4.272334	7.462972	11.735306	22.890729
1212.9	9.468673	2.268205	11.736877	22.879421
1213	9.951039	1.792447	11.743486	22.841420
1213.1	5.093012	6.653121	11.746132	22.775409
1213.2	1.566604	10.174548	11.741152	22.682006
1213.3	4.320511	7.414711	11.735222	22.564140
1213.4	9.825293	1.911106	11.736399	22.427392
1213.5	10.735302	1.007942	11.743243	22.280102
1213.6	5.736132	6.010559	11.746691	22.132964
1213.7	1.351928	10.390239	11.742167	21.997899
1213.8	3.294486	8.441170	11.735656	21.886171
1213.9	8.945527	2.790145	11.735672	21.806047
1214	10.947541	0.794439	11.741979	21.760601
1214.1	6.953741	4.792389	11.746131	21.746385
1214.2	2.497717	9.245136	11.742852	21.753623
1214.3	3.387369	8.349511	11.736880	21.768133
1214.4	8.040996	3.695289	11.736286	21.774658
1214.5	9.941067	1.800538	11.741606	21.760743
1214.6	6.568100	5.177318	11.745418	21.719974
1214.7	2.643100	9.099485	11.742585	21.653548
1214.8	3.532208	8.204872	11.737080	21.569572
1214.9	7.996380	3.739982	11.736362	21.480305
1215	10.041669	1.699583	11.741253	21.398250
1215.1	7.072739	4.672345	11.745084	21.332458
1215.2	3.187930	8.554979	11.742909	21.286352
1215.3	3.403016	8.335000	11.738016	21.257829
1215.4	6.952800	4.784290	11.737090	21.241504
1215.5	8.710763	3.030274	11.741037	21.232118
1215.6	6.404223	5.339861	11.744084	21.227606
1215.7	3.548951	8.193061	11.742012	21.230394
1215.8	4.292565	7.445341	11.737907	21.246183
1215.9	7.587854	4.149765	11.737619	21.280509
1216	8.771895	2.969653	11.741548	21.334425
1216.1	6.147121	5.597078	11.744199	21.401183
1216.2	3.308404	8.433524	11.741929	21.465707
1216.3	4.089805	7.648139	11.737943	21.507686
1216.4	7.303394	4.434300	11.737694	21.507794
1216.5	8.547556	3.193746	11.741301	21.455182
1216.6	6.371140	5.372454	11.743594	21.353582
1216.7	4.107981	7.633518	11.741499	21.223499
1216.8	4.972975	6.765284	11.738259	21.099046
1216.9	7.514783	4.223842	11.738626	21.019741
1217	7.859940	3.882063	11.742003	21.019407
1217.1	5.430480	6.312859	11.743339	21.115564
1217.2	3.862841	7.877640	11.740481	21.302859
1217.3	5.736147	6.001290	11.737437	21.553012
1217.4	8.657988	3.080752	11.738740	21.821732
1217.5	8.473194	3.269638	11.742832	22.060792
1217.6	5.221315	6.522692	11.744007	22.231605
1217.7	3.329811	8.410630	11.740440	22.316019
1217.8	5.498782	6.238213	11.736995	22.320829
1217.9	8.774205	2.964361	11.738566	22.274487
1218	8.525673	3.217422	11.743095	22.217061
1218.1	4.988784	6.755421	11.744205	22.186777
1218.2	3.147333	8.592784	11.740117	22.207621
1218.3	5.816332	5.920097	11.736429	22.282167
1218.4	9.455620	2.282904	11.738524	22.391967
1218.5	8.818187	2.925697	11.743884	22.505287
1218.6	4.319283	7.425884	11.745167	22.589361
1218.7	1.864576	9.875673	11.740249	22.622811
1218.8	4.967001	6.768490	11.735491	22.603788
1218.9	9.755785	1.981577	11.737362	22.550900
1219	9.924437	1.819128	11.743564	22.496558
1219.1	5.193656	6.552230	11.745885	22.475070
1219.2	1.808088	9.933133	11.741221	22.509706
1219.3	4.186884	7.548994	11.735879	22.603391
1219.4	8.937458	2.799657	11.737115	22.736449
1219.5	9.439120	2.304126	11.743246	22.872361
1219.6	4.896318	6.849511	11.745828	22.969691
1219.7	1.538860	10.202281	11.741141	22.996135
1219.8	4.184212	7.551190	11.735402	22.939842
1219.9	9.542202	2.194273	11.736475	22.814076
1220	10.468020	1.275131	11.743151	22.653540
1220.1	5.581217	6.165370	11.746587	22.503549
1220.2	1.260132	10.482015	11.742147	22.405688
1220.3	3.188740	8.546959	11.735700	22.384761
1220.4	8.757372	2.978432	11.735804	22.441333
1220.5	10.562479	1.179753	11.742233	22.552227
1220.6	6.328647	5.417651	11.746298	22.678567
1220.7	1.909610	9.832951	11.742561	22.778435
1220.8	3.349140	8.386991	11.736131	22.819723
1220.9	8.724879	3.010856	11.735736	22.788908
1221	10.759997	0.981949	11.741946	22.693027
1221.1	6.648584	5.097835	11.746419	22.554672
1221.2	1.848802	9.894330	11.743132	22.402266
1221.3	2.775955	8.960485	11.736440	22.259440
1221.4	8.252265	3.482930	11.735195	22.137485
1221.5	11.136286	0.604653	11.740939	22.033483
1221.6	7.816759	3.929258	11.746018	21.934498
1221.7	2.829398	8.914507	11.743905	21.825868
1221.8	2.623523	9.114215	11.737738	21.700072
1221.9	7.064898	4.670886	11.735784	21.562494
1222	9.983259	1.757044	11.740303	21.431595
1222.1	7.652306	4.092563	11.744869	21.333186
1222.2	3.582948	8.160421	11.743369	21.290801
1222.3	3.410211	8.327961	11.738172	21.315762
1222.4	7.177403	4.559143	11.736546	21.400768
1222.5	9.518446	2.222164	11.740611	21.519697
1222.6	7.172267	4.572383	11.744650	21.634117
1222.7	3.369264	8.373888	11.743152	21.704582
1222.8	3.248830	8.489455	11.738285	21.702999
1222.9	6.841506	4.895187	11.736694	21.621875
1223	9.221225	2.519115	11.740340	21.477217
1223.1	7.344031	4.400030	11.744061	21.303987
1223.2	4.022965	7.719933	11.742898	21.145515
1223.3	3.771068	7.967748	11.738816	21.040330
1223.4	6.561064	5.176577	11.737640	21.010706
1223.5	8.154932	3.585892	11.740823	21.056604
1223.6	6.261312	5.482292	11.743604	21.156849
1223.7	3.726264	8.015650	11.741914	21.276932
1223.8	4.367610	7.370530	11.738140	21.380639
1223.9	7.480136	4.257537	11.737673	21.441559
1224	8.800150	2.941096	11.741246	21.450687
1224.1	6.513854	5.230051	11.743905	21.417819
1224.2	3.795095	7.946915	11.742010	21.366620
1224.3	4.319243	7.419086	11.738329	21.325382
1224.4	7.133731	4.604321	11.738052	21.316855
1224.5	8.132255	3.609161	11.741416	21.350696
1224.6	5.985567	5.757851	11.743418	21.420987
1224.7	4.040550	7.700498	11.741048	21.509462
1224.8	5.431856	6.305856	11.737712	21.593031
1224.9	8.385649	3.352786	11.738435	21.652811
1225	8.572158	3.170369	11.742527	21.681434
1225.1	5.362933	6.381320	11.744253	21.686122
1225.2	3.061913	8.678968	11.740881	21.686538
1225.3	5.040615	6.696220	11.736835	21.708240
1225.4	8.832317	2.905477	11.737794	21.773987
1225.5	9.271814	2.470865	11.742678	21.895787
1225.6	5.637860	6.106968	11.744828	22.070243
1225.7	2.873107	8.868025	11.741132	22.278575
1225.8	4.878749	6.857822	11.736572	22.491203
1225.9	8.975725	2.761843	11.737567	22.675366
1226	9.379278	2.363732	11.743010	22.803445
1226.1	5.208761	6.536696	11.745456	22.859629
1226.2	2.003142	9.738115	11.741257	22.843221
1226.3	4.322543	7.413301	11.735843	22.767999
1226.4	9.341583	2.395040	11.736623	22.658173
1226.5	10.366001	1.376844	11.742845	22.542334
1226.6	5.820447	5.925864	11.746312	22.447099
1226.7	1.566266	10.176041	11.742308	22.391970
1226.8	3.183190	8.552890	11.736081	22.386369
1226.9	8.472623	3.263296	11.735919	22.429119
1227	10.355107	1.386893	11.742000	22.510030
1227.1	6.374261	5.371838	11.746100	22.612898
1227.2	1.997051	9.745637	11.742688	22.719107
1227.3	3.191628	8.544814	11.736442	22.811123
1227.4	8.295616	3.440315	11.735930	22.875342
1227.5	10.238706	1.503239	11.741945	22.903958
1227.6	6.184345	5.561975	11.746320	22.895686
1227.7	1.519409	10.223545	11.742953	22.855289
1227.8	2.676314	9.059855	11.736169	22.792050
1227.9	8.398134	3.336893	11.735027	22.717480
1228	11.270532	0.470627	11.741159	22.642731
1228.1	7.557178	4.189339	11.746517	22.576320
1228.2	2.168260	9.575839	11.744099	22.522689
1228.3	2.109300	9.627950	11.737250	22.481973
1228.4	7.215217	4.519872	11.735089	22.450970
1228.5	10.545880	1.194414	11.740294	22.424915
1228.6	7.773092	3.972584	11.745676	22.399393
1228.7	2.881259	8.862729	11.743988	22.371652
1228.8	2.634797	9.102829	11.737626	22.340828
1228.9	7.426932	4.308309	11.735241	22.307010
1229	10.832542	0.907493	11.740035	22.269615
1229.1	8.302994	3.442577	11.745571	22.225892
1229.2	3.200413	8.544127	11.744540	22.170402
1229.3	2.182801	9.555681	11.738483	22.096030
1229.4	6.355397	5.380079	11.735476	21.996442
1229.5	10.057305	1.681925	11.739230	21.869240
1229.6	8.604035	3.140377	11.744412	21.718641
1229.7	4.349690	7.394471	11.744160	21.556439
1229.8	3.113532	8.625726	11.739258	21.400519
1229.9	6.222544	5.514092	11.736635	21.270997
1230	9.039299	2.700405	11.739704	21.184987
1230.1	7.614480	4.129449	11.743930	21.151632
1230.2	4.059468	7.683929	11.743397	21.169112
1230.3	3.387689	8.351283	11.738972	21.224821
1230.4	6.494287	5.242579	11.736866	21.298847
1230.5	9.040818	2.699101	11.739919	21.369733
1230.6	7.568775	4.175034	11.743809	21.420651
1230.7	4.200337	7.542893	11.743230	21.443844
1230.8	3.518571	8.220633	11.739204	21.441807
1230.9	6.197288	5.540130	11.737418	21.424769
1231	8.278670	3.461514	11.740184	21.405458
1231.1	6.888575	4.854790	11.743365	21.393170
1231.2	4.212415	7.529990	11.742405	21.389497
1231.3	4.216955	7.521827	11.738781	21.387544
1231.4	6.918823	4.818969	11.737792	21.375133
1231.5	8.376765	3.364167	11.740933	21.340930
1231.6	6.377174	5.366553	11.743727	21.281164
1231.7	3.682129	8.059970	11.742099	21.204149
1231.8	4.169860	7.568366	11.738226	21.130415
1231.9	7.305709	4.431832	11.737541	21.087787
1232	8.815652	2.925386	11.741038	21.102617
1232.1	6.687750	5.056060	11.743810	21.190007
1232.2	4.024487	7.717477	11.741964	21.346541
1232.3	4.637236	7.100957	11.738194	21.548484
1232.4	7.572616	4.165390	11.738006	21.756714
1232.5	8.417067	3.324740	11.741807	21.927369
1232.6	5.688076	6.056026	11.744102	22.025097
1232.7	3.229669	8.511575	11.741244	22.034635
1232.8	4.926007	6.810899	11.736905	21.966758
1232.9	8.961514	2.775772	11.737286	21.856263
1233	9.902692	1.839668	11.742360	21.752268
1233.1	6.138378	5.607070	11.745448	21.703636
1233.2	2.438097	9.304091	11.742188	21.744097
1233.3	3.728127	8.008623	11.736751	21.881848
1233.4	8.328478	3.407981	11.736459	22.097039
1233.5	10.029890	1.711915	11.741805	22.347990
1233.6	6.481789	5.263765	11.745554	22.584125
1233.7	2.517974	9.224517	11.742490	22.761360
1233.8	3.667710	8.068967	11.736678	22.854912
1233.9	8.513185	3.222941	11.736127	22.865416
1234	10.409779	1.332071	11.741850	22.816520
1234.1	6.485618	5.260612	11.746230	22.745077
1234.2	1.754219	9.988978	11.743197	22.687526
1234.3	2.547791	9.188793	11.736584	22.667288
1234.4	7.956665	3.778511	11.735176	22.687541
1234.5	10.886213	0.854707	11.740920	22.731748
1234.6	7.483605	4.262599	11.746203	22.771508
1234.7	2.306120	9.437895	11.744015	22.778705
1234.8	2.216662	9.520706	11.737368	22.737424
1234.9	7.178384	4.556856	11.735240	22.651223
1235	10.357204	1.383251	11.740455	22.543054
1235.1	7.400616	4.345259	11.745875	22.447808
1235.2	2.347898	9.396174	11.744071	22.400083
1235.3	2.161831	9.575581	11.737412	22.421546
1235.4	7.264140	4.470759	11.734899	22.512390
1235.5	10.885745	0.854267	11.740012	22.649983
1235.6	8.146789	3.599183	11.745972	22.795245
1235.7	2.639762	9.105063	11.744825	22.904646
1235.8	1.653607	10.084489	11.738096	22.943697
1235.9	6.469171	5.265537	11.734708	22.897414
1236	10.729538	1.009497	11.739036	22.774263
1236.1	8.965619	2.779568	11.745188	22.602459
1236.2	3.771143	7.973900	11.745044	22.420092
1236.3	2.122093	9.616977	11.739070	22.262670
1236.4	6.002826	5.732607	11.735432	22.152380
1236.5	9.966191	1.772692	11.738883	22.092640
1236.6	8.672008	3.072523	11.744532	22.069476
1236.7	4.036569	7.708125	11.744694	22.058790
1236.8	2.445125	9.294142	11.739268	22.036537
1236.9	6.059774	5.675873	11.735648	21.987904
1237	10.035680	1.702933	11.738613	21.912143
1237.1	9.172965	2.571088	11.744053	21.821474
1237.2	4.792623	6.952158	11.744782	21.734742
1237.3	2.674258	9.065935	11.740194	21.668529
1237.4	5.215069	6.521618	11.736687	21.629322
1237.5	8.546848	3.191880	11.738728	21.609936
1237.6	8.172896	3.570131	11.743027	21.591697
1237.7	5.046399	6.697107	11.743506	21.551726
1237.8	3.841931	7.897848	11.739778	21.472627
1237.9	6.218614	5.518758	11.737372	21.350924
1238	8.609070	3.130685	11.739755	21.200896
1238.1	7.427198	4.316316	11.743514	21.052101
1238.2	4.184939	7.558356	11.743294	20.941060
1238.3	3.344164	8.395198	11.739362	20.899749
1238.4	6.043771	5.693399	11.737171	20.944725
1238.5	8.549482	3.190193	11.739675	21.070617
1238.6	7.515857	4.227411	11.743269	21.250317
1238.7	4.590379	7.152584	11.742963	21.441963
1238.8	3.940234	7.799156	11.739390	21.600581
1238.9	6.316561	5.421213	11.737774	21.690727
1239	8.089346	3.651071	11.740417	21.696152
1239.1	6.558111	5.185307	11.743418	21.623584
1239.2	3.911381	7.830908	11.742289	21.499646
1239.3	4.128821	7.609651	11.738472	21.362142
1239.4	7.193012	4.544408	11.737420	21.248705
1239.5	8.919246	2.821577	11.740823	21.186424
1239.6	6.819236	4.924786	11.744022	21.185586
1239.7	3.752309	7.990152	11.742461	21.239118
1239.8	4.041837	7.696380	11.738218	21.327393
1239.9	7.356756	4.380511	11.737267	21.426354
1240	9.032622	2.708450	11.741073	21.516024
1240.1	6.607052	5.137271	11.744322	21.586567
1240.2	3.458655	8.283607	11.742262	21.640155
1240.3	4.216137	7.521422	11.737559	21.688405
1240.4	8.128527	3.608348	11.736874	21.746672
1240.5	9.781474	1.960072	11.741547	21.827415
1240.6	6.543009	5.202327	11.745336	21.934999
1240.7	2.534546	9.208247	11.742793	22.063608
1240.8	3.305645	8.431339	11.736985	22.198812
1240.9	8.174279	3.561429	11.735708	22.322063
1241	10.803712	0.937227	11.740939	22.416505
1241.1	7.605888	4.139973	11.745860	22.472187
1241.2	2.710296	9.033577	11.743874	22.489091
1241.3	2.565347	9.172245	11.737592	22.477182
1241.4	7.259651	4.475826	11.735477	22.453636
1241.5	10.331958	1.408462	11.740420	22.438184
1241.6	7.500468	4.245242	11.745710	22.447950
1241.7	2.559265	9.184775	11.744040	22.493143
1241.8	2.332125	9.405373	11.737498	22.574577
1241.9	7.369902	4.365018	11.734920	22.683476
1242	11.010755	0.729224	11.739979	22.803399
1242.1	8.247887	3.498196	11.746082	22.913758
1242.2	2.535298	9.209803	11.745101	22.994109
1242.3	1.292052	10.446232	11.738284	23.028374
1242.4	6.048207	5.686432	11.734639	23.008221
1242.5	10.443419	1.295466	11.738885	22.934984
1242.6	8.758938	2.986259	11.745197	22.819748
1242.7	3.502352	8.242758	11.745110	22.681493
1242.8	1.885598	9.853308	11.738906	22.543561
1242.9	6.036646	5.698470	11.735116	22.429054
1243	10.185814	1.553100	11.738914	22.356103
1243.1	8.565369	3.179754	11.745123	22.334054
1243.2	3.275512	8.469750	11.745262	22.361550
1243.3	1.478948	10.260078	11.739026	22.427043
1243.4	5.745725	5.988981	11.734706	22.511689
1243.5	10.577433	1.160610	11.738043	22.593899
1243.6	9.738385	2.006205	11.744591	22.654317
1243.7	4.491407	7.254350	11.745757	22.679858
1243.8	1.766256	9.973989	11.740245	22.665695
1243.9	4.908647	6.826893	11.735540	22.614761
1244	9.462534	2.275192	11.737726	22.535141
1244.1	9.397026	2.346493	11.743519	22.436422
1244.2	5.134056	6.610983	11.745040	22.326408
1244.3	2.648174	9.092320	11.740494	22.209386
1244.4	5.218505	6.517781	11.736286	22.086510
1244.5	9.164252	2.573821	11.738073	21.957978
1244.6	9.102371	2.640832	11.743203	21.825891
1244.7	5.261832	6.482812	11.744643	21.696387
1244.8	2.931293	8.809338	11.740631	21.579807
1244.9	5.125551	6.611256	11.736807	21.488480
1245	8.656830	3.081433	11.738263	21.432680
1245.1	8.751673	2.991041	11.742714	21.416202
1245.2	5.553979	6.190010	11.743989	21.433371
1245.3	3.601982	8.138652	11.740634	21.468976
1245.4	5.357198	6.380423	11.737621	21.501638
1245.5	7.959780	3.779357	11.739136	21.509874
1245.6	7.539805	4.202967	11.742772	21.478971
1245.7	4.762386	6.980779	11.743165	21.406326
1245.8	3.769872	7.969828	11.739701	21.303176
1245.9	6.164843	5.572512	11.737355	21.191845
1246	8.650635	3.088939	11.739574	21.099116
1246.1	7.674415	4.068924	11.743339	21.047835
1246.2	4.475560	7.267850	11.743410	21.049537
1246.3	3.381051	8.358660	11.739711	21.100743
1246.4	5.749870	5.987561	11.737431	21.184304
1246.5	8.121908	3.617772	11.739680	21.275470
1246.6	7.177818	4.565288	11.743106	21.350612
1246.7	4.461717	7.280988	11.742705	21.395481
1246.8	4.127390	7.611628	11.739018	21.409974
1246.9	6.877784	4.859669	11.737452	21.407555
1247	8.782101	2.958437	11.740538	21.409399
1247.1	6.837381	4.906704	11.744085	21.435315
1247.2	3.471423	8.271496	11.742918	21.494825
1247.3	3.411863	8.326452	11.738315	21.581872
1247.4	7.045128	4.691419	11.736547	21.675472
1247.5	9.602470	2.137753	11.740223	21.746496
1247.6	7.615796	4.128627	11.744422	21.768501
1247.7	3.822120	7.921205	11.743325	21.728847
1247.8	3.525938	8.212425	11.738363	21.635980
1247.9	7.214443	4.522030	11.736473	21.519858
1248	9.694345	2.046162	11.740507	21.424745
1248.1	7.233860	4.511150	11.745011	21.396288
1248.2	2.976051	8.767482	11.743533	21.466900
1248.3	2.903527	8.834164	11.737691	21.644290
1248.4	7.561597	4.173763	11.735360	21.907174
1248.5	10.923901	0.816129	11.740029	22.209923
1248.6	8.337641	3.408097	11.745738	22.494991
1248.7	2.970655	8.774178	11.744833	22.709340
1248.8	1.831621	9.906721	11.738342	22.819662
1248.9	6.438445	5.296384	11.734830	22.821546
1249	10.676017	1.062980	11.738996	22.739682
1249.1	8.904134	2.841153	11.745286	22.619127
1249.2	3.518853	8.226424	11.745277	22.510622
1249.3	1.746889	9.992120	11.739009	22.454810
1249.4	5.912693	5.822278	11.734971	22.470512
1249.5	10.293076	1.445572	11.738648	22.550704
1249.6	8.852002	2.893077	11.745080	22.667166
1249.7	3.440703	8.304818	11.745521	22.781811
1249.8	1.358100	10.381171	11.739271	22.860530
1249.9	5.512708	6.221969	11.734677	22.884647
1250	10.448735	1.289191	11.737926	22.856146
1250.1	9.619865	2.124854	11.744719	22.795143
1250.2	4.135068	7.610975	11.746043	22.730864
1250.3	1.232836	10.507409	11.740244	22.689711
1250.4	4.591345	7.143806	11.735151	22.684876
1250.5	9.522369	2.215107	11.737476	22.711353
1250.6	9.414075	2.329797	11.743872	22.748059
1250.7	4.620777	7.124832	11.745608	22.766210
1250.8	1.836323	9.904077	11.740400	22.740769
1250.9	4.945930	6.789459	11.735389	22.660697
1251	9.791198	1.946196	11.737395	22.534189
1251.1	9.837619	1.906117	11.743736	22.386933
1251.2	4.978199	6.767737	11.745936	22.253932
1251.3	1.623844	10.117284	11.741128	22.167767
1251.4	4.114213	7.621535	11.735748	22.147419
1251.5	9.073942	2.662832	11.736774	22.191588
1251.6	10.113433	1.629092	11.742525	22.278784
1251.7	6.290279	5.454989	11.745268	22.374110
1251.8	2.992403	8.749304	11.741708	22.440317
1251.9	4.441240	7.295836	11.737076	22.449275
1252	8.203052	3.534598	11.737650	22.389970
1252.1	8.917659	2.824624	11.742282	22.270487
1252.2	5.742391	6.001975	11.744366	22.113609
1252.3	3.268479	8.472620	11.741100	21.947924
1252.4	4.977331	6.759819	11.737151	21.797845
1252.5	8.485453	3.252518	11.737971	21.676156
1252.6	9.004493	2.737808	11.742302	21.581636
1252.7	5.958907	5.785252	11.744159	21.502324
1252.8	3.577098	8.164113	11.741211	21.422869
1252.9	4.896207	6.841583	11.737790	21.332925
1253	7.699256	4.039351	11.738607	21.233192
1253.1	7.904265	3.837941	11.742206	21.136688
1253.2	5.382200	6.361080	11.743281	21.064634
1253.3	3.962103	7.778231	11.740333	21.038403
1253.4	5.787909	5.949832	11.737741	21.070531
1253.5	8.184362	3.555025	11.739386	21.158180
1253.6	7.517642	4.225369	11.743011	21.281660
1253.7	4.514213	7.229157	11.743370	21.408855
1253.8	3.376723	8.363034	11.739757	21.504299
1253.9	5.841903	5.895256	11.737158	21.540013
1254	8.596599	3.142683	11.739282	21.504509
1254.1	7.832663	3.910579	11.743242	21.406973
1254.2	4.613908	7.129604	11.743512	21.275166
1254.3	3.440739	8.298975	11.739714	21.147653
1254.4	5.918656	5.818580	11.737236	21.062798
1254.5	8.442946	3.296706	11.739652	21.047915
1254.6	7.291929	4.451621	11.743549	21.111883
1254.7	4.033213	7.710007	11.743220	21.243298
1254.8	3.483906	8.254923	11.738829	21.414476
1254.9	6.854256	4.882235	11.736491	21.589819
1255	9.712750	2.027053	11.739803	21.735810
1255.1	7.951146	3.793375	11.744521	21.829630
1255.2	3.669928	8.074190	11.744118	21.864049
1255.3	2.620209	9.118656	11.738865	21.847540
1255.4	6.372147	5.363650	11.735797	21.800127
1255.5	9.948814	1.790393	11.739207	21.746642
1255.6	8.472392	3.272176	11.744567	21.709673
1255.7	3.924793	7.819701	11.744494	21.704230
1255.8	2.621739	9.117171	11.738910	21.735412
1255.9	6.567841	5.167581	11.735423	21.799242
1256	10.473570	1.265484	11.739055	21.885876
1256.1	8.788034	2.957126	11.745161	21.983818
1256.2	3.398870	8.346568	11.745438	22.083700
1256.3	1.404257	10.334930	11.739187	22.180550
1256.4	5.657307	6.077242	11.734549	22.274129
1256.5	10.757676	0.980064	11.737740	22.367552
1256.6	10.076479	1.668166	11.744645	22.464879
1256.7	4.550682	7.195513	11.746195	22.568531
1256.8	1.442656	10.297801	11.740457	22.677340
1256.9	4.663349	7.071844	11.735193	22.785722
1257	9.623501	2.113914	11.737415	22.884173
1257.1	9.510568	2.233412	11.743980	22.960972
1257.2	4.500960	7.244939	11.745898	23.004707
1257.3	1.476439	10.264084	11.740523	23.007127
1257.4	4.658443	7.076684	11.735127	22.965692
1257.5	9.844179	1.892886	11.737064	22.885205
1257.6	10.042036	1.701779	11.743815	22.778008
1257.7	4.894458	6.851905	11.746363	22.662420
1257.8	1.182022	10.559294	11.741315	22.559506
1257.9	3.757330	7.978083	11.735412	22.488681
1258	9.120588	2.615850	11.736437	22.463094
1258.1	10.196689	1.546158	11.742846	22.485986
1258.2	5.773197	5.972819	11.746016	22.549142
1258.3	1.930644	9.811237	11.741881	22.634132
1258.4	3.739553	7.996666	11.736219	22.716319
1258.5	8.546704	3.189945	11.736649	22.770764
1258.6	9.779972	1.962414	11.742386	22.778520
1258.7	5.892707	5.852821	11.745529	22.731523
1258.8	2.314602	9.427264	11.741865	22.634628
1258.9	3.973210	7.763235	11.736445	22.504087
1259	8.671774	3.064797	11.736571	22.362878
1259.1	10.182514	1.559456	11.741970	22.234277
1259.2	6.635739	5.109647	11.745387	22.135635
1259.3	2.833053	8.909421	11.742475	22.074287
1259.4	3.632743	8.104670	11.737413	22.046757
1259.5	7.591638	4.145288	11.736926	22.041353
1259.6	9.302341	2.438883	11.741225	22.043035
1259.7	6.829815	4.914351	11.744166	22.038719
1259.8	3.997215	7.744710	11.741925	22.021072
1259.9	4.756537	6.981489	11.738026	21.989489
1260	7.753806	3.984254	11.738060	21.948092
1260.1	8.521378	3.220455	11.741833	21.901760
1260.2	5.903229	5.840645	11.743874	21.852057
1260.3	3.605472	8.135811	11.741284	21.794955
1260.4	4.865038	6.872709	11.737747	21.721619
1260.5	7.896165	3.842053	11.738218	21.622201
1260.6	8.488306	3.253627	11.741933	21.491340
1260.7	5.952233	5.791379	11.743612	21.333139
1260.8	3.976494	7.764509	11.741003	21.163349
1260.9	5.277649	6.460364	11.738013	21.007364
1261	7.732066	4.006971	11.739037	20.894108
1261.1	7.509254	4.233342	11.742596	20.847508
1261.2	4.708503	7.034908	11.743411	20.878359
1261.3	3.370365	8.369657	11.740022	20.979531
1261.4	5.708153	6.028928	11.737081	21.126545
1261.5	8.735821	3.003067	11.738888	21.283758
1261.6	8.259582	3.483589	11.743171	21.414476
1261.7	4.791715	6.952335	11.744049	21.491780
1261.8	3.013131	8.727101	11.740232	21.506469
1261.9	5.327081	6.409898	11.736979	21.469338
1262	8.453803	3.285036	11.738839	21.406891
1262.1	7.966922	3.776284	11.743205	21.351845
1262.2	4.558948	7.184890	11.743837	21.331663
1262.3	3.188095	8.551561	11.739657	21.359093
1262.4	6.086352	5.650147	11.736500	21.428097
1262.5	9.374041	2.365024	11.739065	21.516671
1262.6	8.283066	3.461038	11.744104	21.595632
1262.7	3.967387	7.777196	11.744583	21.640236
1262.8	2.293520	9.445922	11.739442	21.640404
1262.9	5.877345	5.858114	11.735460	21.605706
1263	10.207948	1.530265	11.738212	21.563041
1263.1	9.489787	2.254488	11.744275	21.547559
1263.2	4.540105	7.205445	11.745550	21.589845
1263.3	1.913289	9.826919	11.740208	21.703876
1263.4	5.142712	6.592663	11.735376	21.880166
1263.5	9.870188	1.867443	11.737631	22.086857
1263.6	9.636873	2.107127	11.744000	22.278788
1263.7	4.672120	7.073696	11.745816	22.411774
1263.8	1.727458	10.012993	11.740451	22.457408
1263.9	4.980251	6.754801	11.735052	22.413322
1264	10.233011	1.504014	11.737025	22.305292
1264.1	10.391725	1.352229	11.743953	22.180191
1264.2	5.008971	6.737693	11.746664	22.091919
1264.3	1.036726	10.704745	11.741471	22.084778
1264.4	3.645681	8.089502	11.735183	22.179673
1264.5	9.353885	2.382170	11.736055	22.367607
1264.6	10.675479	1.067325	11.742805	22.612507
1264.7	6.056512	5.689895	11.746406	22.862338
1264.8	1.799976	9.942239	11.742215	23.064775
1264.9	3.500712	8.235370	11.736082	23.182277
1265	8.590076	3.146248	11.736324	23.201793
1265.1	9.969290	1.773210	11.742500	23.136253
1265.2	5.691150	6.054974	11.746124	23.017858
1265.3	1.570217	10.171993	11.742210	22.885921
1265.4	3.273752	8.462243	11.735996	22.773677
1265.5	8.654775	3.081041	11.735816	22.698619
1265.6	10.646435	1.095459	11.741894	22.659378
1265.7	6.717231	5.028908	11.746138	22.639728
1265.8	2.141283	9.601778	11.743062	22.617714
1265.9	2.836848	8.900144	11.736991	22.576135
1266	7.557336	4.178690	11.736027	22.510346
1266.1	9.844358	1.896799	11.741157	22.430449
1266.2	6.828125	4.917092	11.745217	22.357216
1266.3	2.898188	8.844588	11.742776	22.313406
1266.4	3.515329	8.222030	11.737360	22.313917
1266.5	7.807001	3.929395	11.736396	22.358576
1266.6	9.935863	1.805228	11.741091	22.430415
1266.7	7.106027	4.638980	11.745006	22.500204
1266.8	3.218308	8.524656	11.742965	22.535726
1266.9	3.423674	8.314248	11.737923	22.512522
1267	7.234542	4.502124	11.736666	22.422289
1267.1	9.479554	2.261017	11.740571	22.275949
1267.2	7.436966	4.307127	11.744093	22.100309
1267.3	4.249793	7.492840	11.742633	21.929474
1267.4	4.249210	7.489448	11.738658	21.794018
1267.5	7.009348	4.728505	11.737853	21.711638
1267.6	8.321734	3.419348	11.741082	21.682406
1267.7	6.352290	5.391164	11.743455	21.690083
1267.8	4.141762	7.599735	11.741497	21.708776
1267.9	5.066260	6.671832	11.738092	21.712423
1268	7.896663	3.841592	11.738255	21.683657
1268.1	8.530668	3.211225	11.741893	21.619007
1268.2	5.890834	5.853053	11.743887	21.528786
1268.3	3.546799	8.194569	11.741368	21.431999
1268.4	4.706741	7.031103	11.737843	21.348380
1268.5	7.668329	4.069933	11.738262	21.290645
1268.6	8.217395	3.524592	11.741987	21.259836
1268.7	5.618895	6.124765	11.743660	21.245466
1268.8	3.682686	8.058149	11.740836	21.230306
1268.9	5.305088	6.432473	11.737562	21.197997
1269	8.204265	3.534431	11.738696	21.140601
1269.1	8.039601	3.703269	11.742870	21.063242
1269.2	4.675406	7.068760	11.744166	20.984018
1269.3	2.676880	9.063554	11.740434	20.929054
1269.4	5.046395	6.690199	11.736594	20.924254
1269.5	8.836792	2.901226	11.738017	20.986471
1269.6	8.976597	2.766354	11.742951	21.117049
1269.7	5.259000	6.485690	11.744691	21.299883
1269.8	2.776685	8.964112	11.740797	21.504704
1269.9	4.957077	6.779560	11.736637	21.694611
1270	8.728048	3.010036	11.738084	21.835597
1270.1	8.676446	3.066812	11.743257	21.905252
1270.2	4.660653	7.084229	11.744882	21.898195
1270.3	2.279583	9.460763	11.740346	21.826873
1270.4	5.229576	6.506064	11.735640	21.717742
1270.5	9.930388	1.807003	11.737391	21.604187
1270.6	10.067837	1.675796	11.743633	21.518293
1270.7	5.191190	6.554903	11.746093	21.483673
1270.8	1.627575	10.113725	11.741300	21.511067
1270.9	4.142020	7.593483	11.735502	21.597455
1271	9.448705	2.287755	11.736460	21.728437
1271.1	10.479651	1.263301	11.742952	21.882858
1271.2	5.859800	5.886476	11.746276	22.038259
1271.3	1.825380	9.916539	11.741919	22.175790
1271.4	3.861774	7.873954	11.735729	22.283572
1271.5	9.256323	2.479787	11.736110	22.358039
1271.6	10.674615	1.068048	11.742663	22.403296
1271.7	6.046829	5.699784	11.746613	22.428923
1271.8	1.453203	10.289371	11.742574	22.446889
1271.9	3.040275	8.695565	11.735840	22.468325
1272	8.775326	2.960028	11.735354	22.500828
1272.1	11.116316	0.625440	11.741756	22.546880
1272.2	7.029001	4.717562	11.746564	22.603677
1272.3	1.943910	9.799617	11.743527	22.664409
1272.4	2.436784	9.300093	11.736876	22.720654
1272.5	7.535471	4.200016	11.735487	22.765244
1272.6	10.250392	1.490575	11.740967	22.794741
1272.7	7.067195	4.678517	11.745711	22.810699
1272.8	2.532289	9.211047	11.743336	22.819162
1272.9	2.899344	8.837890	11.737234	22.828388
1273	7.618522	4.117274	11.735796	22.845396
1273.1	10.182483	1.558490	11.740974	22.872452
1273.2	7.025751	4.719973	11.745725	22.904787
1273.3	2.341408	9.402216	11.743624	22.930604
1273.4	2.386190	9.351306	11.737496	22.933743
1273.5	7.098521	4.636959	11.735480	22.898488
1273.6	10.303929	1.436152	11.740081	22.815142
1273.7	8.022973	3.722055	11.745028	22.684545
1273.8	3.585779	8.158119	11.743899	22.519863
1273.9	2.880193	8.858415	11.738609	22.344678
1274	6.462720	5.273717	11.736436	22.187630
1274.1	9.176081	2.563959	11.740039	22.074983
1274.2	7.413696	4.330452	11.744148	22.023328
1274.3	3.902475	7.840614	11.743089	22.034731
1274.4	3.672291	8.066213	11.738504	22.095947
1274.5	7.074484	4.662317	11.736801	22.182062
1274.6	9.464424	2.275807	11.740231	22.263478
1274.7	7.702671	4.041320	11.743991	22.314046
1274.8	4.335114	7.407950	11.743063	22.317754
1274.9	3.859881	7.879158	11.739039	22.271898
1275	6.544593	5.192990	11.737582	22.185871
1275.1	8.376069	3.364366	11.740435	22.076255
1275.2	6.900504	4.842727	11.743231	21.960171
1275.3	4.558349	7.183592	11.741941	21.849409
1275.4	4.939335	6.799266	11.738600	21.747494
1275.5	7.502929	4.235310	11.738239	21.650646
1275.6	8.368536	3.373001	11.741537	21.552055
1275.7	6.006130	5.737632	11.743763	21.447543
1275.8	3.607460	8.134091	11.741551	21.340084
1275.9	4.626986	7.110870	11.737856	21.241043
1276	7.775127	3.962779	11.737906	21.167269
1276.1	8.676093	3.065663	11.741757	21.134857
1276.2	6.009170	5.734885	11.744054	21.151864
1276.3	3.468807	8.272714	11.741521	21.212921
1276.4	4.623066	7.114623	11.737690	21.298210
1276.5	7.813279	3.924766	11.738044	21.377831
1276.6	8.387031	3.355189	11.742219	21.420591
1276.7	5.310992	6.433308	11.744300	21.404468
1276.8	2.851249	8.889838	11.741087	21.325138
1276.9	4.703304	7.033533	11.736837	21.199328
1277	8.621374	3.116203	11.737577	21.061362
1277.1	9.235577	2.507039	11.742616	20.953581
1277.2	5.464979	6.280182	11.745161	20.913485
1277.3	2.274453	9.467105	11.741558	20.961769
1277.4	4.047526	7.689007	11.736533	21.095309
1277.5	8.497499	3.239439	11.736938	21.287625
1277.6	9.624290	2.118022	11.742312	21.496853
1277.7	5.909170	5.836141	11.745311	21.678725
1277.8	2.522297	9.219415	11.741712	21.800266
1277.9	4.291996	7.444389	11.736385	21.849601
1278	8.931367	2.805434	11.736801	21.838588
1278.1	9.965358	1.777328	11.742687	21.797397
1278.2	5.633220	6.112858	11.746078	21.762974
1278.3	1.615133	10.126919	11.742052	21.765471
1278.4	3.552911	8.182769	11.735681	21.817444
1278.5	9.280936	2.454560	11.735496	21.909660
1278.6	11.415552	0.326444	11.741996	22.015025
1278.7	7.108056	4.638685	11.746741	22.099274
1278.8	1.934363	9.809144	11.743507	22.134595
1278.9	2.568923	9.167703	11.736626	22.111276
1279	7.949197	3.786038	11.735235	22.043073
1279.1	10.763858	0.977207	11.741065	21.964162
1279.2	7.278772	4.467397	11.746170	21.918475
1279.3	2.305278	9.438369	11.743647	21.944937
1279.4	2.655124	9.081802	11.736925	22.063613
1279.5	7.927474	3.807634	11.735108	22.267582
1279.6	11.037404	0.703298	11.740701	22.523447
1279.7	7.742808	4.003448	11.746257	22.780501
1279.8	2.331378	9.413014	11.744392	22.985622
1279.9	1.865913	9.871737	11.737651	23.099078
1280	6.790715	4.944272	11.734987	23.106091
1280.1	10.482084	1.257671	11.739755	23.020501
1280.2	8.183201	3.562192	11.745393	22.879507
1280.3	3.221567	8.522857	11.744424	22.731440
1280.4	2.295430	9.443001	11.738431	22.620731
1280.5	6.421837	5.313816	11.735653	22.575027
1280.6	9.778558	1.961173	11.739731	22.598460
1280.7	7.768697	3.976241	11.744938	22.672861
1280.8	3.213056	8.531094	11.744149	22.765945
1280.9	2.376432	9.362062	11.738493	22.843223
1281	6.429734	5.305920	11.735654	22.879347
1281.1	9.957877	1.781511	11.739388	22.865080
1281.2	8.346371	3.398215	11.744585	22.807871
1281.3	3.895919	7.848443	11.744362	22.726429
1281.4	2.523300	9.215981	11.739281	22.641823
1281.5	5.794866	5.941410	11.736276	22.568710
1281.6	9.113153	2.625969	11.739122	22.510074
1281.7	8.187382	3.556210	11.743592	22.457294
1281.8	4.709754	7.033833	11.743587	22.395289
1281.9	3.657821	8.081647	11.739467	22.310491
1282	6.321245	5.415937	11.737182	22.198375
1282.1	8.756456	2.983367	11.739824	22.067437
1282.2	7.515661	4.227834	11.743495	21.937935
1282.3	4.437687	7.305311	11.742998	21.835653
1282.4	3.909080	7.830034	11.739114	21.782898
1282.5	6.664157	5.073172	11.737329	21.789973
1282.6	8.863864	2.876182	11.740046	21.850286
1282.7	7.575132	4.168203	11.743335	21.940986
1282.8	4.802098	6.940541	11.742639	22.029058
1282.9	4.459827	7.279378	11.739205	22.080910
1283	6.753595	4.984538	11.738133	22.072281
1283.1	8.016482	3.724474	11.740957	21.995177
1283.2	6.168925	5.574489	11.743415	21.859643
1283.3	3.880039	7.861605	11.741643	21.689928
1283.4	4.767500	6.970435	11.737935	21.516512
1283.5	7.993920	3.743762	11.737682	21.366799
1283.6	9.119186	2.622454	11.741640	21.257584
1283.7	6.291043	5.453478	11.744521	21.191648
1283.8	3.095935	8.646295	11.742230	21.159320
1283.9	3.803766	7.933974	11.737741	21.144087
1284	7.424683	4.312515	11.737198	21.129974
1284.1	8.943197	2.798188	11.741385	21.107972
1284.2	6.241526	5.502948	11.744474	21.079250
1284.3	3.136514	8.605536	11.742050	21.054156
1284.4	4.125521	7.611880	11.737401	21.047569
1284.5	7.994553	3.742575	11.737127	21.072432
1284.6	9.294609	2.447288	11.741897	21.133889
1284.7	5.909542	5.835673	11.745214	21.226174
1284.8	2.271847	9.470411	11.742257	21.333359
1284.9	3.489225	8.247533	11.736758	21.433757
1285	8.220891	3.515304	11.736196	21.506485
1285.1	10.216115	1.525441	11.741557	21.538058
1285.2	6.733152	5.012556	11.745708	21.526875
1285.3	2.424718	9.318241	11.742959	21.484222
1285.4	3.165086	8.571847	11.736933	21.431501
1285.5	8.021659	3.714183	11.735843	21.394566
1285.6	10.375984	1.365322	11.741306	21.396832
1285.7	6.899647	4.846300	11.745947	21.453090
1285.8	2.244906	9.498391	11.743297	21.565642
1285.9	2.882855	8.853870	11.736725	21.723631
1286	8.251892	3.483220	11.735111	21.905567
1286.1	11.271587	0.469281	11.740869	22.084259
1286.2	7.768299	3.978179	11.746477	22.232874
1286.3	2.206252	9.538174	11.744426	22.330707
1286.4	1.886893	9.850427	11.737320	22.367469
1286.5	7.252577	4.481935	11.734512	22.345276
1286.6	11.269818	0.469844	11.739662	22.278071
1286.7	8.756767	2.989122	11.745889	22.188666
1286.8	3.193125	8.551878	11.745003	22.104049
1286.9	1.952390	9.786013	11.738404	22.049867
1287	6.439085	5.295962	11.735048	22.045202
1287.1	10.365596	1.373753	11.739350	22.098702
1287.2	8.350183	3.395161	11.745345	22.206952
1287.3	3.155968	8.588894	11.744862	22.355487
1287.4	1.870637	9.867915	11.738552	22.522321
1287.5	6.306948	5.427969	11.734917	22.683171
1287.6	10.591333	1.147482	11.738815	22.817109
1287.7	9.074532	2.670487	11.745019	22.911145
1287.8	3.817536	7.927826	11.745361	22.962480
1287.9	1.678769	10.060866	11.739636	22.977785
1288	5.139994	6.595615	11.735608	22.969769
1288.1	9.253553	2.484875	11.738429	22.952122
1288.2	8.556372	3.187534	11.743907	22.934530
1288.3	4.357813	7.386707	11.744520	22.919454
1288.4	2.639774	9.099883	11.739657	22.901816
1288.5	5.750377	5.985799	11.736177	22.871756
1288.6	9.318925	2.419929	11.738855	22.819489
1288.7	8.395592	3.348359	11.743951	22.740506
1288.8	4.218622	7.525881	11.744503	22.639076
1288.9	2.421897	9.317935	11.739833	22.528568
1289	5.353106	6.383173	11.736279	22.428155
1289.1	9.047697	2.690759	11.738455	22.356801
1289.2	8.760500	2.982662	11.743161	22.326523
1289.3	5.272738	6.471319	11.744056	22.337324
1289.4	3.474877	8.265441	11.740318	22.375804
1289.5	5.543217	6.194170	11.737387	22.418237
1289.6	8.234141	3.505039	11.739180	22.437395
1289.7	7.737636	4.005186	11.742822	22.411014
1289.8	5.009349	6.733672	11.743021	22.329099
1289.9	4.168718	7.570888	11.739607	22.197555
1290	6.497264	5.240332	11.737596	22.036789
1290.1	8.647245	3.092674	11.739920	21.875627
1290.2	7.504183	4.239070	11.743253	21.742517
1290.3	4.671520	7.071300	11.742820	21.656947
1290.4	4.170781	7.568466	11.739247	21.623966
1290.5	6.669445	5.068230	11.737675	21.633609
1290.6	8.511061	3.229320	11.740382	21.665297
1290.7	6.974621	4.768842	11.743463	21.695523
1290.8	4.253355	7.489029	11.742384	21.705960
1290.9	4.369654	7.368923	11.738577	21.689045
1291	7.312728	4.424844	11.737572	21.649038
1291.1	8.827614	2.913486	11.741100	21.598328
1291.2	6.411889	5.332452	11.744341	21.550577
1291.3	3.128111	8.614407	11.742518	21.513548
1291.4	3.599170	8.138622	11.737792	21.484657
1291.5	7.499361	4.237247	11.736608	21.451260
1291.6	9.689083	2.051729	11.740811	21.395873
1291.7	7.138415	4.606426	11.744841	21.304500
1291.8	3.203870	8.539324	11.743194	21.174884
1291.9	3.168379	8.569701	11.738081	21.021238
1292	6.979370	4.757182	11.736553	20.873110
1292.1	9.234870	2.505917	11.740787	20.768086
1292.2	6.647044	5.097858	11.744902	20.740354
1292.3	2.759451	8.983515	11.742966	20.808861
1292.4	3.206243	8.531118	11.737361	20.969261
1292.5	7.812415	3.923396	11.735811	21.192802
1292.6	10.486663	1.254135	11.740798	21.433078
1292.7	7.396177	4.349664	11.745841	21.638883
1292.8	2.401766	9.342292	11.744058	21.769210
1292.9	2.117978	9.619630	11.737608	21.805545
1293	7.020140	4.714900	11.735040	21.757324
1293.1	10.654986	1.084841	11.739827	21.658635
1293.2	8.238464	3.507094	11.745557	21.557133
1293.3	3.130612	8.613878	11.744490	21.498762
1293.4	2.344848	9.393201	11.738049	21.513322
1293.5	7.035416	4.699591	11.735006	21.605644
1293.6	10.838089	0.901540	11.739630	21.755219
1293.7	8.439495	3.306292	11.745786	21.924273
1293.8	2.869158	8.875946	11.745103	22.071369
1293.9	1.583068	10.155224	11.738292	22.165788
1294	6.477990	5.256350	11.734340	22.197717
1294.1	11.242552	0.495986	11.738538	22.180787
1294.2	9.674826	2.070566	11.745392	22.146223
1294.3	3.879540	7.866390	11.745931	22.130805
1294.4	1.415592	10.324024	11.739616	22.162998
1294.5	5.272241	6.462676	11.734917	22.252206
1294.6	10.074780	1.663141	11.737921	22.384992
1294.7	9.436057	2.308287	11.744344	22.529593
1294.8	4.439164	7.306349	11.745513	22.647153
1294.9	1.937528	9.802523	11.740051	22.705708
1295	5.207061	6.528445	11.735507	22.692019
1295.1	9.650590	2.087404	11.737994	22.617064
1295.2	9.181960	2.562057	11.744016	22.513253
1295.3	4.457862	7.287526	11.745389	22.424243
1295.4	1.857303	9.883042	11.740345	22.390811
1295.5	4.803271	6.932479	11.735749	22.437513
1295.6	9.262209	2.475472	11.737682	22.564573
1295.7	9.334734	2.408612	11.743346	22.747583
1295.8	5.147620	6.597493	11.745112	22.944957
1295.9	2.416908	9.323973	11.740881	23.110498
1296	4.582310	7.154326	11.736636	23.206848
1296.1	8.350930	3.387121	11.738050	23.215488
1296.2	8.490775	3.252089	11.742864	23.140295
1296.3	5.018363	6.725934	11.744297	23.004009
1296.4	2.952369	8.788086	11.740456	22.839314
1296.5	5.253755	6.482995	11.736751	22.677967
1296.6	8.811042	2.927229	11.738270	22.541757
1296.7	8.839551	2.903305	11.742856	22.438161
1296.8	5.416113	6.328169	11.744282	22.361648
1296.9	3.185326	8.555516	11.740842	22.299483
1297	4.913154	6.824278	11.737432	22.239345
1297.1	7.922621	3.815932	11.738553	22.175578
1297.2	8.116533	3.625686	11.742219	22.111681
1297.3	5.673238	6.069864	11.743102	22.058208
1297.4	4.459820	7.280347	11.740167	22.027151
1297.5	6.285640	5.452300	11.737940	22.025218
1297.6	8.329012	3.410806	11.739818	22.048892
1297.7	7.348752	4.394363	11.743114	22.083411
1297.8	4.529463	7.213463	11.742927	22.106335
1297.9	3.913391	7.825894	11.739285	22.094587
1298	6.581366	5.155917	11.737283	22.032508
1298.1	8.929518	2.810354	11.739872	21.917998
1298.2	7.663620	4.079905	11.743524	21.764461
1298.3	4.520716	7.222376	11.743092	21.597695
1298.4	3.920983	7.818154	11.739137	21.448621
1298.5	6.699793	5.037508	11.737302	21.344206
1298.6	8.792806	2.947554	11.740359	21.299507
1298.7	6.944504	4.799580	11.744084	21.313410
1298.8	3.511595	8.231422	11.743017	21.369342
1298.9	3.401596	8.336691	11.738288	21.440618
1299	7.138246	4.598154	11.736401	21.498560
1299.1	9.772713	1.967565	11.740278	21.520761
1299.2	7.520658	4.224238	11.744896	21.496918
1299.3	3.151323	8.592583	11.743906	21.430628
1299.4	2.487201	9.251223	11.738424	21.336918
1299.5	6.499911	5.235883	11.735794	21.236644
1299.6	9.816745	1.922911	11.739657	21.149840
1299.7	7.929655	3.815169	11.744824	21.090183
1299.8	3.402175	8.342037	11.744212	21.062229
1299.9	2.470512	9.268065	11.738578	21.061977
1300	6.491380	5.244275	11.735655	21.080169
1300.1	9.939139	1.800476	11.739615	21.106921
1300.2	7.903406	3.841756	11.745162	21.135951
1300.3	2.970527	8.774051	11.744578	21.166989
1300.4	1.936000	9.802336	11.738336	21.205679
1300.5	6.562698	5.172057	11.734756	21.261166
1300.6	10.929994	0.808853	11.738847	21.342302
1300.7	9.218337	2.527027	11.745365	21.453754
1300.8	3.586707	8.158953	11.745661	21.593269
1300.9	1.433043	10.306255	11.739298	21.750891
1301	5.551367	6.183377	11.734744	21.910372
1301.1	10.382571	1.355483	11.738053	22.052376
1301.2	9.469496	2.275223	11.744720	22.158701
1301.3	4.136527	7.609195	11.745721	22.216494
1301.4	1.699986	10.039692	11.739678	22.221539
1301.5	5.589212	6.145525	11.734737	22.179852
1301.6	10.674142	1.063486	11.737627	22.107193
1301.7	10.107326	1.637267	11.744593	22.026481
1301.8	4.501005	7.245401	11.746406	21.963467
1301.9	1.137565	10.603119	11.740685	21.941456
1302	4.311749	7.423249	11.734999	21.976096
1302.1	9.737906	1.998811	11.736716	22.071418
1302.2	10.376088	1.367215	11.743303	22.218194
1302.3	5.717874	6.028093	11.745967	22.395264
1302.4	2.154913	9.586563	11.741475	22.573828
1302.5	4.231503	7.504702	11.736205	22.723923
1302.6	8.718008	3.019247	11.737256	22.821595
1302.7	9.301045	2.441879	11.742924	22.854923
1302.8	5.232848	6.512457	11.745305	22.827157
1302.9	2.180109	9.561066	11.741175	22.755935
1303	4.363167	7.373064	11.736232	22.668584
1303.1	8.842930	2.894250	11.737180	22.594702
1303.2	9.616123	2.126535	11.742657	22.558081
1303.3	5.739356	6.005921	11.745277	22.570354
1303.4	2.436892	9.304814	11.741707	22.628275
1303.5	3.928931	7.808035	11.736966	22.715450
1303.6	7.894672	3.842688	11.737360	22.807952
1303.7	8.922330	2.819666	11.741995	22.881950
1303.8	5.912282	5.832075	11.744357	22.920846
1303.9	3.282149	8.459247	11.741397	22.919566
1304	4.646074	7.091415	11.737488	22.884640
1304.1	7.914739	3.823347	11.738086	22.830181
1304.2	8.446059	3.296120	11.742179	22.771360
1304.3	5.585284	6.158650	11.743934	22.717831
1304.4	3.448261	8.292685	11.740946	22.669669
1304.5	5.060425	6.677044	11.737469	22.617395
1304.6	8.183267	3.555052	11.738319	22.546207
1304.7	8.567562	3.174612	11.742175	22.442887
1304.8	5.888827	5.854793	11.743620	22.302788
1304.9	4.021388	7.719439	11.740827	22.134119
1305	5.446840	6.291144	11.737984	21.957653
1305.1	7.830731	3.908433	11.739164	21.801582
1305.2	7.563188	4.179301	11.742489	21.693039
1305.3	5.076245	6.666674	11.742919	21.649132
1305.4	4.237882	7.501752	11.739634	21.670671
1305.5	6.643980	5.093407	11.737387	21.740922
1305.6	9.049674	2.690045	11.739719	21.830070
1305.7	7.837741	3.905916	11.743657	21.904042
1305.8	4.324519	7.419127	11.743646	21.934787
1305.9	3.224415	8.515020	11.739434	21.908524
1306	6.125157	5.611574	11.736731	21.829152
1306.1	9.081276	2.658095	11.739372	21.715696
1306.2	7.954094	3.789702	11.743796	21.594780
1306.3	4.248952	7.494839	11.743791	21.490896
1306.4	3.189574	8.549619	11.739193	21.418023
1306.5	6.433925	5.302459	11.736384	21.375651
1306.6	9.523562	2.215974	11.739536	21.350602
1306.7	7.896161	3.848414	11.744575	21.323876
1306.8	3.372852	8.371639	11.744491	21.279815
1306.9	2.004608	9.734420	11.739027	21.213963
1307	5.879720	5.855662	11.735382	21.136392
1307.1	10.037435	1.701144	11.738579	21.068961
1307.2	8.972343	2.772140	11.744483	21.037256
1307.3	4.097960	7.647234	11.745193	21.060069
1307.4	1.947650	9.792099	11.739748	21.140421
1307.5	5.358573	6.376981	11.735554	21.261757
1307.6	9.575570	2.162797	11.738367	21.391234
1307.7	8.706941	3.037423	11.744364	21.489500
1307.8	3.851714	7.893518	11.745232	21.523917
1307.9	1.745243	9.994306	11.739549	21.480707
1308	5.575377	6.159564	11.734941	21.371657
1308.1	10.425017	1.312825	11.737842	21.232625
1308.2	9.732839	2.011775	11.744614	21.113873
1308.3	4.212005	7.534216	11.746220	21.065042
1308.4	1.114075	10.626281	11.740356	21.119546
1308.5	4.622675	7.112027	11.734702	21.283523
1308.6	10.206502	1.530245	11.736747	21.533073
1308.7	10.583451	1.160325	11.743776	21.820847
1308.8	5.378493	6.367987	11.746480	22.089938
1308.9	1.561226	10.180159	11.741385	22.290614
1309	4.108843	7.626574	11.735417	22.394506
1309.1	9.432143	2.304399	11.736542	22.401734
1309.2	10.317532	1.425577	11.743109	22.338869
1309.3	5.640116	6.106087	11.746203	22.248693
1309.4	1.787370	9.954311	11.741681	22.175424
1309.5	3.995664	7.740005	11.735670	22.150489
1309.6	9.336772	2.399457	11.736229	22.183561
1309.7	10.712149	1.030419	11.742568	22.261633
1309.8	6.339948	5.406307	11.746255	22.356043
1309.9	1.990119	9.752455	11.742574	22.434622
1310	3.174514	8.562126	11.736639	22.474445
1310.1	7.946542	3.789737	11.736279	22.470597
1310.2	9.832279	1.909302	11.741580	22.437924
1310.3	6.604946	5.140203	11.745150	22.405291
1310.4	2.983179	8.759148	11.742327	22.404555
1310.5	3.917635	7.819670	11.737305	22.458300
1310.6	7.882662	3.854412	11.737074	22.570754
1310.7	9.219315	2.522512	11.741827	22.725114
1310.8	6.018333	5.726587	11.744920	22.888219
1310.9	2.651643	9.090479	11.742122	23.020920
1311	3.679020	8.058284	11.737304	23.090549
1311.1	7.667707	4.069250	11.736956	23.081241
1311.2	9.305461	2.435882	11.741343	22.998686
1311.3	6.657248	5.087153	11.744401	22.867866
1311.4	3.557197	8.184999	11.742196	22.724753
1311.5	4.117582	7.620534	11.738116	22.604930
1311.6	7.173973	4.563882	11.737855	22.532986
1311.7	8.236464	3.505029	11.741493	22.516095
1311.8	5.910716	5.832948	11.743664	22.543560
1311.9	3.717097	8.024177	11.741274	22.592030
1312	4.946586	6.791200	11.737786	22.634158
1312.1	7.971484	3.766705	11.738189	22.647514
1312.2	8.598022	3.143896	11.741919	22.620725
1312.3	6.015633	5.728093	11.743725	22.555059
1312.4	3.892781	7.848367	11.741148	22.461438
1312.5	5.138212	6.599730	11.737942	22.354518
1312.6	7.821249	3.917416	11.738665	22.246411
1312.7	8.032081	3.710079	11.742161	22.142536
1312.8	5.547958	6.195302	11.743260	22.041075
1312.9	4.154277	7.586000	11.740276	21.935985
1313	6.102418	5.635142	11.737560	21.822088
1313.1	8.662708	3.076592	11.739300	21.699967
1313.2	7.901589	3.841716	11.743305	21.578457
1313.3	4.483411	7.260401	11.743812	21.473526
1313.4	3.112091	8.627592	11.739682	21.403692
1313.5	6.020462	5.715948	11.736410	21.383551
1313.6	9.534481	2.204227	11.738708	21.417716
1313.7	8.836188	2.907572	11.743760	21.497440
1313.8	4.642109	7.102643	11.744752	21.601323
1313.9	2.479464	9.260739	11.740204	21.700092
1314	5.230495	6.505739	11.736234	21.764088
1314.1	9.081101	2.657221	11.738322	21.771195
1314.2	8.640307	3.103364	11.743671	21.712776
1314.3	4.407242	7.337607	11.744849	21.595866
1314.4	2.259226	9.480785	11.740011	21.441064
1314.5	5.405686	6.329999	11.735685	21.276890
1314.6	9.757626	1.980365	11.737991	21.132389
1314.7	9.286068	2.458036	11.744103	21.030159
1314.8	4.302692	7.443108	11.745801	20.981692
1314.9	1.313800	10.426783	11.740583	20.986072
1315	4.364583	7.370698	11.735281	21.031992
1315.1	9.488452	2.248539	11.736990	21.102159
1315.2	9.919212	1.824235	11.743447	21.178548
1315.3	5.182955	6.563009	11.745964	21.246988
1315.4	1.766238	9.974916	11.741154	21.299966
1315.5	4.342195	7.393381	11.735576	21.337183
1315.6	9.385790	2.351111	11.736902	21.364105
1315.7	9.908212	1.835228	11.743440	21.389230
1315.8	4.999181	6.747121	11.746302	21.421001
1315.9	1.230119	10.511284	11.741403	21.465221
1316	3.875012	7.860113	11.735125	21.523554
1316.1	9.714656	2.021210	11.735866	21.593365
1316.2	11.185594	0.557169	11.742763	21.668788
1316.3	6.405935	5.340841	11.746776	21.742694
1316.4	1.668720	10.073992	11.742712	21.809047
1316.5	3.075577	8.660506	11.736083	21.865033
1316.6	8.519593	3.216062	11.735655	21.912402
1316.7	10.671539	1.070230	11.741770	21.957529
1316.8	6.819376	4.926712	11.746088	22.009994
1316.9	2.336267	9.406627	11.742895	22.079813
1317	3.292862	8.443797	11.736659	22.173911
1317.1	8.315094	3.420731	11.735825	22.292775
1317.2	10.584376	1.157050	11.741427	22.428411
1317.3	7.074436	4.671438	11.745874	22.564536
1317.4	2.508103	9.235188	11.743291	22.679461
1317.5	2.884565	8.852730	11.737295	22.751269
1317.6	7.499257	4.236632	11.735889	22.764130
1317.7	10.128308	1.612385	11.740693	22.713940
1317.8	7.473574	4.271496	11.745070	22.611437
1317.9	3.346040	8.397280	11.743320	22.481434
1318	3.208745	8.529462	11.738207	22.357864
1318.1	6.821397	4.915401	11.736798	22.275651
1318.2	8.935647	2.805082	11.740729	22.261517
1318.3	6.708615	5.035655	11.744269	22.326379
1318.4	3.473475	8.269013	11.742488	22.461748
1318.5	3.881858	7.856142	11.738000	22.641417
1318.6	7.395943	4.341186	11.737129	22.828171
1318.7	9.128774	2.612304	11.741078	22.983662
1318.8	6.669213	5.075176	11.744389	23.078525
1318.9	3.349735	8.392855	11.742590	23.099671
1319	3.570544	8.167727	11.738271	23.052568
1319.1	6.820781	4.916527	11.737308	22.957905
1319.2	8.614290	3.126437	11.740726	22.843884
1319.3	6.786826	4.956720	11.743546	22.736802
1319.4	4.283149	7.458795	11.741945	22.653092
1319.5	4.740143	6.998366	11.738509	22.595443
1319.6	7.316189	4.422130	11.738319	22.554123
1319.7	8.070130	3.671491	11.741620	22.512761
1319.8	5.768966	5.974562	11.743528	22.456245
1319.9	3.739853	8.001260	11.741113	22.377685
1320	5.093439	6.644265	11.737703	22.281725
1320.1	8.156209	3.581990	11.738199	22.182939
1320.2	8.719559	3.022472	11.742031	22.099882
1320.3	6.011196	5.732635	11.743831	22.047098
1320.4	3.878496	7.862536	11.741032	22.028214
1320.5	5.358673	6.378958	11.737631	22.032954
1320.6	8.271375	3.467235	11.738610	22.039508
1320.7	8.227308	3.515429	11.742736	22.021687
1320.8	4.984495	6.759564	11.744060	21.958453
1320.9	3.093022	8.647296	11.740318	21.842391
1321	5.585739	6.150742	11.736481	21.683899
1321.1	9.415666	2.322426	11.738093	21.509305
1321.2	9.308559	2.434815	11.743374	21.353260
1321.3	5.063224	6.682027	11.745251	21.247840
1321.4	2.172562	9.568402	11.740964	21.212065
1321.5	4.529792	7.206330	11.736122	21.245514
1321.6	9.014041	2.723256	11.737297	21.328351
1321.7	9.545729	2.197272	11.743001	21.427845
1321.8	5.341058	6.404441	11.745499	21.509173
1321.9	2.103592	9.637704	11.741296	21.546736
1322	4.310427	7.425634	11.736061	21.532002
1322.1	8.996645	2.740393	11.737038	21.475139
1322.2	9.656528	2.086547	11.743075	21.399906
1322.3	5.152281	6.593688	11.745970	21.333749
1322.4	1.480915	10.260654	11.741569	21.296810
1322.5	3.761878	7.973730	11.735608	21.293996
1322.6	9.179846	2.556303	11.736150	21.313176
1322.7	10.572435	1.170212	11.742646	21.330300
1322.8	6.019061	5.727437	11.746498	21.319690
1322.9	1.514813	10.227738	11.742551	21.265683
1323	2.999469	8.736609	11.736078	21.171207
1323.1	8.401429	3.334307	11.735736	21.059782
1323.2	10.441008	1.300901	11.741909	20.969747
1323.3	6.454456	5.291732	11.746188	20.942290
1323.4	1.981820	9.760921	11.742741	21.007215
1323.5	3.247507	8.488720	11.736227	21.171370
1323.6	8.680765	3.054766	11.735531	21.413965
1323.7	10.961028	0.780712	11.741740	21.690765
1323.8	6.878391	4.868210	11.746600	21.946189
1323.9	1.733233	10.010333	11.743566	22.129581
1324	2.329659	9.406918	11.736578	22.210440
1324.1	7.943573	3.791228	11.734802	22.187627
1324.2	11.322521	0.417931	11.740452	22.089517
1324.3	8.287195	3.458798	11.745993	21.965011
1324.4	3.079544	8.664758	11.744301	21.868339
1324.5	2.495181	9.242823	11.738003	21.842592
1324.6	6.884249	4.851384	11.735633	21.907245
1324.7	10.028768	1.711328	11.740096	22.053522
1324.8	7.727146	4.017905	11.745052	22.248798
1324.9	3.326351	8.417409	11.743759	22.448205
1325	2.924319	8.813825	11.738143	22.609342
1325.1	7.044023	4.691889	11.735911	22.705130
1325.2	10.081947	1.658051	11.739998	22.730716
1325.3	8.009796	3.734988	11.744784	22.702531
1325.4	3.700562	8.043367	11.743930	22.650366
1325.5	2.820498	8.918379	11.738878	22.605656
1325.6	6.175207	5.561353	11.736560	22.590275
1325.7	8.932879	2.806957	11.739836	22.609747
1325.8	7.444184	4.299688	11.743871	22.652975
1325.9	4.086433	7.656669	11.743102	22.698209
1326	3.659287	8.079573	11.738860	22.722722
1326.1	6.641594	5.095634	11.737228	22.712465
1326.2	8.698030	3.042408	11.740438	22.668118
1326.3	6.884686	4.859204	11.743890	22.605381
1326.4	3.744262	7.998468	11.742730	22.549506
1326.5	3.663175	8.075437	11.738612	22.526125
1326.6	6.740908	4.996354	11.737263	22.551739
1326.7	8.743414	2.997030	11.740444	22.627230
1326.8	7.056664	4.686965	11.743629	22.736665
1326.9	4.219622	7.522844	11.742466	22.851700
1327	4.193205	7.545621	11.738826	22.940012
1327.1	6.782314	4.955651	11.737965	22.974812
1327.2	8.094017	3.646969	11.740986	22.942306
1327.3	6.246586	5.496760	11.743346	22.844781
1327.4	4.096445	7.645030	11.741475	22.698622
1327.5	5.059484	6.678526	11.738010	22.528310
1327.6	8.024078	3.714017	11.738095	22.358708
1327.7	8.753737	2.988173	11.741910	22.208337
1327.8	5.954309	5.789851	11.744161	22.085744
1327.9	3.366230	8.375259	11.741489	21.989783
1328	4.667978	7.069446	11.737423	21.913160
1328.1	8.206580	3.531075	11.737655	21.847466
1328.2	9.108345	2.633660	11.742005	21.787571
1328.3	6.072838	5.671598	11.744436	21.733661
1328.4	3.356182	8.385233	11.741415	21.690311
1328.5	4.911504	6.825561	11.737065	21.663172
1328.6	8.691152	3.046493	11.737644	21.654844
1328.7	9.243037	2.499669	11.742706	21.661762
1328.8	5.333248	6.412081	11.745329	21.673548
1328.9	2.040988	9.700546	11.741534	21.675277
1329	4.047077	7.689011	11.736088	21.652002
1329.1	9.055604	2.680761	11.736365	21.593988
1329.2	10.534745	1.207543	11.742287	21.500798
1329.3	6.418469	5.327645	11.746113	21.382725
1329.4	2.038352	9.704383	11.742735	21.258948
1329.5	3.091551	8.645113	11.736664	21.152860
1329.6	7.985343	3.750721	11.736065	21.085923
1329.7	9.968413	1.773298	11.741711	21.071868
1329.8	6.295278	5.450577	11.745854	21.112893
1329.9	2.017808	9.724915	11.742724	21.198904
1330	3.144497	8.591972	11.736469	21.309895
1330.1	8.366627	3.369027	11.735654	21.420737
1330.2	10.661330	1.080270	11.741601	21.507033
1330.3	6.765086	4.981330	11.746416	21.550550
1330.4	1.727657	10.015895	11.743551	21.542983
1330.5	2.255652	9.481059	11.736711	21.487347
1330.6	7.706351	4.028635	11.734985	21.396898
1330.7	10.885644	0.855022	11.740665	21.292033
1330.8	7.652485	4.093656	11.746142	21.195962
1330.9	2.439058	9.305059	11.744118	21.130093
1331	2.263878	9.473516	11.737394	21.110020
1331.1	7.306827	4.428225	11.735052	21.142839
1331.2	10.724672	1.015542	11.740214	21.226228
1331.3	7.907687	3.838192	11.745879	21.349470
1331.4	2.680120	9.064275	11.744395	21.496185
1331.5	2.130970	9.606768	11.737738	21.648212
1331.6	7.090727	4.644080	11.734807	21.789772
1331.7	11.046814	0.692667	11.739482	21.910889
1331.8	8.854022	2.891503	11.745524	22.009149
1331.9	3.496322	8.248710	11.745032	22.089227
1332	1.963457	9.775443	11.738901	22.160260
1332.1	5.978878	5.756472	11.735350	22.231768
1332.2	9.995115	1.743708	11.738823	22.309420
1332.3	8.833527	2.910785	11.744312	22.392113
1332.4	4.456474	7.287983	11.744457	22.471515
1332.5	2.929143	8.810301	11.739444	22.534511
1332.6	6.080797	5.655566	11.736363	22.567967
1332.7	9.274407	2.464923	11.739331	22.564331
1332.8	8.009422	3.734628	11.744050	22.526068
1332.9	4.065331	7.678643	11.743974	22.467143
1333	2.876858	8.862436	11.739294	22.410553
1333.1	6.023380	5.713074	11.736454	22.382255
1333.2	9.203348	2.535852	11.739200	22.403134
1333.3	8.241259	3.502361	11.743620	22.481534
1333.4	4.671126	7.072643	11.743769	22.608984
1333.5	3.348177	8.391624	11.739801	22.760875
1333.6	5.702476	6.034943	11.737419	22.902363
1333.7	8.044266	3.695494	11.739760	22.998000
1333.8	7.003049	4.740141	11.743190	23.022263
1333.9	4.255980	7.486701	11.742681	22.967635
1334	3.968941	7.770028	11.738969	22.847550
1334.1	6.754638	4.982778	11.737416	22.693025
1334.2	8.760521	2.979815	11.740336	22.543875
1334.3	7.129555	4.614141	11.743696	22.437148
1334.4	4.062741	7.680076	11.742816	22.396429
1334.5	3.740935	7.998029	11.738965	22.425375
1334.6	6.476562	5.260971	11.737533	22.507488
1334.7	8.356288	3.384120	11.740408	22.612067
1334.8	6.839388	4.903963	11.743351	22.704214
1334.9	4.337560	7.404535	11.742095	22.755494
1335	4.675853	7.062641	11.738494	22.751678
1335.1	7.487320	4.250580	11.737900	22.695145
1335.2	8.625096	3.116319	11.741414	22.601447
1335.3	6.155845	5.588233	11.744078	22.491638
1335.4	3.401492	8.340331	11.741823	22.383450
1335.5	4.444968	7.292519	11.737487	22.284704
1335.6	8.217815	3.519344	11.737160	22.191447
1335.7	9.639407	2.102216	11.741622	22.091416
1335.8	6.586901	5.158004	11.744905	21.971356
1335.9	3.077060	8.665306	11.742366	21.825196
1336	3.941364	7.795945	11.737308	21.659642
1336.1	8.090823	3.645890	11.736713	21.494695
1336.2	9.785280	1.956324	11.741604	21.358484
1336.3	6.484559	5.260792	11.745350	21.277996
1336.4	2.565119	9.177491	11.742611	21.268982
1336.5	3.520798	8.216067	11.736865	21.328822
1336.6	8.329906	3.406066	11.735972	21.435253
1336.7	10.535882	1.205572	11.741455	21.551837
1336.8	6.908207	4.837911	11.746118	21.638663
1336.9	2.024887	9.718704	11.743591	21.664776
1337	2.335001	9.402047	11.737047	21.618110
1337.1	7.494918	4.240235	11.735153	21.509389
1337.2	10.703692	1.036760	11.740452	21.368536
1337.3	7.757239	3.988621	11.745861	21.234693
1337.4	2.684066	9.060090	11.744155	21.143219
1337.5	2.303494	9.434231	11.737725	21.114158
1337.6	7.001710	4.733646	11.735356	21.146162
1337.7	10.218854	1.521450	11.740304	21.217971
1337.8	7.398424	4.347389	11.745814	21.296881
1337.9	2.281670	9.462570	11.744241	21.351135
1338	1.933841	9.803652	11.737493	21.361759
1338.1	7.140258	4.594340	11.734599	21.329555
1338.2	11.174106	0.565467	11.739573	21.274688
1338.3	8.710436	3.035501	11.745936	21.228956
1338.4	2.954250	8.791070	11.745320	21.223514
1338.5	1.399227	10.339401	11.738628	21.276516
1338.6	5.899476	5.835285	11.734761	21.385236
1338.7	10.337738	1.400954	11.738693	21.525720
1338.8	8.908743	2.836193	11.744937	21.660342
1338.9	3.812948	7.932131	11.745079	21.750821
1339	2.105599	9.633480	11.739079	21.772225
1339.1	6.120144	5.615008	11.735152	21.723020
1339.2	10.409826	1.328772	11.738598	21.627477
1339.3	9.184167	2.560569	11.744736	21.529330
1339.4	4.082320	7.663030	11.745350	21.478541
1339.5	1.875960	9.863754	11.739714	21.515440
1339.6	5.386420	6.348966	11.735387	21.657429
1339.7	9.879681	1.858272	11.737953	21.892651
1339.8	9.559312	2.184422	11.743734	22.182702
1339.9	5.190140	6.554905	11.745045	22.473526
1340	2.712412	9.028121	11.740533	22.710948
1340.1	5.110398	6.626201	11.736599	22.855879
1340.2	8.685851	3.052571	11.738422	22.894469
1340.3	8.469066	3.274034	11.743100	22.840250
1340.4	5.008556	6.735484	11.744040	22.728028
1340.5	3.297564	8.442558	11.740122	22.601939
1340.6	5.683314	6.053669	11.736983	22.501812
1340.7	8.719424	3.019560	11.738984	22.452298
1340.8	8.125901	3.617338	11.743238	22.457972
1340.9	4.738836	7.004987	11.743823	22.505407
1341	3.214262	8.525782	11.740045	22.570835
1341.1	5.504742	6.232487	11.737229	22.630203
1341.2	8.280350	3.458817	11.739167	22.667901
1341.3	7.730620	4.012314	11.742934	22.681214
1341.4	4.850586	6.892612	11.743198	22.679316
1341.5	3.839760	7.899996	11.739756	22.677664
1341.6	6.055997	5.681676	11.737672	22.690283
1341.7	8.149187	3.590782	11.739969	22.723058
1341.8	6.952120	4.791188	11.743308	22.770560
1341.9	4.097261	7.645520	11.742782	22.817539
1342	3.746398	7.992573	11.738971	22.844390
1342.1	6.629542	5.107676	11.737218	22.834457
1342.2	8.885471	2.854605	11.740076	22.780430
1342.3	7.440913	4.302697	11.743610	22.687483
1342.4	4.363207	7.379688	11.742895	22.572053
1342.5	3.970411	7.768587	11.738998	22.456743
1342.6	6.708529	5.029000	11.737528	22.363180
1342.7	8.493866	3.246782	11.740648	22.305322
1342.8	6.581701	5.162150	11.743851	22.285438
1342.9	3.677249	8.065025	11.742273	22.293960
1343	4.255664	7.482144	11.737808	22.313053
1343.1	8.048988	3.687806	11.736794	22.322465
1343.2	9.986556	1.754568	11.741124	22.305591
1343.3	7.093487	4.651693	11.745181	22.253778
1343.4	2.917050	8.826232	11.743282	22.167656
1343.5	3.031321	8.706359	11.737680	22.055431
1343.6	7.429578	4.306278	11.735857	21.929137
1343.7	10.279084	1.461321	11.740405	21.800403
1343.8	7.711353	4.033911	11.745265	21.677331
1343.9	3.177152	8.566638	11.743790	21.563455
1344	2.886377	8.851512	11.737889	21.458849
1344.1	7.315656	4.419978	11.735635	21.362653
1344.2	10.383945	1.356355	11.740300	21.275742
1344.3	7.661760	4.083927	11.745687	21.202325
1344.4	2.567561	9.176802	11.744363	21.149726
1344.5	1.960523	9.777318	11.737841	21.126344
1344.6	6.866364	4.868423	11.734787	21.138517
1344.7	10.888999	0.850418	11.739417	21.187416
1344.8	8.660912	3.084772	11.745684	21.267107
1344.9	3.067933	8.677339	11.745272	21.364546
1345	1.459777	10.278973	11.738749	21.461638
1345.1	5.844076	5.890769	11.734845	21.538851
1345.2	10.235170	1.503553	11.738723	21.579473
1345.3	8.740526	3.004530	11.745056	21.573417
1345.4	3.485357	8.259890	11.745247	21.519689
1345.5	1.685635	10.053424	11.739059	21.426955
1345.6	5.842854	5.892065	11.734919	21.312144
1345.7	10.332909	1.405593	11.738502	21.197393
1345.8	9.010359	2.734664	11.745023	21.105931
1345.9	3.551100	8.194575	11.745675	21.057662
1346	1.257901	10.481594	11.739495	21.065241
1346.1	5.278203	6.456474	11.734676	21.131366
1346.2	10.391780	1.345804	11.737583	21.247890
1346.3	9.982449	1.761844	11.744294	21.397086
1346.4	4.783639	6.962316	11.745955	21.555016
1346.5	1.733426	10.007177	11.740602	21.696527
1346.6	4.658102	7.077466	11.735568	21.800886
1346.7	9.355596	2.381876	11.737472	21.856766
1346.8	9.486252	2.257203	11.743456	21.865253
1346.9	5.099676	6.645642	11.745318	21.839871
1347	2.341236	9.399422	11.740658	21.803324
1347.1	5.008549	6.727359	11.735908	21.781614
1347.2	9.509865	2.227590	11.737455	21.796982
1347.3	9.861919	1.881188	11.743107	21.861691
1347.4	5.714176	6.031136	11.745312	21.974526
1347.5	2.586057	9.155341	11.741398	22.121228
1347.6	4.324135	7.412733	11.736868	22.278856
1347.7	8.178938	3.558706	11.737645	22.422840
1347.8	8.915751	2.826438	11.742189	22.534500
1347.9	5.949113	5.794953	11.744065	22.606555
1348	3.738559	8.002403	11.740963	22.644733
1348.1	5.312566	6.425022	11.737588	22.664817
1348.2	8.151285	3.587490	11.738775	22.686074
1348.3	7.990027	3.752701	11.742727	22.723310
1348.4	4.936629	6.807109	11.743738	22.780398
1348.5	3.274489	8.465831	11.740319	22.847755
1348.6	5.372829	6.364418	11.737247	22.904922
1348.7	8.355932	3.382853	11.738785	22.927653
1348.8	8.158680	3.584052	11.742732	22.897196
1348.9	5.180544	6.563058	11.743602	22.808560
1349	3.608191	8.132153	11.740343	22.674669
1349.1	5.473580	6.264116	11.737696	22.524595
1349.2	7.885175	3.854209	11.739385	22.396035
1349.3	7.281076	4.461770	11.742846	22.324213
1349.4	4.577312	7.165646	11.742958	22.330731
1349.5	3.844492	7.894952	11.739444	22.416111
1349.6	6.384523	5.352837	11.737360	22.558629
1349.7	8.699285	3.040599	11.739884	22.720039
1349.8	7.389763	4.353854	11.743617	22.856488
1349.9	4.116147	7.627084	11.743231	22.931154
1350	3.460336	8.278728	11.739063	22.924549
1350.1	6.493155	5.243719	11.736874	22.839215
1350.2	9.100895	2.638935	11.739830	22.697406
1350.3	7.643532	4.100363	11.743895	22.532768
1350.4	4.147676	7.595639	11.743315	22.378999
1350.5	3.613648	8.125114	11.738762	22.259429
1350.6	6.965802	4.770845	11.736647	22.181002
1350.7	9.521251	2.218957	11.740207	22.134502
1350.8	7.421627	4.323069	11.744697	22.100528
1350.9	3.260277	8.483411	11.743688	22.058700
1351	2.850896	8.887222	11.738118	21.996454
1351.1	7.210093	4.525347	11.735440	21.914034
1351.2	10.776631	0.962949	11.739580	21.823829
1351.3	8.697239	3.048057	11.745296	21.744408
1351.4	3.508088	8.236880	11.744967	21.691697
1351.5	1.969799	9.769121	11.738920	21.670883
1351.6	6.044274	5.690935	11.735209	21.672457
1351.7	10.172475	1.566362	11.738837	21.674262
1351.8	8.716731	3.028170	11.744901	21.649133
1351.9	3.628830	8.116283	11.745114	21.575506
1352	1.891002	9.848058	11.739059	21.447076
1352.1	6.038722	5.696189	11.734910	21.277727
1352.2	10.574050	1.164386	11.738436	21.099486
1352.3	9.269949	2.475141	11.745090	20.953725
1352.4	3.620618	8.125360	11.745978	20.878309
1352.5	0.989044	10.750766	11.739810	20.894972
1352.6	4.819905	6.914808	11.734712	21.001326
1352.7	10.033433	1.703955	11.737388	21.170437
1352.8	9.808842	1.935323	11.744165	21.358380
1352.9	4.652289	7.093692	11.745981	21.517415
1353	1.588409	10.152151	11.740561	21.610476
1353.1	4.643736	7.091635	11.735371	21.622136
1353.2	9.491430	2.246014	11.737444	21.562396
1353.3	9.423166	2.320722	11.743887	21.462104
1353.4	4.487965	7.257905	11.745870	21.361676
1353.5	1.424957	10.315657	11.740614	21.297084
1353.6	4.528122	7.207027	11.735149	21.287986
1353.7	9.816869	1.919955	11.736823	21.332083
1353.8	10.351376	1.392060	11.743436	21.407531
1353.9	5.486299	6.259947	11.746245	21.482406
1354	1.652006	10.089664	11.741670	21.527711
1354.1	3.753054	7.982857	11.735911	21.529180
1354.2	8.798074	2.938419	11.736493	21.493578
1354.3	10.133521	1.608790	11.742311	21.447162
1354.4	6.327180	5.418269	11.745449	21.426764
1354.5	2.766661	8.975294	11.741956	21.466568
1354.6	4.161035	7.575852	11.736887	21.585236
1354.7	8.320942	3.416183	11.737125	21.777915
1354.8	9.458198	2.283877	11.742076	22.016045
1354.9	6.154222	5.590595	11.744817	22.255180
1355	3.081675	8.660035	11.741710	22.448311
1355.1	4.429042	7.308134	11.737176	22.560322
1355.2	8.256527	3.480857	11.737384	22.578831
1355.3	9.369681	2.372163	11.741844	22.517888
1355.4	6.450340	5.294049	11.744389	22.413442
1355.5	3.599836	8.141961	11.741797	22.312141
1355.6	4.479771	7.258208	11.737980	22.257193
1355.7	7.402801	4.335426	11.738227	22.275822
1355.8	8.039632	3.702216	11.741848	22.372142
1355.9	5.627100	6.116343	11.743443	22.527378
1356	3.877385	7.863334	11.740719	22.706894
1356.1	5.496349	6.241333	11.737682	22.871351
1356.2	8.237325	3.501499	11.738825	22.988202
1356.3	8.097879	3.644781	11.742660	23.039929
1356.4	5.069654	6.674141	11.743795	23.026796
1356.5	3.240986	8.499591	11.740577	22.963886
1356.6	5.074273	6.663196	11.737469	22.874104
1356.7	7.948593	3.790174	11.738767	22.779973
1356.8	7.872929	3.869603	11.742532	22.697134
1356.9	5.124917	6.618438	11.743355	22.631525
1357	3.810024	7.930050	11.740074	22.580662
1357.1	5.933768	5.803711	11.737479	22.537912
1357.2	8.427494	3.311995	11.739489	22.497646
1357.3	7.482465	4.260941	11.743406	22.459047
1357.4	4.143325	7.600226	11.743551	22.427053
1357.5	3.105396	8.633971	11.739367	22.410202
1357.6	6.139598	5.596923	11.736521	22.416356
1357.7	9.345267	2.393859	11.739127	22.448157
1357.8	8.355880	3.387927	11.743807	22.500090
1357.9	4.466419	7.277704	11.744123	22.558431
1358	3.039495	8.700027	11.739523	22.604217
1358.1	6.118992	5.617356	11.736347	22.618300
1358.2	9.439218	2.299935	11.739153	22.586762
1358.3	8.222594	3.521607	11.744202	22.504906
1358.4	3.949604	7.794773	11.744377	22.378541
1358.5	2.592288	9.146797	11.739085	22.222252
1358.6	6.401077	5.334367	11.735444	22.055339
1358.7	10.477408	1.261303	11.738711	21.896819
1358.8	9.173400	2.571438	11.744838	21.761049
1358.9	3.885728	7.859869	11.745597	21.655213
1359	1.514483	10.225220	11.739703	21.579141
1359.1	5.316219	6.418621	11.734840	21.527163
1359.2	10.386126	1.351394	11.737520	21.491071
1359.3	10.051229	1.693039	11.744268	21.463074
1359.4	4.764483	6.981662	11.746144	21.437799
1359.5	1.530681	10.210024	11.740705	21.412912
1359.6	4.534384	7.200924	11.735308	21.388461
1359.7	9.544269	2.192949	11.737218	21.365498
1359.8	9.660509	2.083287	11.743796	21.344664
1359.9	4.674177	7.071877	11.746054	21.325336
1360	1.381419	10.359410	11.740829	21.305604
1360.1	4.386030	7.349083	11.735112	21.282998
1360.2	9.803114	1.933547	11.736661	21.255637
1360.3	10.403560	1.339955	11.743515	21.223366
1360.4	5.305670	6.440918	11.746587	21.188504
1360.5	1.174210	10.567629	11.741840	21.155984
1360.6	3.328266	8.407377	11.735644	21.132842
1360.7	8.720632	3.015541	11.736173	21.127105
1360.8	10.153963	1.588526	11.742489	21.146239
1360.9	5.942887	5.803091	11.745978	21.195345
1361	2.011100	9.730933	11.742032	21.275370
1361.1	3.751538	7.984616	11.736154	21.381717
1361.2	8.758492	2.977875	11.736367	21.503692
1361.3	10.186749	1.555618	11.742366	21.625256
1361.4	6.049768	5.696267	11.746035	21.727330
1361.5	1.864846	9.877604	11.742450	21.791550
1361.6	3.201354	8.535067	11.736421	21.804866
1361.7	8.284721	3.451175	11.735895	21.763873
1361.8	10.513780	1.227572	11.741353	21.677555
1361.9	7.271814	4.473622	11.745436	21.567241
1362	3.141887	8.601092	11.742979	21.463201
1362.1	3.499391	8.238303	11.737694	21.398253
1362.2	7.415655	4.321107	11.736762	21.399770
1362.3	9.331077	2.410005	11.741082	21.482200
1362.4	6.800261	4.944176	11.744437	21.642375
1362.5	3.599299	8.142982	11.742281	21.859285
1362.6	4.242876	7.494948	11.737824	22.098782
1362.7	7.762619	3.974680	11.737299	22.322164
1362.8	9.252132	2.489176	11.741307	22.496314
1362.9	6.737903	5.006323	11.744226	22.602370
1363	3.756586	7.985572	11.742158	22.640266
1363.1	4.283486	7.454707	11.738193	22.627634
1363.2	7.290725	4.447120	11.737846	22.593354
1363.3	8.439861	3.301480	11.741342	22.567799
1363.4	6.266765	5.476787	11.743552	22.572919
1363.5	4.073300	7.668108	11.741409	22.615477
1363.6	5.028089	6.710094	11.738182	22.685651
1363.7	7.601115	4.137538	11.738653	22.761491
1363.8	7.841432	3.900753	11.742184	22.817614
1363.9	5.178218	6.565383	11.743601	22.835075
1364	3.382264	8.358377	11.740641	22.808868
1364.1	5.215966	6.521376	11.737342	22.750293
1364.2	8.352565	3.385867	11.738433	22.683218
1364.3	8.477520	3.265053	11.742573	22.635463
1364.4	5.338281	6.405791	11.744071	22.628300
1364.5	3.200710	8.540127	11.740838	22.667859
1364.6	4.933737	6.803658	11.737396	22.741658
1364.7	7.976764	3.761818	11.738582	22.821726
1364.8	7.944158	3.798521	11.742679	22.873496
1364.9	4.890496	6.853243	11.743739	22.867535
1365	3.348381	8.391650	11.740031	22.790096
1365.1	5.889226	5.847499	11.736725	22.648780
1365.2	9.218541	2.520218	11.738759	22.471187
1365.3	8.549622	3.194065	11.743687	22.296843
1365.4	4.414829	7.329882	11.744711	22.165016
1365.5	2.312312	9.427777	11.740089	22.102466
1365.6	5.287438	6.448454	11.735892	22.115238
1365.7	9.542528	2.195383	11.737911	22.187191
1365.8	9.382338	2.361242	11.743579	22.285676
1365.9	5.005460	6.739745	11.745205	22.372283
1366	2.415948	9.324501	11.740449	22.414889
1366.1	5.286061	6.449691	11.735752	22.396893
1366.2	9.773529	1.964176	11.737704	22.320612
1366.3	9.584033	2.159870	11.743903	22.203971
1366.4	4.633667	7.112261	11.745928	22.072068
1366.5	1.464618	10.276114	11.740732	21.946994
1366.6	4.541992	7.193050	11.735043	21.839818
1366.7	10.062016	1.674505	11.736521	21.747748
1366.8	10.805360	0.938041	11.743401	21.657412
1366.9	5.733977	6.012684	11.746660	21.552833
1367	1.456370	10.285651	11.742022	21.424808
1367.1	3.475383	8.260317	11.735700	21.277814
1367.2	8.892202	2.843894	11.736097	21.131396
1367.3	10.357585	1.384964	11.742549	21.015107
1367.4	5.954609	5.791674	11.746283	20.958513
1367.5	1.714430	10.027838	11.742268	20.979785
1367.6	3.411520	8.324461	11.735981	21.077153
1367.7	8.744474	2.991494	11.735967	21.226664
1367.8	10.455245	1.287038	11.742283	21.387563
1367.9	6.146938	5.599486	11.746424	21.513928
1368	1.536571	10.206226	11.742797	21.568859
1368.1	2.778827	8.957408	11.736235	21.536491
1368.2	8.229468	3.505994	11.735462	21.427653
1368.3	10.696615	1.044797	11.741412	21.277055
1368.4	7.055393	4.690709	11.746101	21.132743
1368.5	2.284233	9.459187	11.743421	21.041193
1368.6	2.651327	9.085870	11.737198	21.032910
1368.7	7.381027	4.354788	11.735815	21.113283
1368.8	9.951764	1.789131	11.740895	21.261644
1368.9	7.021143	4.724199	11.745342	21.438735
1369	2.811359	8.931771	11.743130	21.599934
1369.1	3.197078	8.540309	11.737387	21.709734
1369.2	7.717482	4.018472	11.735954	21.752592
1369.3	10.307954	1.432778	11.740732	21.736645
1369.4	7.545068	4.200201	11.745269	21.689287
1369.5	3.147912	8.595700	11.743612	21.646413
1369.6	2.835681	8.902509	11.738190	21.639266
1369.7	6.740582	4.995653	11.736235	21.683532
1369.8	9.563072	2.176911	11.739983	21.774438
1369.9	7.877236	3.866800	11.744036	21.889385
1370	4.469313	7.273735	11.743048	21.997012
1370.1	4.097277	7.641595	11.738872	22.069328
1370.2	6.912298	4.825249	11.737547	22.092551
1370.3	8.606992	3.133758	11.740750	22.072816
1370.4	6.702657	5.041053	11.743710	22.034765
1370.5	3.978027	7.764133	11.742161	22.013506
1370.6	4.379723	7.358613	11.738336	22.042736
1370.7	7.390519	4.347149	11.737668	22.143069
1370.8	8.811276	2.929793	11.741069	22.314466
1370.9	6.719542	5.024182	11.743724	22.535248
1371	4.114945	7.627034	11.741979	22.767908
1371.1	4.578247	7.160227	11.738474	22.969734
1371.2	7.193103	4.545184	11.738287	23.104750
1371.3	7.955489	3.786149	11.741639	23.153259
1371.4	5.616706	6.126867	11.743573	23.116188
1371.5	3.566023	8.175074	11.741097	23.013281
1371.6	4.979110	6.758502	11.737612	22.876188
1371.7	8.109937	3.628255	11.738192	22.738977
1371.8	8.556151	3.186136	11.742288	22.629180
1371.9	5.483333	6.260922	11.744255	22.561980
1372	3.008489	8.732726	11.741215	22.538824
1372.1	4.573859	7.163402	11.737261	22.550197
1372.2	8.069030	3.668868	11.737898	22.580951
1372.3	8.650981	3.091322	11.742303	22.616016
1372.4	5.507321	6.236990	11.744311	22.644530
1372.5	3.100704	8.640299	11.741003	22.661308
1372.6	4.958289	6.778675	11.736963	22.665732
1372.7	8.580690	3.157325	11.738015	22.659098
1372.8	8.761113	2.981831	11.742944	22.641917
1372.9	4.945571	6.799301	11.744873	22.612444
1373	2.342063	9.398693	11.740757	22.567074
1373.1	4.877290	6.858659	11.735949	22.502309
1373.2	9.532054	2.205097	11.737151	22.417361
1373.3	10.104640	1.638464	11.743104	22.316134
1373.4	5.620952	6.124979	11.745931	22.207614
1373.5	1.920577	9.821124	11.741701	22.104305
1373.6	3.944906	7.791060	11.735966	22.019133
1373.7	9.002433	2.734015	11.736448	21.961794
1373.8	10.273208	1.469347	11.742556	21.935781
1373.9	6.023842	5.722172	11.746014	21.937038
1374	2.063243	9.678777	11.742021	21.954696
1374.1	3.930194	7.805700	11.735894	21.973613
1374.2	9.272393	2.463640	11.736033	21.977962
1374.3	10.839837	0.902668	11.742505	21.954817
1374.4	6.246973	5.499771	11.746744	21.896846
1374.5	1.364799	10.378167	11.742967	21.803523
1374.6	2.620034	9.115991	11.736025	21.680814
1374.7	8.420496	3.314542	11.735039	21.539612
1374.8	11.216571	0.524684	11.741255	21.393499
1374.9	7.485721	4.260700	11.746420	21.256366
1375	2.301967	9.441860	11.743827	21.140332
1375.1	2.445571	9.291619	11.737189	21.054213
1375.2	7.382016	4.353472	11.735487	21.002630
1375.3	10.188115	1.552737	11.740852	20.985792
1375.4	7.017754	4.728081	11.745835	20.999936
1375.5	2.255715	9.487889	11.743604	21.038370
1375.6	2.480675	9.256500	11.737175	21.092984
1375.7	7.516551	4.218703	11.735254	21.155957
1375.8	10.674950	1.065497	11.740447	21.221237
1375.9	7.768896	3.976915	11.745811	21.285371
1376	2.683769	9.060492	11.744261	21.347360
1376.1	2.089084	9.648933	11.738017	21.407521
1376.2	6.554849	5.180586	11.735435	21.465739
1376.3	10.000448	1.739289	11.739737	21.519812
1376.4	7.984962	3.759942	11.744904	21.564714
1376.5	3.521762	8.222263	11.744025	21.593365
1376.6	2.745478	8.993071	11.738549	21.599000
1376.7	6.578977	5.157047	11.736024	21.578524
1376.8	9.701233	2.038513	11.739746	21.535666
1376.9	7.935888	3.808598	11.744486	21.482554
1377	3.830585	7.913245	11.743830	21.438594
1377.1	2.994192	8.744650	11.738842	21.426391
1377.2	6.464432	5.271909	11.736341	21.465478
1377.3	9.517266	2.222249	11.739515	21.565636
1377.4	8.236550	3.507293	11.743843	21.722032
1377.5	4.656754	7.086810	11.743564	21.914177
1377.6	3.644808	8.094664	11.739472	22.109656
1377.7	6.189109	5.548299	11.737408	22.272083
1377.8	8.396288	3.343686	11.739974	22.371249
1377.9	7.224176	4.518996	11.743172	22.392431
1378	4.669362	7.073000	11.742362	22.341811
1378.1	4.648993	7.089865	11.738858	22.245962
1378.2	7.256755	4.481131	11.737887	22.145139
1378.3	8.636808	3.104184	11.740992	22.082088
1378.4	6.582045	5.161743	11.743788	22.089687
1378.5	3.800306	7.941910	11.742216	22.181226
1378.6	4.142801	7.595587	11.738388	22.346444
1378.7	7.130548	4.607109	11.737657	22.554665
1378.8	8.582506	3.158526	11.741032	22.764097
1378.9	6.515215	5.228494	11.743708	22.934314
1379	3.956857	7.785017	11.741874	23.037915
1379.1	4.619737	7.118450	11.738187	23.067600
1379.2	7.525594	4.212469	11.738063	23.036463
1379.3	8.300326	3.441562	11.741887	22.971631
1379.4	5.468434	6.275803	11.744237	22.903612
1379.5	2.828860	8.912608	11.741468	22.855188
1379.6	4.293415	7.443693	11.737109	22.833792
1379.7	8.238883	3.498338	11.737221	22.829992
1379.8	9.435974	2.305949	11.741923	22.822531
1379.9	6.191015	5.553908	11.744923	22.787954
1380	2.847440	8.894633	11.742073	22.711200
1380.1	3.943827	7.793406	11.737232	22.593152
1380.2	7.920196	3.816916	11.737112	22.452214
1380.3	9.171591	2.570368	11.741959	22.319140
1380.4	5.833842	5.911169	11.745012	22.226816
1380.5	2.558156	9.183628	11.741784	22.198546
1380.6	4.189578	7.546924	11.736501	22.239074
1380.7	8.879310	2.857245	11.736555	22.331639
1380.8	10.289762	1.452503	11.742265	22.442297
1380.9	6.220639	5.525421	11.746060	22.530191
1381	1.914192	9.828417	11.742609	22.560327
1381.1	3.213793	8.522483	11.736276	22.514506
1381.2	8.601458	3.134065	11.735522	22.396690
1381.3	11.003549	0.737958	11.741506	22.231015
1381.4	7.202462	4.543857	11.746320	22.053247
1381.5	2.242975	9.500533	11.743507	21.898737
1381.6	2.748411	8.988401	11.736812	21.791120
1381.7	8.014109	3.721135	11.735245	21.735651
1381.8	10.901686	0.839274	11.740960	21.719329
1381.9	7.436813	4.309467	11.746280	21.717500
1382	2.218726	9.525257	11.743982	21.704260
1382.1	2.293336	9.443724	11.737059	21.662688
1382.2	7.670273	4.064493	11.734767	21.591054
1382.3	11.240447	0.499775	11.740222	21.502731
1382.4	8.241051	3.505168	11.746219	21.419954
1382.5	2.586611	9.158252	11.744863	21.363906
1382.6	1.616652	10.121423	11.738075	21.345053
1382.7	6.363024	5.371867	11.734891	21.357597
1382.8	10.354620	1.384717	11.739337	21.380432
1382.9	8.395243	3.349968	11.745211	21.384551
1383	3.405484	8.339146	11.744630	21.344362
1383.1	2.240774	9.497841	11.738615	21.248812
1383.2	6.352294	5.383196	11.735490	21.108061
1383.3	9.955979	1.783508	11.739486	20.952918
1383.4	8.019292	3.725797	11.745089	20.826724
1383.5	3.106881	8.637759	11.744640	20.772099
1383.6	1.862457	9.876249	11.738706	20.816874
1383.7	6.029223	5.705994	11.735217	20.963974
1383.8	10.168382	1.570349	11.738731	21.188834
1383.9	8.997839	2.746616	11.744456	21.445451
1384	4.323591	7.421291	11.744882	21.679300
1384.1	2.360269	9.379541	11.739810	21.843032
1384.2	5.359198	6.377059	11.736257	21.909954
1384.3	8.908454	2.830323	11.738776	21.881003
1384.4	8.228394	3.515135	11.743528	21.783143
1384.5	4.599936	7.143961	11.743897	21.659909
1384.6	3.282357	8.457217	11.739574	21.557394
1384.7	6.138929	5.597760	11.736688	21.510333
1384.8	9.211995	2.527184	11.739179	21.532742
1384.9	8.339097	3.404411	11.743508	21.615875
1385	4.830415	6.913359	11.743774	21.733715
1385.1	3.463722	8.276124	11.739846	21.853684
1385.2	5.857141	5.880123	11.737263	21.948639
1385.3	8.476922	3.262468	11.739390	22.005987
1385.4	7.787357	3.955569	11.742926	22.030959
1385.5	5.105547	6.637299	11.742845	22.043248
1385.6	4.441133	7.298382	11.739515	22.068546
1385.7	6.645851	5.092104	11.737955	22.128221
1385.8	8.283575	3.456916	11.740491	22.230857
1385.9	6.734716	5.008678	11.743394	22.368614
1386	4.112825	7.629458	11.742283	22.519517
1386.1	4.294959	7.443589	11.738548	22.654747
1386.2	7.262363	4.475157	11.737521	22.748266
1386.3	8.910871	2.829998	11.740870	22.785459
1386.4	6.788179	4.955854	11.744033	22.767888
1386.5	3.688613	8.053915	11.742529	22.712730
1386.6	3.867998	7.870363	11.738361	22.647247
1386.7	7.046919	4.690451	11.737370	22.600279
1386.8	8.690797	3.050230	11.741026	22.593596
1386.9	6.366675	5.377518	11.744193	22.635798
1387	3.307178	8.435065	11.742243	22.720452
1387.1	3.991039	7.746674	11.737712	22.828703
1387.2	7.737148	3.999858	11.737006	22.935150
1387.3	9.373671	2.367757	11.741428	23.014934
1387.4	6.361350	5.383699	11.745049	23.049830
1387.5	2.568537	9.174179	11.742716	23.031753
1387.6	3.201255	8.536081	11.737335	22.963111
1387.7	7.612424	4.123756	11.736179	22.854493
1387.8	9.961942	1.779000	11.740942	22.720918
1387.9	7.104079	4.641130	11.745209	22.578049
1388	2.983922	8.759186	11.743108	22.439465
1388.1	3.332134	8.405332	11.737466	22.315432
1388.2	7.739246	3.996875	11.736120	22.212959
1388.3	10.049012	1.692136	11.741148	22.136479
1388.4	6.791808	4.953942	11.745751	22.088433
1388.5	2.200067	9.543309	11.743376	22.069303
1388.6	2.700022	9.036827	11.736849	22.077079
1388.7	8.097215	3.637680	11.734895	22.106536
1388.8	11.487445	0.252969	11.740414	22.148898
1388.9	8.335245	3.411076	11.746321	22.192350
1389	2.641473	9.103361	11.744834	22.223553
1389.1	1.775099	9.962801	11.737901	22.229903
1389.2	6.727463	5.007227	11.734690	22.201974
1389.3	10.822014	0.917361	11.739375	22.135483
1389.4	8.650796	3.094779	11.745575	22.032258
1389.5	3.269950	8.475007	11.744957	21.899979
1389.6	2.011158	9.727265	11.738424	21.750814
1389.7	6.578234	5.156614	11.734848	21.599328
1389.8	10.768104	0.970987	11.739091	21.460126
1389.9	8.850837	2.894631	11.745468	21.345660
1390	3.290858	8.454565	11.745422	21.264467
1390.1	1.435789	10.303229	11.739018	21.220009
1390.2	5.684557	6.050232	11.734789	21.210173
1390.3	10.351836	1.386429	11.738265	21.227529
1390.4	9.330612	2.414065	11.744678	21.260425
1390.5	4.160145	7.585372	11.745517	21.294930
1390.6	1.752706	9.987217	11.739923	21.317503
1390.7	5.064974	6.670607	11.735582	21.317965
1390.8	9.340029	2.398173	11.738202	21.292119
1390.9	8.765730	2.978226	11.743955	21.243242
1391	4.315256	7.429674	11.744930	21.181798
1391.1	2.211061	9.528851	11.739912	21.123159
1391.2	5.351838	6.384005	11.735843	21.083717
1391.3	9.450819	2.287421	11.738240	21.076394
1391.4	8.971496	2.772287	11.743784	21.106886
1391.5	4.609348	7.135653	11.745001	21.171953
1391.6	2.212441	9.527956	11.740398	21.260460
1391.7	4.843520	6.892736	11.736256	21.357024
1391.8	8.843725	2.894234	11.737959	21.447166
1391.9	9.002175	2.740704	11.742880	21.522210
1392	5.519982	6.224329	11.744311	21.582115
1392.1	3.366005	8.374656	11.740662	21.635063
1392.2	5.293791	6.443488	11.737279	21.693692
1392.3	8.284668	3.454112	11.738779	21.769178
1392.4	8.059457	3.683321	11.742778	21.865295
1392.5	5.078158	6.665368	11.743526	21.974799
1392.6	3.699428	8.040606	11.740034	22.079878
1392.7	5.941953	5.795336	11.737289	22.157027
1392.8	8.712109	3.027001	11.739109	22.185088
1392.9	8.249558	3.493297	11.742854	22.153870
1393	5.366739	6.376571	11.743310	22.070232
1393.1	4.130518	7.609552	11.740070	21.959109
1393.2	6.028784	5.709158	11.737943	21.858486
1393.3	7.983528	3.756423	11.739951	21.809345
1393.4	6.960342	4.782660	11.743001	21.843478
1393.5	4.465414	7.277003	11.742417	21.973006
1393.6	4.390415	7.348410	11.738824	22.185164
1393.7	7.236070	4.501381	11.737451	22.444402
1393.8	9.082212	2.658420	11.740633	22.701515
1393.9	7.037585	4.706600	11.744185	22.907224
1394	3.557733	8.185326	11.743059	23.026040
1394.1	3.312963	8.425579	11.738542	23.046066
1394.2	6.710527	5.026234	11.736761	22.981605
1394.3	9.139857	2.600384	11.740241	22.867775
1394.4	7.249507	4.494726	11.744232	22.748913
1394.5	3.658838	8.084320	11.743158	22.664612
1394.6	3.415836	8.322603	11.738439	22.637939
1394.7	6.931022	4.805677	11.736699	22.669611
1394.8	9.243980	2.496583	11.740563	22.739813
1394.9	6.881754	4.863019	11.744772	22.816729
1395	2.900979	8.842311	11.743290	22.868561
1395.1	2.906374	8.831442	11.737816	22.874739
1395.2	7.258446	4.477341	11.735787	22.832388
1395.3	10.255115	1.485121	11.740236	22.755949
1395.4	7.750031	3.995327	11.745357	22.670348
1395.5	2.954718	8.789459	11.744177	22.600440
1395.6	2.306061	9.432064	11.738126	22.560786
1395.7	6.756484	4.978849	11.735333	22.549651
1395.8	10.337987	1.401673	11.739660	22.549490
1395.9	8.177022	3.568277	11.745299	22.533811
1396	3.196977	8.547541	11.744518	22.477859
1396.1	2.276336	9.461892	11.738228	22.369150
1396.2	6.880220	4.854733	11.734953	22.213844
1396.3	10.880099	0.859235	11.739334	22.036437
1396.4	8.727510	3.018156	11.745666	21.872637
1396.5	3.065698	8.679701	11.745399	21.757792
1396.6	1.395262	10.343412	11.738673	21.714897
1396.7	6.085903	5.648408	11.734311	21.746402
1396.8	11.109079	0.629028	11.738107	21.832785
1396.9	9.965995	1.779075	11.745070	21.938457
1397	4.266921	7.479150	11.746071	22.022984
1397.1	1.512024	10.227955	11.739978	22.053776
1397.2	5.093715	6.641335	11.735049	22.015845
1397.3	9.919103	1.818680	11.737782	21.915379
1397.4	9.409240	2.335047	11.744287	21.776029
1397.5	4.344768	7.400918	11.745686	21.629482
1397.6	1.684985	10.055131	11.740116	21.503842
1397.7	5.098497	6.636643	11.735140	21.414102
1397.8	10.038451	1.699015	11.737465	21.358122
1397.9	9.906935	1.837030	11.743965	21.319446
1398	4.880329	6.865677	11.746006	21.275757
1398.1	1.551607	10.189439	11.741046	21.209626
1398.2	4.065202	7.670639	11.735840	21.117376
1398.3	8.766360	2.970822	11.737181	21.012528
1398.4	9.370687	2.372211	11.742899	20.922316
1398.5	5.402846	6.342283	11.745129	20.878308
1398.6	2.523954	9.217115	11.741069	20.904422
1398.7	4.626221	7.110308	11.736529	21.006725
1398.8	8.635199	3.102553	11.737751	21.168856
1398.9	8.936657	2.806269	11.742927	21.355085
1399	5.117801	6.627085	11.744886	21.520315
1399.1	2.425499	9.315484	11.740982	21.623900
1399.2	4.527903	7.208661	11.736564	21.642723
1399.3	8.600487	3.137044	11.737532	21.579126
1399.4	9.301556	2.440835	11.742391	21.460939
1399.5	5.972154	5.772405	11.744559	21.333460
1399.6	3.253219	8.488189	11.741407	21.245907
1399.7	4.597260	7.140287	11.737547	21.236649
1399.8	7.772579	3.965598	11.738177	21.321911
1399.9	8.319789	3.422221	11.742010	21.491438
1400	5.801468	5.941988	11.743456	21.712274
1400.1	4.116568	7.624055	11.740624	21.939210
1400.2	5.748920	5.988872	11.737792	22.128358
1400.3	8.263888	3.475228	11.739116	22.249493
1400.4	7.928564	3.814114	11.742679	22.293406
1400.5	5.142501	6.600808	11.743309	22.272356
1400.6	3.887541	7.852492	11.740034	22.214014
1400.7	6.008905	5.728602	11.737507	22.151381
1400.8	8.526978	3.212385	11.739363	22.112246
1400.9	7.862711	3.880268	11.742980	22.111637
1401	4.976487	6.766684	11.743171	22.149376
1401.1	4.037245	7.702385	11.739630	22.213028
1401.2	6.420235	5.317258	11.737493	22.284622
1401.3	8.601917	3.138111	11.740028	22.348444
1401.4	7.135197	4.608575	11.743772	22.397026
1401.5	3.766891	7.976336	11.743227	22.433356
1401.6	3.270437	8.468305	11.738742	22.468817
1401.7	6.729191	5.007216	11.736407	22.517901
1401.8	9.676050	2.063653	11.739703	22.591795
1401.9	8.025103	3.719309	11.744412	22.693227
1402	3.800676	7.943469	11.744146	22.814327
1402.1	2.590406	9.148758	11.739164	22.938150
1402.2	5.949411	5.786822	11.736233	23.043217
1402.3	9.176313	2.563093	11.739406	23.109472
1402.4	7.728143	4.016168	11.744311	23.123723
1402.5	3.580703	8.163323	11.744026	23.082939
1402.6	2.644466	9.094248	11.738714	22.994627
1402.7	6.558228	5.177433	11.735661	22.874455
1402.8	10.150991	1.588360	11.739351	22.742098
1402.9	8.347119	3.397937	11.745055	22.616660
1403	3.264950	8.480045	11.744995	22.512920
1403.1	1.650916	10.088055	11.738971	22.439173
1403.2	5.826289	5.908636	11.734925	22.396836
1403.3	10.378604	1.359739	11.738343	22.381465
1403.4	9.301123	2.443603	11.744726	22.384567
1403.5	4.096400	7.649108	11.745508	22.395586
1403.6	1.828005	9.911613	11.739618	22.403671
1403.7	5.597968	6.137066	11.735034	22.399084
1403.8	10.288493	1.449555	11.738047	22.374284
1403.9	9.437412	2.307255	11.744667	22.324787
1404	4.049826	7.696069	11.745896	22.249782
1404.1	1.386232	10.353657	11.739889	22.152394
1404.2	5.222088	6.512498	11.734585	22.039418
1404.3	10.656506	1.080631	11.737137	21.920400
1404.4	10.538888	1.205394	11.744283	21.806126
1404.5	4.977685	6.768950	11.746635	21.706800
1404.6	1.212156	10.529009	11.741164	21.630310
1404.7	4.027756	7.707406	11.735161	21.580997
1404.8	9.523155	2.213301	11.736456	21.559176
1404.9	10.451227	1.291849	11.743075	21.561410
1405	5.838132	5.907982	11.746114	21.581305
1405.1	2.028343	9.713393	11.741736	21.610474
1405.2	3.997852	7.738253	11.736104	21.639411
1405.3	8.778827	2.958006	11.736833	21.658191
1405.4	9.715697	2.027043	11.742740	21.657161
1405.5	5.547422	6.198258	11.745681	21.627896
1405.6	1.991173	9.750514	11.741687	21.564628
1405.7	3.883335	7.852889	11.736224	21.466073
1405.8	8.674831	3.061803	11.736635	21.337177
1405.9	9.989373	1.752877	11.742249	21.190057
1406	6.210722	5.534787	11.745508	21.043362
1406.1	2.457374	9.284891	11.742264	20.919613
1406.2	3.526705	8.210456	11.737160	20.840738
1406.3	7.576605	4.160438	11.737043	20.822754
1406.4	8.964371	2.777331	11.741702	20.871081
1406.5	6.032167	5.712340	11.744507	20.978104
1406.6	3.134440	8.607237	11.741677	21.124110
1406.7	4.411954	7.325358	11.737312	21.281755
1406.8	8.103823	3.633674	11.737498	21.423064
1406.9	9.129737	2.612178	11.741915	21.526973
1407	6.130983	5.613496	11.744479	21.585055
1407.1	3.211014	8.530800	11.741815	21.603483
1407.2	4.193122	7.544610	11.737732	21.600391
1407.3	7.504953	4.232777	11.737730	21.599350
1407.4	8.625481	3.115970	11.741452	21.621029
1407.5	6.392772	5.350744	11.743516	21.675857
1407.6	4.327634	7.413595	11.741229	21.760320
1407.7	5.393917	6.344273	11.738190	21.858300
1407.8	7.816844	3.922066	11.738910	21.947195
1407.9	7.833428	3.908866	11.742294	22.006737
1408	5.272589	6.470699	11.743288	22.027405
1408.1	3.880233	7.860017	11.740249	22.015235
1408.2	5.891913	5.845530	11.737443	21.991034
1408.3	8.656482	3.082515	11.738997	21.983868
1408.4	8.271622	3.471271	11.742893	22.020831
1408.5	5.171725	6.571937	11.743662	22.116560
1408.6	3.659771	8.080367	11.740138	22.266289
1408.7	5.860347	5.876931	11.737278	22.445209
1408.8	8.603431	3.135808	11.739239	22.614847
1408.9	7.820114	3.923245	11.743359	22.734724
1409	4.412321	7.331387	11.743708	22.775628
1409.1	3.210689	8.528806	11.739495	22.730050
1409.2	6.193312	5.543192	11.736503	22.616129
1409.3	9.411093	2.328080	11.739173	22.473453
1409.4	8.227765	3.516399	11.744164	22.351782
1409.5	3.876494	7.868121	11.744615	22.296151
1409.6	2.118974	9.620623	11.739597	22.333091
1409.7	5.480416	6.255304	11.735720	22.462440
1409.8	9.609288	2.129011	11.738299	22.657375
1409.9	8.992280	2.751702	11.743981	22.872652
1410	4.450223	7.294882	11.745104	23.058272
1410.1	2.128117	9.612005	11.740122	23.174107
1410.2	5.153965	6.581881	11.735847	23.200745
1410.3	9.296596	2.441617	11.738214	23.143226
1410.4	8.707251	3.036794	11.744045	23.026799
1410.5	4.041469	7.703754	11.745224	22.886598
1410.6	1.769898	9.969931	11.739829	22.755076
1410.7	5.372014	6.363019	11.735033	22.651702
1410.8	10.343990	1.393529	11.737519	22.578370
1410.9	10.038123	1.706139	11.744263	22.521813
1411	4.657322	7.089019	11.746341	22.461687
1411.1	1.199794	10.541091	11.740885	22.380976
1411.2	4.207205	7.527869	11.735074	22.274561
1411.3	9.668185	2.068426	11.736611	22.152605
1411.4	10.348295	1.395089	11.743384	22.037407
1411.5	5.468077	6.278196	11.746273	21.954908
1411.6	1.724382	10.017026	11.741408	21.924063
1411.7	4.254487	7.480893	11.735380	21.948199
1411.8	9.694633	2.041739	11.736372	22.011784
1411.9	10.685891	1.057243	11.743134	22.084087
1412	5.773228	5.973414	11.746642	22.128690
1412.1	1.394126	10.348068	11.742194	22.115592
1412.2	3.306407	8.429266	11.735673	22.031655
1412.3	8.964875	2.770769	11.735643	21.885616
1412.4	10.989059	0.752920	11.741979	21.705774
1412.5	6.948667	4.797558	11.746225	21.531030
1412.6	2.369459	9.373525	11.742984	21.398328
1412.7	3.161981	8.574943	11.736925	21.330793
1412.8	7.834878	3.901329	11.736208	21.330665
1412.9	9.837167	1.904331	11.741498	21.379395
1413	6.542778	5.202598	11.745376	21.444766
1413.1	2.624565	9.118039	11.742604	21.492440
1413.2	3.482229	8.254889	11.737118	21.497789
1413.3	7.892422	3.844018	11.736439	21.453869
1413.4	9.818892	1.922519	11.741411	21.372791
1413.5	6.678778	5.066459	11.745237	21.280181
1413.6	2.733122	9.009718	11.742840	21.204897
1413.7	3.180997	8.556629	11.737626	21.167839
1413.8	7.199921	4.536684	11.736605	21.174020
1413.9	9.314520	2.426350	11.740870	21.210795
1414	6.918976	4.825444	11.744419	21.252946
1414.1	3.575158	8.167417	11.742575	21.272777
1414.2	3.845532	7.892686	11.738218	21.251542
1414.3	7.061063	4.676406	11.737469	21.188011
1414.4	8.547247	3.193906	11.741153	21.100936
1414.5	6.288950	5.454953	11.743904	21.024298
1414.6	3.636950	8.104889	11.741839	20.996760
1414.7	4.458160	7.279763	11.737923	21.048794
1414.8	7.699793	4.037867	11.737660	21.191785
1414.9	8.941608	2.799759	11.741367	21.412839
1415	6.593583	5.150288	11.743871	21.677103
1415.1	3.996397	7.745445	11.741842	21.936950
1415.2	4.618704	7.119648	11.738352	22.145164
1415.3	7.259828	4.478515	11.738342	22.267982
1415.4	7.986251	3.755335	11.741586	22.294011
1415.5	5.881311	5.861845	11.743156	22.236432
1415.6	4.314632	7.426016	11.740649	22.128100
1415.7	5.923411	5.814335	11.737747	22.011391
1415.8	8.575265	3.163675	11.738940	21.926109
1415.9	8.273380	3.469496	11.742876	21.899201
1416	5.012345	6.731651	11.743996	21.939129
1416.1	3.139537	8.600868	11.740405	22.036114
1416.2	5.384107	6.352759	11.736866	22.167513
1416.3	8.835753	2.902606	11.738360	22.306116
1416.4	8.755459	2.987543	11.743002	22.428462
1416.5	5.173930	6.570464	11.744395	22.520641
1416.6	3.032886	8.707594	11.740481	22.580174
1416.7	5.387590	6.349046	11.736636	22.613998
1416.8	8.995208	2.743166	11.738374	22.633851
1416.9	8.631373	3.112166	11.743540	22.651033
1417	4.424028	7.320951	11.744979	22.672404
1417.1	1.997169	9.743206	11.740374	22.698812
1417.2	4.882839	6.852908	11.735747	22.726100
1417.3	9.469471	2.268002	11.737473	22.747920
1417.4	9.638272	2.105192	11.743464	22.759051
1417.5	5.049754	6.695979	11.745732	22.757906
1417.6	1.776346	9.964812	11.741157	22.747381
1417.7	4.182431	7.553436	11.735867	22.733885
1417.8	8.967007	2.770035	11.737042	22.725064
1417.9	9.578127	2.164983	11.743111	22.727088
1418	5.149763	6.595994	11.745757	22.742438
1418.1	1.784480	9.956751	11.741231	22.768833
1418.2	4.270541	7.465068	11.735609	22.799478
1418.3	9.419306	2.317355	11.736661	22.824453
1418.4	10.219818	1.523384	11.743201	22.832746
1418.5	5.368672	6.377790	11.746462	22.814416
1418.6	1.253447	10.488420	11.741867	22.762473
1418.7	3.501571	8.233792	11.735363	22.674221
1418.8	9.357148	2.378454	11.735602	22.551954
1418.9	11.214731	0.527618	11.742349	22.402977
1419	6.695311	5.051415	11.746726	22.238906
1419.1	1.796055	9.946976	11.743031	22.074261
1419.2	2.889871	8.846434	11.736305	21.924394
1419.3	8.296989	3.438519	11.735508	21.803011
1419.4	10.678624	1.062909	11.741533	21.719692
1419.5	6.935376	4.810762	11.746138	21.677984
1419.6	2.279510	9.463614	11.743124	21.674598
1419.7	3.106311	8.630310	11.736621	21.700063
1419.8	8.366829	3.368596	11.735425	21.740755
1419.9	11.025739	0.715413	11.741152	21.781830
1420	7.515860	4.230313	11.746173	21.810275
1420.1	2.435317	9.308599	11.743916	21.817206
1420.2	2.320056	9.417488	11.737544	21.798819
1420.3	7.021169	4.714321	11.735490	21.755859
1420.4	10.183158	1.556990	11.740148	21.692010
1420.5	7.869379	3.875612	11.744991	21.612009
1420.6	3.579554	8.164092	11.743647	21.520334
1420.7	3.156173	8.582183	11.738356	21.421008
1420.8	6.838382	4.898151	11.736533	21.318508
1420.9	9.245539	2.494979	11.740518	21.219163
1421	6.969251	4.775359	11.744610	21.132072
1421.1	3.189304	8.553819	11.743123	21.068617
1421.2	3.143979	8.594171	11.738150	21.040198
1421.3	6.914065	4.822435	11.736500	21.054568
1421.4	9.424346	2.315963	11.740309	21.111978
1421.5	7.438500	4.305799	11.744298	21.202701
1421.6	3.826020	7.917161	11.743180	21.307355
1421.7	3.422095	8.316694	11.738789	21.400616
1421.8	6.436760	5.300485	11.737245	21.457731
1421.9	8.470522	3.269895	11.740417	21.462091
1422	6.807700	4.935889	11.743589	21.411408
1422.1	4.069227	7.673064	11.742291	21.320220
1422.2	4.294618	7.443897	11.738515	21.217381
1422.3	7.187386	4.550322	11.737708	21.138812
1422.4	8.633153	3.107847	11.740999	21.117404
1422.5	6.603828	5.139857	11.743685	21.173137
1422.6	4.013531	7.728440	11.741970	21.306611
1422.7	4.535171	7.203165	11.738337	21.498299
1422.8	7.388227	4.349730	11.737956	21.714007
1422.9	8.505880	3.235426	11.741307	21.914987
1423	6.377289	5.366231	11.743520	22.069511
1423.1	4.198337	7.543053	11.741390	22.162121
1423.2	5.226395	6.511644	11.738038	22.197439
1423.3	7.981632	3.756845	11.738477	22.197228
1423.4	8.276600	3.465694	11.742294	22.191689
1423.5	5.338755	6.405229	11.743984	22.208008
1423.6	3.241510	8.499241	11.740751	22.260187
1423.7	5.285396	6.451420	11.736816	22.343814
1423.8	9.073717	2.664097	11.737814	22.437735
1423.9	9.453874	2.288920	11.742794	22.512178
1424	5.613877	6.131248	11.745125	22.540512
1424.1	2.497762	9.243731	11.741493	22.510468
1424.2	4.240142	7.496539	11.736681	22.430653
1424.3	8.443825	3.293417	11.737242	22.329771
1424.4	9.314256	2.428212	11.742468	22.248456
1424.5	5.599735	6.145424	11.745158	22.226228
1424.6	2.445442	9.296014	11.741456	22.287933
1424.7	4.384778	7.351560	11.736338	22.434318
1424.8	8.942183	2.794800	11.736983	22.640131
1424.9	9.787110	1.955723	11.742833	22.860650
1425	5.402725	6.343315	11.746040	23.044679
1425.1	1.440552	10.301479	11.742032	23.149854
1425.2	3.270722	8.465213	11.735935	23.155266
1425.3	8.646773	3.089106	11.735879	23.067299
1425.4	10.535785	1.206235	11.742021	22.916847
1425.5	6.504128	5.242051	11.746179	22.748965
1425.6	2.023192	9.719612	11.742804	22.608506
1425.7	3.118318	8.618187	11.736505	22.526553
1425.8	8.218619	3.517249	11.735868	22.512042
1425.9	10.274150	1.467648	11.741798	22.551081
1426	6.358825	5.387382	11.746207	22.613756
1426.1	1.754775	9.988170	11.742945	22.665663
1426.2	2.878901	8.857329	11.736230	22.679901
1426.3	8.529821	3.205278	11.735100	22.645321
1426.4	11.329026	0.412207	11.741233	22.568349
1426.5	7.540277	4.206310	11.746587	22.468170
1426.6	2.109893	9.634201	11.744094	22.367485
1426.7	2.129395	9.607696	11.737091	22.282635
1426.8	7.453316	4.281521	11.734836	22.216964
1426.9	10.994505	0.745660	11.740165	22.159992
1427	8.207155	3.538690	11.745845	22.092650
1427.1	3.017857	8.726520	11.744377	21.996482
1427.2	2.388726	9.349224	11.737950	21.863157
1427.3	6.989406	4.745875	11.735281	21.700443
1427.4	10.490118	1.249712	11.739830	21.532066
1427.5	8.204238	3.541085	11.745322	21.391157
1427.6	3.306951	8.437435	11.744387	21.309378
1427.7	2.390230	9.348196	11.738426	21.305551
1427.8	6.581960	5.153535	11.735495	21.377886
1427.9	10.208931	1.530439	11.739369	21.502789
1428	8.544640	3.200044	11.744685	21.640924
1428.1	4.002350	7.742077	11.744427	21.748698
1428.2	2.593067	9.146240	11.739307	21.791392
1428.3	5.793129	5.943287	11.736416	21.753553
1428.4	8.890438	2.848967	11.739405	21.643191
1428.5	7.700506	4.043278	11.743784	21.488427
1428.6	4.191145	7.552289	11.743435	21.327850
1428.7	3.448817	8.290229	11.739047	21.197926
1428.8	6.502856	5.234041	11.736897	21.121783
1428.9	9.003496	2.736505	11.740001	21.103086
1429	7.381500	4.362521	11.744021	21.126898
1429.1	3.791873	7.951538	11.743412	21.166926
1429.2	3.067000	8.672068	11.739068	21.196366
1429.3	6.075889	5.661032	11.736921	21.198364
1429.4	8.693737	3.045953	11.739690	21.172350
1429.5	7.599217	4.144103	11.743320	21.134071
1429.6	4.699600	7.043257	11.742857	21.109416
1429.7	4.168368	7.570939	11.739306	21.124346
1429.8	6.513707	5.224220	11.737927	21.194598
1429.9	8.070698	3.669934	11.740632	21.318873
1430	6.447977	5.295366	11.743343	21.477980
1430.1	4.031327	7.710628	11.741955	21.640295
1430.2	4.528335	7.209989	11.738324	21.771713
1430.3	7.529071	4.208608	11.737678	21.846756
1430.4	8.933451	2.807658	11.741109	21.857092
1430.5	6.747152	4.996717	11.743869	21.814668
1430.6	4.011286	7.730756	11.742042	21.748427
1430.7	4.574176	7.164014	11.738190	21.695715
1430.8	7.594254	4.143585	11.737839	21.691151
1430.9	8.644809	3.096789	11.741598	21.756440
1431	6.039084	5.705015	11.744098	21.894194
1431.1	3.436529	8.304992	11.741521	22.087448
1431.2	4.794989	6.942261	11.737249	22.304712
1431.3	8.578289	3.159121	11.737410	22.508777
1431.4	9.539714	2.202497	11.742211	22.666481
1431.5	5.980329	5.764898	11.745226	22.756627
1431.6	2.451202	9.290878	11.742080	22.774036
1431.7	3.791364	7.945373	11.736737	22.729085
1431.8	8.407511	3.328914	11.736425	22.643421
1431.9	10.153362	1.588405	11.741766	22.543557
1432	6.583092	5.162568	11.745660	22.454351
1432.1	2.408616	9.334175	11.742791	22.394108
1432.2	3.232491	8.504486	11.736977	22.372207
1432.3	7.900244	3.835901	11.736144	22.389290
1432.4	9.957910	1.783617	11.741526	22.439335
1432.5	6.435496	5.310308	11.745804	22.512540
1432.6	2.044991	9.697988	11.742979	22.598059
1432.7	2.896835	8.839842	11.736678	22.685945
1432.8	8.107555	3.627887	11.735442	22.768111
1432.9	10.770064	0.971094	11.741157	22.838497
1433	7.194064	4.552239	11.746302	22.892784
1433.1	1.994084	9.749878	11.743961	22.928010
1433.2	2.023565	9.713623	11.737188	22.942271
1433.3	7.204672	4.530321	11.734994	22.934571
1433.4	10.618620	1.121631	11.740250	22.904768
1433.5	7.799935	3.945879	11.745814	22.853588
1433.6	2.725111	9.019056	11.744167	22.782702
1433.7	2.398151	9.339428	11.737579	22.694880
1433.8	7.335233	4.399818	11.735051	22.594217
1433.9	10.824060	0.916064	11.740124	22.486317
1434	7.997234	3.748795	11.746029	22.378216
1434.1	2.484827	9.259936	11.744763	22.277813
1434.2	1.643225	10.094643	11.737867	22.192686
1434.3	6.736872	4.997539	11.734411	22.128411
1434.4	11.229224	0.509685	11.738909	22.086779
1434.5	9.430129	2.315260	11.745389	22.064540
1434.6	3.909721	7.835726	11.745447	22.053286
1434.7	1.891606	9.847741	11.739347	22.040845
1434.8	5.658662	6.076708	11.735370	22.014070
1434.9	9.820168	1.918421	11.738589	21.962390
1435	8.810350	2.933953	11.744303	21.881088
1435.1	4.284752	7.459958	11.744710	21.773197
1435.2	2.572889	9.166575	11.739465	21.649251
1435.3	5.970619	5.765239	11.735858	21.524786
1435.4	9.771192	1.967553	11.738745	21.416245
1435.5	8.822563	2.921524	11.744088	21.336551
1435.6	4.468140	7.276544	11.744684	21.291782
1435.7	2.527552	9.212386	11.739939	21.280080
1435.8	5.358054	6.378343	11.736397	21.293100
1435.9	8.888495	2.850167	11.738662	21.319453
1436	8.395569	3.347758	11.743327	21.348788
1436.1	4.852209	6.891769	11.743977	21.374937
1436.2	3.258422	8.481599	11.740021	21.396887
1436.3	5.608857	6.128323	11.737181	21.417219
1436.4	8.333454	3.405884	11.739338	21.438702
1436.5	7.517847	4.225403	11.743250	21.460588
1436.6	4.390647	7.352669	11.743316	21.476419
1436.7	3.460410	8.279059	11.739470	21.474666
1436.8	6.107880	5.629270	11.737150	21.442456
1436.9	8.681300	3.058294	11.739594	21.371335
1437	7.658645	4.084712	11.743357	21.262966
1437.1	4.534466	7.208777	11.743243	21.132346
1437.2	3.623450	8.116117	11.739568	21.006746
1437.3	6.001470	5.736099	11.737570	20.919927
1437.4	8.144491	3.595440	11.739932	20.902956
1437.5	7.067774	4.675292	11.743066	20.974331
1437.6	4.568960	7.173400	11.742360	21.132747
1437.7	4.536546	7.202302	11.738848	21.355268
1437.8	7.218025	4.519727	11.737752	21.602065
1437.9	8.728260	3.012654	11.740914	21.826755
1438	6.630171	5.113782	11.743953	21.989370
1438.1	3.648938	8.093433	11.742371	22.067945
1438.2	4.032710	7.705396	11.738106	22.064924
1438.3	7.498122	4.238952	11.737073	22.006128
1438.4	9.380109	2.360773	11.740881	21.932448
1438.5	7.057963	4.686374	11.744337	21.886817
1438.6	3.750476	7.992076	11.742552	21.900664
1438.7	4.155075	7.582846	11.737921	21.984282
1438.8	7.794247	3.942773	11.737020	22.124300
1438.9	9.449266	2.292145	11.741411	22.289038
1439	6.406369	5.338755	11.745124	22.439871
1439.1	2.552683	9.190032	11.742715	22.544667
1439.2	3.327451	8.409583	11.737035	22.588632
1439.3	8.140605	3.595141	11.735746	22.578839
1439.4	10.764059	0.976862	11.740921	22.540881
1439.5	7.569411	4.176481	11.745892	22.508910
1439.6	2.581933	9.162086	11.744019	22.512625
1439.7	2.282802	9.454917	11.737719	22.565888
1439.8	6.942123	4.793273	11.735396	22.661091
1439.9	10.204615	1.535529	11.740144	22.771381
1440	7.645065	4.100427	11.745492	22.860044
1440.1	2.784514	8.959603	11.744116	22.893827
1440.2	2.335225	9.402605	11.737831	22.855494
1440.3	7.025174	4.710052	11.735226	22.751141
1440.4	10.486340	1.253664	11.740004	22.609574
1440.5	7.857213	3.888593	11.745806	22.473783
1440.6	2.498878	9.245827	11.744705	22.387321
1440.7	1.615195	10.122795	11.737991	22.380136
1440.8	6.550735	5.183851	11.734586	22.458649
1440.9	10.862008	0.877089	11.739097	22.603379
1441	8.873272	2.872290	11.745561	22.774861
1441.1	3.268767	8.476629	11.745396	22.925785
1441.2	1.500967	10.237928	11.738895	23.015216
1441.3	5.827920	5.906874	11.734794	23.020189
1441.4	10.360978	1.377541	11.738520	22.940988
1441.5	9.043553	2.701393	11.744947	22.798719
1441.6	3.776634	7.968745	11.745379	22.626460
1441.7	1.782838	9.956424	11.739262	22.457442
1441.8	5.842005	5.892858	11.734863	22.314532
1441.9	10.570011	1.168095	11.738105	22.204615
1442	9.672084	2.072575	11.744660	22.119511
1442.1	4.341580	7.404259	11.745839	22.042557
1442.2	1.581819	10.158385	11.740204	21.957957
1442.3	4.867600	6.867697	11.735297	21.859037
1442.4	9.709819	2.027615	11.737434	21.752117
1442.5	9.845666	1.897779	11.743445	21.654452
1442.6	5.495986	6.249290	11.745276	21.587085
1442.7	2.688668	9.052185	11.740853	21.565403
1442.8	4.949587	6.786925	11.736513	21.591195
1442.9	8.775066	2.963028	11.738094	21.649482
1443	8.753526	2.989596	11.743122	21.711681
1443.1	5.006164	6.738375	11.744539	21.744294
1443.2	2.801651	8.938822	11.740473	21.720230
1443.3	5.183315	6.553287	11.736602	21.628770
1443.4	8.880569	2.857602	11.738171	21.480538
1443.5	8.935962	2.806935	11.742896	21.305498
1443.6	5.441754	6.302602	11.744357	21.144405
1443.7	3.166260	8.574592	11.740853	21.036410
1443.8	4.886855	6.850607	11.737462	21.006879
1443.9	7.787657	3.951099	11.738756	21.059477
1444	7.693651	4.048910	11.742561	21.175105
1444.1	4.948848	6.794458	11.743306	21.318010
1444.2	3.715982	8.023997	11.739979	21.446966
1444.3	5.908477	5.828963	11.737439	21.527826
1444.4	8.444436	3.294974	11.739411	21.543327
1444.5	7.657355	4.085815	11.743170	21.497115
1444.6	4.543345	7.200068	11.743413	21.410945
1444.7	3.399237	8.340528	11.739764	21.316334
1444.8	5.789277	5.948032	11.737309	21.243724
1444.9	8.371410	3.368005	11.739415	21.212904
1445	7.636340	4.106668	11.743008	21.227814
1445.1	4.833724	6.909254	11.742978	21.277217
1445.2	4.107361	7.632101	11.739462	21.340634
1445.3	6.508342	5.229298	11.737640	21.397166
1445.4	8.453013	3.287260	11.740273	21.433942
1445.5	6.911997	4.831611	11.743608	21.451211
1445.6	3.955939	7.786692	11.742631	21.462386
1445.7	4.002110	7.736277	11.738387	21.489147
1445.8	7.434265	4.302572	11.736837	21.553410
1445.9	9.686776	2.053738	11.740514	21.668986
1446	7.450295	4.294330	11.744625	21.835765
1446.1	3.504222	8.239198	11.743420	22.038334
1446.2	3.190006	8.548282	11.738288	22.249431
1446.3	7.063349	4.672832	11.736181	22.437089
1446.4	9.894772	1.845363	11.740136	22.573186
1446.5	7.720429	4.024429	11.744857	22.640846
1446.6	3.419957	8.323817	11.743774	22.638576
1446.7	2.962890	8.775275	11.738164	22.580181
1446.8	7.184643	4.551056	11.735699	22.490753
1446.9	10.377018	1.363003	11.740021	22.400106
1447	7.932492	3.813011	11.745502	22.335602
1447.1	2.801171	8.943462	11.744633	22.316222
1447.2	1.788588	9.949696	11.738284	22.349183
1447.3	6.418948	5.315866	11.734814	22.429566
1447.4	10.697243	1.041681	11.738924	22.542607
1447.5	9.003620	2.741603	11.745223	22.667739
1447.6	3.617874	8.127482	11.745356	22.783284
1447.7	1.685365	10.053868	11.739233	22.870732
1447.8	5.621267	6.113903	11.735171	22.917901
1447.9	9.888682	1.849973	11.738655	22.920579
1448	8.545835	3.199054	11.744888	22.882591
1448.1	3.369244	8.376026	11.745269	22.814449
1448.2	1.504652	10.234452	11.739104	22.730923
1448.3	5.751643	5.983018	11.734661	22.647992
1448.4	10.630018	1.108030	11.738048	22.579704
1448.5	9.639797	2.105103	11.744900	22.535570
1448.6	3.999358	7.746789	11.746146	22.518987
1448.7	1.085988	10.654161	11.740149	22.527086
1448.8	4.638799	7.096077	11.734876	22.551990
1448.9	9.853129	1.884097	11.737225	22.583148
1449	9.883545	1.860325	11.743870	22.610073
1449.1	4.949816	6.796053	11.745869	22.624634
1449.2	1.860964	9.879734	11.740697	22.622264
1449.3	4.762293	6.973186	11.735479	22.601734
1449.4	9.641102	2.096152	11.737253	22.563763
1449.5	9.873713	1.869825	11.743538	22.509121
1449.6	5.171423	6.574407	11.745830	22.437161
1449.7	1.875701	9.865402	11.741103	22.345547
1449.8	4.380025	7.355714	11.735739	22.231471
1449.9	9.329243	2.407576	11.736819	22.094016
1450	10.253615	1.489104	11.742719	21.936712
1450.1	6.170734	5.574832	11.745566	21.769107
1450.2	2.614293	9.127587	11.741880	21.606374
1450.3	4.042252	7.694679	11.736931	21.466627
1450.4	8.083403	3.653873	11.737275	21.366496
1450.5	9.157610	2.584381	11.741991	21.316283
1450.6	6.124913	5.619473	11.744386	21.316353
1450.7	3.489104	8.252267	11.741371	21.356198
1450.8	4.893477	6.843974	11.737451	21.416771
1450.9	8.149788	3.588376	11.738164	21.475583
1451	8.528546	3.213846	11.742392	21.513024
1451.1	5.442886	6.301251	11.744138	21.517840
1451.2	3.173503	8.567488	11.740992	21.489886
1451.3	4.817158	6.920221	11.737378	21.439163
1451.4	8.032410	3.705841	11.738251	21.381457
1451.5	8.420833	3.321402	11.742235	21.332157
1451.6	5.640270	6.103467	11.743736	21.300529
1451.7	3.693688	8.047157	11.740846	21.286633
1451.8	5.173395	6.564471	11.737866	21.282109
1451.9	7.684724	4.054337	11.739061	21.274598
1452	7.426746	4.315847	11.742593	21.254121
1452.1	4.721078	7.022149	11.743226	21.218861
1452.2	3.576158	8.163722	11.739879	21.177862
1452.3	5.904759	5.832498	11.737257	21.149206
1452.4	8.655724	3.083464	11.739188	21.153912
1452.5	8.029356	3.713745	11.743102	21.207546
1452.6	4.871444	6.872109	11.743553	21.312591
1452.7	3.560346	8.179572	11.739918	21.454693
1452.8	5.853342	5.884013	11.737355	21.604706
1452.9	8.379263	3.360262	11.739525	21.726506
1453	7.433178	4.310129	11.743307	21.788383
1453.1	4.362330	7.380791	11.743121	21.774347
1453.2	3.792935	7.946023	11.738957	21.691354
1453.3	6.978645	4.758049	11.736695	21.569593
1453.4	9.674479	2.065426	11.739905	21.455160
1453.5	7.874749	3.869755	11.744504	21.397012
1453.6	3.634265	8.109799	11.744064	21.432159
1453.7	2.641631	9.097167	11.738798	21.573834
1453.8	6.479700	5.255986	11.735686	21.806602
1453.9	10.175040	1.564058	11.739099	22.090192
1454	8.741386	3.003229	11.744615	22.370999
1454.1	4.026155	7.718619	11.744774	22.597675
1454.2	2.387108	9.352145	11.739253	22.735809
1454.3	6.084415	5.651115	11.735531	22.777030
1454.4	10.063677	1.675128	11.738805	22.739672
1454.5	8.730195	3.014565	11.744760	22.661008
1454.6	3.672230	8.072994	11.745224	22.583859
1454.7	1.720772	10.018540	11.739312	22.542215
1454.8	5.727051	6.007825	11.734876	22.550746
1454.9	10.502773	1.235252	11.738025	22.601646
1455	9.619809	2.124945	11.744754	22.669606
1455.1	4.073102	7.673033	11.746135	22.722880
1455.2	1.089203	10.651072	11.740275	22.736287
1455.3	4.533873	7.201062	11.734935	22.701399
1455.4	9.756410	1.980757	11.737167	22.630215
1455.5	9.829231	1.914645	11.743876	22.551054
1455.6	4.810874	6.935146	11.746020	22.498152
1455.7	1.573684	10.167118	11.740801	22.498776
1455.8	4.467391	7.268002	11.735393	22.562514
1455.9	9.454825	2.282353	11.737178	22.676648
1456	9.634470	2.109267	11.743737	22.809345
1456.1	4.649686	7.096435	11.746121	22.919637
1456.2	1.235254	10.505720	11.740974	22.970748
1456.3	4.148256	7.586849	11.735105	22.942187
1456.4	9.720443	2.015912	11.736355	22.836430
1456.5	10.713730	1.029361	11.743091	22.677978
1456.6	5.931639	5.814801	11.746440	22.505192
1456.7	1.713743	10.028406	11.742149	22.357807
1456.8	3.436358	8.299753	11.736111	22.264435
1456.9	8.500144	3.236146	11.736291	22.234263
1457	10.069996	1.672131	11.742127	22.255559
1457.1	6.290333	5.455245	11.745578	22.301159
1457.2	2.548005	9.194095	11.742100	22.338689
1457.3	3.993860	7.742736	11.736596	22.341710
1457.4	8.631694	3.104853	11.736547	22.297846
1457.5	10.200316	1.541593	11.741908	22.211214
1457.6	6.670461	5.074959	11.745420	22.098691
1457.7	2.803741	8.938801	11.742543	21.981790
1457.8	3.579131	8.158244	11.737375	21.877519
1457.9	7.630880	4.105917	11.736797	21.791807
1458	9.440749	2.300437	11.741186	21.718017
1458.1	6.907185	4.837138	11.744323	21.641028
1458.2	3.865751	7.876395	11.742146	21.545208
1458.3	4.466663	7.271431	11.738093	21.423057
1458.4	7.496229	4.241714	11.737943	21.280997
1458.5	8.400405	3.341304	11.741709	21.139823
1458.6	5.844802	5.899073	11.743875	21.029264
1458.7	3.512563	8.228758	11.741321	20.978353
1458.8	4.781321	6.956356	11.737676	21.004887
1458.9	7.922727	3.815371	11.738098	21.107779
1459	8.560126	3.181871	11.741997	21.265146
1459.1	5.822617	5.921313	11.743930	21.439120
1459.2	3.510155	8.231131	11.741286	21.586042
1459.3	4.710541	7.027344	11.737886	21.668873
1459.4	7.520982	4.217512	11.738494	21.667856
1459.5	7.870293	3.871793	11.742087	21.586051
1459.6	5.354095	6.389301	11.743396	21.448025
1459.7	3.763508	7.976984	11.740492	21.292236
1459.8	5.567043	6.170547	11.737590	21.159626
1459.9	8.249005	3.490025	11.739031	21.082084
1460	7.829719	3.913228	11.742946	21.074319
1460.1	4.655195	7.088539	11.743734	21.131435
1460.2	3.146693	8.593323	11.740016	21.232557
1460.3	5.634870	6.101960	11.736829	21.348920
1460.4	8.903801	2.834904	11.738705	21.453523
1460.5	8.504399	3.238791	11.743190	21.529165
1460.6	4.991328	6.752742	11.744070	21.572460
1460.7	3.286815	8.453236	11.740051	21.592925
1460.8	5.829520	5.907241	11.736761	21.607926
1460.9	9.019525	2.719461	11.738985	21.635540
1461	8.147462	3.596324	11.743785	21.687924
1461.1	4.148739	7.595574	11.744313	21.767343
1461.2	2.637401	9.101992	11.739393	21.865983
1461.3	6.178908	5.556660	11.735568	21.969296
1461.4	10.380218	1.358126	11.738344	22.061480
1461.5	9.534642	2.209758	11.744400	22.131120
1461.6	4.447868	7.297830	11.745698	22.175109
1461.7	1.680488	10.059831	11.740319	22.199684
1461.8	4.872256	6.863064	11.735319	22.218405
1461.9	9.753523	1.983871	11.737394	22.247857
1462	9.768022	1.975761	11.743783	22.302503
1462.1	4.905335	6.840517	11.745852	22.390187
1462.2	1.785334	9.955404	11.740738	22.509520
1462.3	4.724290	7.011049	11.735339	22.649714
1462.4	9.799581	1.937485	11.737067	22.792764
1462.5	10.047103	1.696653	11.743755	22.917324
1462.6	4.897751	6.848682	11.746433	23.003312
1462.7	1.092207	10.649175	11.741382	23.036221
1462.8	3.710945	8.024293	11.735237	23.010294
1462.9	9.332194	2.403962	11.736156	22.929989
1463	10.558636	1.184251	11.742887	22.809471
1463.1	5.871670	5.874787	11.746456	22.670221
1463.2	1.588481	10.153729	11.742211	22.537139
1463.3	3.334772	8.401220	11.735992	22.433817
1463.4	8.548327	3.187849	11.736176	22.377874
1463.5	10.066612	1.675773	11.742385	22.377328
1463.6	5.858717	5.887381	11.746099	22.428867
1463.7	1.728384	10.013857	11.742240	22.518552
1463.8	3.400092	8.335931	11.736023	22.624910
1463.9	8.747538	2.988327	11.735866	22.723776
1464	10.649635	1.092391	11.742027	22.793713
1464.1	6.562208	5.184087	11.746295	22.820607
1464.2	1.900987	9.842050	11.743037	22.800205
1464.3	2.776956	8.959698	11.736654	22.737944
1464.4	7.930047	3.805507	11.735553	22.646221
1464.5	10.592211	1.148732	11.740943	22.540049
1464.6	7.544739	4.200758	11.745497	22.432561
1464.7	3.150986	8.592371	11.743357	22.331812
1464.8	3.222893	8.514902	11.737794	22.239868
1464.9	7.283490	4.452918	11.736407	22.154285
1465	9.580844	2.159940	11.740784	22.071200
1465.1	7.091102	4.653575	11.744677	21.988645
1465.2	3.462992	8.279791	11.742783	21.908593
1465.3	3.777043	7.960833	11.737875	21.836779
1465.4	7.582945	4.153778	11.736723	21.780255
1465.5	9.699559	2.041217	11.740776	21.743606
1465.6	7.378326	4.366099	11.744425	21.725452
1465.7	3.873337	7.869553	11.742890	21.716894
1465.8	3.755690	7.982919	11.738608	21.702927
1465.9	6.722473	5.015046	11.737520	21.666753
1466	8.385095	3.355680	11.740775	21.595711
1466.1	6.580765	5.162689	11.743454	21.486757
1466.2	4.223494	7.518258	11.741751	21.349339
1466.3	4.889210	6.849093	11.738303	21.204271
1466.4	7.617386	4.120857	11.738244	21.078557
1466.5	8.330302	3.411482	11.741784	20.997595
1466.6	5.755829	5.988055	11.743885	20.977279
1466.7	3.355668	8.385785	11.741453	21.018721
1466.8	4.476337	7.261463	11.737800	21.107569
1466.9	7.589681	4.148334	11.738015	21.218339
1467	8.399567	3.342200	11.741767	21.322468
1467.1	5.878837	5.864914	11.743751	21.397352
1467.2	3.697555	8.043635	11.741191	21.433227
1467.3	4.983948	6.753859	11.737806	21.435428
1467.4	7.829225	3.909315	11.738540	21.421155
1467.5	7.983278	3.759165	11.742443	21.411880
1467.6	5.010999	6.732876	11.743874	21.424186
1467.7	3.122759	8.617751	11.740510	21.462513
1467.8	5.281825	6.455062	11.736887	21.516668
1467.9	8.804485	2.933730	11.738215	21.565338
1468	8.855904	2.887028	11.742932	21.584560
1468.1	5.217671	6.526907	11.744578	21.558199
1468.2	2.835064	8.905654	11.740718	21.486509
1468.3	5.081532	6.655034	11.736567	21.389324
1468.4	8.950697	2.787254	11.737951	21.302164
1468.5	9.043474	2.699649	11.743123	21.266028
1468.6	5.092600	6.652309	11.744909	21.314020
1468.7	2.570106	9.170485	11.740591	21.459259
1468.8	5.221861	6.514091	11.735952	21.688401
1468.9	9.665404	2.072161	11.737564	21.963379
1469	9.733503	2.010099	11.743602	22.231281
1469.1	4.955206	6.790740	11.745945	22.439502
1469.2	1.556591	10.184533	11.741124	22.551421
1469.3	4.251165	7.484151	11.735316	22.557515
1469.4	9.736898	1.999403	11.736300	22.478209
1469.5	10.861245	0.881705	11.742950	22.357443
1469.6	6.110650	5.635894	11.746544	22.248963
1469.7	1.700754	10.041609	11.742363	22.199769
1469.8	3.326681	8.409367	11.736048	22.236053
1469.9	8.578489	3.157563	11.736052	22.356096
1470	10.239661	1.502607	11.742268	22.532234
1470.1	6.053161	5.693022	11.746184	22.720950
1470.2	1.773873	9.968535	11.742407	22.877487
1470.3	3.356476	8.379527	11.736003	22.969956
1470.4	8.823740	2.911948	11.735688	22.988299
1470.5	10.838672	0.903366	11.742038	22.945334
1470.6	6.562759	5.183882	11.746640	22.869994
1470.7	1.522881	10.220481	11.743362	22.795517
1470.8	2.266236	9.470327	11.736563	22.747030
1470.9	7.672543	4.062676	11.735219	22.732996
1471	10.553151	1.187771	11.740922	22.743448
1471.1	7.288924	4.456975	11.745899	22.755386
1471.2	2.522652	9.220915	11.743568	22.743107
1471.3	2.729895	9.007401	11.737296	22.689452
1471.4	7.491817	4.243846	11.735663	22.593739
1471.5	10.218178	1.522635	11.740814	22.473363
1471.6	7.166987	4.578694	11.745681	22.358446
1471.7	2.478105	9.265548	11.743653	22.281427
1471.8	2.516097	9.221365	11.737462	22.265349
1471.9	7.303469	4.431909	11.735378	22.315054
1472	10.578519	1.161552	11.740071	22.414451
1472.1	8.212731	3.532472	11.745203	22.530869
1472.2	3.559508	8.184603	11.744111	22.624991
1472.3	2.733025	9.005577	11.738602	22.662942
1472.4	6.464940	5.271223	11.736162	22.626410
1472.5	9.485963	2.253790	11.739753	22.517438
1472.6	7.883419	3.860725	11.744144	22.356479
1472.7	4.213588	7.529793	11.743381	22.174655
1472.8	3.645025	8.093810	11.738835	22.003167
1472.9	6.799554	4.937389	11.736943	21.863637
1473	9.147246	2.592945	11.740191	21.762677
1473.1	7.459795	4.284104	11.743899	21.692311
1473.2	4.187681	7.555274	11.742955	21.635693
1473.3	3.854861	7.883992	11.738852	21.575638
1473.4	6.755883	4.981476	11.737358	21.502582
1473.5	8.744031	2.996353	11.740384	21.418886
1473.6	7.157563	4.585943	11.743506	21.337900
1473.7	4.425672	7.316721	11.742393	21.278229
1473.8	4.416115	7.322755	11.738870	21.255464
1473.9	6.897503	4.840625	11.738129	21.274642
1474	8.005684	3.735527	11.741212	21.326441
1474.1	5.941173	5.802360	11.743533	21.388764
1474.2	3.666353	8.075167	11.741520	21.433382
1474.3	4.677246	7.060621	11.737867	21.435446
1474.4	7.854270	3.883563	11.737833	21.382581
1474.5	8.826174	2.915548	11.741722	21.280308
1474.6	6.087084	5.657166	11.744250	21.151784
1474.7	3.250033	8.491842	11.741875	21.031729
1474.8	4.113186	7.624664	11.737850	20.956381
1474.9	7.359216	4.378543	11.737759	20.952635
1475	8.384526	3.357139	11.741665	21.029800
1475.1	5.800546	5.943399	11.743945	21.176546
1475.2	3.457709	8.283507	11.741216	21.363899
1475.3	4.992138	6.745142	11.737280	21.553278
1475.4	8.483463	3.254457	11.737920	21.707016
1475.5	8.917115	2.825506	11.742621	21.798176
1475.6	5.282260	6.462659	11.744918	21.816873
1475.7	2.360449	9.380846	11.741296	21.771527
1475.8	4.344265	7.392116	11.736381	21.685097
1475.9	8.884439	2.852466	11.736905	21.587836
1476	9.984899	1.757498	11.742397	21.508953
1476.1	6.125290	5.620218	11.745508	21.469659
1476.2	2.517761	9.224168	11.741929	21.479334
1476.3	4.130853	7.605599	11.736452	21.535456
1476.4	8.818926	2.917713	11.736639	21.626705
1476.5	10.077326	1.665111	11.742437	21.737847
1476.6	5.932508	5.813478	11.745986	21.854674
1476.7	1.875100	9.867114	11.742214	21.967549
1476.8	3.577012	8.158938	11.735950	22.072791
1476.9	9.075517	2.660139	11.735656	22.171859
1477	11.138011	0.603973	11.741984	22.269006
1477.1	6.888335	4.858321	11.746656	22.368363
1477.2	1.794891	9.948544	11.743435	22.471434
1477.3	2.500202	9.236343	11.736545	22.575706
1477.4	7.984009	3.751099	11.735108	22.674671
1477.5	10.922030	0.818935	11.740965	22.759165
1477.6	7.465515	4.280715	11.746229	22.819615
1477.7	2.332319	9.411576	11.743894	22.848636
1477.8	2.395887	9.341328	11.737215	22.843364
1477.9	7.438101	4.297149	11.735250	22.806968
1478	10.515876	1.224745	11.740622	22.748885
1478.1	7.389258	4.356757	11.746015	22.683574
1478.2	2.252899	9.491200	11.744098	22.627835
1478.3	2.061902	9.675509	11.737411	22.597122
1478.4	7.152767	4.582145	11.734912	22.601606
1478.5	10.797538	0.942388	11.739926	22.642999
1478.6	8.221764	3.523982	11.745746	22.713101
1478.7	2.913008	8.831706	11.744714	22.794791
1478.8	1.835182	9.903233	11.738415	22.865515
1478.9	6.141039	5.594295	11.735334	22.902664
1479	9.862288	1.877085	11.739373	22.889509
1479.1	8.111470	3.633332	11.744802	22.820063
1479.2	3.568188	8.176048	11.744235	22.701346
1479.3	2.613984	9.124622	11.738606	22.552200
1479.4	6.597093	5.138587	11.735680	22.398774
1479.5	10.106249	1.633175	11.739424	22.267842
1479.6	8.398648	3.346095	11.744742	22.179861
1479.7	3.765033	7.979498	11.744531	22.143830
1479.8	2.322983	9.416230	11.739213	22.155468
1479.9	5.815386	5.920534	11.735921	22.199240
1480	9.520063	2.218706	11.738770	22.253466
1480.1	8.787618	2.955979	11.743596	22.296792
1480.2	5.096618	6.647355	11.743973	22.313854
1480.3	3.602933	8.136957	11.739890	22.298342
1480.4	5.978459	5.758839	11.737298	22.252631
1480.5	8.466026	3.273604	11.739631	22.184436
1480.6	7.463510	4.279748	11.743258	22.102045
1480.7	4.551709	7.191205	11.742914	22.010178
1480.8	4.035709	7.703443	11.739152	21.908248
1480.9	6.735368	5.002022	11.737390	21.791777
1481	8.859455	2.880691	11.740146	21.656415
1481.1	7.425386	4.318137	11.743522	21.502819
1481.2	4.456200	7.286606	11.742806	21.340174
1481.3	4.053334	7.685789	11.739124	21.186490
1481.4	6.583872	5.153889	11.737761	21.064971
1481.5	8.246893	3.493704	11.740597	20.997303
1481.6	6.581865	5.161587	11.743451	20.996050
1481.7	4.024877	7.717225	11.742102	21.058958
1481.8	4.400885	7.337525	11.738410	21.167547
1481.9	7.330915	4.406838	11.737753	21.291016
1482	8.606438	3.134867	11.741305	21.394625
1482.1	6.165679	5.578469	11.744148	21.450030
1482.2	3.227223	8.514885	11.742107	21.444155
1482.3	3.947120	7.790678	11.737798	21.383490
1482.4	7.523173	4.214021	11.737194	21.292116
1482.5	9.105457	2.635820	11.741278	21.203902
1482.6	6.479942	5.264525	11.744467	21.151350
1482.7	3.258475	8.483810	11.742286	21.154850
1482.8	3.946584	7.791128	11.737712	21.216057
1482.9	7.602958	4.134235	11.737193	21.317772
1483	9.019449	2.722159	11.741608	21.430427
1483.1	6.013998	5.730799	11.744797	21.522971
1483.2	2.720495	9.021529	11.742024	21.574284
1483.3	4.023735	7.713075	11.736810	21.581014
1483.4	8.606905	3.129502	11.736407	21.558889
1483.5	10.376687	1.365088	11.741775	21.536894
1483.6	6.696947	5.048930	11.745877	21.546241
1483.7	2.252635	9.490415	11.743050	21.608063
1483.8	2.968398	8.768476	11.736874	21.724320
1483.9	7.976755	3.758846	11.735601	21.875428
1484	10.614235	1.126779	11.741014	22.025809
1484.1	7.352959	4.392883	11.745841	22.135740
1484.2	2.652250	9.091238	11.743488	22.175565
1484.3	3.000511	8.736557	11.737069	22.137322
1484.4	8.057195	3.678157	11.735352	22.039560
1484.5	10.945992	0.794894	11.740887	21.923322
1484.6	7.503624	4.242736	11.746360	21.840286
1484.7	2.065530	9.678779	11.744309	21.836742
1484.8	1.840817	9.896425	11.737242	21.938615
1484.9	7.277270	4.457173	11.734443	22.142499
1485	11.350242	0.389386	11.739628	22.415721
1485.1	8.820042	2.925923	11.745965	22.705500
1485.2	3.118606	8.626581	11.745187	22.954270
1485.3	1.692175	10.046384	11.738558	23.116217
1485.4	6.102414	5.632613	11.735028	23.169779
1485.5	10.139220	1.599944	11.739163	23.122257
1485.6	8.327852	3.417299	11.745151	23.005402
1485.7	3.262152	8.482659	11.744810	22.863814
1485.8	1.943030	9.795630	11.738659	22.740314
1485.9	6.224186	5.510913	11.735099	22.663220
1486	10.327744	1.411231	11.738975	22.639589
1486.1	8.696365	3.048703	11.745068	22.656236
1486.2	3.482109	8.263102	11.745211	22.687546
1486.3	1.602252	10.137025	11.739277	22.706833
1486.4	5.458401	6.276819	11.735220	22.696893
1486.5	9.846711	1.891601	11.738312	22.655981
1486.6	9.051150	2.693063	11.744214	22.597255
1486.7	4.405141	7.339899	11.745040	22.542263
1486.8	2.239249	9.500711	11.739960	22.511210
1486.9	5.273595	6.462422	11.736016	22.513866
1487	9.173712	2.564696	11.738408	22.544665
1487.1	8.672783	3.070827	11.743610	22.583864
1487.2	4.684026	7.060442	11.744468	22.604370
1487.3	2.815318	8.924651	11.739969	22.581704
1487.4	5.619486	6.116884	11.736370	22.503407
1487.5	9.260349	2.478138	11.738487	22.374397
1487.6	8.909580	2.833696	11.743276	22.216261
1487.7	5.242734	6.501545	11.744279	22.060648
1487.8	3.242916	8.497537	11.740453	21.939056
1487.9	5.304084	6.433166	11.737250	21.872563
1488	8.242289	3.496569	11.738858	21.865059
1488.1	8.036542	3.706066	11.742608	21.902252
1488.2	5.380842	6.362250	11.743092	21.956673
1488.3	4.360636	7.379219	11.739855	21.996842
1488.4	6.444614	5.293191	11.737804	21.997337
1488.5	8.441983	3.298036	11.740019	21.946322
1488.6	7.218848	4.524476	11.743324	21.848121
1488.7	4.314397	7.428478	11.742876	21.720211
1488.8	3.816893	7.922263	11.739155	21.586031
1488.9	6.517595	5.219773	11.737368	21.466398
1489	8.698728	3.041333	11.740060	21.372692
1489.1	7.349013	4.394439	11.743452	21.304187
1489.2	4.433616	7.309140	11.742756	21.250304
1489.3	4.107049	7.631962	11.739011	21.196707
1489.4	6.759482	4.978185	11.737667	21.132784
1489.5	8.389110	3.351692	11.740801	21.057570
1489.6	6.335673	5.408308	11.743981	20.981802
1489.7	3.290097	8.452332	11.742429	20.925221
1489.8	3.701751	8.036212	11.737963	20.909984
1489.9	7.410393	4.326376	11.736769	20.952471
1490	9.524973	2.215819	11.740792	21.056374
1490.1	7.052146	4.692586	11.744732	21.209538
1490.2	3.196419	8.546739	11.743158	21.385778
1490.3	3.156777	8.581324	11.738101	21.551243
1490.4	6.981997	4.754479	11.736477	21.673397
1490.5	9.384816	2.355763	11.740579	21.729896
1490.6	6.998443	4.746303	11.744746	21.714674
1490.7	3.148697	8.594366	11.743063	21.639503
1490.8	3.372427	8.365250	11.737678	21.530698
1490.9	7.655301	4.080787	11.736088	21.422065
1491	10.173039	1.567770	11.740809	21.346234
1491.1	7.212247	4.533341	11.745588	21.326801
1491.2	2.528515	9.215207	11.743722	21.373305
1491.3	2.539473	9.197902	11.737375	21.480088
1491.4	7.579627	4.155375	11.735003	21.628951
1491.5	11.141136	0.598870	11.740006	21.794525
1491.6	8.450934	3.294972	11.745906	21.950728
1491.7	2.969118	8.775733	11.744851	22.076620
1491.8	1.910111	9.828085	11.738196	22.160377
1491.9	6.619456	5.115361	11.734817	22.200746
1492	10.734147	1.005087	11.739234	22.206012
1492.1	8.707632	3.037854	11.745486	22.191068
1492.2	3.287949	8.457166	11.745114	22.173452
1492.3	1.843863	9.894702	11.738565	22.169289
1492.4	6.425831	5.308819	11.734650	22.189985
1492.5	10.939927	0.798783	11.738710	22.240236
1492.6	9.281567	2.463839	11.745406	22.317670
1492.7	3.523384	8.222465	11.745849	22.414095
1492.8	1.169468	10.570009	11.739477	22.518010
1492.9	5.181676	6.553072	11.734747	22.617761
1493	10.141157	1.596631	11.737788	22.704529
1493.1	9.579611	2.164717	11.744329	22.774315
1493.2	4.531251	7.214369	11.745619	22.828339
1493.3	1.895343	9.844850	11.740193	22.871633
1493.4	5.039030	6.696577	11.735607	22.910229
1493.5	9.402877	2.335178	11.738055	22.947815
1493.6	8.882949	2.861103	11.744052	22.983045
1493.7	4.157249	7.588087	11.745336	23.008615
1493.8	1.688076	10.052050	11.740126	23.012712
1493.9	4.912338	6.823101	11.735439	22.982664
1494	9.625498	2.112028	11.737526	22.909798
1494.1	9.689113	2.054410	11.743523	22.793908
1494.2	5.200235	6.545248	11.745483	22.645663
1494.3	2.155242	9.585830	11.741072	22.485771
1494.4	4.325253	7.411174	11.736427	22.340728
1494.5	8.437391	3.300239	11.737631	22.236121
1494.6	8.928691	2.813949	11.742640	22.189402
1494.7	5.485416	6.259041	11.744456	22.204414
1494.8	3.139883	8.600911	11.740794	22.269559
1494.9	5.155875	6.581061	11.736936	22.360410
1495	8.656697	3.081509	11.738206	22.446160
1495.1	8.808582	2.934124	11.742706	22.498023
1495.2	5.505986	6.238210	11.744196	22.496985
1495.3	3.340115	8.400660	11.740776	22.438478
1495.4	5.163468	6.573833	11.737300	22.332540
1495.5	8.305368	3.433081	11.738449	22.199544
1495.6	8.498393	3.243956	11.742350	22.063055
1495.7	5.780474	5.963019	11.743493	21.942338
1495.8	4.152486	7.588053	11.740539	21.847088
1495.9	5.756665	5.981308	11.737972	21.776102
1496	7.956081	3.783420	11.739501	21.720106
1496.1	7.343517	4.399237	11.742754	21.667409
1496.2	4.777765	6.965038	11.742803	21.610000
1496.3	4.157228	7.582163	11.739391	21.547549
1496.4	6.679741	5.057696	11.737437	21.487637
1496.5	8.887970	2.852028	11.739999	21.442041
1496.6	7.476573	4.267126	11.743700	21.420551
1496.7	4.124690	7.618622	11.743313	21.424888
1496.8	3.361261	8.377934	11.739195	21.445434
1496.9	6.251232	5.485774	11.737006	21.462542
1497	8.775099	2.964746	11.739845	21.452470
1497.1	7.373767	4.370008	11.743776	21.396143
1497.2	4.005795	7.737411	11.743206	21.287628
1497.3	3.507874	8.230931	11.738806	21.139033
1497.4	6.754268	4.982515	11.736783	20.979541
1497.5	9.209304	2.530935	11.740239	20.848292
1497.6	7.162218	4.582356	11.744574	20.783022
1497.7	3.112769	8.630866	11.743635	20.808057
1497.8	2.616906	9.121448	11.738354	20.925727
1497.9	6.639710	5.096099	11.735809	21.114347
1498	9.963963	1.775649	11.739612	21.333760
1498.1	8.143028	3.601724	11.744753	21.536934
1498.2	3.642900	8.101342	11.744243	21.683933
1498.3	2.615382	9.123341	11.738723	21.753680
1498.4	6.486834	5.248944	11.735778	21.749589
1498.5	9.875651	1.863947	11.739598	21.697161
1498.6	7.916402	3.828637	11.745039	21.634366
1498.7	3.107757	8.636710	11.744466	21.598144
1498.8	2.148397	9.589899	11.738295	21.611697
1498.9	6.786774	4.947990	11.734765	21.676993
1499	11.125075	0.613820	11.738895	21.775074
1499.1	9.335237	2.410235	11.745472	21.874032
1499.2	3.575201	8.170591	11.745792	21.941755
1499.3	1.327691	10.411635	11.739327	21.958858
1499.4	5.509676	6.224907	11.734583	21.927077
1499.5	10.558932	1.178878	11.737810	21.869969
1499.6	9.823976	1.920669	11.744645	21.825478
1499.7	4.411681	7.334272	11.745953	21.832813
1499.8	1.637014	10.103060	11.740074	21.918166
1499.9	5.173373	6.561622	11.734995	22.084298
1500	10.152578	1.584991	11.737569	22.307768
1500.1	9.773820	1.970483	11.744303	22.544996
1500.2	4.480259	7.265844	11.746104	22.745315
1500.3	1.351934	10.388596	11.740530	22.866745
1500.4	4.583962	7.151073	11.735035	22.889276
1500.5	9.883949	1.852974	11.736923	22.821225
1500.6	10.253779	1.489833	11.743612	22.696594
1500.7	5.295499	6.450723	11.746222	22.564326
1500.8	1.585140	10.156345	11.741485	22.473060
1500.9	3.804958	7.930959	11.735916	22.456380
1501	8.656314	3.080545	11.736859	22.523277
1501.1	9.565277	2.177429	11.742706	22.656692
1501.2	5.563177	6.182206	11.745382	22.820220
1501.3	2.337703	9.403699	11.741402	22.970378
1501.4	4.307259	7.429145	11.736404	23.070135
1501.5	8.666068	3.071188	11.737255	23.099225
1501.6	9.375241	2.367478	11.742719	23.058113
1501.7	5.438708	6.306607	11.745314	22.964865
1501.8	2.172818	9.568746	11.741565	22.846627
1501.9	3.934881	7.801695	11.736576	22.729195
1502	8.329246	3.407704	11.736950	22.628546
1502.1	9.617861	2.124071	11.741931	22.547216
1502.2	6.435949	5.308792	11.744740	22.476442
1502.3	3.321519	8.420380	11.741899	22.402749
1502.4	4.314579	7.423090	11.737668	22.316064
1502.5	7.624606	4.113238	11.737844	22.215978
1502.6	8.487597	3.254227	11.741824	22.113584
1502.7	5.884693	5.859112	11.743805	22.028124
1502.8	3.740561	8.000497	11.741058	21.979692
1502.9	5.214947	6.522641	11.737588	21.980790
1503	8.281734	3.456575	11.738309	22.030016
1503.1	8.699546	3.042599	11.742146	22.110389
1503.2	5.992065	5.751648	11.743713	22.193172
1503.3	3.988116	7.752859	11.740975	22.246034
1503.4	5.320569	6.417424	11.737993	22.242829
1503.5	7.787657	3.951346	11.739003	22.171675
1503.6	7.681263	4.061105	11.742368	22.038592
1503.7	5.206785	6.536240	11.743025	21.865512
1503.8	4.171135	7.568748	11.739883	21.683389
1503.9	6.364031	5.373491	11.737522	21.522796
1504	8.747077	2.992556	11.739633	21.405151
1504.1	7.669165	4.074347	11.743511	21.337410
1504.2	4.244753	7.498874	11.743627	21.311760
1504.3	3.109022	8.630471	11.739493	21.310098
1504.4	5.995382	5.741289	11.736670	21.311459
1504.5	9.093872	2.645295	11.739167	21.299672
1504.6	8.143312	3.600385	11.743697	21.268585
1504.7	4.375525	7.368500	11.744025	21.223228
1504.8	2.953075	8.786550	11.739625	21.176769
1504.9	5.839643	5.896949	11.736592	21.144627
1505	8.959055	2.780203	11.739257	21.138026
1505.1	7.786755	3.957254	11.744009	21.159379
1505.2	3.774863	7.969245	11.744107	21.201124
1505.3	2.565665	9.173436	11.739102	21.248354
1505.4	6.178250	5.557528	11.735778	21.284256
1505.5	9.923203	1.815747	11.738950	21.296385
1505.6	8.600955	3.143653	11.744607	21.281598
1505.7	3.727602	8.017476	11.745079	21.247963
1505.8	1.766119	9.973380	11.739499	21.212978
1505.9	5.456214	6.279040	11.735254	21.198681
1506	9.961018	1.777089	11.738107	21.225166
1506.1	9.275647	2.468630	11.744277	21.304466
1506.2	4.379656	7.365744	11.745400	21.436584
1506.3	2.004644	9.735241	11.739885	21.608735
1506.4	5.503198	6.232028	11.735226	21.797940
1506.5	10.167039	1.570872	11.737912	21.976170
1506.6	9.510807	2.233679	11.744486	22.116675
1506.7	4.160932	7.585094	11.746026	22.199933
1506.8	1.245881	10.494309	11.740190	22.217867
1506.9	4.892800	6.841789	11.734589	22.175502
1507	10.549731	1.186988	11.736719	22.089851
1507.1	10.885073	0.858820	11.743893	21.986377
1507.2	5.486507	6.260228	11.746735	21.893840
1507.3	1.400256	10.341375	11.741631	21.838566
1507.4	3.783034	7.952440	11.735474	21.839274
1507.5	9.164789	2.571590	11.736378	21.903447
1507.6	10.256863	1.486030	11.742893	22.026001
1507.7	5.734075	6.012054	11.746129	22.190570
1507.8	1.858520	9.883266	11.741787	22.373198
1507.9	3.916886	7.818949	11.735836	22.547701
1508	9.114518	2.621815	11.736334	22.691482
1508.1	10.429518	1.313064	11.742582	22.790412
1508.2	6.079099	5.667097	11.746195	22.841491
1508.3	1.822576	9.919867	11.742444	22.852552
1508.4	3.161995	8.574473	11.736468	22.839057
1508.5	8.078478	3.657704	11.736182	22.818887
1508.6	9.968676	1.773000	11.741676	22.806673
1508.7	6.556169	5.189227	11.745396	22.809453
1508.8	2.697460	9.045050	11.742509	22.825023
1508.9	3.563458	8.173785	11.737243	22.843560
1509	7.694231	4.042601	11.736832	22.851949
1509.1	9.262520	2.479121	11.741641	22.839322
1509.2	6.156064	5.588849	11.744914	22.801802
1509.3	2.747301	8.994875	11.742176	22.744657
1509.4	3.766597	7.970650	11.737248	22.680934
1509.5	7.856106	3.880732	11.736838	22.626866
1509.6	9.547916	2.193471	11.741387	22.595614
1509.7	6.726875	5.017809	11.744684	22.591562
1509.8	3.318985	8.423477	11.742462	22.607400
1509.9	3.775090	7.962925	11.738015	22.625309
1510	7.142655	4.594712	11.737367	22.622170
1510.1	8.729607	3.011405	11.741013	22.577242
1510.2	6.691309	5.052304	11.743613	22.479768
1510.3	4.301024	7.440657	11.741680	22.333802
1510.4	5.034605	6.703691	11.738295	22.158410
1510.5	7.655228	4.083220	11.738447	21.982895
1510.6	8.185416	3.556449	11.741865	21.838432
1510.7	5.747296	5.996220	11.743516	21.748791
1510.8	3.854597	7.886307	11.740904	21.723215
1510.9	5.345834	6.391862	11.737695	21.753846
1511	8.245906	3.492591	11.738497	21.818562
1511.1	8.512821	3.229418	11.742239	21.888233
1511.2	5.791635	5.952004	11.743639	21.935844
1511.3	3.951381	7.789347	11.740728	21.944356
1511.4	5.560988	6.176743	11.737732	21.910617
1511.5	8.153502	3.585572	11.739074	21.844140
1511.6	7.719081	4.023856	11.742937	21.761456
1511.7	4.583823	7.159830	11.743653	21.678375
1511.8	3.218014	8.521793	11.739807	21.603279
1511.9	5.949431	5.787156	11.736587	21.534132
1512	9.356718	2.382007	11.738725	21.460435
1512.1	8.707641	3.036030	11.743670	21.369402
1512.2	4.571538	7.173211	11.744749	21.253880
1512.3	2.342271	9.398049	11.740320	21.118700
1512.4	4.988632	6.747654	11.736285	20.982571
1512.5	8.888119	2.850045	11.738164	20.874226
1512.6	8.669198	3.074225	11.743422	20.823672
1512.7	4.615067	7.129708	11.744775	20.851413
1512.8	2.397591	9.342619	11.740210	20.959539
1512.9	5.281094	6.454866	11.735960	21.128195
1513	9.439387	2.298679	11.738065	21.319261
1513.1	9.032218	2.711690	11.743909	21.486603
1513.2	4.309769	7.435740	11.745509	21.589848
1513.3	1.568672	10.171728	11.740401	21.607230
1513.4	4.710829	7.024445	11.735274	21.543092
1513.5	9.773166	1.963936	11.737103	21.427294
1513.6	10.061985	1.681619	11.743604	21.306412
1513.7	5.169097	6.577008	11.746105	21.229385
1513.8	1.648797	10.092404	11.741201	21.232245
1513.9	4.251437	7.484030	11.735467	21.326921
1514	9.470388	2.266287	11.736675	21.497839
1514.1	10.214719	1.528530	11.743249	21.707425
1514.2	5.415582	6.330701	11.746283	21.908628
1514.3	1.574862	10.166686	11.741548	22.060205
1514.4	4.039476	7.695840	11.735316	22.139627
1514.5	9.703312	2.032704	11.736017	22.149298
1514.6	11.041443	0.701435	11.742878	22.114129
1514.7	6.160205	5.586649	11.746854	22.071512
1514.8	1.394330	10.348340	11.742669	22.057359
1514.9	2.936869	8.798980	11.735849	22.093154
1515	8.677342	3.057984	11.735326	22.178596
1515.1	11.098437	0.643164	11.741601	22.292329
1515.2	7.247064	4.499198	11.746262	22.400423
1515.3	2.441855	9.301468	11.743323	22.469501
1515.4	2.958676	8.778379	11.737054	22.479779
1515.5	7.705520	4.030434	11.735955	22.433342
1515.6	9.991405	1.749870	11.741274	22.354657
1515.7	6.719598	5.025974	11.745572	22.283045
1515.8	2.468905	9.274073	11.742978	22.259660
1515.9	3.115026	8.622058	11.737084	22.313413
1516	7.838584	3.897312	11.735897	22.450643
1516.1	10.320336	1.420635	11.740971	22.652036
1516.2	7.303035	4.442434	11.745469	22.877810
1516.3	2.846655	8.896865	11.743520	23.079380
1516.4	2.706802	9.031198	11.738000	23.213629
1516.5	6.677623	5.058718	11.736342	23.255105
1516.6	9.199419	2.541016	11.740434	23.202343
1516.7	7.064829	4.679554	11.744382	23.076573
1516.8	3.570336	8.172493	11.742830	22.913675
1516.9	3.686027	8.052155	11.738182	22.752419
1517	7.179089	4.557904	11.736993	22.623042
1517.1	9.126129	2.614708	11.740836	22.539849
1517.2	6.835234	4.909084	11.744318	22.499848
1517.3	3.488257	8.254426	11.742683	22.487226
1517.4	3.631020	8.107270	11.738290	22.481477
1517.5	6.955177	4.781969	11.737146	22.465867
1517.6	8.927495	2.813081	11.740576	22.433126
1517.7	7.132894	4.610756	11.743650	22.386517
1517.8	4.403880	7.338369	11.742249	22.336320
1517.9	4.586105	7.152589	11.738693	22.293542
1518	7.137452	4.600722	11.738174	22.263624
1518.1	8.149177	3.592121	11.741298	22.242831
1518.2	6.117945	5.625410	11.743355	22.218831
1518.3	4.116805	7.624416	11.741220	22.175327
1518.4	5.281840	6.456089	11.737929	22.098932
1518.5	8.145829	3.592519	11.738348	21.985614
1518.6	8.606426	3.135674	11.742100	21.844124
1518.7	5.823898	5.920020	11.743918	21.694902
1518.8	3.600718	8.140383	11.741100	21.564601
1518.9	5.090489	6.647025	11.737514	21.477970
1519	8.235254	3.503025	11.738279	21.449829
1519.1	8.529062	3.213385	11.742448	21.479850
1519.2	5.412704	6.331423	11.744127	21.551970
1519.3	3.254851	8.485894	11.740745	21.638648
1519.4	5.275680	6.461242	11.736923	21.708623
1519.5	8.807984	2.930225	11.738209	21.735668
1519.6	8.761115	2.982049	11.743164	21.705613
1519.7	4.777672	6.967310	11.744982	21.619559
1519.8	2.096215	9.644606	11.740821	21.492517
1519.9	4.548479	7.187568	11.736047	21.348187
1520	9.126396	2.610777	11.737173	21.211790
1520.1	9.785329	1.957567	11.742896	21.103293
1520.2	5.592202	6.153402	11.745605	21.033056
1520.3	2.117225	9.624416	11.741641	21.000975
1520.4	3.957168	7.779220	11.736388	20.998953
1520.5	8.459227	3.277813	11.737039	21.015478
1520.6	9.307667	2.435050	11.742717	21.040543
1520.7	5.229464	6.516068	11.745532	21.069207
1520.8	1.896406	9.844958	11.741365	21.102747
1520.9	4.215359	7.520364	11.735723	21.147232
1521	9.415653	2.320778	11.736431	21.210263
1521.1	10.531023	1.211863	11.742886	21.297122
1521.2	5.814247	5.932322	11.746569	21.407689
1521.3	1.338773	10.403648	11.742421	21.535126
1521.4	3.033311	8.702491	11.735802	21.666719
1521.5	8.720886	3.014584	11.735470	21.786585
1521.6	10.936365	0.805483	11.741848	21.879492
1521.7	6.865951	4.880455	11.746406	21.934730
1521.8	2.090479	9.652602	11.743081	21.949078
1521.9	3.071456	8.664955	11.736411	21.928146
1522	8.464281	3.271145	11.735425	21.885759
1522.1	10.944914	0.796568	11.741482	21.841468
1522.2	7.087821	4.658619	11.746439	21.816631
1522.3	1.998904	9.744704	11.743609	21.829806
1522.4	2.484673	9.252053	11.736727	21.892362
1522.5	7.953838	3.781086	11.734924	22.005286
1522.6	11.234199	0.506331	11.740529	22.158040
1522.7	8.121754	3.624317	11.746071	22.329957
1522.8	2.841445	8.902907	11.744352	22.494203
1522.9	2.256233	9.481705	11.737937	22.623630
1523	6.777099	4.958346	11.735444	22.697296
1523.1	10.113624	1.626305	11.739929	22.706022
1523.2	7.898214	3.846845	11.745059	22.655410
1523.3	3.396526	8.347407	11.743933	22.565251
1523.4	2.794901	8.943437	11.738338	22.465154
1523.5	6.755733	4.980291	11.736024	22.387309
1523.6	9.714708	2.025340	11.740048	22.358249
1523.7	7.607520	4.137276	11.744795	22.391880
1523.8	3.336455	8.407362	11.743817	22.485848
1523.9	2.669535	9.069024	11.738559	22.622399
1524	6.400422	5.335745	11.736167	22.773543
1524.1	9.453008	2.286683	11.739691	22.909002
1524.2	7.888362	3.855805	11.744166	23.004501
1524.3	4.083756	7.659875	11.743630	23.047833
1524.4	3.198383	8.540789	11.739172	23.040839
1524.5	6.094743	5.642336	11.737079	22.996796
1524.6	8.461762	3.278261	11.740023	22.934268
1524.7	7.030880	4.712711	11.743591	22.869692
1524.8	4.051288	7.691409	11.742697	22.811377
1524.9	3.931508	7.807170	11.738677	22.757107
1525	6.977811	4.759433	11.737244	22.696180
1525.1	9.020321	2.720089	11.740410	22.615112
1525.2	7.293780	4.449982	11.743761	22.504786
1525.3	4.235855	7.506886	11.742741	22.366268
1525.4	3.974648	7.764315	11.738963	22.212866
1525.5	6.594109	5.143646	11.737755	22.067386
1525.6	8.238134	3.502449	11.740583	21.955271
1525.7	6.727441	5.015692	11.743133	21.895928
1525.8	4.595648	7.146001	11.741648	21.895337
1525.9	5.254608	6.483779	11.738387	21.942736
1526	7.882392	3.855950	11.738342	22.012819
1526.1	8.493101	3.248799	11.741901	22.072995
1526.2	5.780740	5.963283	11.744023	22.093372
1526.3	3.323873	8.417501	11.741374	22.056131
1526.4	4.718657	7.018684	11.737341	21.961058
1526.5	8.337111	3.400465	11.737576	21.825256
1526.6	9.283200	2.458813	11.742013	21.677149
1526.7	6.141652	5.602992	11.744644	21.546822
1526.8	3.138233	8.603508	11.741741	21.456123
1526.9	4.426057	7.311161	11.737218	21.411993
1527	8.235571	3.501850	11.737421	21.405345
1527.1	9.146451	2.595815	11.742266	21.415779
1527.2	5.614664	6.130413	11.745077	21.420280
1527.3	2.361960	9.379750	11.741710	21.402564
1527.4	4.034681	7.701835	11.736516	21.359499
1527.5	8.650752	3.085905	11.736657	21.302090
1527.6	10.004293	1.737945	11.742238	21.250596
1527.7	6.063664	5.682185	11.745849	21.225591
1527.8	1.948018	9.794482	11.742500	21.238411
1527.9	3.170820	8.565733	11.736553	21.284833
1528	8.138276	3.597732	11.736008	21.344711
1528.1	10.176469	1.565186	11.741655	21.388187
1528.2	6.534201	5.211660	11.745861	21.386570
1528.3	2.182186	9.560680	11.742866	21.324107
1528.4	3.111907	8.624789	11.736696	21.206256
1528.5	8.125614	3.610200	11.735813	21.061104
1528.6	10.345786	1.395791	11.741577	20.932818
1528.7	6.564851	5.181364	11.746215	20.868830
1528.8	1.779229	9.964034	11.743263	20.904765
1528.9	2.591241	9.145206	11.736447	21.052114
1529	8.241857	3.493008	11.734865	21.292945
1529.1	11.425504	0.315278	11.740782	21.583712
1529.2	7.957703	3.788769	11.746472	21.867225
1529.3	2.381024	9.363443	11.744467	22.089087
1529.4	1.953379	9.784132	11.737511	22.213369
1529.5	7.039838	4.695014	11.734852	22.232487
1529.6	10.749985	0.989885	11.739871	22.168165
1529.7	8.228762	3.516905	11.745667	22.063315
1529.8	3.084861	8.659576	11.744437	21.967659
1529.9	2.397595	9.340345	11.737941	21.921941
1530	7.141378	4.593633	11.735011	21.945932
1530.1	10.923795	0.815824	11.739619	22.034004
1530.2	8.621992	3.123610	11.745602	22.159418
1530.3	3.222255	8.522772	11.745027	22.285456
1530.4	1.756702	9.982063	11.738765	22.379278
1530.5	5.956251	5.778884	11.735135	22.423578
1530.6	10.154461	1.584242	11.738704	22.422053
1530.7	8.999542	2.744880	11.744422	22.397001
1530.8	4.418264	7.326456	11.744720	22.380160
1530.9	2.645331	9.094298	11.739630	22.400264
1531	5.714314	6.022020	11.736334	22.471875
1531.1	9.014377	2.724794	11.739171	22.589462
1531.2	7.898631	3.845299	11.743929	22.728811
1531.3	4.028504	7.715433	11.743936	22.855162
1531.4	2.867077	8.872183	11.739260	22.935164
1531.5	6.055971	5.680439	11.736410	22.948410
1531.6	9.238070	2.501189	11.739259	22.894575
1531.7	8.131095	3.612743	11.743838	22.793721
1531.8	4.329682	7.414278	11.743960	22.679807
1531.9	2.953460	8.786215	11.739675	22.589685
1532	5.619631	6.117317	11.736948	22.551388
1532.1	8.460453	3.278858	11.739311	22.575583
1532.2	7.666151	4.077039	11.743191	22.652870
1532.3	4.659082	7.084074	11.743156	22.757519
1532.4	3.826487	7.913004	11.739491	22.856055
1532.5	6.263015	5.474527	11.737542	22.917603
1532.6	8.371673	3.368364	11.740037	22.922497
1532.7	7.115241	4.628068	11.743309	22.866529
1532.8	4.346834	7.395793	11.742627	22.759895
1532.9	4.111309	7.627643	11.738952	22.621788
1533	6.842286	4.895244	11.737530	22.473004
1533.1	8.737236	3.003157	11.740394	22.329406
1533.2	7.181263	4.562201	11.743464	22.198483
1533.3	4.472432	7.269947	11.742379	22.079869
1533.4	4.513466	7.225291	11.738756	21.969123
1533.5	7.175182	4.562728	11.737909	21.862809
1533.6	8.438377	3.302800	11.741177	21.762557
1533.7	6.233477	5.510352	11.743829	21.676286
1533.8	3.644836	8.096915	11.741751	21.615977
1533.9	4.675560	7.061999	11.737560	21.592841
1534	8.360459	3.376784	11.737244	21.611765
1534.1	9.702608	2.039098	11.741706	21.667306
1534.2	6.526147	5.218931	11.745079	21.742972
1534.3	2.796174	8.946432	11.742606	21.814378
1534.4	3.470339	8.267062	11.737402	21.855444
1534.5	7.681383	4.055102	11.736485	21.845735
1534.6	9.722335	2.018851	11.741186	21.776573
1534.7	6.779904	4.965207	11.745111	21.653933
1534.8	2.896647	8.846135	11.742782	21.497177
1534.9	3.523671	8.213621	11.737291	21.334016
1535	7.937654	3.798618	11.736272	21.193241
1535.1	10.012616	1.728790	11.741406	21.097416
1535.2	6.569460	5.176376	11.745836	21.057611
1535.3	1.971184	9.772156	11.743340	21.071540
1535.4	2.447973	9.288994	11.736967	21.125370
1535.5	7.616531	4.118665	11.735196	21.198366
1535.6	10.758856	0.981672	11.740527	21.268842
1535.7	7.733718	4.012220	11.745938	21.319650
1535.8	2.584707	9.159513	11.744220	21.341814
1535.9	2.166793	9.570926	11.737719	21.335596
1536	6.929154	4.806075	11.735229	21.309093
1536.1	10.314017	1.426095	11.740111	21.275098
1536.2	7.660406	4.085287	11.745693	21.247308
1536.3	2.586199	9.158078	11.744277	21.236921
1536.4	2.134711	9.602933	11.737644	21.250412
1536.5	7.174766	4.559994	11.734760	21.288800
1536.6	11.071047	0.668630	11.739677	21.348368
1536.7	8.543602	3.202349	11.745951	21.422449
1536.8	2.833994	8.911205	11.745199	21.503723
1536.9	1.479640	10.258708	11.738348	21.586439
1537	6.297571	5.436865	11.734436	21.668026
1537.1	10.979168	0.759404	11.738572	21.749653
1537.2	9.485641	2.259550	11.745192	21.835559
1537.3	3.984212	7.761373	11.745585	21.931197
1537.4	1.792713	9.946760	11.739474	22.040604
1537.5	5.592465	6.142698	11.735163	22.163684
1537.6	10.051334	1.686949	11.738283	22.294303
1537.7	9.178930	2.565464	11.744393	22.420031
1537.8	4.329958	7.415244	11.745202	22.524012
1537.9	2.165641	9.574118	11.739758	22.588874
1538	5.581046	6.154467	11.735514	22.601850
1538.1	9.925356	1.812766	11.738122	22.559692
1538.2	9.410103	2.333846	11.743949	22.471762
1538.3	4.829882	6.915343	11.745225	22.359930
1538.4	2.254349	9.486173	11.740522	22.254751
1538.5	4.781057	6.955305	11.736362	22.188498
1538.6	8.633726	3.104419	11.738145	22.186757
1538.7	8.607854	3.135164	11.743019	22.260949
1538.8	5.109831	6.634341	11.744172	22.404156
1538.9	3.239466	8.500800	11.740266	22.591807
1539	5.546685	6.190303	11.736987	22.787404
1539.1	8.616190	3.122752	11.738942	22.951874
1539.2	8.009055	3.734268	11.743323	23.053917
1539.3	4.478807	7.265181	11.743989	23.078273
1539.4	2.855559	8.884467	11.740025	23.029353
1539.5	5.329843	6.407041	11.736884	22.929093
1539.6	8.522989	3.215754	11.738743	22.809706
1539.7	8.254734	3.488116	11.742850	22.703644
1539.8	5.218904	6.524662	11.743566	22.634007
1539.9	3.750876	7.989336	11.740213	22.608440
1540	5.665606	6.072154	11.737760	22.618391
1540.1	7.901848	3.837777	11.739625	22.643738
1540.2	7.116761	4.626141	11.742902	22.660976
1540.3	4.530246	7.212436	11.742683	22.651937
1540.4	4.108239	7.630936	11.739175	22.609929
1540.5	6.748623	4.988824	11.737447	22.541133
1540.6	8.850672	2.889470	11.740143	22.460921
1540.7	7.400100	4.343475	11.743575	22.386626
1540.8	4.355642	7.387227	11.742869	22.329632
1540.9	3.993668	7.745274	11.738941	22.289947
1541	6.846272	4.891074	11.737347	22.255482
1541.1	8.849604	2.890821	11.740424	22.206511
1541.2	7.075871	4.667966	11.743837	22.123757
1541.3	4.012776	7.729820	11.742596	21.997128
1541.4	4.171163	7.567101	11.738264	21.831697
1541.5	7.593607	4.143416	11.737024	21.648427
1541.6	9.487902	2.253081	11.740983	21.478989
1541.7	6.849438	4.895421	11.744859	21.356183
1541.8	2.963218	8.779836	11.743055	21.303176
1541.9	3.212397	8.525229	11.737626	21.325333
1542	7.616356	4.119521	11.735876	21.407643
1542.1	10.434438	1.306013	11.740450	21.518837
1542.2	7.772462	3.972960	11.745422	21.620947
1542.3	2.998850	8.745246	11.744096	21.681111
1542.4	2.394248	9.343912	11.738160	21.681563
1542.5	6.687046	5.048552	11.735598	21.624363
1542.6	9.977717	1.762195	11.739911	21.529271
1542.7	7.708960	4.036271	11.745231	21.425588
1542.8	2.946400	8.797797	11.744197	21.340996
1542.9	2.306053	9.432001	11.738054	21.291484
1543	6.894979	4.840171	11.735151	21.276084
1543.1	10.602818	1.136823	11.739642	21.278361
1543.2	8.270361	3.475306	11.745667	21.274114
1543.3	2.781616	8.963484	11.745100	21.242385
1543.4	1.367844	10.370702	11.738546	21.175586
1543.5	5.939709	5.794967	11.734677	21.084738
1543.6	10.463860	1.274768	11.738627	20.997555
1543.7	9.012654	2.732410	11.745064	20.949675
1543.8	3.698189	8.047157	11.745345	20.971936
1543.9	1.785281	9.953886	11.739168	21.078175
1544	5.860117	5.874848	11.734965	21.258077
1544.1	10.332687	1.405808	11.738495	21.477980
1544.2	9.016383	2.728637	11.745020	21.689842
1544.3	3.555201	8.190468	11.745669	21.845710
1544.4	1.298463	10.440949	11.739412	21.913009
1544.5	5.448386	6.286121	11.734507	21.885523
1544.6	10.719856	1.017609	11.737465	21.786251
1544.7	10.329279	1.415108	11.744387	21.660985
1544.8	4.932842	6.813384	11.746226	21.564523
1544.9	1.619821	10.120984	11.740805	21.543913
1545	4.471324	7.264168	11.735492	21.624110
1545.1	9.366105	2.371082	11.737187	21.800627
1545.2	9.765535	1.977716	11.743251	22.041423
1545.3	5.443046	6.302358	11.745404	22.297240
1545.4	2.470341	9.270624	11.740964	22.516833
1545.5	4.817845	6.918353	11.736198	22.662077
1545.6	9.109141	2.628428	11.737569	22.718136
1545.7	9.437643	2.305402	11.743045	22.695700
1545.8	5.414081	6.331048	11.745129	22.625051
1545.9	2.512549	9.228583	11.741132	22.544427
1546	4.524019	7.212591	11.736609	22.486942
1546.1	8.552265	3.185324	11.737589	22.470539
1546.2	9.175512	2.566962	11.742474	22.494158
1546.3	5.795133	5.949422	11.744555	22.540976
1546.4	3.146183	8.595097	11.741280	22.587042
1546.5	4.615503	7.121957	11.737460	22.611841
1546.6	7.768427	3.969897	11.738324	22.606811
1546.7	8.055343	3.687002	11.742345	22.578764
1546.8	5.227873	6.515804	11.743677	22.547142
1546.9	3.496478	8.243996	11.740473	22.536301
1547	5.441603	6.295758	11.737362	22.565788
1547.1	8.365665	3.373133	11.738798	22.642200
1547.2	8.141710	3.601087	11.742797	22.755581
1547.3	5.029548	6.714242	11.743790	22.881602
1547.4	3.280814	8.459642	11.740455	22.988708
1547.5	5.181727	6.555758	11.737485	23.047734
1547.6	7.954370	3.784544	11.738914	23.040663
1547.7	7.792545	3.949957	11.742501	22.965683
1547.8	5.221957	6.521098	11.743055	22.837014
1547.9	4.195483	7.544395	11.739878	22.679857
1548	6.298825	5.438901	11.737726	22.522401
1548.1	8.408843	3.331065	11.739908	22.387702
1548.2	7.218509	4.524883	11.743392	22.288057
1548.3	4.179140	7.563883	11.743023	22.223441
1548.4	3.659323	8.079671	11.738994	22.184056
1548.5	6.722108	5.014751	11.736859	22.155604
1548.6	9.352251	2.387545	11.739796	22.125110
1548.7	7.912020	3.831890	11.743910	22.085133
1548.8	4.334022	7.409440	11.743463	22.035048
1548.9	3.609965	8.128997	11.738962	21.979292
1549	6.813617	4.923096	11.736713	21.923673
1549.1	9.401382	2.338701	11.740084	21.871485
1549.2	7.455563	4.288985	11.744547	21.821167
1549.3	3.368994	8.374709	11.743703	21.766506
1549.4	2.855332	8.882953	11.738285	21.699327
1549.5	7.044863	4.690712	11.735575	21.613601
1549.6	10.546249	1.193320	11.739568	21.509298
1549.7	8.520733	3.224488	11.745221	21.394385
1549.8	3.376513	8.368449	11.744962	21.284032
1549.9	1.807443	9.931521	11.738964	21.197066
1550	5.872432	5.862725	11.735157	21.150712
1550.1	10.126430	1.612215	11.738645	21.155273
1550.2	8.864707	2.880035	11.744742	21.210419
1550.3	3.821149	7.924055	11.745204	21.304298
1550.4	1.855337	9.884058	11.739396	21.415762
1550.5	5.644490	6.090744	11.735233	21.519092
1550.6	9.984124	1.754344	11.738468	21.589936
1550.7	8.823161	2.921623	11.744783	21.610854
1550.8	3.571291	8.174241	11.745532	21.575142
1550.9	1.339543	10.399950	11.739493	21.488083
1551	5.345419	6.389271	11.734689	21.365531
1551.1	10.428014	1.309641	11.737655	21.230353
1551.2	9.849932	1.894633	11.744565	21.107646
1551.3	4.326250	7.420018	11.746268	21.019835
1551.4	1.121342	10.619187	11.740529	20.982598
1551.5	4.377863	7.357154	11.735017	21.002348
1551.6	9.646536	2.090469	11.737005	21.075609
1551.7	9.927093	1.816573	11.743666	21.190322
1551.8	5.045563	6.700412	11.745975	21.328764
1551.9	1.770139	9.970751	11.740891	21.471504
1552	4.608596	7.126773	11.735369	21.601576
1552.1	9.745975	1.990931	11.736906	21.707996
1552.2	10.236247	1.507205	11.743453	21.787753
1552.3	5.362151	6.384089	11.746239	21.845735
1552.4	1.569339	10.172234	11.741574	21.892522
1552.5	3.834333	7.901348	11.735681	21.940557
1552.6	9.125737	2.610525	11.736263	21.999760
1552.7	10.594557	1.147745	11.742302	22.073935
1552.8	6.648641	5.097078	11.745719	22.159192
1552.9	2.754434	8.987865	11.742300	22.245086
1553	3.881193	7.855849	11.737042	22.318271
1553.1	8.011556	3.725484	11.737040	22.367617
1553.2	9.283164	2.458759	11.741924	22.389053
1553.3	6.090637	5.654117	11.744754	22.388317
1553.4	3.037055	8.704660	11.741715	22.380352
1553.5	4.385235	7.351921	11.737157	22.385141
1553.6	8.238627	3.498737	11.737364	22.421052
1553.7	9.322537	2.419395	11.741932	22.497790
1553.8	6.256325	5.488244	11.744569	22.611432
1553.9	3.259883	8.481982	11.741865	22.743555
1554	4.200204	7.537578	11.737782	22.865255
1554.1	7.404949	4.332958	11.737906	22.945201
1554.2	8.281294	3.460444	11.741737	22.959419
1554.3	5.795832	5.947855	11.743687	22.899693
1554.4	3.712121	8.028955	11.741076	22.777685
1554.5	5.075036	6.662752	11.737787	22.623099
1554.6	7.884375	3.854227	11.738602	22.476110
1554.7	8.024326	3.718053	11.742379	22.376156
1554.8	5.184403	6.559313	11.743716	22.350515
1554.9	3.342393	8.398249	11.740642	22.406250
1555	5.141484	6.595950	11.737433	22.528139
1555.1	8.137446	3.601130	11.738577	22.683266
1555.2	8.229064	3.513373	11.742437	22.830807
1555.3	5.418624	6.324960	11.743584	22.933846
1555.4	3.753447	7.987039	11.740486	22.969412
1555.5	5.541394	6.196273	11.737667	22.933592
1555.6	8.071687	3.667534	11.739221	22.840304
1555.7	7.549859	4.193031	11.742890	22.714489
1555.8	4.669066	7.074147	11.743213	22.582410
1555.9	3.770873	7.968555	11.739428	22.462612
1556	6.585830	5.151022	11.736852	22.360764
1556.1	9.434554	2.304914	11.739468	22.270048
1556.2	8.163974	3.580041	11.744015	22.176668
1556.3	4.140660	7.603518	11.744178	22.068075
1556.4	2.741117	8.998285	11.739402	21.940528
1556.5	6.037361	5.698676	11.736037	21.802850
1556.6	9.714100	2.024686	11.738786	21.674687
1556.7	8.774763	2.969296	11.744059	21.579741
1556.8	4.444783	7.299853	11.744636	21.536429
1556.9	2.677369	9.062220	11.739589	21.549559
1557	6.017072	5.718738	11.735810	21.606374
1557.1	9.910732	1.827962	11.738694	21.678848
1557.2	8.778045	2.966508	11.744554	21.731834
1557.3	3.777500	7.967852	11.745352	21.734465
1557.4	1.550221	10.189439	11.739661	21.670866
1557.5	5.322136	6.412773	11.734909	21.546313
1557.6	10.332906	1.404643	11.737548	21.386445
1557.7	9.998956	1.745291	11.744247	21.229534
1557.8	4.714324	7.031849	11.746173	21.114277
1557.9	1.408039	10.332770	11.740808	21.067235
1558	4.311890	7.423488	11.735378	21.094245
1558.1	9.314759	2.422394	11.737153	21.178806
1558.2	9.550033	2.193606	11.743639	21.288038
1558.3	4.706769	7.039175	11.745944	21.384138
1558.4	1.461879	10.278963	11.740842	21.437324
1558.5	4.403350	7.331858	11.735208	21.435703
1558.6	9.719494	2.017258	11.736752	21.388597
1558.7	10.253887	1.489660	11.743547	21.322179
1558.8	5.163848	6.582682	11.746531	21.269059
1558.9	1.142751	10.598920	11.741671	21.255607
1559	3.507210	8.228194	11.735405	21.291689
1559.1	9.110964	2.625053	11.736018	21.366626
1559.2	10.583603	1.158976	11.742579	21.452979
1559.3	6.156364	5.589928	11.746291	21.516922
1559.4	1.895262	9.847061	11.742323	21.531562
1559.5	3.466640	8.269531	11.736171	21.488375
1559.6	8.603200	3.132913	11.736113	21.402511
1559.7	10.323450	1.418632	11.742081	21.309778
1559.8	6.388475	5.357455	11.745931	21.256004
1559.9	2.213860	9.528649	11.742509	21.282185
1560	3.471385	8.265111	11.736495	21.410355
1560.1	8.495269	3.240677	11.735946	21.634992
1560.2	10.641454	1.100030	11.741484	21.922982
1560.3	7.202475	4.543208	11.745683	22.222324
1560.4	2.833587	8.909576	11.743162	22.476864
1560.5	3.138740	8.598846	11.737587	22.642375
1560.6	7.311047	4.425339	11.736386	22.698875
1560.7	9.612369	2.128376	11.740745	22.655394
1560.8	7.264762	4.479671	11.744433	22.545907
1560.9	3.891070	7.851527	11.742597	22.418039
1561	4.162063	7.576137	11.738200	22.318392
1561.1	7.372449	4.365069	11.737518	22.279277
1561.2	8.732018	3.009336	11.741354	22.310880
1561.3	6.230232	5.513924	11.744156	22.400950
1561.4	3.381703	8.360247	11.741950	22.521458
1561.5	4.194021	7.543815	11.737837	22.639462
1561.6	7.565463	4.172056	11.737518	22.728238
1561.7	8.898270	2.843073	11.741343	22.774942
1561.8	6.504716	5.239253	11.743968	22.782589
1561.9	3.806046	7.935872	11.741919	22.766250
1562	4.405140	7.333178	11.738318	22.745412
1562.1	7.100953	4.637340	11.738293	22.735617
1562.2	7.808234	3.933460	11.741694	22.742542
1562.3	5.497416	6.246022	11.743438	22.760513
1562.4	3.650645	8.090226	11.740871	22.775726
1562.5	5.192540	6.545081	11.737621	22.772652
1562.6	8.169129	3.569315	11.738444	22.741016
1562.7	8.408737	3.333630	11.742368	22.680639
1562.8	5.462604	6.281327	11.743931	22.602329
1562.9	3.367007	8.373878	11.740884	22.524542
1563	5.019133	6.718335	11.737468	22.467067
1563.1	8.058159	3.680343	11.738502	22.444065
1563.2	8.161276	3.581241	11.742518	22.458932
1563.3	5.209456	6.534271	11.743727	22.502741
1563.4	3.560641	8.179599	11.740240	22.556715
1563.5	5.855443	5.881515	11.736958	22.597773
1563.6	9.042234	2.696550	11.738783	22.605202
1563.7	8.465484	3.278014	11.743498	22.566253
1563.8	4.544807	7.199698	11.744506	22.478950
1563.9	2.585126	9.154890	11.740016	22.351505
1564	5.572922	6.163000	11.735922	22.198883
1564.1	9.779878	1.958090	11.737968	22.037970
1564.2	9.543114	2.200571	11.743685	21.883109
1564.3	5.006232	6.739186	11.745418	21.743406
1564.4	2.173603	9.567086	11.740689	21.622410
1564.5	4.878543	6.857259	11.735803	21.519839
1564.6	9.466112	2.271342	11.737454	21.434294
1564.7	9.615076	2.128448	11.743524	21.365648
1564.8	4.968038	6.777709	11.745747	21.316092
1564.9	1.799753	9.941156	11.740908	21.289430
1565	4.574133	7.161291	11.735424	21.288978
1565.1	9.731130	2.005690	11.736820	21.315003
1565.2	10.287135	1.456332	11.743467	21.362781
1565.3	5.248189	6.498356	11.746545	21.422176
1565.4	1.128212	10.613621	11.741833	21.479043
1565.5	3.348699	8.386787	11.735486	21.518152
1565.6	8.981519	2.754365	11.735884	21.526822
1565.7	10.623151	1.119275	11.742425	21.498220
1565.8	6.251988	5.494364	11.746352	21.433418
1565.9	1.841476	9.901047	11.742523	21.341656
1566	3.249361	8.486909	11.736269	21.238765
1566.1	8.353537	3.382572	11.736109	21.144118
1566.2	10.031834	1.710368	11.742202	21.076791
1566.3	5.897790	5.848378	11.746169	21.051729
1566.4	1.581846	10.160635	11.742481	21.076618
1566.5	3.111835	8.624160	11.735996	21.150075
1566.6	8.704136	3.031299	11.735434	21.261489
1566.7	11.065253	0.676391	11.741644	21.392674
1566.8	7.110214	4.636240	11.746454	21.521157
1566.9	2.042628	9.700981	11.743609	21.624646
1567	2.392759	9.344271	11.737031	21.685904
1567.1	7.427813	4.307603	11.735416	21.696987
1567.2	10.365423	1.375197	11.740619	21.661775
1567.3	7.530854	4.214582	11.745436	21.595919
1567.4	3.072829	8.670654	11.743483	21.523878
1567.5	3.116265	8.621395	11.737660	21.473465
1567.6	7.499853	4.236090	11.735943	21.469085
1567.7	10.211786	1.528747	11.740533	21.525410
1567.8	7.642555	4.102554	11.745109	21.643322
1567.9	3.340196	8.403381	11.743577	21.809447
1568	3.029234	8.708969	11.738203	21.999651
1568.1	6.921760	4.814487	11.736246	22.185639
1568.2	9.704204	2.035862	11.740066	22.342779
1568.3	7.869504	3.874741	11.744245	22.456734
1568.4	4.231165	7.512098	11.743263	22.526782
1568.5	3.725401	8.013493	11.738895	22.564680
1568.6	6.638974	5.098368	11.737342	22.589391
1568.7	8.572081	3.168439	11.740520	22.619420
1568.8	6.813293	4.930373	11.743666	22.665428
1568.9	4.035424	7.706860	11.742284	22.725768
1569	4.306811	7.431628	11.738440	22.786703
1569.1	7.263950	4.473724	11.737675	22.827417
1569.2	8.676325	3.064781	11.741106	22.828250
1569.3	6.477622	5.266276	11.743898	22.779259
1569.4	3.680749	8.061392	11.742141	22.685972
1569.5	4.109729	7.628611	11.738340	22.569982
1569.6	7.039872	4.697944	11.737817	22.463738
1569.7	8.303196	3.437988	11.741184	22.400933
1569.8	6.223854	5.519700	11.743554	22.405533
1569.9	3.937752	7.803794	11.741546	22.483129
1570	4.825028	6.913099	11.738126	22.617704
1570.1	7.594524	4.143828	11.738352	22.775212
1570.2	8.091134	3.650920	11.742054	22.913060
1570.3	5.331827	6.412088	11.743915	22.992602
1570.4	3.136831	8.604181	11.741012	22.990647
1570.5	4.833339	6.903841	11.737180	22.906210
1570.6	8.398777	3.339047	11.737824	22.760325
1570.7	9.046396	2.695866	11.742262	22.588998
1570.8	5.868675	5.875761	11.744436	22.431704
1570.9	3.241913	8.499382	11.741295	22.319270
1571	4.809562	6.927639	11.737201	22.265160
1571.1	8.320332	3.417644	11.737976	22.262899
1571.2	8.676227	3.066433	11.742660	22.290224
1571.3	5.161681	6.582920	11.744601	22.318174
1571.4	2.725155	9.015554	11.740709	22.321695
1571.5	5.194947	6.541156	11.736103	22.287897
1571.6	9.661175	2.076169	11.737344	22.219094
1571.7	10.069073	1.674158	11.743231	22.129799
1571.8	5.493296	6.252693	11.745989	22.039107
1571.9	1.766082	9.975607	11.741689	21.961639
1572	3.852933	7.882913	11.735845	21.900751
1572.1	9.077547	2.658701	11.736249	21.846779
1572.2	10.518479	1.223967	11.742447	21.781175
1572.3	6.255070	5.491094	11.746164	21.685016
1572.4	2.022341	9.720040	11.742381	21.548623
1572.5	3.532970	8.203219	11.736189	21.378408
1572.6	8.725262	3.010749	11.736011	21.197965
1572.7	10.474426	1.267765	11.742191	21.042486
1572.8	6.231753	5.514655	11.746408	20.948028
1572.9	1.583176	10.159683	11.742859	20.939227
1573	2.807993	8.928183	11.736176	21.019800
1573.1	8.388689	3.346604	11.735293	21.169398
1573.2	10.949652	0.791795	11.741447	21.348298
1573.3	7.095439	4.651027	11.746466	21.508675
1573.4	1.943704	9.800013	11.743716	21.608898
1573.5	2.260286	9.476677	11.736963	21.626101
1573.6	7.439107	4.296142	11.735249	21.562807
1573.7	10.432087	1.308647	11.740734	21.445358
1573.8	7.290020	4.455872	11.745891	21.314667
1573.9	2.412539	9.331214	11.743753	21.212471
1574	2.496068	9.241222	11.737290	21.167785
1574.1	7.450711	4.284594	11.735305	21.188153
1574.2	10.559217	1.181287	11.740504	21.258602
1574.3	7.582520	4.163360	11.745880	21.348505
1574.4	2.473394	9.270813	11.744207	21.423752
1574.5	2.050581	9.687139	11.737720	21.459849
1574.6	6.894382	4.840637	11.735019	21.451213
1574.7	10.675473	1.064066	11.739538	21.413368
1574.8	8.641368	3.103777	11.745145	21.377258
1574.9	3.767925	7.976617	11.744543	21.377725
1575	2.507828	9.231098	11.738926	21.440266
1575.1	6.157526	5.578472	11.735998	21.570823
1575.2	9.470040	2.269395	11.739435	21.752304
1575.3	8.025611	3.718589	11.744200	21.949192
1575.4	4.111860	7.631874	11.743734	22.118770
1575.5	3.296863	8.442008	11.738871	22.225187
1575.6	6.719116	5.017284	11.736399	22.251607
1575.7	9.686645	2.052992	11.739637	22.206293
1575.8	8.226771	3.517301	11.744073	22.120563
1575.9	4.406061	7.337717	11.743777	22.039259
1576	3.281044	8.458408	11.739453	22.006859
1576.1	5.985598	5.751528	11.737126	22.053756
1576.2	8.500775	3.238921	11.739696	22.187056
1576.3	7.471494	4.271699	11.743193	22.388692
1576.4	4.735968	7.006697	11.742665	22.621191
1576.5	4.393861	7.345275	11.739136	22.838964
1576.6	6.849411	4.888483	11.737895	23.001357
1576.7	8.333183	3.407629	11.740812	23.083344
1576.8	6.445615	5.298052	11.743667	23.080785
1576.9	3.711157	8.031071	11.742228	23.009130
1577	4.037054	7.701319	11.738373	22.896621
1577.1	7.107285	4.630222	11.737507	22.774719
1577.2	8.717435	3.023472	11.740907	22.669088
1577.3	6.654389	5.089458	11.743847	22.593930
1577.4	3.828106	7.914120	11.742227	22.550986
1577.5	4.179757	7.558626	11.738382	22.532813
1577.6	7.104513	4.633297	11.737810	22.528464
1577.7	8.307476	3.433871	11.741347	22.529129
1577.8	5.958347	5.785543	11.743890	22.531559
1577.9	3.422281	8.319336	11.741617	22.538227
1578	4.547257	7.190315	11.737572	22.554520
1578.1	8.051357	3.686213	11.737570	22.584443
1578.2	9.068732	2.673191	11.741924	22.626773
1578.3	5.957460	5.787232	11.744692	22.673373
1578.4	2.859766	8.882074	11.741840	22.710422
1578.5	4.148310	7.588766	11.737076	22.722175
1578.6	8.260360	3.476626	11.736986	22.695894
1578.7	9.618986	2.122895	11.741881	22.626151
1578.8	6.288164	5.456928	11.745092	22.516979
1578.9	2.831357	8.910696	11.742053	22.381096
1579	4.157771	7.579031	11.736802	22.236521
1579.1	8.621822	3.114856	11.736678	22.101708
1579.2	10.024981	1.717185	11.742166	21.990809
1579.3	6.108710	5.637170	11.745880	21.910500
1579.4	1.961898	9.780580	11.742479	21.859203
1579.5	3.362522	8.373670	11.736192	21.828679
1579.6	8.830649	2.904793	11.735442	21.807239
1579.7	11.289013	0.452480	11.741493	21.783383
1579.8	7.412619	4.333877	11.746496	21.748723
1579.9	2.178950	9.564903	11.743853	21.699455
1580	2.345441	9.391652	11.737092	21.636224
1580.1	7.471428	4.263788	11.735216	21.562794
1580.2	10.548553	1.192082	11.740635	21.484229
1580.3	7.445141	4.300794	11.745934	21.405320
1580.4	2.459351	9.284540	11.743890	21.329713
1580.5	2.472626	9.264627	11.737254	21.259858
1580.6	7.584013	4.151048	11.735061	21.197560
1580.7	10.899576	0.840832	11.740408	21.144714
1580.8	7.809659	3.936548	11.746208	21.103856
1580.9	2.255235	9.489447	11.744682	21.078281
1581	1.515378	10.222434	11.737812	21.071680
1581.1	6.508855	5.225828	11.734682	21.087403
1581.2	10.621256	1.118063	11.739319	21.127522
1581.3	8.564455	3.180954	11.745410	21.191878
1581.4	3.326519	8.418367	11.744886	21.277263
1581.5	1.974727	9.763971	11.738698	21.376902
1581.6	6.130658	5.604666	11.735324	21.480443
1581.7	9.965341	1.773887	11.739227	21.574690
1581.8	8.237710	3.507244	11.744954	21.645261
1581.9	3.369598	8.375074	11.744673	21.679183
1582	2.057562	9.681219	11.738781	21.668099
1582.1	6.171838	5.563405	11.735243	21.611403
1582.2	10.283808	1.454969	11.738776	21.518328
1582.3	9.018019	2.726581	11.744600	21.408026
1582.4	4.183621	7.561400	11.745021	21.307014
1582.5	2.179072	9.560646	11.739718	21.244082
1582.6	5.418017	6.317869	11.735886	21.243584
1582.7	9.371362	2.367040	11.738402	21.318804
1582.8	8.907587	2.835925	11.743512	21.467369
1582.9	5.072602	6.671696	11.744297	21.670384
1583	3.269432	8.470639	11.740071	21.896046
1583.1	5.741918	5.994996	11.736913	22.107153
1583.2	8.769950	2.969110	11.739060	22.270633
1583.3	8.105431	3.637820	11.743251	22.366392
1583.4	4.832684	6.910890	11.743574	22.392766
1583.5	3.624579	8.115139	11.739717	22.366723
1583.6	6.127808	5.609363	11.737171	22.318553
1583.7	8.791983	2.947429	11.739413	22.282528
1583.8	7.969527	3.773646	11.743173	22.286373
1583.9	4.952322	6.790908	11.743229	22.342897
1584	3.952823	7.786923	11.739747	22.446490
1584.1	6.095789	5.642048	11.737836	22.575659
1584.2	7.982063	3.758096	11.740159	22.700743
1584.3	6.731856	5.011320	11.743176	22.794205
1584.4	4.192664	7.549663	11.742327	22.839969
1584.5	4.261724	7.476957	11.738681	22.838555
1584.6	7.153247	4.584268	11.737515	22.806227
1584.7	8.874717	2.866041	11.740758	22.768407
1584.8	6.816910	4.927139	11.744050	22.749724
1584.9	3.587979	8.154773	11.742752	22.764247
1585	3.532552	8.205993	11.738545	22.809509
1585.1	6.678301	5.058919	11.737220	22.866617
1585.2	8.637112	3.103476	11.740588	22.906624
1585.3	6.734420	5.009440	11.743860	22.901049
1585.4	3.804818	7.937518	11.742336	22.832905
1585.5	4.206462	7.531665	11.738127	22.704257
1585.6	7.544191	4.193143	11.737334	22.537466
1585.7	9.025976	2.715413	11.741389	22.369397
1585.8	6.208819	5.535918	11.744737	22.240345
1585.9	2.740282	9.002142	11.742424	22.181297
1586	3.567308	8.169937	11.737246	22.203823
1586.1	7.972831	3.763429	11.736260	22.296033
1586.2	10.198828	1.542263	11.741091	22.426005
1586.3	7.180756	4.564616	11.745372	22.551540
1586.4	2.907256	8.835980	11.743237	22.632951
1586.5	3.183439	8.554022	11.737460	22.644603
1586.6	7.694199	4.041718	11.735917	22.581413
1586.7	10.266951	1.473905	11.740857	22.458348
1586.8	7.242178	4.503437	11.745615	22.303438
1586.9	2.635302	9.108242	11.743544	22.147068
1587	2.848694	8.888519	11.737213	22.011545
1587.1	7.891657	3.843536	11.735193	21.904666
1587.2	11.093810	0.646669	11.740478	21.819451
1587.3	7.983267	3.762923	11.746190	21.739791
1587.4	2.460955	9.283685	11.744639	21.649572
1587.5	1.784128	9.953592	11.737719	21.541508
1587.6	6.900850	4.833695	11.734545	21.422052
1587.7	11.099399	0.639926	11.739325	21.310283
1587.8	8.890009	2.855701	11.745711	21.231013
1587.9	3.274670	8.470603	11.745273	21.204631
1588	1.672721	10.066033	11.738753	21.237593
1588.1	5.995186	5.739789	11.734975	21.317420
1588.2	10.198168	1.540770	11.738939	21.414488
1588.3	8.530547	3.214601	11.745148	21.490494
1588.4	3.293604	8.451519	11.745123	21.510942
1588.5	1.668665	10.070204	11.738869	21.457399
1588.6	5.969550	5.765282	11.734832	21.335108
1588.7	10.503637	1.234838	11.738475	21.173036
1588.8	9.226955	2.517995	11.744950	21.015943
1588.9	3.824447	7.921226	11.745674	20.910845
1589	1.382850	10.356970	11.739820	20.892258
1589.1	4.914801	6.820468	11.735270	20.971104
1589.2	9.507616	2.230306	11.737922	21.131025
1589.3	9.099793	2.644125	11.743918	21.333378
1589.4	4.567549	7.177551	11.745099	21.529270
1589.5	2.283490	9.456569	11.740059	21.674644
1589.6	5.357072	6.378751	11.735823	21.743432
1589.7	9.523675	2.214479	11.738154	21.734502
1589.8	9.081979	2.661833	11.743812	21.670294
1589.9	4.626522	7.118609	11.745132	21.587884
1590	2.132891	9.607527	11.740418	21.525734
1590.1	4.861953	6.874086	11.736039	21.510801
1590.2	9.134494	2.603185	11.737679	21.550362
1590.3	9.469272	2.273574	11.742846	21.631193
1590.4	5.848130	5.896469	11.744600	21.726103
1590.5	3.345571	8.395434	11.741005	21.805240
1590.6	5.045608	6.691745	11.737353	21.848025
1590.7	8.123117	3.615439	11.738556	21.851409
1590.8	8.163849	3.578670	11.742520	21.831552
1590.9	5.349456	6.394013	11.743469	21.818377
1591	3.920206	7.819963	11.740169	21.844954
1591.1	5.993236	5.744231	11.737467	21.935447
1591.2	8.597169	3.142091	11.739260	22.095799
1591.3	7.987084	3.755913	11.742997	22.310352
1591.4	4.981067	6.762322	11.743389	22.545535
1591.5	3.761039	7.978892	11.739932	22.759358
1591.6	5.928811	5.808748	11.737559	22.913587
1591.7	8.286423	3.453169	11.739591	22.984639
1591.8	7.448111	4.294925	11.743036	22.969850
1591.9	4.674949	7.067956	11.742905	22.887327
1592	4.029466	7.709921	11.739387	22.769788
1592.1	6.479572	5.258048	11.737620	22.654616
1592.2	8.410274	3.330046	11.740319	22.573416
1592.3	6.787272	4.956454	11.743726	22.544239
1592.4	3.675887	8.066930	11.742817	22.568523
1592.5	3.533922	8.204630	11.738552	22.633117
1592.6	6.880420	4.856394	11.736814	22.716129
1592.7	9.290481	2.449746	11.740227	22.794279
1592.8	7.401197	4.343074	11.744271	22.849282
1592.9	3.686418	8.056949	11.743367	22.871475
1593	3.191644	8.547045	11.738689	22.860059
1593.1	6.553200	5.183514	11.736714	22.820617
1593.2	9.019601	2.720651	11.740252	22.761351
1593.3	7.042325	4.702043	11.744368	22.689712
1593.4	3.371414	8.371699	11.743114	22.610623
1593.5	3.386341	8.351618	11.737959	22.526664
1593.6	7.504452	4.231615	11.736067	22.439685
1593.7	10.248820	1.491611	11.740431	22.352785
1593.8	7.624406	4.120995	11.745401	22.271507
1593.9	2.839562	8.904559	11.744120	22.203514
1594	2.279083	9.458922	11.738005	22.156743
1594.1	6.876962	4.858198	11.735160	22.136663
1594.2	10.629187	1.110321	11.739508	22.143718
1594.3	8.553327	3.191971	11.745298	22.171963
1594.4	3.474022	8.270685	11.744707	22.209506
1594.5	2.317867	9.420606	11.738473	22.240747
1594.6	6.732151	5.002909	11.735060	22.249774
1594.7	10.721601	1.017654	11.739256	22.223946
1594.8	8.685503	3.060036	11.745539	22.156672
1594.9	3.109237	8.636129	11.745366	22.048697
1595	1.418599	10.320132	11.738730	21.907714
1595.1	6.048227	5.686131	11.734358	21.746566
1595.2	11.047625	0.690484	11.738110	21.580648
1595.3	9.894023	1.851077	11.745100	21.425182
1595.4	4.128999	7.617168	11.746167	21.292913
1595.5	1.274529	10.465526	11.740056	21.192544
1595.6	4.840265	6.894723	11.734988	21.127995
1595.7	9.797564	1.940030	11.737594	21.098428
1595.8	9.474033	2.270097	11.744131	21.098899
1595.9	4.482881	7.262824	11.745705	21.121536
1596	1.711402	10.028900	11.740302	21.157092
1596.1	4.904896	6.830471	11.735367	21.196679
1596.2	9.647730	2.089884	11.737614	21.233383
1596.3	9.436027	2.307938	11.743964	21.263388
1596.4	4.504199	7.241608	11.745807	21.286263
1596.5	1.472357	10.268303	11.740660	21.304250
1596.6	4.403150	7.332283	11.735433	21.320709
1596.7	9.397772	2.339277	11.737049	21.338215
1596.8	9.910131	1.833084	11.743215	21.357027
1596.9	5.463095	6.282609	11.745704	21.374644
1597	2.068746	9.672697	11.741443	21.386811
1597.1	4.043869	7.692520	11.736389	21.389796
1597.2	8.406056	3.331187	11.737243	21.383175
1597.3	9.213251	2.529245	11.742496	21.371958
1597.4	5.647867	6.096956	11.744823	21.366910
1597.5	2.863495	8.877687	11.741182	21.382459
1597.6	4.753563	6.983183	11.736745	21.432391
1597.7	8.708374	3.029216	11.737590	21.524515
1597.8	9.363216	2.379233	11.742449	21.656114
1597.9	5.932196	5.812501	11.744696	21.812066
1598	3.085558	8.655928	11.741486	21.966873
1598.1	4.459949	7.277441	11.737390	22.090623
1598.2	7.892464	3.845391	11.737855	22.157502
1598.3	8.719265	3.022558	11.741823	22.154371
1598.4	6.224626	5.518973	11.743599	22.086547
1598.5	4.276679	7.464278	11.740957	21.978532
1598.6	5.608334	6.129679	11.738014	21.868888
1598.7	8.017446	3.721664	11.739109	21.800311
1598.8	7.744640	3.997953	11.742593	21.807652
1598.9	5.010093	6.733206	11.743299	21.907506
1599	3.739038	8.001009	11.740048	22.092721
1599.1	5.895882	5.841523	11.737405	22.333762
1599.2	8.565004	3.174186	11.739189	22.586730
1599.3	8.012801	3.730165	11.742966	22.805696
1599.4	4.999608	6.743818	11.743426	22.955516
1599.5	3.749445	7.990489	11.739934	23.021120
1599.6	5.951172	5.786334	11.737507	23.010356
1599.7	8.301459	3.438245	11.739704	22.949603
1599.8	7.196258	4.547184	11.743442	22.873756
1599.9	4.005024	7.738208	11.743232	22.814077
1600	3.329608	8.409441	11.739049	22.788072
1600.1	6.470490	5.266179	11.736668	22.794791
1600.2	9.295755	2.443914	11.739669	22.817031
1600.3	7.796512	3.947670	11.744182	22.829456
1600.4	3.786293	7.957688	11.743981	22.809552
1600.5	2.662224	9.076918	11.739142	22.747337
1600.6	6.031353	5.704846	11.736199	22.650215
1600.7	9.351836	2.387414	11.739251	22.541109
1600.8	8.071834	3.672333	11.744167	22.450479
1600.9	3.961717	7.782404	11.744120	22.405067
1601	2.793378	8.945678	11.739056	22.417465
1601.1	6.344893	5.391091	11.735984	22.480367
1601.2	9.748199	1.991174	11.739373	22.567762
1601.3	8.092635	3.652120	11.744755	22.642838
1601.4	3.382282	8.362313	11.744595	22.669981
1601.5	2.110294	9.628420	11.738714	22.626743
1601.6	6.421071	5.313841	11.734912	22.511590
1601.7	10.869710	0.868841	11.738551	22.344702
1601.8	9.504353	2.240721	11.745073	22.161507
1601.9	3.938900	7.806948	11.745848	22.001177
1602	1.416841	10.322908	11.739748	21.894038
1602.1	5.221099	6.513729	11.734828	21.852243
1602.2	10.249603	1.488013	11.737617	21.866801
1602.3	9.809430	1.934902	11.744332	21.911845
1602.4	4.587744	7.158176	11.745920	21.954388
1602.5	1.719547	10.020692	11.740239	21.965972
1602.6	5.154322	6.580659	11.734981	21.931977
1602.7	10.284499	1.452822	11.737321	21.855359
1602.8	10.110114	1.634109	11.744223	21.753662
1602.9	4.675139	7.071327	11.746466	21.650698
1603	1.076876	10.664133	11.741009	21.566228
1603.1	4.020825	7.714234	11.735059	21.507723
1603.2	9.587035	2.149384	11.736418	21.467437
1603.3	10.508735	1.234392	11.743127	21.426023
1603.4	5.800112	5.946129	11.746242	21.361359
1603.5	1.857916	9.883936	11.741852	21.259254
1603.6	3.755419	7.980703	11.736122	21.121802
1603.7	8.564514	3.172254	11.736768	20.969959
1603.8	9.567786	2.174897	11.742683	20.838877
1603.9	5.432567	6.313098	11.745664	20.767248
1604	1.897067	9.844578	11.741645	20.784120
1604.1	3.865720	7.870394	11.736114	20.897786
1604.2	8.766038	2.970512	11.736550	21.090784
1604.3	10.093253	1.649067	11.742320	21.323093
1604.4	6.172619	5.573074	11.745692	21.542828
1604.5	2.272743	9.469584	11.742327	21.701166
1604.6	3.420262	8.316672	11.736934	21.766718
1604.7	7.792468	3.944206	11.736674	21.734691
1604.8	9.470116	2.271430	11.741546	21.627864
1604.9	6.494977	5.249767	11.744744	21.489103
1605	3.235619	8.506480	11.742099	21.367916
1605.1	4.160755	7.576783	11.737538	21.305455
1605.2	7.802298	3.935079	11.737377	21.322786
1605.3	9.051315	2.690322	11.741636	21.416043
1605.4	6.296443	5.447854	11.744296	21.559697
1605.5	3.483350	8.258416	11.741766	21.716484
1605.6	4.498262	7.239430	11.737693	21.850359
1605.7	7.862530	3.875147	11.737676	21.938065
1605.8	8.981695	2.759841	11.741536	21.975547
1605.9	6.547062	5.196766	11.743829	21.977389
1606	4.119825	7.621762	11.741588	21.969914
1606.1	4.938477	6.799803	11.738280	21.980683
1606.2	7.460882	4.277751	11.738633	22.028256
1606.3	7.842711	3.899187	11.741898	22.115753
1606.4	5.593048	6.150053	11.743101	22.230284
1606.5	4.231799	7.508560	11.740359	22.348184
1606.6	6.049197	5.688486	11.737683	22.443957
1606.7	8.581294	3.157912	11.739206	22.499681
1606.8	8.009103	3.733962	11.743065	22.511545
1606.9	4.741583	7.002233	11.743816	22.491356
1607	3.127320	8.612835	11.740156	22.462640
1607.1	5.446790	6.290219	11.737009	22.452788
1607.2	8.577852	3.160922	11.738774	22.483989
1607.3	8.207586	3.535480	11.743066	22.565938
1607.4	4.867781	6.876104	11.743885	22.692592
1607.5	3.284686	8.455335	11.740021	22.843801
1607.6	5.756490	5.980425	11.736915	22.991042
1607.7	8.779599	2.959527	11.739125	23.105251
1607.8	7.847055	3.896707	11.743762	23.164285
1607.9	3.910196	7.834058	11.744254	23.157880
1608	2.369474	9.370063	11.739537	23.088990
1608.1	5.665772	6.070099	11.735871	22.971618
1608.2	9.641409	2.097008	11.738417	22.826259
1608.3	8.974776	2.769187	11.743963	22.674638
1608.4	4.486043	7.258994	11.745036	22.535294
1608.5	2.212300	9.527798	11.740098	22.420988
1608.6	5.244827	6.491016	11.735843	22.338129
1608.7	9.408936	2.329230	11.738167	22.287714
1608.8	8.882928	2.861049	11.743977	22.266933
1608.9	4.258855	7.486366	11.745221	22.270630
1609	1.940241	9.799679	11.739919	22.292179
1609.1	5.433107	6.302036	11.735143	22.323785
1609.2	10.321241	1.416326	11.737567	22.356570
1609.3	10.001205	1.743041	11.744246	22.380911
1609.4	4.653647	7.092645	11.746292	22.387323
1609.5	1.260087	10.480712	11.740798	22.367881
1609.6	4.381944	7.352987	11.734931	22.317825
1609.7	9.988733	1.747749	11.736482	22.236834
1609.8	10.728672	1.014745	11.743416	22.129486
1609.9	5.696636	6.049902	11.746538	22.004687
1610	1.620364	10.121404	11.741768	21.874149
1610.1	3.851014	7.884564	11.735578	21.750296
1610.2	9.241236	2.495033	11.736269	21.644104
1610.3	10.451124	1.291706	11.742831	21.563326
1610.4	5.845127	5.901239	11.746366	21.511397
1610.5	1.657248	10.084850	11.742098	21.487068
1610.6	3.563909	8.171861	11.735770	21.484715
1610.7	9.051173	2.684701	11.735874	21.495180
1610.8	10.808923	0.933340	11.742263	21.507069
1610.9	6.504581	5.241860	11.746441	21.508459
1611	1.804774	9.938211	11.742984	21.488935
1611.1	2.731700	9.004960	11.736660	21.441774
1611.2	7.743764	3.992069	11.735832	21.365875
1611.3	10.065056	1.676217	11.741273	21.266882
1611.4	6.853780	4.891654	11.745433	21.156968
1611.5	2.774688	8.968145	11.742832	21.052952
1611.6	3.405502	8.331811	11.737313	20.972914
1611.7	7.675064	4.061462	11.736526	20.931981
1611.8	9.543716	2.197734	11.741450	20.938425
1611.9	6.375216	5.370026	11.745242	20.991292
1612	2.485986	9.256711	11.742697	21.080488
1612.1	3.184646	8.552628	11.737274	21.189527
1612.2	7.588705	4.147533	11.736238	21.300262
1612.3	9.933151	1.807673	11.740824	21.398150
1612.4	7.363440	4.381353	11.744793	21.476304
1612.5	3.552629	8.190425	11.743054	21.536846
1612.6	3.484840	8.253515	11.738355	21.588958
1612.7	6.801037	4.936116	11.737153	21.644199
1612.8	8.696736	3.043990	11.740726	21.710731
1612.9	6.737666	5.006111	11.743777	21.788643
1613	4.020443	7.721623	11.742066	21.868347
1613.1	4.554151	7.184058	11.738210	21.933027
1613.2	7.599561	4.138181	11.737742	21.964637
1613.3	8.859572	2.881701	11.741273	21.951551
1613.4	6.614940	5.128842	11.743783	21.895098
1613.5	4.069960	7.671856	11.741816	21.812313
1613.6	4.724747	7.013546	11.738293	21.733371
1613.7	7.458089	4.280138	11.738227	21.693889
1613.8	8.266223	3.475347	11.741569	21.724214
1613.9	6.061381	5.681995	11.743376	21.839047
1614	4.193777	7.547210	11.740986	22.030992
1614.1	5.528156	6.209754	11.737910	22.270552
1614.2	8.173062	3.565732	11.738794	22.513106
1614.3	8.102722	3.639885	11.742607	22.711081
1614.4	5.050629	6.693250	11.743879	22.827687
1614.5	3.188962	8.551517	11.740479	22.847891
1614.6	5.344632	6.392299	11.736931	22.783022
1614.7	8.796583	2.941711	11.738294	22.667368
1614.8	8.793395	2.949558	11.742953	22.547724
1614.9	5.157174	6.587397	11.744571	22.469150
1615	2.737500	9.003317	11.740818	22.461480
1615.1	4.814623	6.922166	11.736788	22.530894
1615.2	8.477985	3.260113	11.738098	22.659156
1615.3	8.549441	3.193565	11.743006	22.810588
1615.4	4.819621	6.925008	11.744629	22.944258
1615.5	2.521420	9.219057	11.740477	23.027161
1615.6	5.123102	6.613056	11.736158	23.043967
1615.7	9.294918	2.442914	11.737832	23.000187
1615.8	9.232468	2.511083	11.743551	22.917983
1615.9	4.683322	7.062263	11.745586	22.826460
1616	1.614064	10.126851	11.740914	22.750155
1616.1	4.273226	7.462384	11.735610	22.700013
1616.2	9.301560	2.435261	11.736821	22.670101
1616.3	10.076313	1.666709	11.743022	22.641169
1616.4	5.628289	6.117601	11.745889	22.589578
1616.5	2.034280	9.707250	11.741530	22.498160
1616.6	4.218615	7.517259	11.735874	22.364798
1616.7	9.196724	2.539995	11.736719	22.205377
1616.8	10.044516	1.698548	11.743063	22.049799
1616.9	5.370410	6.375860	11.746270	21.932308
1617	1.421885	10.319849	11.741733	21.879535
1617.1	3.764148	7.971156	11.735304	21.900531
1617.2	9.643695	2.091919	11.735614	21.982466
1617.3	11.439863	0.302600	11.742464	22.093678
1617.4	6.752665	4.994268	11.746934	22.193150
1617.5	1.648758	10.094442	11.743200	22.243237
1617.6	2.664092	9.072180	11.736272	22.221263
1617.7	8.214596	3.520678	11.735274	22.126049
1617.8	10.844770	0.896545	11.741315	21.977191
1617.9	7.207029	4.539139	11.746168	21.807508
1618	2.383346	9.360060	11.743405	21.651445
1618.1	2.893108	8.843819	11.736927	21.533615
1618.2	7.933819	3.801715	11.735533	21.461517
1618.3	10.602023	1.139013	11.741035	21.424894
1618.4	7.270843	4.475112	11.745955	21.401710
1618.5	2.405719	9.337996	11.743716	21.368329
1618.6	2.454937	9.282485	11.737422	21.309951
1618.7	7.215917	4.519585	11.735502	21.227290
1618.8	10.274318	1.466025	11.740343	21.136924
1618.9	7.695321	4.049976	11.745298	21.065108
1619	3.133386	8.610453	11.743839	21.037327
1619.1	2.663295	9.074944	11.738240	21.067488
1619.2	6.600213	5.135962	11.736175	21.150899
1619.3	9.363545	2.376671	11.740217	21.263887
1619.4	7.255721	4.488866	11.744587	21.370537
1619.5	3.384245	8.359044	11.743289	21.434449
1619.6	3.186033	8.552217	11.738249	21.431542
1619.7	6.938666	4.797779	11.736445	21.359411
1619.8	9.511111	2.229168	11.740279	21.239830
1619.9	7.463359	4.281098	11.744457	21.113262
1620	3.641138	8.102253	11.743390	21.026968
1620.1	3.138224	8.600504	11.738728	21.020466
1620.2	6.406373	5.330445	11.736819	21.113048
1620.3	8.925786	2.814163	11.739949	21.297397
1620.4	7.560634	4.182880	11.743514	21.541335
1620.5	4.645664	7.097024	11.742689	21.797093
1620.6	4.372697	7.366337	11.739034	22.015081
1620.7	6.862039	4.875909	11.737948	22.157776
1620.8	8.253284	3.487603	11.740887	22.209437
1620.9	6.425923	5.317513	11.743436	22.178887
1621	4.065286	7.676488	11.741774	22.094907
1621.1	4.748219	6.989980	11.738200	21.996157
1621.2	7.724125	4.013726	11.737851	21.919169
1621.3	8.894902	2.846427	11.741329	21.888295
1621.4	6.628773	5.115002	11.743775	21.910581
1621.5	4.113296	7.628468	11.741764	21.976676
1621.6	4.835460	6.902763	11.738223	22.066846
1621.7	7.587540	4.150757	11.738297	22.159525
1621.8	8.178232	3.563707	11.741940	22.239257
1621.9	5.524126	6.219698	11.743824	22.301362
1622	3.412406	8.328524	11.740930	22.352049
1622.1	5.189345	6.547769	11.737114	22.404350
1622.2	8.752346	2.985584	11.737931	22.471725
1622.3	9.136792	2.605896	11.742688	22.561794
1622.4	5.432048	6.312950	11.744998	22.672496
1622.5	2.386075	9.355407	11.741482	22.791891
1622.6	4.113133	7.623558	11.736692	22.901538
1622.7	8.360764	3.376366	11.737130	22.982123
1622.8	9.387348	2.354949	11.742297	23.019362
1622.9	5.774313	5.970848	11.745161	23.008245
1623	2.478499	9.263224	11.741723	22.954369
1623.1	4.098876	7.637773	11.736649	22.872168
1623.2	8.462888	3.274125	11.737013	22.780785
1623.3	9.466032	2.276471	11.742503	22.699026
1623.4	5.493887	6.251717	11.745604	22.640892
1623.5	1.876557	9.865261	11.741818	22.612824
1623.6	3.751608	7.984441	11.736049	22.613124
1623.7	8.905898	2.830272	11.736170	22.633335
1623.8	10.507214	1.235060	11.742274	22.660856
1623.9	6.293881	5.452397	11.746278	22.681943
1624	1.800605	9.942125	11.742730	22.684363
1624.1	3.043693	8.692597	11.736290	22.659297
1624.2	8.395378	3.340220	11.735598	22.602380
1624.3	10.686665	1.054955	11.741620	22.514031
1624.4	6.848850	4.897389	11.746239	22.399207
1624.5	2.110728	9.632433	11.743162	22.266706
1624.6	2.986754	8.749725	11.736478	22.128045
1624.7	8.434917	3.300325	11.735243	21.995928
1624.8	11.150531	0.590733	11.741264	21.882404
1624.9	7.358154	4.388415	11.746570	21.796954
1625	1.962744	9.781288	11.744032	21.744894
1625.1	2.088512	9.648419	11.736931	21.726471
1625.2	7.617965	4.116635	11.734600	21.736903
1625.3	11.366891	0.373127	11.740018	21.767380
1625.4	8.603494	3.142465	11.745958	21.806714
1625.5	3.169737	8.574989	11.744726	21.843209
1625.6	2.164715	9.573589	11.738305	21.866241
1625.7	6.507542	5.227873	11.735415	21.867278
1625.8	10.009007	1.730698	11.739705	21.840329
1625.9	7.923424	3.821649	11.745073	21.782065
1626	3.270575	8.473590	11.744165	21.691992
1626.1	2.523377	9.214939	11.738316	21.572903
1626.2	6.748369	4.987174	11.735542	21.431566
1626.3	10.240190	1.499395	11.739585	21.279224
1626.4	8.311121	3.433846	11.744967	21.131317
1626.5	3.545052	8.199498	11.744550	21.005894
1626.6	2.169777	9.569329	11.739106	20.920564
1626.7	5.698266	6.037739	11.736004	20.888484
1626.8	9.166061	2.573075	11.739136	20.914426
1626.9	8.054440	3.689468	11.743908	20.992288
1627	4.262805	7.481015	11.743820	21.105218
1627.1	3.165465	8.573840	11.739305	21.228855
1627.2	6.135975	5.600822	11.736796	21.337169
1627.3	8.867589	2.872099	11.739688	21.409411
1627.4	7.529374	4.214434	11.743808	21.436075
1627.5	4.041965	7.701444	11.743409	21.421843
1627.6	3.275279	8.463837	11.739116	21.384321
1627.7	6.278588	5.458289	11.736877	21.348661
1627.8	8.956746	2.782899	11.739645	21.339605
1627.9	7.823578	3.919881	11.743459	21.373472
1628	4.693348	7.049796	11.743143	21.452790
1628.1	3.920567	7.818880	11.739446	21.565507
1628.2	6.300772	5.436935	11.737707	21.689227
1628.3	8.209174	3.531030	11.740204	21.799141
1628.4	6.956323	4.786769	11.743092	21.876967
1628.5	4.595272	7.146825	11.742097	21.917706
1628.6	4.806351	6.932351	11.738702	21.931668
1628.7	7.443275	4.294707	11.737981	21.940805
1628.8	8.650498	3.090699	11.741198	21.970429
1628.9	6.452610	5.291213	11.743823	22.039122
1629	3.788799	7.953148	11.741947	22.150490
1629.1	4.481035	7.256981	11.738016	22.289939
1629.2	7.724643	4.012934	11.737577	22.428035
1629.3	9.017759	2.723656	11.741415	22.529705
1629.4	6.457605	5.286610	11.744215	22.566415
1629.5	3.574228	8.167707	11.741935	22.527185
1629.6	4.488717	7.248942	11.737659	22.424492
1629.7	8.003423	3.734081	11.737504	22.292652
1629.8	9.044486	2.697500	11.741986	22.178755
1629.9	5.757181	5.987777	11.744958	22.128774
1630	2.415383	9.326604	11.741988	22.173239
1630.1	3.771302	7.965467	11.736768	22.317136
1630.2	8.371626	3.364775	11.736401	22.537465
1630.3	10.187822	1.553844	11.741666	22.789381
1630.4	6.687500	5.058152	11.745652	23.019060
1630.5	2.418406	9.324579	11.742985	23.179179
1630.6	2.997997	8.739230	11.737227	23.242088
1630.7	7.501583	4.234600	11.736184	23.206506
1630.8	9.673246	2.068023	11.741269	23.095839
1630.9	6.479222	5.266231	11.745453	22.948962
1631	2.364479	9.378336	11.742815	22.806862
1631.1	3.235138	8.501658	11.736796	22.699735
1631.2	8.237418	3.498285	11.735704	22.638855
1631.3	10.656628	1.084722	11.741350	22.615655
1631.4	6.977413	4.768892	11.746305	22.607868
1631.5	1.873188	9.870586	11.743774	22.590082
1631.6	2.147644	9.589261	11.736905	22.544574
1631.7	7.594014	4.140760	11.734775	22.468375
1631.8	11.123043	0.617216	11.740259	22.374019
1631.9	8.157156	3.588931	11.746087	22.283885
1632	2.743149	9.001376	11.744526	22.220439
1632.1	2.132693	9.605050	11.737743	22.196257
1632.2	7.069684	4.665204	11.734887	22.207748
1632.3	10.833039	0.906743	11.739782	22.235139
1632.4	8.314914	3.430882	11.745796	22.248913
1632.5	2.906296	8.838496	11.744792	22.220464
1632.6	1.931114	9.806963	11.738077	22.133093
1632.7	6.795377	4.939258	11.734635	21.989238
1632.8	11.093918	0.645149	11.739067	21.811163
1632.9	9.167676	2.577807	11.745483	21.634588
1633	3.594419	8.151027	11.745446	21.497361
1633.1	1.653073	10.086113	11.739186	21.427017
1633.2	5.652108	6.082979	11.735086	21.431574
1633.3	10.080513	1.657865	11.738378	21.496775
1633.4	9.158698	2.585658	11.744356	21.590759
1633.5	4.443505	7.301505	11.745010	21.674538
1633.6	2.396385	9.343406	11.739791	21.714627
1633.7	5.541963	6.194053	11.736016	21.693476
1633.8	9.277389	2.461340	11.738729	21.614163
1633.9	8.390708	3.353284	11.743992	21.497876
1634	4.158531	7.585996	11.744528	21.375307
1634.1	2.423975	9.315703	11.739678	21.275176
1634.2	5.543917	6.192189	11.736106	21.214117
1634.3	9.284307	2.454268	11.738575	21.191532
1634.4	8.700373	3.043225	11.743597	21.191210
1634.5	4.766844	6.977584	11.744428	21.188995
1634.6	2.800000	8.940250	11.740250	21.163568
1634.7	5.138056	6.598919	11.736974	21.106296
1634.8	8.211423	3.527488	11.738911	21.026385
1634.9	7.758292	3.984717	11.743009	20.949293
1635	4.700151	7.043257	11.743407	20.908748
1635.1	3.601102	8.138557	11.739659	20.935052
1635.2	6.135608	5.601551	11.737159	21.043705
1635.3	8.791208	2.948244	11.739452	21.228375
1635.4	7.876890	3.866433	11.743322	21.460783
1635.5	4.676420	7.066997	11.743417	21.697768
1635.6	3.568011	8.171723	11.739733	21.893367
1635.7	5.901924	5.835543	11.737467	22.012093
1635.8	8.274051	3.465566	11.739617	22.039191
1635.9	7.478593	4.264284	11.742878	21.984670
1636	4.996144	6.746378	11.742522	21.879971
1636.1	4.675761	7.063448	11.739208	21.768458
1636.2	7.043348	4.694620	11.737968	21.692836
1636.3	8.485169	3.255669	11.740838	21.683415
1636.4	6.552750	5.190987	11.743738	21.750663
1636.5	3.760521	7.981710	11.742232	21.883982
1636.6	4.221083	7.517000	11.738082	22.056571
1636.7	7.683001	4.054093	11.737094	22.234403
1636.8	9.524450	2.216504	11.740954	22.386250
1636.9	7.066070	4.678476	11.744545	22.491680
1637	3.493420	8.249424	11.742845	22.544896
1637.1	3.666875	8.071165	11.738040	22.553813
1637.2	7.370851	4.365910	11.736760	22.535341
1637.3	9.429500	2.311421	11.740921	22.508886
1637.4	6.812330	4.932507	11.744837	22.490362
1637.5	3.003011	8.739915	11.742926	22.488516
1637.6	3.366981	8.370600	11.737581	22.504306
1637.7	7.655789	4.080382	11.736171	22.532986
1637.8	10.053760	1.687169	11.740928	22.567647
1637.9	7.033820	4.711758	11.745578	22.602704
1638	2.395087	9.348595	11.743681	22.636073
1638.1	2.362329	9.375203	11.737531	22.669416
1638.2	7.144218	4.591105	11.735323	22.706659
1638.3	10.454214	1.285904	11.740118	22.751544
1638.4	7.885274	3.860274	11.745548	22.805227
1638.5	2.902542	8.841762	11.744304	22.864803
1638.6	2.225086	9.512987	11.738073	22.923192
1638.7	6.719322	5.016024	11.735346	22.970342
1638.8	10.171255	1.568645	11.739900	22.995304
1638.9	7.734518	4.011030	11.745548	22.988560
1639	2.643797	9.100655	11.744452	22.944046
1639.1	1.963545	9.774302	11.737847	22.860471
1639.2	6.974441	4.760139	11.734579	22.741801
1639.3	11.223622	0.515605	11.739226	22.596914
1639.4	9.049709	2.696082	11.745791	22.438527
1639.5	3.210466	8.535142	11.745609	22.281518
1639.6	1.308490	10.430437	11.738927	22.140806
1639.7	5.723864	6.010730	11.734594	22.028996
1639.8	10.514831	1.223413	11.738244	21.954156
1639.9	9.405685	2.339154	11.744839	21.918173
1640	4.116435	7.629088	11.745523	21.916154
1640.1	1.908537	9.830970	11.739507	21.937205
1640.2	5.763481	5.971519	11.735001	21.966573
1640.3	10.436055	1.302033	11.738088	21.988767
1640.4	9.588275	2.156323	11.744598	21.990895
1640.5	4.299556	7.446263	11.745819	21.965339
1640.6	1.552179	10.188006	11.740185	21.910989
1640.7	4.882630	6.852595	11.735225	21.832736
1640.8	9.800006	1.937370	11.737376	21.739435
1640.9	9.931348	1.812178	11.743526	21.641095
1641	5.424444	6.321046	11.745490	21.546300
1641.1	2.408223	9.332797	11.741020	21.460716
1641.2	4.600336	7.136135	11.736471	21.387092
1641.3	8.559870	3.178024	11.737893	21.326528
1641.4	8.735031	3.007930	11.742961	21.280187
1641.5	5.072815	6.671717	11.744532	21.250466
1641.6	2.820366	8.920189	11.740556	21.240789
1641.7	5.118244	6.618435	11.736679	21.253880
1641.8	8.736749	3.001514	11.738263	21.289073
1641.9	8.665349	3.077707	11.743056	21.339906
1642	5.014067	6.730408	11.744475	21.393343
1642.1	2.739941	9.000755	11.740696	21.431587
1642.2	4.792433	6.944543	11.736976	21.436502
1642.3	8.221911	3.516351	11.738262	21.395579
1642.4	8.429668	3.312842	11.742510	21.307522
1642.5	5.447775	6.296026	11.743801	21.185295
1642.6	3.602455	8.138157	11.740612	21.055054
1642.7	5.326424	6.411250	11.737675	20.950612
1642.8	7.907527	3.831580	11.739107	20.904663
1642.9	7.562773	4.179894	11.742666	20.939255
1643	4.871855	6.871263	11.743118	21.058564
1643.1	3.866561	7.873203	11.739764	21.246533
1643.2	6.186492	5.550919	11.737411	21.470506
1643.3	8.681986	3.057495	11.739481	21.690054
1643.4	7.876989	3.866113	11.743103	21.868418
1643.5	4.924586	6.818596	11.743182	21.982941
1643.6	3.977922	7.761741	11.739663	22.031098
1643.7	6.270198	5.467431	11.737628	22.030049
1643.8	8.354773	3.385252	11.740024	22.009819
1643.9	7.089619	4.653734	11.743353	22.002364
1644	4.284848	7.457756	11.742604	22.030248
1644.1	4.239868	7.498701	11.738569	22.098876
1644.2	7.472687	4.264329	11.737016	22.195028
1644.3	9.607151	2.133416	11.740567	22.292279
1644.4	7.352387	4.392244	11.744631	22.361436
1644.5	3.373426	8.370060	11.743485	22.382295
1644.6	2.982814	8.755536	11.738350	22.352445
1644.7	6.860845	4.875245	11.736090	22.289776
1644.8	9.864501	1.875404	11.739905	22.227523
1644.9	7.896914	3.847807	11.744720	22.203312
1645	3.594065	8.149862	11.743928	22.245862
1645.1	2.865351	8.873159	11.738510	22.363984
1645.2	6.777853	4.958063	11.735917	22.541849
1645.3	9.912772	1.827139	11.739911	22.742450
1645.4	7.700953	4.044238	11.745192	22.918392
1645.5	2.854403	8.890016	11.744419	23.026583
1645.6	1.931912	9.806407	11.738319	23.042000
1645.7	6.437895	5.297100	11.734995	22.965910
1645.8	10.543637	1.195425	11.739062	22.825758
1645.9	8.771879	2.973362	11.745241	22.666682
1646	3.412473	8.332821	11.745295	22.537468
1646.1	1.561270	10.177862	11.739132	22.475541
1646.2	5.619486	6.115538	11.735024	22.495907
1646.3	10.051052	1.687430	11.738483	22.587527
1646.4	8.857440	2.887340	11.744781	22.718068
1646.5	3.715169	8.030147	11.745317	22.845121
1646.6	1.725666	10.013629	11.739295	22.929892
1646.7	5.753289	5.981598	11.734887	22.948685
1646.8	10.437239	1.300955	11.738194	22.898479
1646.9	9.371490	2.373407	11.744897	22.795098
1647	3.822370	7.923595	11.745965	22.665185
1647.1	1.171821	10.567995	11.739817	22.535263
1647.2	5.078562	6.655973	11.734535	22.422123
1647.3	10.540324	1.196787	11.737112	22.328010
1647.4	10.497010	1.247127	11.744137	22.242192
1647.5	5.144073	6.602321	11.746394	22.147987
1647.6	1.550096	10.191020	11.741117	22.032245
1647.7	4.220606	7.514888	11.735494	21.893391
1647.8	9.286854	2.450045	11.736899	21.744664
1647.9	9.930200	1.812931	11.743132	21.611080
1648	5.530430	6.215232	11.745661	21.521024
1648.1	2.258988	9.482219	11.741208	21.495506
1648.2	4.582878	7.153088	11.735966	21.539093
1648.3	9.303731	2.433304	11.737035	21.636053
1648.4	10.036197	1.706686	11.742883	21.753428
1648.5	5.828090	5.917552	11.745641	21.850307
1648.6	2.269819	9.471979	11.741798	21.890293
1648.7	3.861935	7.874764	11.736699	21.852957
1648.8	8.143131	3.593933	11.737065	21.740356
1648.9	9.329542	2.412458	11.742000	21.576343
1649	6.169131	5.575478	11.744609	21.398864
1649.1	3.294654	8.446925	11.741579	21.247856
1649.2	4.589529	7.147918	11.737447	21.152838
1649.3	7.937799	3.800218	11.738017	21.124345
1649.4	8.439000	3.303329	11.742329	21.151975
1649.5	5.330641	6.413593	11.744233	21.209500
1649.6	2.958644	8.782413	11.741057	21.265042
1649.7	4.641351	7.095871	11.737222	21.292641
1649.8	8.094933	3.643043	11.737975	21.281131
1649.9	8.687676	3.054476	11.742152	21.237332
1650	5.821834	5.922144	11.743978	21.182605
1650.1	3.566966	8.174187	11.741153	21.144211
1650.2	4.871735	6.866127	11.737862	21.144695
1650.3	7.582994	4.155702	11.738696	21.193170
1650.4	7.732155	4.010064	11.742219	21.281615
1650.5	5.242619	6.500585	11.743204	21.387493
1650.6	3.932546	7.807648	11.740194	21.481732
1650.7	5.911847	5.825732	11.737580	21.539251
1650.8	8.453944	3.285321	11.739265	21.548327
1650.9	7.864660	3.878319	11.742979	21.515530
1651	4.850929	6.892483	11.743412	21.464505
1651.1	3.660442	8.079369	11.739810	21.428943
1651.2	6.076726	5.660478	11.737204	21.442050
1651.3	8.775058	2.964293	11.739351	21.525920
1651.4	7.939156	3.804141	11.743298	21.684204
1651.5	4.728298	7.015115	11.743413	21.900315
1651.6	3.765434	7.973970	11.739404	22.141621
1651.7	6.568090	5.168870	11.736960	22.368172
1651.8	9.179751	2.560052	11.739804	22.543246
1651.9	7.617701	4.126474	11.744175	22.642552
1652	3.700214	8.043575	11.743789	22.659594
1652.1	2.890154	8.848557	11.738711	22.605993
1652.2	6.743823	4.991901	11.735724	22.507148
1652.3	10.370902	1.368293	11.739195	22.394907
1652.4	8.799483	2.945323	11.744806	22.299560
1652.5	3.834239	7.910834	11.745073	22.243351
1652.6	1.903939	9.835556	11.739495	22.236952
1652.7	5.493001	6.242473	11.735474	22.279287
1652.8	9.706775	2.031642	11.738417	22.360094
1652.9	8.816818	2.927509	11.744327	22.464007
1653	4.055909	7.689199	11.745108	22.574770
1653.1	2.011569	9.728025	11.739595	22.678523
1653.2	5.636476	6.098818	11.735295	22.765614
1653.3	10.071653	1.666591	11.738244	22.830963
1653.4	9.130032	2.614626	11.744658	22.873373
1653.5	3.785766	7.960094	11.745860	22.894344
1653.6	1.079542	10.660480	11.740022	22.896831
1653.7	4.716953	7.017858	11.734811	22.884254
1653.8	9.992501	1.744682	11.737182	22.859824
1653.9	9.996359	1.747631	11.743990	22.826197
1654	4.847039	6.899112	11.746151	22.785381
1654.1	1.514536	10.226308	11.740845	22.738893
1654.2	4.434111	7.301190	11.735301	22.688095
1654.3	9.552897	2.184134	11.737031	22.634632
1654.4	9.845536	1.898142	11.743678	22.580791
1654.5	4.851549	6.894643	11.746191	22.529527
1654.6	1.344987	10.396076	11.741063	22.484005
1654.7	4.213413	7.521684	11.735097	22.446596
1654.8	9.833867	1.902422	11.736288	22.417586
1654.9	10.863054	0.880054	11.743108	22.394045
1655	6.000188	5.746384	11.746572	22.369445
1655.1	1.655483	10.086751	11.742234	22.334454
1655.2	3.394325	8.341655	11.735981	22.279008
1655.3	8.678518	3.057497	11.736016	22.195267
1655.4	10.482245	1.259739	11.741984	22.080616
1655.5	6.689611	5.056144	11.745756	21.939673
1655.6	2.644976	9.097509	11.742485	21.784434
1655.7	3.724116	8.012782	11.736898	21.632201
1655.8	8.184732	3.551860	11.736592	21.501672
1655.9	9.818955	1.922801	11.741756	21.408250
1656	6.479961	5.265249	11.745210	21.360015
1656.1	2.824691	8.917642	11.742333	21.355677
1656.2	3.801095	7.936098	11.737193	21.385232
1656.3	7.977784	3.758973	11.736757	21.433134
1656.4	9.693752	2.047675	11.741427	21.482929
1656.5	6.793516	4.951263	11.744779	21.521744
1656.6	3.318174	8.424318	11.742492	21.543081
1656.7	3.765756	7.972270	11.738026	21.546991
1656.8	7.065548	4.671966	11.737514	21.537721
1656.9	8.425117	3.316182	11.741299	21.519929
1657	6.127291	5.616504	11.743794	21.495174
1657.1	3.720108	8.021405	11.741513	21.460326
1657.2	4.780869	6.956987	11.737856	21.408815
1657.3	7.818060	3.920071	11.738130	21.334449
1657.4	8.448654	3.293358	11.742012	21.236345
1657.5	5.644521	6.099530	11.744051	21.122874
1657.6	3.204163	8.537215	11.741378	21.012582
1657.7	4.436901	7.300798	11.737699	20.931047
1657.8	7.584748	4.153295	11.738043	20.904099
1657.9	8.370779	3.370961	11.741740	20.949350
1658	5.988960	5.754544	11.743504	21.068913
1658.1	4.077865	7.663105	11.740970	21.246140
1658.2	5.403201	6.334785	11.737986	21.448093
1658.3	7.891924	3.847075	11.738999	21.633620
1658.4	7.692287	4.050306	11.742592	21.764901
1658.5	4.874366	6.869073	11.743438	21.818934
1658.6	3.524900	8.215103	11.740002	21.795175
1658.7	5.919723	5.817270	11.736993	21.716541
1658.8	9.029239	2.709595	11.738834	21.623104
1658.9	8.549039	3.194192	11.743231	21.560172
1659	5.005261	6.738844	11.744105	21.564432
1659.1	3.258654	8.481438	11.740091	21.652610
1659.2	5.799190	5.937518	11.736709	21.816373
1659.3	9.107157	2.631657	11.738815	22.025217
1659.4	8.402348	3.341313	11.743661	22.236416
1659.5	4.418817	7.325610	11.744426	22.408755
1659.6	2.677747	9.061962	11.739709	22.515430
1659.7	5.908529	5.827296	11.735825	22.551817
1659.8	9.978623	1.759714	11.738337	22.535532
1659.9	9.252860	2.491342	11.744202	22.498896
1660	4.362771	7.382768	11.745539	22.476520
1660.1	1.681719	10.058583	11.740302	22.492460
1660.2	4.861976	6.873356	11.735332	22.551497
1660.3	9.772198	1.965120	11.737319	22.637657
1660.4	9.881156	1.862544	11.743701	22.720507
1660.5	5.022654	6.723299	11.745953	22.766982
1660.6	1.684456	10.056599	11.741056	22.754508
1660.7	4.286445	7.449200	11.735644	22.680670
1660.8	9.184408	2.552675	11.737083	22.565846
1660.9	9.593180	2.150255	11.743435	22.447679
1661	4.846904	6.899095	11.745998	22.369127
1661.1	1.411908	10.329208	11.741116	22.364103
1661.2	4.150844	7.584425	11.735269	22.445631
1661.3	9.611685	2.124740	11.736425	22.600588
1661.4	10.519844	1.223381	11.743225	22.792904
1661.5	5.540429	6.206246	11.746674	22.974177
1661.6	1.162790	10.579377	11.742167	23.098178
1661.7	3.095647	8.640031	11.735678	23.134430
1661.8	8.690660	3.045110	11.735770	23.076456
1661.9	10.547479	1.194675	11.742154	22.942170
1662	6.415256	5.330925	11.746181	22.766626
1662.1	2.083529	9.658996	11.742526	22.589890
1662.2	3.469108	8.267166	11.736274	22.444348
1662.3	8.646217	3.089734	11.735951	22.345743
1662.4	10.530171	1.211825	11.741996	22.290731
1662.5	6.490155	5.256084	11.746240	22.261281
1662.6	1.895488	9.847462	11.742950	22.233841
1662.7	2.895812	8.840679	11.736491	22.189527
1662.8	8.227057	3.508329	11.735386	22.121472
1662.9	10.985175	0.755773	11.740948	22.036665
1663	7.807106	3.938639	11.745745	21.951833
1663.1	3.108260	8.635413	11.743673	21.885227
1663.2	2.949636	8.788267	11.737903	21.847713
1663.3	7.049711	4.686522	11.736234	21.836828
1663.4	9.583014	2.157521	11.740535	21.836313
1663.5	7.267931	4.476676	11.744607	21.821519
1663.6	3.593694	8.149236	11.742930	21.768812
1663.7	3.719348	8.018725	11.738073	21.665505
1663.8	7.367851	4.368980	11.736831	21.516516
1663.9	9.422674	2.318130	11.740804	21.345045
1664	7.090991	4.653429	11.744420	21.186658
1664.1	3.623483	8.119322	11.742805	21.078535
1664.2	3.660338	8.078047	11.738385	21.047433
1664.3	6.881155	4.856118	11.737273	21.100453
1664.4	8.694162	3.046600	11.740763	21.221834
1664.5	6.724855	5.018932	11.743786	21.376970
1664.6	3.950456	7.791733	11.742189	21.522422
1664.7	4.295018	7.443435	11.738453	21.618683
1664.8	7.088948	4.649029	11.737977	21.641567
1664.9	8.173730	3.567644	11.741374	21.588582
1665	5.922659	5.821032	11.743691	21.478416
1665.1	3.570166	8.171362	11.741528	21.343949
1665.2	4.581637	7.156258	11.737895	21.221344
1665.3	7.678045	4.059904	11.737949	21.138942
1665.4	8.591613	3.150057	11.741670	21.109596
1665.5	6.077773	5.666090	11.743863	21.128732
1665.6	3.670388	8.071109	11.741497	21.178398
1665.7	4.682675	7.055312	11.737986	21.235510
1665.8	7.534044	4.204288	11.738332	21.281186
1665.9	8.055912	3.686058	11.741970	21.307836
1666	5.525150	6.218383	11.743533	21.321628
1666.1	3.786781	7.953786	11.740567	21.339657
1666.2	5.718376	6.018867	11.737243	21.383021
1666.3	8.858857	2.879718	11.738576	21.468365
1666.4	8.635798	3.107310	11.743107	21.600897
1666.5	4.920977	6.823589	11.744566	21.771294
1666.6	2.619385	9.121189	11.740574	21.957486
1666.7	5.065807	6.670509	11.736316	22.130713
1666.8	9.212741	2.524930	11.737671	22.263812
1666.9	9.524131	2.218873	11.743004	22.339086
1667	5.539711	6.205397	11.745107	22.353350
1667.1	2.686392	9.054624	11.741016	22.318726
1667.2	4.929053	6.807235	11.736288	22.259121
1667.3	9.197450	2.540111	11.737561	22.203638
1667.4	9.425767	2.317557	11.743324	22.178918
1667.5	4.941447	6.804241	11.745688	22.202568
1667.6	1.691312	10.049786	11.741099	22.279323
1667.7	4.308176	7.427294	11.735470	22.400649
1667.8	9.631272	2.105171	11.736443	22.547545
1667.9	10.664450	1.078538	11.742989	22.695482
1668	5.909636	5.836893	11.746529	22.820096
1668.1	1.514530	10.227822	11.742352	22.902265
1668.2	3.159804	8.576207	11.736011	22.931587
1668.3	8.483621	3.252324	11.735945	22.907784
1668.4	10.268059	1.474088	11.742147	22.840055
1668.5	6.156312	5.589862	11.746174	22.744738
1668.6	1.805920	9.936635	11.742555	22.641891
1668.7	3.198765	8.537445	11.736210	22.551443
1668.8	8.496512	3.239286	11.735798	22.489587
1668.9	10.488442	1.253528	11.741971	22.466004
1669	6.362250	5.384170	11.746420	22.482419
1669.1	1.584896	10.158179	11.743076	22.532730
1669.2	2.600737	9.135592	11.736328	22.604714
1669.3	8.159876	3.575295	11.735171	22.682919
1669.4	10.958912	0.782222	11.741135	22.752060
1669.5	7.385896	4.360375	11.746270	22.800068
1669.6	2.279423	9.464405	11.743828	22.819998
1669.7	2.382695	9.354530	11.737226	22.810331
1669.8	7.372165	4.363149	11.735314	22.773715
1669.9	10.468259	1.272221	11.740479	22.714698
1670	7.632175	4.113432	11.745607	22.637385
1670.1	2.888690	8.855119	11.743810	22.543958
1670.2	2.743296	8.994342	11.737638	22.434670
1670.3	7.403260	4.332198	11.735458	22.309329
1670.4	10.618326	1.121810	11.740136	22.169628
1670.5	8.148962	3.596387	11.745349	22.021245
1670.6	3.341135	8.403108	11.744243	21.874588
1670.7	2.474277	9.264248	11.738524	21.743517
1670.8	6.411263	5.324589	11.735852	21.642117
1670.9	9.764446	1.975009	11.739455	21.580440
1671	8.331876	3.412257	11.744133	21.560684
1671.1	4.510592	7.233078	11.743671	21.575337
1671.2	3.599504	8.139680	11.739184	21.608259
1671.3	6.475517	5.261615	11.737132	21.638685
1671.4	8.726775	3.013434	11.740209	21.647090
1671.5	7.068179	4.675657	11.743836	21.621036
1671.6	3.892222	7.850597	11.742819	21.559015
1671.7	3.751452	7.987153	11.738605	21.470860
1671.8	6.921146	4.815958	11.737104	21.374455
1671.9	9.064267	2.676104	11.740371	21.289771
1672	7.308725	4.435123	11.743848	21.232280
1672.1	4.149163	7.593674	11.742837	21.208077
1672.2	3.828806	7.910180	11.738986	21.212483
1672.3	6.439605	5.298168	11.737773	21.232671
1672.4	8.014184	3.726537	11.740721	21.253331
1672.5	6.301056	5.442328	11.743383	21.263228
1672.6	3.939711	7.802106	11.741817	21.260048
1672.7	4.567872	7.170386	11.738258	21.251527
1672.8	7.484201	4.253722	11.737924	21.252193
1672.9	8.543966	3.197523	11.741489	21.276788
1673	6.082554	5.661428	11.743982	21.332822
1673.1	3.431736	8.310046	11.741782	21.415264
1673.2	4.324903	7.412951	11.737855	21.505805
1673.3	7.590929	4.146772	11.737700	21.577547
1673.4	8.701634	3.039946	11.741580	21.603966
1673.5	6.136197	5.607827	11.744023	21.569239
1673.6	3.603037	8.138466	11.741503	21.476227
1673.7	4.835314	6.902232	11.737546	21.348888
1673.8	8.190972	3.546926	11.737898	21.227653
1673.9	8.804653	2.937660	11.742313	21.158627
1674	5.511683	6.232914	11.744596	21.179772
1674.1	2.808819	8.932383	11.741203	21.308465
1674.2	4.762989	6.973526	11.736515	21.534660
1674.3	9.121578	2.615533	11.737111	21.822214
1674.4	10.025293	1.717289	11.742582	22.118340
1674.5	5.988790	5.756890	11.745680	22.368417
1674.6	2.226878	9.515173	11.742051	22.531573
1674.7	3.796042	7.940355	11.736397	22.592048
1674.8	8.659587	3.076766	11.736353	22.562729
1674.9	10.254901	1.487197	11.742097	22.479750
1675	6.352145	5.393741	11.745886	22.390036
1675.1	2.215502	9.526965	11.742466	22.335969
1675.2	3.561352	8.175007	11.736359	22.342294
1675.3	8.703852	3.032065	11.735917	22.409514
1675.4	10.642309	1.099666	11.741975	22.515774
1675.5	6.493723	5.252772	11.746495	22.626280
1675.6	1.566683	10.176599	11.743282	22.706742
1675.7	2.401241	9.335193	11.736434	22.736007
1675.8	7.995147	3.739847	11.734994	22.713430
1675.9	11.044385	0.696485	11.740870	22.658493
1676	7.632081	4.114172	11.746253	22.602964
1676.1	2.395651	9.348422	11.744072	22.578549
1676.2	2.244824	9.492615	11.737439	22.604580
1676.3	7.109367	4.625993	11.735360	22.680215
1676.4	10.168789	1.571762	11.740551	22.784008
1676.5	7.183028	4.562794	11.745822	22.881023
1676.6	2.259973	9.483909	11.743882	22.935005
1676.7	2.262029	9.475226	11.737255	22.921272
1676.8	7.447354	4.287538	11.734893	22.835800
1676.9	11.023063	0.717022	11.740085	22.697262
1677	8.227292	3.518709	11.746000	22.541304
1677.1	2.707972	9.036867	11.744840	22.409041
1677.2	1.654761	10.083468	11.738229	22.333723
1677.3	6.279631	5.455296	11.734927	22.330139
1677.4	10.377030	1.362064	11.739095	22.390252
1677.5	8.710071	3.034864	11.744935	22.486396
1677.6	3.850535	7.894152	11.744687	22.580679
1677.7	2.446707	9.292276	11.738984	22.637218
1677.8	6.227756	5.507930	11.735686	22.632923
1677.9	9.904342	1.834783	11.739126	22.563312
1678	8.521362	3.223082	11.744444	22.441668
1678.1	4.093802	7.650628	11.744430	22.292338
1678.2	2.665356	9.073912	11.739268	22.140976
1678.3	6.075673	5.660347	11.736021	22.005497
1678.4	9.662331	2.076586	11.738917	21.891052
1678.5	8.738299	3.005535	11.743833	21.790667
1678.6	4.800079	6.944121	11.744201	21.690956
1678.7	3.173847	8.566050	11.739897	21.580426
1678.8	5.694459	6.042557	11.737016	21.456860
1678.9	8.526357	3.212924	11.739281	21.330721
1679	7.773348	3.969802	11.743150	21.223006
1679.1	4.806744	6.936371	11.743115	21.158161
1679.2	4.022894	7.716545	11.739439	21.154589
1679.3	6.496675	5.240861	11.737536	21.216295
1679.4	8.550154	3.190011	11.740165	21.328933
1679.5	7.096674	4.646889	11.743563	21.462011
1679.6	4.068834	7.674029	11.742863	21.576875
1679.7	3.679520	8.059487	11.739007	21.638009
1679.8	6.460847	5.276543	11.737390	21.623975
1679.9	8.529893	3.210329	11.740222	21.534346
1680	7.080446	4.662999	11.743445	21.390282
1680.1	4.299328	7.443200	11.742528	21.228505
1680.2	4.177551	7.561347	11.738898	21.090562
1680.3	6.780992	4.956879	11.737871	21.010816
1680.4	8.164168	3.576839	11.741007	21.006915
1680.5	6.095694	5.648079	11.743773	21.075627
1680.6	3.428370	8.313599	11.741968	21.195082
1680.7	4.167952	7.569915	11.737867	21.332430
1680.8	7.671948	4.065287	11.737235	21.454216
1680.9	9.277195	2.464006	11.741201	21.536102
1681	6.729587	5.014837	11.744424	21.568980
1681.1	3.469583	8.272830	11.742413	21.559866
1681.2	3.979394	7.758512	11.737906	21.527786
1681.3	7.508903	4.228318	11.737221	21.496399
1681.4	9.017961	2.723449	11.741411	21.486043
1681.5	6.245939	5.498636	11.744575	21.507806
1681.6	3.083766	8.658243	11.742009	21.561334
1681.7	4.285186	7.451824	11.737009	21.636705
1681.8	8.639783	3.096847	11.736630	21.719323
1681.9	10.247992	1.493872	11.741864	21.795896
1682	6.552205	5.193628	11.745834	21.859381
1682.1	2.186247	9.556702	11.742949	21.911306
1682.2	3.018515	8.718230	11.736745	21.960878
1682.3	8.165644	3.569819	11.735463	22.021385
1682.4	10.906280	0.834693	11.740972	22.105207
1682.5	7.582561	4.163463	11.746024	22.219107
1682.6	2.590251	9.153613	11.743864	22.361221
1682.7	2.570656	9.166721	11.737377	22.520572
1682.8	7.476798	4.258519	11.735317	22.679144
1682.9	10.588884	1.151622	11.740506	22.815844
1683	7.582004	4.163931	11.745935	22.911274
1683.1	2.444045	9.300131	11.744176	22.952146
1683.2	2.162488	9.574989	11.737476	22.934359
1683.3	7.258514	4.476329	11.734844	22.864147
1683.4	10.965002	0.774922	11.739924	22.757138
1683.5	8.258203	3.487811	11.746015	22.635545
1683.6	2.629120	9.115887	11.745006	22.524025
1683.7	1.457272	10.280981	11.738253	22.444970
1683.8	6.177566	5.557174	11.734740	22.414088
1683.9	10.434437	1.304595	11.739032	22.437168
1684	8.646166	3.099071	11.745237	22.508741
1684.1	3.415374	8.329659	11.745033	22.613075
1684.2	1.874268	9.864589	11.738857	22.727441
1684.3	6.018246	5.716927	11.735173	22.827045
1684.4	10.101052	1.637905	11.738957	22.890548
1684.5	8.505893	3.239127	11.745020	22.904815
1684.6	3.362218	8.382888	11.745107	22.867653
1684.7	1.646232	10.092818	11.739049	22.787761
1684.8	5.775471	5.959459	11.734929	22.681863
1684.9	10.396952	1.341227	11.738180	22.569867
1685	9.576023	2.168384	11.744407	22.469443
1685.1	4.609961	7.135483	11.745444	22.391665
1685.2	2.075287	9.664951	11.740238	22.338991
1685.3	5.000546	6.735402	11.735947	22.306069
1685.4	9.107507	2.630603	11.738110	22.282937
1685.5	8.888877	2.854516	11.743394	22.259304
1685.6	4.996617	6.747878	11.744495	22.228317
1685.7	3.019108	8.721018	11.740126	22.188387
1685.8	5.683149	6.053324	11.736473	22.142477
1685.9	9.267371	2.471140	11.738511	22.095246
1686	8.888572	2.854753	11.743325	22.049335
1686.1	5.147743	6.596625	11.744367	22.002522
1686.2	3.093348	8.647103	11.740451	21.947144
1686.3	5.241741	6.495343	11.737085	21.872377
1686.4	8.373544	3.365135	11.738679	21.768739
1686.5	8.252231	3.490419	11.742649	21.633211
1686.6	5.422351	6.321026	11.743378	21.472897
1686.7	4.094413	7.645720	11.740133	21.305488
1686.8	6.018314	5.719511	11.737825	21.155841
1686.9	8.124442	3.615371	11.739814	21.049424
1687	7.120641	4.622494	11.743135	21.004615
1687.1	4.327793	7.415053	11.742846	21.026486
1687.2	3.814515	7.924675	11.739190	21.104374
1687.3	6.511176	5.226159	11.737335	21.214356
1687.4	8.740064	2.999966	11.740029	21.326080
1687.5	7.341924	4.401680	11.743604	21.411798
1687.6	4.178513	7.564557	11.743070	21.454603
1687.7	3.584655	8.154515	11.739170	21.452995
1687.8	6.287640	5.449749	11.737389	21.420155
1687.9	8.379803	3.360414	11.740217	21.378138
1688	6.865112	4.878465	11.743577	21.349046
1688.1	3.966495	7.776070	11.742565	21.346416
1688.2	4.007859	7.730647	11.738507	21.370043
1688.3	7.166967	4.570277	11.737243	21.406290
1688.4	9.001695	2.739158	11.740853	21.433927
1688.5	6.665825	5.078613	11.744437	21.433452
1688.6	3.164942	8.577851	11.742793	21.396425
1688.7	3.436120	8.301741	11.737861	21.331141
1688.8	7.430527	4.305845	11.736373	21.262157
1688.9	9.884810	1.855772	11.740582	21.223325
1689	7.432883	4.312000	11.744883	21.246404
1689.1	3.377403	8.365925	11.743328	21.349093
1689.2	3.324232	8.413704	11.737936	21.526816
1689.3	7.430546	4.305616	11.736163	21.751512
1689.4	9.986457	1.754216	11.740673	21.978408
1689.5	7.206869	4.538527	11.745396	22.158986
1689.6	2.671834	9.071800	11.743634	22.256117
1689.7	2.712484	9.024909	11.737393	22.256369
1689.8	7.722460	4.012572	11.735032	22.175257
1689.9	11.265201	0.474822	11.740023	22.053422
1690	8.533821	3.212167	11.745988	21.944707
1690.1	2.919132	8.825897	11.745028	21.899830
1690.2	1.681030	10.057318	11.738348	21.950853
1690.3	6.323286	5.411497	11.734783	22.101460
1690.4	10.572149	1.166873	11.739021	22.326140
1690.5	8.768555	2.976740	11.745295	22.578445
1690.6	3.444988	8.300145	11.745133	22.805492
1690.7	1.874159	9.864621	11.738780	22.963907
1690.8	6.218010	5.516867	11.734877	23.031995
1690.9	10.572543	1.166243	11.738786	23.014365
1691	8.927507	2.817805	11.745312	22.937856
1691.1	3.317548	8.428116	11.745664	22.840590
1691.2	1.155301	10.583993	11.739294	22.758217
1691.3	5.315424	6.419225	11.734650	22.712244
1691.4	10.298912	1.438936	11.737848	22.704344
1691.5	9.595907	2.148635	11.744541	22.718341
1691.6	4.313429	7.432413	11.745842	22.728721
1691.7	1.536591	10.203634	11.740225	22.712236
1691.8	4.779607	6.955780	11.735387	22.658176
1691.9	9.428236	2.309512	11.737748	22.573455
1692	9.157535	2.586357	11.743892	22.480678
1692.1	4.481116	7.264273	11.745389	22.409936
1692.2	1.904985	9.835274	11.740259	22.387398
1692.3	5.016674	6.718850	11.735523	22.424914
1692.4	9.662250	2.075345	11.737594	22.514447
1692.5	9.629346	2.114308	11.743654	22.629445
1692.6	5.004816	6.740778	11.745594	22.732707
1692.7	1.950800	9.790147	11.740947	22.788051
1692.8	4.402791	7.333217	11.736008	22.771733
1692.9	8.975613	2.761587	11.737200	22.679712
1693	9.728725	2.013876	11.742602	22.528361
1693.1	6.066955	5.677953	11.744908	22.348555
1693.2	3.156287	8.585104	11.741392	22.175336
1693.3	4.700378	7.036847	11.737225	22.036846
1693.4	8.140586	3.597468	11.738054	21.946306
1693.5	8.572424	3.169932	11.742356	21.899607
1693.6	5.590615	6.153325	11.743940	21.879008
1693.7	3.594307	8.146380	11.740687	21.861239
1693.8	5.455729	6.281573	11.737302	21.826813
1693.9	8.561273	3.177257	11.738530	21.767091
1694	8.605828	3.136746	11.742574	21.686593
1694.1	5.607863	6.135940	11.743803	21.599950
1694.2	3.723546	8.017152	11.740698	21.524903
1694.3	5.327404	6.410405	11.737808	21.474209
1694.4	7.807163	3.931994	11.739157	21.449700
1694.5	7.483113	4.259465	11.742578	21.440852
1694.6	4.923825	6.819137	11.742962	21.428525
1694.7	4.053510	7.686163	11.739673	21.392546
1694.8	6.376296	5.361218	11.737515	21.320332
1694.9	8.645669	3.094156	11.739826	21.213324
1695	7.425075	4.318472	11.743546	21.088680
1695.1	4.114846	7.628547	11.743393	20.975366
1695.2	3.196536	8.542841	11.739377	20.905729
1695.3	5.985514	5.751471	11.736986	20.905251
1695.4	8.673712	3.065851	11.739562	20.983850
1695.5	7.572513	4.171012	11.743525	21.131640
1695.6	4.303184	7.440104	11.743288	21.320597
1695.7	3.569355	8.169796	11.739151	21.511692
1695.8	6.493580	5.243437	11.737017	21.665297
1695.9	8.893066	2.847039	11.740105	21.751694
1696	7.123979	4.620225	11.744204	21.758589
1696.1	3.420036	8.323333	11.743368	21.693557
1696.2	3.050777	8.687596	11.738373	21.580964
1696.3	6.948480	4.787529	11.736009	21.454618
1696.4	10.065712	1.674090	11.739802	21.348535
1696.5	8.097473	3.647384	11.744858	21.288581
1696.6	3.529681	8.214595	11.744276	21.287234
1696.7	2.512495	9.226164	11.738660	21.342539
1696.8	6.519472	5.216097	11.735569	21.441023
1696.9	10.169002	1.570313	11.739315	21.563181
1697	8.441725	3.303176	11.744901	21.689620
1697.1	3.620301	8.124342	11.744642	21.806021
1697.2	2.352133	9.386569	11.738702	21.905701
1697.3	6.583851	5.151272	11.735123	21.989486
1697.4	10.686558	1.052434	11.738992	22.063389
1697.5	8.932541	2.812784	11.745326	22.135183
1697.6	3.376214	8.369345	11.745559	22.211053
1697.7	1.355022	10.384096	11.739118	22.293306
1697.8	5.722024	6.012402	11.734426	22.379628
1697.9	10.886250	0.851502	11.737752	22.463911
1698	10.120774	1.624005	11.744779	22.538221
1698.1	4.466649	7.279642	11.746291	22.595303
1698.2	1.320773	10.419664	11.740437	22.630914
1698.3	4.590909	7.144220	11.735129	22.645442
1698.4	9.603941	2.133434	11.737375	22.644361
1698.5	9.526779	2.217159	11.743938	22.637378
1698.6	4.573201	7.172629	11.745830	22.636330
1698.7	1.604455	10.136039	11.740494	22.652203
1698.8	4.762890	6.972312	11.735202	22.691894
1698.9	9.847069	1.890098	11.737167	22.755530
1699	9.989428	1.754377	11.743805	22.835184
1699.1	4.908962	6.837297	11.746259	22.915606
1699.2	1.268120	10.473190	11.741310	22.977133
1699.3	3.744595	7.991011	11.735606	23.000346
1699.4	8.885543	2.851090	11.736632	22.971387
1699.5	9.894054	1.848698	11.742751	22.886504
1699.6	5.721354	6.024294	11.745648	22.754370
1699.7	2.232046	9.509569	11.741614	22.595222
1699.8	4.116138	7.620211	11.736349	22.436710
1699.9	8.642832	3.094182	11.737014	22.307371
1700	9.573451	2.169112	11.742563	22.229442
1700.1	5.681390	6.063990	11.745380	22.213079
1700.2	2.295162	9.446537	11.741699	22.253739
1700.3	3.987938	7.748619	11.736558	22.333566
1700.4	8.484327	3.252466	11.736793	22.426408
1700.5	9.903146	1.838725	11.741872	22.504949
1700.6	6.662553	5.082363	11.744917	22.547738
1700.7	3.313255	8.428889	11.742144	22.543966
1700.8	4.153271	7.584421	11.737693	22.494630
1700.9	7.587615	4.149978	11.737593	22.409957
1701	8.738587	3.002969	11.741556	22.304275
1701.1	6.287754	5.456044	11.743798	22.190359
1701.2	4.007991	7.733322	11.741312	22.075405
1701.3	5.189729	6.548150	11.737879	21.960064
1701.4	8.026690	3.711776	11.738466	21.840750
1701.5	8.353605	3.388578	11.742183	21.714094
1701.6	5.643908	6.099774	11.743682	21.581505
1701.7	3.723790	8.017033	11.740824	21.451679
1701.8	5.292720	6.444957	11.737678	21.339689
1701.9	8.099466	3.639221	11.738688	21.262592
1702	8.176668	3.565698	11.742366	21.233012
1702.1	5.481717	6.261739	11.743456	21.253106
1702.2	3.904847	7.835612	11.740458	21.311473
1702.3	5.649767	6.088009	11.737776	21.384625
1702.4	8.034616	3.704771	11.739387	21.443080
1702.5	7.352982	4.390055	11.743038	21.460373
1702.6	4.339393	7.403940	11.743333	21.422005
1702.7	3.339279	8.400225	11.739504	21.331157
1702.8	6.136687	5.600108	11.736795	21.208877
1702.9	9.141795	2.597422	11.739217	21.088310
1703	8.166342	3.577380	11.743722	21.004575
1703.1	4.324933	7.419229	11.744162	20.983592
1703.2	2.721722	9.018098	11.739821	21.033607
1703.3	5.483547	6.253059	11.736606	21.142431
1703.4	8.745929	2.993034	11.738964	21.281480
1703.5	7.950840	3.792765	11.743606	21.415343
1703.6	4.249884	7.494056	11.743940	21.513648
1703.7	3.021070	8.718231	11.739301	21.561091
1703.8	6.329726	5.406407	11.736133	21.562076
1703.9	9.777011	1.962138	11.739149	21.538256
1704	8.394765	3.349769	11.744534	21.519814
1704.1	3.684741	8.060118	11.744858	21.533564
1704.2	1.941063	9.798245	11.739308	21.592207
1704.3	5.771606	5.963563	11.735169	21.688754
1704.4	10.306925	1.431205	11.738130	21.798356
1704.5	9.546736	2.197667	11.744403	21.887146
1704.6	4.485018	7.260577	11.745595	21.925122
1704.7	1.926290	9.813745	11.740035	21.898514
1704.8	5.353458	6.381749	11.735206	21.817075
1704.9	10.127317	1.610413	11.737730	21.713380
1705	9.665871	2.078444	11.744315	21.633898
1705.1	4.404072	7.341967	11.746039	21.624550
1705.2	1.377384	10.362999	11.740383	21.715420
1705.3	4.809684	6.925111	11.734795	21.909808
1705.4	10.317367	1.419434	11.736801	22.181432
1705.5	10.633199	1.110664	11.743864	22.480959
1705.6	5.281713	6.464970	11.746683	22.749936
1705.7	1.244034	10.497549	11.741583	22.937714
1705.8	3.693599	8.041783	11.735382	23.015947
1705.9	9.193609	2.542634	11.736243	22.986067
1706	10.404186	1.338628	11.742814	22.877482
1706.1	5.886848	5.859361	11.746209	22.737312
1706.2	1.852882	9.889129	11.742011	22.615232
1706.3	3.664995	8.071085	11.736080	22.548464
1706.4	8.663217	3.073255	11.736473	22.551743
1706.5	9.920771	1.821783	11.742554	22.615209
1706.6	5.689877	6.056109	11.745986	22.710390
1706.7	1.721995	10.020095	11.742090	22.801744
1706.8	3.433969	8.302145	11.736114	22.859425
1706.9	8.606006	3.130062	11.736067	22.868838
1707	10.417600	1.324353	11.741953	22.833862
1707.1	6.582125	5.163788	11.745913	22.773082
1707.2	2.253534	9.489327	11.742861	22.710882
1707.3	2.992311	8.744814	11.737125	22.667026
1707.4	7.452377	4.283968	11.736346	22.648721
1707.5	9.521462	2.219739	11.741201	22.648100
1707.6	6.686331	5.058504	11.744835	22.645897
1707.7	3.188886	8.553507	11.742393	22.619791
1707.8	3.964680	7.772792	11.737472	22.554108
1707.9	7.904940	3.831971	11.736910	22.447165
1708	9.569069	2.172328	11.741397	22.313388
1708.1	6.715741	5.029004	11.744745	22.179333
1708.2	3.245031	8.497469	11.742500	22.074970
1708.3	3.742270	7.995609	11.737879	22.023318
1708.4	7.329380	4.407716	11.737096	22.032147
1708.5	9.149228	2.591641	11.740869	22.090689
1708.6	7.098327	4.645464	11.743791	22.172531
1708.7	4.411261	7.330788	11.742049	22.243686
1708.8	4.821045	6.917479	11.738524	22.273037
1708.9	7.364974	4.373400	11.738374	22.241601
1709	8.061837	3.679815	11.741651	22.147543
1709.1	5.797997	5.945417	11.743413	22.005465
1709.2	3.921293	7.819668	11.740961	21.840484
1709.3	5.334046	6.403723	11.737769	21.679425
1709.4	8.195185	3.543321	11.738506	21.542336
1709.5	8.450663	3.291616	11.742279	21.437239
1709.6	5.632963	6.110829	11.743792	21.359762
1709.7	3.629674	8.111189	11.740863	21.297421
1709.8	5.213486	6.524135	11.737621	21.236669
1709.9	8.053302	3.685420	11.738722	21.169870
1710	7.966003	3.776660	11.742663	21.099491
1710.1	4.923307	6.820464	11.743771	21.037909
1710.2	3.253617	8.486633	11.740250	21.002908
1710.3	5.543511	6.193442	11.736954	21.010530
1710.4	8.767253	2.971452	11.738705	21.067958
1710.5	8.311982	3.431368	11.743350	21.169090
1710.6	4.508335	7.236123	11.744459	21.294544
1710.7	2.467338	9.272899	11.740238	21.416290
1710.8	5.131606	6.604692	11.736298	21.505495
1710.9	9.047492	2.690613	11.738105	21.541101
1711	8.917531	2.825800	11.743331	21.516363
1711.1	4.890765	6.854076	11.744841	21.441302
1711.2	2.497444	9.243039	11.740482	21.340277
1711.3	5.084006	6.652227	11.736234	21.245469
1711.4	9.081375	2.656709	11.738083	21.188242
1711.5	8.813221	2.930410	11.743631	21.190917
1711.6	4.438206	7.306930	11.745136	21.261231
1711.7	2.014949	9.725219	11.740168	21.390865
1711.8	5.274318	6.460957	11.735276	21.558170
1711.9	10.231187	1.506115	11.737302	21.734064
1712	10.258045	1.485868	11.743913	21.889323
1712.1	5.050778	6.695622	11.746400	22.001306
1712.2	1.314920	10.426390	11.741310	22.058542
1712.3	3.956717	7.778559	11.735276	22.062314
1712.4	9.487344	2.248936	11.736281	22.025257
1712.5	10.607236	1.135713	11.742949	21.967636
1712.6	5.946717	5.799613	11.746330	21.912427
1712.7	1.885205	9.856706	11.741911	21.880376
1712.8	3.945777	7.789929	11.735706	21.886058
1712.9	9.324734	2.411436	11.736170	21.935580
1713	10.649440	1.093330	11.742770	22.026227
1713.1	5.940568	5.806082	11.746651	22.147915
1713.2	1.358325	10.384198	11.742522	22.286033
1713.3	3.001131	8.734664	11.735796	22.425001
1713.4	8.754721	2.980633	11.735353	22.551725
1713.5	11.109104	0.632605	11.741709	22.658144
1713.6	7.119871	4.626549	11.746420	22.742247
1713.7	2.175421	9.568002	11.743423	22.807281
1713.8	2.668714	9.068280	11.736994	22.859368
1713.9	7.547864	4.187908	11.735772	22.904260
1714	10.009431	1.731706	11.741137	22.944272
1714.1	6.797171	4.948426	11.745597	22.976516
1714.2	2.459109	9.283997	11.743106	22.993207
1714.3	2.988221	8.748951	11.737172	22.984181
1714.4	7.667486	4.068420	11.735906	22.940963
1714.5	10.147607	1.593374	11.740981	22.861082
1714.6	7.103615	4.641888	11.745503	22.751040
1714.7	2.651812	9.091638	11.743450	22.626619
1714.8	2.689518	9.048197	11.737715	22.509979
1714.9	7.005514	4.730471	11.735985	22.424090
1715	9.781461	1.958877	11.740338	22.386027
1715.1	7.529812	4.214896	11.744709	22.401251
1715.2	3.585525	8.157809	11.743334	22.460872
1715.3	3.297499	8.440923	11.738422	22.543080
1715.4	6.780135	4.956648	11.736783	22.618614
1715.5	9.073087	2.667335	11.740421	22.658796
1715.6	7.138409	4.605661	11.744070	22.643702
1715.7	3.899495	7.843207	11.742702	22.567900
1715.8	3.964549	7.773838	11.738387	22.441866
1715.9	7.228303	4.508862	11.737165	22.288587
1716	9.191939	2.548667	11.740606	22.136440
1716.1	7.289441	4.454409	11.743850	22.010683
1716.2	4.293063	7.449485	11.742548	21.926340
1716.3	4.242732	7.496080	11.738812	21.884792
1716.4	6.845116	4.892841	11.737956	21.875023
1716.5	8.177869	3.563061	11.740930	21.878862
1716.6	6.445302	5.297873	11.743174	21.878144
1716.7	4.464888	7.276465	11.741353	21.861061
1716.8	5.407787	6.330413	11.738200	21.825391
1716.9	8.028605	3.709938	11.738543	21.777485
1717	8.349888	3.392309	11.742197	21.727629
1717.1	5.481861	6.262140	11.744001	21.683784
1717.2	3.191986	8.549144	11.741130	21.646454
1717.3	4.745205	6.992133	11.737338	21.607003
1717.4	8.180574	3.557328	11.737902	21.550442
1717.5	8.836519	2.905648	11.742166	21.461902
1717.6	5.811713	5.932545	11.744258	21.334403
1717.7	3.318114	8.423124	11.741238	21.174815
1717.8	4.842030	6.895309	11.737339	21.005287
1717.9	8.174226	3.563935	11.738161	20.858970
1718	8.399977	3.342745	11.742722	20.770908
1718.1	4.877371	6.867212	11.744584	20.766896
1718.2	2.416862	9.323940	11.740803	20.854098
1718.3	4.716074	7.020253	11.736327	21.016890
1718.4	9.002591	2.734830	11.737421	21.219790
1718.5	9.526541	2.216368	11.742909	21.416971
1718.6	5.417391	6.328062	11.745453	21.565511
1718.7	2.107746	9.633738	11.741485	21.638145
1718.8	4.080842	7.655435	11.736276	21.631238
1718.9	8.689547	3.047387	11.736935	21.565261
1719	9.634043	2.108602	11.742645	21.477474
1719.1	5.571728	6.173862	11.745590	21.409248
1719.2	2.099428	9.642150	11.741577	21.392291
1719.3	4.180602	7.555354	11.735956	21.438458
1719.4	9.215829	2.520679	11.736508	21.536642
1719.5	10.358501	1.384263	11.742764	21.657767
1719.6	5.822282	5.924074	11.746355	21.766073
1719.7	1.553636	10.188602	11.742237	21.832683
1719.8	3.395452	8.340244	11.735696	21.846571
1719.9	9.145232	2.590227	11.735459	21.818996
1720	11.304615	0.437366	11.741981	21.779715
1720.1	7.019028	4.727670	11.746697	21.766240
1720.2	1.921046	9.822357	11.743403	21.809894
1720.3	2.657606	9.078938	11.736545	21.923631
1720.4	8.067947	3.667313	11.735259	22.096020
1720.5	10.820829	0.920316	11.741145	22.293734
1720.6	7.276909	4.469285	11.746194	22.471874
1720.7	2.314888	9.428724	11.743611	22.588755
1720.8	2.689459	9.047467	11.736926	22.620132
1720.9	7.924582	3.810588	11.735170	22.567996
1721	10.982726	0.757993	11.740719	22.460848
1721.1	7.726038	4.020128	11.746166	22.345245
1721.2	2.412892	9.331424	11.744317	22.271346
1721.3	1.941650	9.796098	11.737748	22.277195
1721.4	6.702702	5.032476	11.735178	22.376871
1721.5	10.273860	1.465898	11.739758	22.556274
1721.6	8.125486	3.619618	11.745104	22.777759
1721.7	3.490080	8.254053	11.744132	22.991859
1721.8	2.686058	9.052461	11.738518	23.152109
1721.9	6.524181	5.211909	11.736090	23.228100
1722	9.457812	2.282238	11.740050	23.212720
1722.1	7.354688	4.390099	11.744788	23.121662
1722.2	3.119513	8.624223	11.743736	22.985969
1722.3	2.610156	9.128168	11.738324	22.840648
1722.4	6.621769	5.114110	11.735879	22.713501
1722.5	9.877770	1.861848	11.739618	22.617934
1722.6	8.209862	3.534580	11.744442	22.551815
1722.7	4.038208	7.705818	11.744026	22.502145
1722.8	2.873367	8.865910	11.739278	22.453228
1722.9	5.892418	5.844327	11.736745	22.394878
1723	8.702009	3.037544	11.739553	22.327431
1723.1	7.613711	4.129727	11.743438	22.261703
1723.2	4.555614	7.187376	11.742990	22.214079
1723.3	4.036695	7.702418	11.739114	22.198821
1723.4	6.742366	4.995080	11.737446	22.220724
1723.5	8.752103	2.988190	11.740292	22.271130
1723.6	7.225290	4.518233	11.743523	22.328993
1723.7	4.383334	7.359232	11.742566	22.366830
1723.8	4.256583	7.482280	11.738863	22.359516
1723.9	6.957357	4.780340	11.737697	22.292818
1724	8.610434	3.130212	11.740646	22.168626
1724.1	6.932221	4.811190	11.743411	22.004976
1724.2	4.448813	7.293224	11.742037	21.830793
1724.3	4.785901	6.952692	11.738594	21.677125
1724.4	7.386875	4.351311	11.738186	21.567816
1724.5	8.285794	3.455739	11.741533	21.512712
1724.6	5.905645	5.838135	11.743780	21.505560
1724.7	3.550820	8.190595	11.741414	21.527107
1724.8	4.817320	6.920199	11.737519	21.552145
1724.9	8.285603	3.452076	11.737679	21.557953
1725	9.179830	2.562207	11.742037	21.531268
1725.1	5.989661	5.755083	11.744744	21.471569
1725.2	2.829325	8.912614	11.741939	21.389814
1725.3	3.955215	7.782085	11.737299	21.303428
1725.4	7.836185	3.901000	11.737185	21.229540
1725.5	9.110470	2.631355	11.741825	21.178976
1725.6	5.970890	5.773910	11.744800	21.153092
1725.7	2.796131	8.945714	11.741845	21.144401
1725.8	4.167794	7.569140	11.736934	21.140566
1725.9	8.378272	3.358722	11.736994	21.130141
1726	9.545253	2.197011	11.742264	21.107892
1726.1	5.715889	6.029745	11.745634	21.077759
1726.2	1.849320	9.892931	11.742251	21.052399
1726.3	3.284639	8.451747	11.736386	21.049438
1726.4	8.381707	3.354205	11.735913	21.085701
1726.5	10.487916	1.253703	11.741619	21.171290
1726.6	6.838324	4.907596	11.745921	21.305418
1726.7	2.376700	9.366320	11.743020	21.475290
1726.8	3.143694	8.593154	11.736848	21.658363
1726.9	8.059774	3.676072	11.735846	21.827345
1727	10.317840	1.423641	11.741480	21.956525
1727.1	6.660710	5.085376	11.746086	22.027766
1727.2	1.980690	9.762502	11.743192	22.034705
1727.3	2.827378	8.909070	11.736448	21.984200
1727.4	8.450945	3.283975	11.734919	21.894858
1727.5	11.554361	0.186532	11.740893	21.793081
1727.6	7.953408	3.793213	11.746621	21.707594
1727.7	2.248798	9.495755	11.744553	21.663630
1727.8	1.821172	9.916243	11.737415	21.677948
1727.9	7.095220	4.639379	11.734598	21.755612
1728	11.052563	0.687115	11.739678	21.889161
1728.1	8.594364	3.151395	11.745759	22.060314
1728.2	3.207643	8.537163	11.744806	22.243923
1728.3	2.117912	9.620414	11.738325	22.413392
1728.4	6.590299	5.144841	11.735140	22.546445
1728.5	10.406024	1.333415	11.739439	22.629945
1728.6	8.377516	3.367758	11.745274	22.662578
1728.7	3.296331	8.448416	11.744748	22.654654
1728.8	2.034958	9.703692	11.738650	22.624965
1728.9	6.248581	5.486648	11.735229	22.595448
1729	10.250822	1.488174	11.738996	22.585066
1729.1	8.749895	2.994897	11.744791	22.604641
1729.2	3.862479	7.882442	11.744921	22.654177
1729.3	2.062055	9.677417	11.739472	22.723514
1729.4	5.448328	6.287573	11.735901	22.796127
1729.5	9.182558	2.556244	11.738802	22.854849
1729.6	8.277632	3.466270	11.743902	22.887634
1729.7	4.275705	7.468486	11.744190	22.891372
1729.8	2.847335	8.892156	11.739490	22.872411
1729.9	5.910268	5.826161	11.736429	22.843534
1730	9.140426	2.598759	11.739185	22.818442
1730.1	8.064495	3.679379	11.743874	22.805710
1730.2	4.173116	7.570959	11.744075	22.804506
1730.3	2.747935	8.991682	11.739617	22.803830
1730.4	5.623824	6.112776	11.736599	22.785809
1730.5	8.870114	2.868803	11.738917	22.732132
1730.6	8.327915	3.415217	11.743133	22.631461
1730.7	5.158595	6.584921	11.743516	22.485162
1730.8	3.885786	7.854154	11.739940	22.309107
1730.9	5.999173	5.738525	11.737698	22.130582
1731	8.134191	3.605665	11.739856	21.981000
1731.1	7.120744	4.622314	11.743058	21.886663
1731.2	4.535193	7.207337	11.742530	21.860579
1731.3	4.325923	7.413052	11.738975	21.898137
1731.4	7.036077	4.701459	11.737535	21.978180
1731.5	8.939533	2.800858	11.740391	22.069226
1731.6	7.337537	4.406041	11.743579	22.138815
1731.7	4.447467	7.295141	11.742608	22.162871
1731.8	4.288514	7.450373	11.738887	22.131981
1731.9	6.951610	4.786160	11.737770	22.052581
1732	8.449541	3.291354	11.740895	21.942844
1732.1	6.462697	5.281029	11.743727	21.824986
1732.2	3.810319	7.931658	11.741976	21.716917
1732.3	4.528951	7.208952	11.737904	21.626378
1732.4	7.950772	3.786614	11.737386	21.549703
1732.5	9.298457	2.443113	11.741571	21.475533
1732.6	6.315175	5.429698	11.744873	21.391891
1732.7	2.738064	9.004458	11.742522	21.293651
1732.8	3.446893	8.290502	11.737394	21.187228
1732.9	7.691085	4.045326	11.736412	21.090293
1733	9.836458	1.904619	11.741077	21.026249
1733.1	6.937042	4.808129	11.745171	21.015265
1733.2	2.862127	8.880970	11.743097	21.065208
1733.3	3.132534	8.605098	11.737632	21.166078
1733.4	7.345365	4.390923	11.736288	21.290521
1733.5	9.621847	2.119161	11.741008	21.400876
1733.6	6.671470	5.073850	11.745320	21.460805
1733.7	2.476872	9.266231	11.743103	21.447728
1733.8	2.979597	8.757548	11.737145	21.361693
1733.9	7.835279	3.900316	11.735595	21.227331
1734	10.594836	1.146016	11.740852	21.087731
1734.1	7.359219	4.386804	11.746023	20.991879
1734.2	2.250799	9.493265	11.744065	20.979535
1734.3	2.076260	9.661148	11.737408	21.068513
1734.4	7.174644	4.560252	11.734896	21.248629
1734.5	10.833434	0.906492	11.739926	21.484447
1734.6	8.236989	3.508784	11.745773	21.726054
1734.7	2.963377	8.781194	11.744571	21.924350
1734.8	2.197589	9.540351	11.737940	22.045840
1734.9	7.025362	4.709511	11.734873	22.082058
1735	10.907514	0.832098	11.739611	22.050607
1735.1	8.476396	3.269454	11.745850	21.987636
1735.2	2.843730	8.901419	11.745150	21.934522
1735.3	1.532505	10.205792	11.738298	21.923438
1735.4	6.430669	5.303657	11.734327	21.966799
1735.5	11.226394	0.512085	11.738478	22.054167
1735.6	9.755462	1.989798	11.745260	22.157505
1735.7	4.088193	7.657641	11.745833	22.242747
1735.8	1.627407	10.112319	11.739726	22.283436
1735.9	5.259900	6.475325	11.735225	22.271487
1736	9.764337	1.973812	11.738148	22.221184
1736.1	9.061033	2.683190	11.744223	22.164947
1736.2	4.336967	7.408168	11.745136	22.142291
1736.3	2.182876	9.556920	11.739796	22.185829
1736.4	5.536835	6.198757	11.735592	22.309186
1736.5	9.792557	1.945666	11.738223	22.501064
1736.6	9.166178	2.577886	11.744064	22.727519
1736.7	4.498976	7.246286	11.745262	22.941769
1736.8	1.980477	9.759884	11.740361	23.098235
1736.9	4.760932	6.975114	11.736046	23.166179
1737	8.901299	2.836641	11.737939	23.138505
1737.1	8.916856	2.826306	11.743162	23.033000
1737.2	5.120607	6.623974	11.744581	22.885877
1737.3	2.861029	8.879539	11.740568	22.740016
1737.4	5.051915	6.684986	11.736900	22.631950
1737.5	8.376382	3.362187	11.738569	22.581811
1737.6	8.138260	3.604756	11.743016	22.589263
1737.7	4.784010	6.959939	11.743949	22.636229
1737.8	3.110506	8.629621	11.740128	22.694911
1737.9	5.504722	6.232199	11.736921	22.737926
1738	8.699750	3.038977	11.738727	22.746926
1738.1	8.398542	3.344418	11.742960	22.716922
1738.2	5.168306	6.575517	11.743823	22.655283
1738.3	3.473570	8.266783	11.740353	22.576389
1738.4	5.427434	6.310089	11.737523	22.494445
1738.5	8.063431	3.675687	11.739118	22.417433
1738.6	7.743582	3.998977	11.742558	22.344533
1738.7	5.271507	6.471313	11.742820	22.267853
1738.8	4.506257	7.233414	11.739670	22.177542
1738.9	6.642920	5.094971	11.737892	22.068051
1739	8.454216	3.286048	11.740264	21.942839
1739.1	7.031641	4.711789	11.743431	21.815474
1739.2	4.180945	7.561711	11.742656	21.706446
1739.3	4.023355	7.715394	11.738749	21.636675
1739.4	7.063044	4.674124	11.737167	21.619999
1739.5	9.216262	2.524066	11.740329	21.657346
1739.6	7.433396	4.310578	11.743974	21.734800
1739.7	4.102786	7.640188	11.742974	21.826394
1739.8	3.861155	7.877475	11.738630	21.900887
1739.9	7.057773	4.679303	11.737077	21.930369
1740	9.079278	2.661429	11.740708	21.897989
1740.1	6.761535	4.983022	11.744557	21.802387
1740.2	3.060136	8.682878	11.743014	21.657540
1740.3	3.221625	8.516184	11.737809	21.488264
1740.4	7.444713	4.291297	11.736010	21.322960
1740.5	10.232095	1.508283	11.740379	21.185966
1740.6	7.698898	4.046380	11.745278	21.091858
1740.7	3.011158	8.732937	11.744096	21.043237
1740.8	2.322864	9.415443	11.738307	21.032288
1740.9	6.480682	5.255002	11.735683	21.045214
1741	9.790263	1.949523	11.739786	21.067785
1741.1	7.717690	4.027314	11.745004	21.090095
1741.2	3.132747	8.611360	11.744107	21.109074
1741.3	2.464536	9.273660	11.738196	21.128211
1741.4	6.848699	4.886683	11.735382	21.154902
1741.5	10.374739	1.365007	11.739746	21.196603
1741.6	8.046816	3.698741	11.745557	21.257213
1741.7	2.748568	8.996285	11.744853	21.334922
1741.8	1.591601	10.146704	11.738304	21.422152
1741.9	6.351079	5.383483	11.734562	21.507514
1742	10.896280	0.842429	11.738709	21.579087
1742.1	9.268128	2.477198	11.745326	21.627986
1742.2	3.658747	8.086894	11.745642	21.651189
1742.3	1.525749	10.213531	11.739280	21.652858
1742.4	5.637777	6.097003	11.734780	21.643824
1742.5	10.403861	1.334274	11.738135	21.639363
1742.6	9.422643	2.322115	11.744758	21.655750
1742.7	4.089417	7.656272	11.745689	21.706322
1742.8	1.683883	10.055784	11.739666	21.797898
1742.9	5.541395	6.193413	11.734808	21.928343
1743	10.551098	1.186579	11.737677	22.085931
1743.1	10.009260	1.735220	11.744480	22.250859
1743.2	4.581896	7.164296	11.746193	22.398864
1743.3	1.378396	10.362223	11.740618	22.506369
1743.4	4.484379	7.250812	11.735191	22.556164
1743.5	9.669000	2.067950	11.736950	22.542254
1743.6	10.184819	1.558464	11.743283	22.472507
1743.7	5.677950	6.067775	11.745725	22.368110
1743.8	2.324840	9.416519	11.741359	22.259565
1743.9	4.353200	7.383213	11.736412	22.179896
1744	8.561664	3.175866	11.737530	22.156660
1744.1	9.014432	2.728431	11.742863	22.204845
1744.2	5.193741	6.551179	11.744920	22.322719
1744.3	2.499799	9.241130	11.740929	22.491981
1744.4	4.699448	7.037003	11.736451	22.682363
1744.5	8.816344	2.921251	11.737595	22.859518
1744.6	9.311859	2.430865	11.742724	22.993934
1744.7	5.612219	6.132681	11.744901	23.068264
1744.8	2.702622	9.038785	11.741407	23.080849
1744.9	4.237667	7.499541	11.737208	23.044435
1745	7.757757	3.980152	11.737909	22.980597
1745.1	8.373139	3.369026	11.742164	22.911816
1745.2	5.529288	6.214593	11.743881	22.853922
1745.3	3.500869	8.239930	11.740799	22.811474
1745.4	5.221643	6.515800	11.737443	22.777617
1745.5	8.227193	3.511389	11.738582	22.738331
1745.6	8.257312	3.485253	11.742565	22.679423
1745.7	5.273735	6.470049	11.743784	22.593577
1745.8	3.441031	8.299562	11.740593	22.484719
1745.9	5.244376	6.493133	11.737509	22.367915
1746	8.093868	3.644889	11.738756	22.264647
1746.1	8.097547	3.644831	11.742379	22.195070
1746.2	5.535969	6.207208	11.743177	22.170047
1746.3	4.288976	7.451184	11.740160	22.185990
1746.4	6.152656	5.585223	11.737880	22.224615
1746.5	8.249459	3.490326	11.739785	22.258021
1746.6	7.269501	4.473638	11.743140	22.257558
1746.7	4.441315	7.301573	11.742888	22.203507
1746.8	3.960350	7.778697	11.739047	22.092173
1746.9	6.917570	4.819428	11.736998	21.937813
1747	9.405445	2.334496	11.739941	21.768550
1747.1	7.807282	3.936808	11.744091	21.617567
1747.2	4.031682	7.711983	11.743665	21.512530
1747.3	3.161273	8.577745	11.739019	21.466901
1747.4	6.459516	5.276942	11.736459	21.476123
1747.5	9.427828	2.311799	11.739626	21.519978
1747.6	7.888587	3.855678	11.744264	21.570203
1747.7	3.861665	7.882226	11.743891	21.600565
1747.8	2.954961	8.783871	11.738832	21.595715
1747.9	6.595864	5.140187	11.736051	21.555624
1748	9.812855	1.926782	11.739637	21.494033
1748.1	7.922046	3.822877	11.744923	21.431614
1748.2	3.139648	8.604943	11.744591	21.386539
1748.3	1.878262	9.860479	11.738741	21.366193
1748.4	6.084321	5.650768	11.735089	21.363381
1748.5	10.363089	1.375569	11.738658	21.358742
1748.6	9.055542	2.689288	11.744830	21.328709
1748.7	3.874912	7.870481	11.745393	21.256164
1748.8	1.695642	10.043972	11.739614	21.139733
1748.9	5.319147	6.416176	11.735322	20.997929
1749	9.680505	2.057833	11.738338	20.866071
1749.1	8.732200	3.012319	11.744519	20.786444
1749.2	3.738689	8.006623	11.745311	20.794724
1749.3	1.654754	10.084675	11.739429	20.907193
1749.4	5.649047	6.085724	11.734771	21.113323
1749.5	10.607864	1.129948	11.737812	21.376619
1749.6	9.868191	1.876530	11.744721	21.643922
1749.7	4.226541	7.519793	11.746334	21.860486
1749.8	1.037410	10.703016	11.740426	21.986069
1749.9	4.479016	7.255755	11.734771	22.006836
1750	9.995623	1.741174	11.736797	21.939143
1750.1	10.377650	1.366047	11.743697	21.823940
1750.2	5.332662	6.413590	11.746252	21.713603
1750.3	1.749549	9.991635	11.741183	21.655531
1750.4	4.397737	7.337696	11.735434	21.677842
1750.5	9.600723	2.136012	11.736735	21.781770
1750.6	10.296352	1.446905	11.743257	21.943018
1750.7	5.548271	6.197929	11.746200	22.121303
1750.8	1.720904	10.020762	11.741665	22.274621
1750.9	3.887330	7.848441	11.735771	22.373245
1751	9.115037	2.621273	11.736310	22.408759
1751.1	10.527272	1.215113	11.742385	22.395259
1751.2	6.466016	5.279845	11.745861	22.362673
1751.3	2.449392	9.292986	11.742378	22.344842
1751.4	3.589543	8.147388	11.736931	22.366772
1751.5	7.909838	3.826965	11.736803	22.435603
1751.6	9.395238	2.346534	11.741773	22.538392
1751.7	6.251089	5.493726	11.744814	22.647315
1751.8	3.064614	8.677281	11.741895	22.730278
1751.9	4.243930	7.493369	11.737299	22.763020
1752	7.993601	3.743843	11.737444	22.738376
1752.1	8.995918	2.746112	11.742030	22.669437
1752.2	5.830833	5.913817	11.744650	22.585542
1752.3	2.843192	8.898542	11.741735	22.522548
1752.4	4.073235	7.664112	11.737347	22.510798
1752.5	7.775070	3.962351	11.737421	22.564885
1752.6	8.973836	2.767811	11.741646	22.678634
1752.7	6.295640	5.448510	11.744150	22.826836
1752.8	3.608546	8.133183	11.741730	22.972949
1752.9	4.465446	7.272625	11.738071	23.080036
1753	7.285971	4.452342	11.738314	23.121267
1753.1	7.881115	3.860728	11.741843	23.086652
1753.2	5.501684	6.241710	11.743394	22.984163
1753.3	3.802055	7.938614	11.740669	22.835372
1753.4	5.485573	6.252021	11.737594	22.667578
1753.5	8.352844	3.385818	11.738662	22.505362
1753.6	8.393524	3.348956	11.742480	22.364463
1753.7	5.508268	6.235437	11.743705	22.249718
1753.8	3.697675	8.042956	11.740632	22.157201
1753.9	5.413243	6.324397	11.737640	22.079156
1754	8.091559	3.647413	11.738972	22.009397
1754.1	7.843828	3.898818	11.742646	21.946892
1754.2	5.085812	6.657430	11.743241	21.896168
1754.3	4.015711	7.724005	11.739716	21.864515
1754.4	6.527711	5.209410	11.737122	21.857344
1754.5	9.218558	2.520946	11.739503	21.873745
1754.6	8.012602	3.731284	11.743886	21.904268
1754.7	4.114517	7.629573	11.744090	21.932067
1754.8	2.746568	8.992854	11.739422	21.937251
1754.9	6.016783	5.719266	11.736049	21.903058
1755	9.722757	2.015966	11.738723	21.821715
1755.1	8.841081	2.902959	11.744040	21.697893
1755.2	4.442691	7.302113	11.744804	21.548451
1755.3	2.438949	9.300911	11.739860	21.398398
1755.4	5.573369	6.162537	11.735906	21.274267
1755.5	9.535539	2.202927	11.738466	21.196916
1755.6	8.730635	3.013550	11.744185	21.175942
1755.7	4.022542	7.722648	11.745190	21.207330
1755.8	1.781403	9.958445	11.739848	21.274902
1755.9	5.263818	6.471435	11.735253	21.354993
1756	9.982710	1.755041	11.737751	21.422836
1756.1	9.574646	2.169553	11.744199	21.458787
1756.2	4.421963	7.324025	11.745988	21.452723
1756.3	1.308287	10.432340	11.740627	21.405623
1756.4	4.374876	7.360358	11.735234	21.328253
1756.5	9.513008	2.224021	11.737029	21.237647
1756.6	9.849554	1.894021	11.743576	21.152581
1756.7	5.008087	6.737929	11.746016	21.089306
1756.8	1.621170	10.119877	11.741046	21.058533
1756.9	4.337551	7.397882	11.735433	21.064165
1757	9.474664	2.262208	11.736871	21.103771
1757.1	9.969450	1.774057	11.743508	21.170378
1757.2	4.996235	6.750109	11.746344	21.254962
1757.3	1.221470	10.519908	11.741378	21.348948
1757.4	3.896743	7.838360	11.735103	21.446178
1757.5	9.734600	2.001287	11.735888	21.543907
1757.6	11.182634	0.560140	11.742775	21.642681
1757.7	6.413085	5.333664	11.746750	21.745110
1757.8	1.688115	10.054618	11.742733	21.853856
1757.9	3.016813	8.719402	11.736215	21.969353
1758	8.317729	3.418044	11.735772	22.087975
1758.1	10.450629	1.291036	11.741665	22.201348
1758.2	6.822243	4.923534	11.745777	22.297327
1758.3	2.630762	9.111922	11.742684	22.362710
1758.4	3.627393	8.109410	11.736803	22.387183
1758.5	8.373906	3.362266	11.736172	22.367461
1758.6	10.366793	1.374777	11.741570	22.310256
1758.7	6.898914	4.846750	11.745664	22.232812
1758.8	2.596661	9.146389	11.743050	22.160289
1758.9	3.059879	8.677516	11.737395	22.120225
1759	7.422492	4.313737	11.736229	22.135309
1759.1	9.792383	1.948407	11.740790	22.216452
1759.2	7.282093	4.462605	11.744698	22.358377
1759.3	3.619625	8.123239	11.742864	22.539411
1759.4	3.737012	8.001204	11.738217	22.726013
1759.5	7.071149	4.666136	11.737285	22.881131
1759.6	8.687143	3.053985	11.741128	22.974148
1759.7	6.309873	5.434277	11.744150	22.989505
1759.8	3.378350	8.363741	11.742091	22.931292
1759.9	4.076340	7.661554	11.737895	22.822235
1760	7.471171	4.266259	11.737430	22.697206
1760.1	8.895946	2.845343	11.741289	22.593126
1760.2	6.469057	5.275038	11.744096	22.538343
1760.3	3.601787	8.140298	11.742085	22.544784
1760.4	4.142629	7.595603	11.738232	22.605314
1760.5	7.090966	4.646938	11.737904	22.697027
1760.6	8.213295	3.528034	11.741330	22.789271
1760.7	6.089316	5.654156	11.743472	22.853604
1760.8	3.993633	7.747665	11.741298	22.872330
1760.9	5.068875	6.669179	11.738054	22.842784
1761	7.772737	3.965790	11.738528	22.776108
1761.1	8.113938	3.628182	11.742119	22.691228
1761.2	5.467110	6.276524	11.743634	22.606460
1761.3	3.604247	8.136482	11.740729	22.531999
1761.4	5.355722	6.381685	11.737407	22.466160
1761.5	8.455774	3.282665	11.738440	22.396814
1761.6	8.603423	3.139096	11.742519	22.307465
1761.7	5.560433	6.183494	11.743926	22.185613
1761.8	3.620323	8.120275	11.740598	22.030104
1761.9	5.581905	6.155316	11.737221	21.854424
1762	8.652133	3.086608	11.738741	21.684370
1762.1	8.255638	3.487580	11.743218	21.550575
1762.2	4.628793	7.115453	11.744246	21.478362
1762.3	2.838454	8.901496	11.739949	21.478505
1762.4	5.808665	5.927342	11.736007	21.542346
1762.5	9.907012	1.831078	11.738091	21.643232
1762.6	9.539474	2.204360	11.743834	21.744091
1762.7	4.824746	6.920883	11.745629	21.808705
1762.8	1.780667	9.960210	11.740877	21.812892
1762.9	4.391591	7.344185	11.735775	21.751750
1763	9.156857	2.580283	11.737140	21.640423
1763.1	9.683945	2.059196	11.743141	21.508147
1763.2	5.311055	6.434578	11.745633	21.387700
1763.3	2.056300	9.684886	11.741187	21.304019
1763.4	4.445151	7.290707	11.735858	21.266059
1763.5	9.247920	2.489125	11.737045	21.264808
1763.6	9.764257	1.979070	11.743327	21.278088
1763.7	4.994756	6.751438	11.746194	21.280326
1763.8	1.215136	10.526412	11.741548	21.253574
1763.9	3.614350	8.121077	11.735427	21.195583
1764	9.198425	2.537603	11.736028	21.121752
1764.1	10.648832	1.093810	11.742643	21.060014
1764.2	6.085559	5.660941	11.746500	21.040351
1764.3	1.608895	10.133605	11.742499	21.082720
1764.4	3.135382	8.600687	11.736069	21.187898
1764.5	8.483364	3.252491	11.735855	21.334874
1764.6	10.366988	1.375087	11.742076	21.486168
1764.7	6.254673	5.491581	11.746253	21.599615
1764.8	1.784016	9.958666	11.742682	21.642763
1764.9	3.130216	8.605927	11.736142	21.604945
1765	8.638065	3.097397	11.735462	21.502656
1765.1	11.006256	0.735364	11.741621	21.376089
1765.2	7.072729	4.673708	11.746437	21.277605
1765.3	2.041040	9.702499	11.743540	21.255709
1765.4	2.524295	9.212539	11.736834	21.339696
1765.5	7.795703	3.939472	11.735174	21.529997
1765.6	10.903764	0.836798	11.740562	21.797400
1765.7	7.969614	3.776082	11.745696	22.091429
1765.8	3.143877	8.600038	11.743915	22.355168
1765.9	2.800372	8.937584	11.737956	22.541714
1766	7.041019	4.694911	11.735930	22.627060
1766.1	9.889533	1.850776	11.740309	22.615432
1766.2	7.563483	4.181396	11.744879	22.535757
1766.3	3.447409	8.296030	11.743440	22.430817
1766.4	3.236110	8.502030	11.738140	22.343010
1766.5	7.155174	4.581096	11.736271	22.301536
1766.6	9.837249	1.903008	11.740257	22.315097
1766.7	7.729764	4.014818	11.744582	22.372105
1766.8	3.768905	7.974621	11.743526	22.447741
1766.9	3.148821	8.590017	11.738838	22.514898
1767	6.286503	5.450484	11.736986	22.554876
1767.1	8.601584	3.138592	11.740176	22.564025
1767.2	7.052967	4.690650	11.743617	22.554188
1767.3	4.181000	7.561490	11.742489	22.547116
1767.4	4.234860	7.503766	11.738626	22.565168
1767.5	7.093277	4.644409	11.737687	22.621875
1767.6	8.539612	3.201451	11.741063	22.715858
1767.7	6.337246	5.406717	11.743963	22.830257
1767.8	3.442755	8.299483	11.742238	22.937807
1767.9	3.861662	7.876568	11.738230	23.009687
1768	7.041365	4.696088	11.737454	23.024969
1768.1	8.678575	3.062296	11.740871	22.977410
1768.2	6.734366	5.009268	11.743635	22.877325
1768.3	4.166277	7.575709	11.741985	22.748080
1768.4	4.608801	7.129696	11.738497	22.618575
1768.5	7.212498	4.525788	11.738286	22.514379
1768.6	7.980159	3.761474	11.741633	22.450494
1768.7	5.649535	6.094021	11.743556	22.427969
1768.8	3.646339	8.094672	11.741011	22.435155
1768.9	5.187376	6.550079	11.737454	22.452759
1769	8.461401	3.276690	11.738091	22.460650
1769.1	8.925705	2.816653	11.742358	22.443978
1769.2	5.728490	6.015908	11.744398	22.396638
1769.3	3.178461	8.562728	11.741189	22.321276
1769.4	4.889416	6.847606	11.737022	22.226328
1769.5	8.610545	3.127210	11.737755	22.121635
1769.6	9.144425	2.598140	11.742565	22.014515
1769.7	5.586111	6.158691	11.744802	21.907818
1769.8	2.815871	8.925272	11.741143	21.800551
1769.9	4.861573	6.874890	11.736463	21.690571
1770	9.127321	2.610047	11.737368	21.578011
1770.1	9.675732	2.067233	11.742965	21.467827
1770.2	5.397922	6.347789	11.745712	21.370228
1770.3	1.864143	9.877453	11.741596	21.298594
1770.4	3.968743	7.767140	11.735883	21.265464
1770.5	9.154581	2.581694	11.736276	21.277968
1770.6	10.585624	1.156835	11.742459	21.334295
1770.7	6.268437	5.477847	11.746284	21.422536
1770.8	1.843150	9.899487	11.742637	21.522427
1770.9	3.098866	8.637539	11.736405	21.609618
1771	8.192766	3.543205	11.735971	21.661308
1771.1	10.128564	1.613319	11.741883	21.661661
1771.2	6.242786	5.503267	11.746053	21.605592
1771.3	1.868671	9.874028	11.742699	21.499946
1771.4	3.122830	8.613446	11.736275	21.361918
1771.5	8.517360	3.218184	11.735544	21.215216
1771.6	10.819130	0.922564	11.741694	21.085027
1771.7	6.772941	4.973650	11.746591	20.992952
1771.8	1.592690	10.150956	11.743646	20.953016
1771.9	2.081830	9.654873	11.736703	20.969436
1772	7.567234	4.167697	11.734932	21.036454
1772.1	10.820234	0.920334	11.740568	21.140097
1772.2	7.715624	4.030364	11.745988	21.261427
1772.3	2.648165	9.095842	11.744007	21.380606
1772.4	2.497361	9.240114	11.737475	21.481017
1772.5	7.360317	4.374990	11.735307	21.552611
1772.6	10.529719	1.210691	11.740410	21.593800
1772.7	7.636940	4.108885	11.745825	21.611398
1772.8	2.559177	9.185014	11.744191	21.618541
1772.9	2.176038	9.561610	11.737648	21.630978
1773	7.127887	4.607009	11.734896	21.662603
1773.1	10.996087	0.743435	11.739523	21.721439
1773.2	8.870879	2.874469	11.745347	21.807263
1773.3	3.735506	8.009319	11.744825	21.911719
1773.4	2.276714	9.462289	11.739003	22.021022
1773.5	6.011905	5.723860	11.735765	22.120571
1773.6	9.629477	2.109643	11.739120	22.200005
1773.7	8.400116	3.344016	11.744132	22.257002
1773.8	4.382618	7.361380	11.743998	22.298349
1773.9	3.227157	8.512084	11.739241	22.337650
1774	6.344971	5.391641	11.736611	22.390197
1774.1	9.216810	2.522819	11.739629	22.466592
1774.2	7.837836	3.906105	11.743941	22.567376
1774.3	4.183773	7.559809	11.743582	22.680750
1774.4	3.288680	8.450515	11.739195	22.784628
1774.5	6.251121	5.485781	11.736902	22.852809
1774.6	8.884637	2.855088	11.739725	22.863568
1774.7	7.644348	4.099233	11.743582	22.807923
1774.8	4.426680	7.316497	11.743178	22.694673
1774.9	3.696366	8.042972	11.739338	22.550175
1775	6.206696	5.530899	11.737595	22.412398
1775.1	8.143700	3.596587	11.740287	22.320743
1775.2	6.697421	5.045956	11.743378	22.304622
1775.3	4.049012	7.693324	11.742336	22.374361
1775.4	4.169398	7.569220	11.738618	22.517457
1775.5	7.069191	4.668386	11.737576	22.701544
1775.6	8.710315	3.030498	11.740812	22.883309
1775.7	6.719537	5.024306	11.743843	23.020640
1775.8	3.796497	7.945919	11.742415	23.084197
1775.9	3.951843	7.786692	11.738535	23.064793
1776	6.868428	4.869225	11.737652	22.974348
1776.1	8.380112	3.360823	11.740935	22.840340
1776.2	6.423800	5.319788	11.743588	22.695849
1776.3	4.008342	7.733356	11.741699	22.568689
1776.4	4.889639	6.848296	11.737935	22.473357
1776.5	8.032361	3.705519	11.737881	22.408374
1776.6	8.862245	2.879739	11.741984	22.359645
1776.7	5.794985	5.949591	11.744575	22.308224
1776.8	2.836498	8.905204	11.741701	22.239352
1776.9	4.254719	7.482236	11.736956	22.149214
1777	8.493900	3.242957	11.736857	22.046809
1777.1	9.967106	1.774700	11.741807	21.950221
1777.2	6.626919	5.118287	11.745206	21.878774
1777.3	2.954691	8.787662	11.742353	21.844176
1777.4	3.977801	7.759264	11.737065	21.844222
1777.5	8.304568	3.432102	11.736670	21.861758
1777.6	9.854894	1.887021	11.741915	21.869652
1777.7	6.202807	5.542853	11.745660	21.840235
1777.8	2.156299	9.586221	11.742520	21.755880
1777.9	3.397794	8.338648	11.736442	21.616808
1778	8.613062	3.122599	11.735662	21.443028
1778.1	10.940546	0.800985	11.741531	21.269329
1778.2	7.101829	4.644577	11.746407	21.134761
1778.3	1.971995	9.771758	11.743753	21.070044
1778.4	2.232820	9.504181	11.737002	21.087249
1778.5	7.465515	4.269578	11.735093	21.175393
1778.6	10.673788	1.066729	11.740517	21.303633
1778.7	7.632677	4.113278	11.745955	21.431060
1778.8	2.523350	9.220768	11.744118	21.519813
1778.9	2.251382	9.486184	11.737566	21.547009
1779	7.108159	4.627066	11.735225	21.511377
1779.1	10.399815	1.340473	11.740289	21.432356
1779.2	7.553850	4.192019	11.745868	21.342057
1779.3	2.372969	9.371344	11.744313	21.273036
1779.4	1.938774	9.798825	11.737599	21.246337
1779.5	7.021723	4.713007	11.734729	21.264117
1779.6	10.957422	0.782195	11.739617	21.309568
1779.7	8.537598	3.208207	11.745805	21.354163
1779.8	2.964817	8.780302	11.745120	21.369599
1779.9	1.552043	10.186532	11.738575	21.340036
1780	5.997688	5.737220	11.734907	21.270068
1780.1	10.271779	1.467051	11.738830	21.185269
1780.2	8.802871	2.941997	11.744868	21.124832
1780.3	3.851435	7.893468	11.744902	21.128588
1780.4	2.256839	9.482231	11.739071	21.222818
1780.5	6.155676	5.579693	11.735370	21.409796
1780.6	10.226706	1.512053	11.738758	21.664837
1780.7	8.987539	2.757052	11.744592	21.942133
1780.8	4.132387	7.612678	11.745064	22.187686
1780.9	2.109533	9.630158	11.739690	22.355238
1781	5.455550	6.280157	11.735707	22.420052
1781.1	9.619419	2.118783	11.738202	22.386098
1781.2	9.273613	2.469897	11.743510	22.284395
1781.3	5.313819	6.430719	11.744538	22.163131
1781.4	3.226141	8.514220	11.740361	22.072873
1781.5	5.479860	6.257184	11.737043	22.051641
1781.6	8.472858	3.266162	11.739020	22.114523
1781.7	7.878598	3.864578	11.743177	22.250860
1781.8	4.665597	7.077933	11.743530	22.429427
1781.9	3.510593	8.229052	11.739645	22.609479
1782	6.115961	5.621092	11.737053	22.753712
1782.1	8.870832	2.868552	11.739384	22.838892
1782.2	7.973657	3.769704	11.743361	22.860931
1782.3	4.700106	7.043408	11.743514	22.833309
1782.4	3.500958	8.238856	11.739814	22.780034
1782.5	5.768347	5.969185	11.737532	22.726082
1782.6	8.058491	3.681239	11.739730	22.688856
1782.7	7.116830	4.626223	11.743053	22.673537
1782.8	4.470474	7.272178	11.742652	22.673579
1782.9	4.110222	7.628920	11.739142	22.675643
1783	6.664000	5.073680	11.737680	22.666710
1783.1	8.431767	3.308758	11.740525	22.640471
1783.2	6.701142	5.042551	11.743692	22.600558
1783.3	3.764431	7.978127	11.742558	22.559469
1783.4	3.807524	7.931001	11.738525	22.533745
1783.5	6.955516	4.781699	11.737215	22.537290
1783.6	8.938114	2.802449	11.740563	22.575403
1783.7	7.017227	4.726727	11.743954	22.641707
1783.8	3.897457	7.845160	11.742617	22.719098
1783.9	3.996159	7.742246	11.738406	22.784340
1784	7.184511	4.552811	11.737322	22.814710
1784.1	8.862557	2.878479	11.741036	22.794416
1784.2	6.466449	5.277866	11.744314	22.718739
1784.3	3.313052	8.429209	11.742260	22.594698
1784.4	4.130727	7.606692	11.737419	22.438310
1784.5	8.266218	3.470373	11.736591	22.269600
1784.6	10.176552	1.564819	11.741370	22.107175
1784.7	6.946618	4.798898	11.745517	21.964103
1784.8	2.599933	9.143308	11.743241	21.846212
1784.9	2.951539	8.785767	11.737306	21.752941
1785	7.693244	4.042384	11.735627	21.679981
1785.1	10.563989	1.176604	11.740592	21.622405
1785.2	7.695783	4.049819	11.745602	21.577017
1785.3	2.939435	8.804413	11.743848	21.543088
1785.4	2.769866	8.967762	11.737628	21.521443
1785.5	7.474649	4.260768	11.735417	21.512496
1785.6	10.609573	1.130826	11.740399	21.514259
1785.7	7.673841	4.072122	11.745964	21.521289
1785.8	2.356917	9.387570	11.744487	21.525148
1785.9	1.761761	9.975945	11.737706	21.516313
1786	6.860696	4.873882	11.734578	21.486947
1786.1	11.043481	0.695842	11.739323	21.433601
1786.2	8.848496	2.897203	11.745699	21.358934
1786.3	3.225369	8.519941	11.745310	21.271871
1786.4	1.566827	10.171997	11.738824	21.186094
1786.5	5.833148	5.901862	11.735009	21.117232
1786.6	10.040548	1.698352	11.738900	21.079448
1786.7	8.437984	3.307085	11.745069	21.082224
1786.8	3.283570	8.461476	11.745046	21.128021
1786.9	1.725392	10.013426	11.738818	21.211300
1787	6.054996	5.679840	11.734835	21.319072
1787.1	10.545219	1.193347	11.738566	21.432928
1787.2	9.146243	2.598848	11.745091	21.532258
1787.3	3.640637	8.105075	11.745712	21.598191
1787.4	1.278230	10.461387	11.739617	21.617607
1787.5	5.115889	6.619013	11.734902	21.586458
1787.6	10.037809	1.699885	11.737694	21.511596
1787.7	9.673234	2.070849	11.744083	21.410436
1787.8	4.802207	6.943360	11.745568	21.308187
1787.9	2.057605	9.682838	11.740443	21.232913
1788	4.934355	6.801456	11.735811	21.209345
1788.1	9.304783	2.433020	11.737803	21.252898
1788.2	9.250316	2.493133	11.743449	21.365508
1788.3	5.053018	6.691982	11.745000	21.534636
1788.4	2.578843	9.161651	11.740493	21.736015
1788.5	5.189693	6.546493	11.736185	21.939636
1788.6	9.303670	2.434188	11.737858	22.117451
1788.7	9.428248	2.314843	11.743092	22.250588
1788.8	5.555549	6.189283	11.744832	22.333872
1788.9	2.915784	8.825232	11.741016	22.376180
1789	4.767010	6.970042	11.737051	22.396414
1789.1	8.226576	3.511578	11.738154	22.416349
1789.2	8.570421	3.171948	11.742369	22.452680
1789.3	5.713440	6.030258	11.743698	22.510998
1789.4	3.949495	7.791062	11.740557	22.583832
1789.5	5.690586	6.047123	11.737709	22.653579
1789.6	8.169798	3.569486	11.739284	22.699422
1789.7	7.587383	4.155567	11.742950	22.705869
1789.8	4.622716	7.120638	11.743354	22.669835
1789.9	3.471874	8.267932	11.739806	22.603561
1790	5.853500	5.883765	11.737265	22.531990
1790.1	8.527605	3.211702	11.739306	22.485183
1790.2	7.838470	3.904598	11.743067	22.488122
1790.3	4.837956	6.905349	11.743304	22.551388
1790.4	3.745224	7.994583	11.739807	22.666052
1790.5	5.947414	5.790240	11.737654	22.804842
1790.6	8.067948	3.672000	11.739949	22.929575
1790.7	6.863906	4.879435	11.743341	23.002675
1790.8	3.983384	7.759390	11.742774	22.999080
1790.9	3.719981	8.018816	11.738797	22.914596
1791	6.822158	4.914844	11.737003	22.767822
1791.1	9.172251	2.567907	11.740157	22.594853
1791.2	7.436690	4.307391	11.744081	22.438410
1791.3	3.867538	7.875760	11.743299	22.334894
1791.4	3.358599	8.380170	11.738769	22.303586
1791.5	6.641620	5.095140	11.736760	22.341478
1791.6	9.136300	2.603854	11.740155	22.425296
1791.7	7.286278	4.457971	11.744249	22.519820
1791.8	3.663521	8.079639	11.743160	22.589502
1791.9	3.542209	8.195958	11.738168	22.609347
1792	7.449670	4.286577	11.736247	22.571405
1792.1	10.099499	1.640935	11.740434	22.484905
1792.2	7.552351	4.192916	11.745267	22.370401
1792.3	2.915809	8.828171	11.743980	22.250440
1792.4	2.473938	9.263974	11.737912	22.140475
1792.5	7.149355	4.585746	11.735101	22.043509
1792.6	10.932717	0.806807	11.739524	21.950464
1792.7	8.760907	2.984584	11.745490	21.846012
1792.8	3.398090	8.346975	11.745064	21.717450
1792.9	1.893704	9.845060	11.738765	21.562946
1793	6.169598	5.565418	11.735016	21.395668
1793.1	10.394246	1.344614	11.738860	21.241791
1793.2	8.811766	2.933332	11.745098	21.132688
1793.3	3.543405	8.201834	11.745239	21.093923
1793.4	1.772269	9.966737	11.739006	21.135016
1793.5	6.013517	5.721292	11.734809	21.243898
1793.6	10.607097	1.131335	11.738431	21.388459
1793.7	9.268396	2.476748	11.745144	21.525129
1793.8	3.589006	8.156964	11.745970	21.611886
1793.9	1.005327	10.734409	11.739736	21.621409
1794	4.899256	6.835423	11.734679	21.549869
1794.1	10.104006	1.633428	11.737434	21.418269
1794.2	9.825859	1.918350	11.744209	21.265709
1794.3	4.655217	7.090750	11.745967	21.136767
1794.4	1.607922	10.132638	11.740560	21.067206
1794.5	4.621323	7.114134	11.735457	21.072830
1794.6	9.367808	2.369727	11.737535	21.145232
1794.7	9.273111	2.470722	11.743834	21.255781
1794.8	4.465765	7.279930	11.745694	21.366374
1794.9	1.553223	10.187306	11.740529	21.443091
1795	4.635389	7.099884	11.735273	21.467975
1795.1	9.761176	1.975801	11.736977	21.444830
1795.2	10.242817	1.500545	11.743362	21.397073
1795.3	5.561036	6.184961	11.745997	21.358538
1795.4	1.914983	9.826625	11.741607	21.360561
1795.5	3.883243	7.852991	11.736234	21.420032
1795.6	8.519043	3.217861	11.736905	21.532716
1795.7	9.613020	2.129300	11.742320	21.674256
1795.8	6.054368	5.690621	11.744988	21.808579
1795.9	2.998337	8.743174	11.741510	21.900778
1796	4.618344	7.118574	11.736918	21.929962
1796.1	8.537125	3.200379	11.737504	21.897554
1796.2	9.341143	2.401137	11.742281	21.828072
1796.3	6.035721	5.708912	11.744633	21.761991
1796.4	3.201157	8.540352	11.741509	21.743005
1796.5	4.566191	7.171183	11.737374	21.803877
1796.6	8.040421	3.697388	11.737809	21.955527
1796.7	8.865006	2.876897	11.741902	22.182897
1796.8	6.195704	5.548157	11.743860	22.448856
1796.9	3.967821	7.773391	11.741212	22.704774
1797	5.158414	6.579603	11.738017	22.904290
1797.1	7.707198	4.031660	11.738858	23.015910
1797.2	7.711668	4.030676	11.742344	23.030648
1797.3	5.127349	6.615917	11.743266	22.962675
1797.4	3.797805	7.942365	11.740171	22.843305
1797.5	5.840630	5.896857	11.737487	22.710694
1797.6	8.476098	3.263096	11.739194	22.598802
1797.7	7.896173	3.846877	11.743050	22.529065
1797.8	4.722286	7.021368	11.743654	22.507010
1797.9	3.258294	8.481787	11.740081	22.524205
1798	5.486493	6.250785	11.737279	22.564127
1798.1	8.255982	3.483162	11.739144	22.609414
1798.2	7.701159	4.041836	11.742994	22.647805
1798.3	4.712289	7.031029	11.743318	22.674889
1798.4	3.685562	8.054053	11.739614	22.693173
1798.5	6.220019	5.517206	11.737226	22.708391
1798.6	8.690123	3.049660	11.739784	22.724933
1798.7	7.316703	4.427154	11.743857	22.742397
1798.8	3.717359	8.026192	11.743551	22.754687
1798.9	2.949170	8.789720	11.738890	22.751921
1799	6.463137	5.273015	11.736152	22.724319
1799.1	9.773612	1.965695	11.739307	22.666445
1799.2	8.406798	3.337492	11.744289	22.580118
1799.3	4.137118	7.607201	11.744318	22.474816
1799.4	2.761559	8.977694	11.739253	22.365376
1799.5	6.182881	5.553146	11.736027	22.267788
1799.6	9.651623	2.087588	11.739211	22.194515
1799.7	8.208062	3.536472	11.744534	22.150912
1799.8	3.660468	8.084053	11.744521	22.133863
1799.9	2.363844	9.374987	11.738831	22.132951
1800	6.519796	5.215283	11.735079	22.133649
1800.1	10.841800	0.896828	11.738628	22.121389
1800.2	9.448169	2.296900	11.745068	22.085232
1800.3	3.893552	7.852295	11.745846	22.020127
1800.4	1.362653	10.377110	11.739763	21.927322
1800.5	5.173313	6.561479	11.734792	21.813143
1800.6	10.274594	1.462926	11.737520	21.686801
1800.7	9.917871	1.826419	11.744291	21.558091
1800.8	4.657614	7.088437	11.746050	21.435635
1800.9	1.585973	10.154520	11.740494	21.326035
1801	4.786300	6.948862	11.735162	21.233843
1801.1	9.842935	1.894344	11.737279	21.162046
1801.2	9.815429	1.928568	11.743997	21.112617
1801.3	4.628700	7.117529	11.746230	21.086841
1801.4	1.209058	10.531848	11.740906	21.085287
1801.5	4.174090	7.561029	11.735119	21.107501
1801.6	9.618049	2.118545	11.736594	21.151596
1801.7	10.341527	1.401807	11.743335	21.213918
1801.8	5.457047	6.289321	11.746368	21.288897
1801.9	1.479107	10.262680	11.741787	21.369117
1802	3.546648	8.189215	11.735863	21.445653
1802.1	8.653999	3.082471	11.736470	21.508724
1802.2	9.888820	1.853729	11.742549	21.548757
1802.3	5.774251	5.971502	11.745753	21.557929
1802.4	2.089523	9.652305	11.741828	21.532081
1802.5	3.896760	7.839482	11.736242	21.472681
1802.6	8.707565	3.029051	11.736616	21.388216
1802.7	9.965857	1.776547	11.742404	21.294324
1802.8	5.958339	5.787426	11.745764	21.212069
1802.9	2.064458	9.677757	11.742215	21.164247
1803	3.462005	8.274552	11.736557	21.170231
1803.1	8.266312	3.469937	11.736249	21.240556
1803.2	10.233360	1.508092	11.741451	21.372837
1803.3	7.109911	4.635217	11.745127	21.550570
1803.4	3.333303	8.409375	11.742678	21.745698
1803.5	3.777919	7.959938	11.737857	21.924799
1803.6	7.331366	4.405875	11.737242	22.057518
1803.7	8.868061	2.873196	11.741257	22.124957
1803.8	6.469124	5.274888	11.744013	22.125457
1803.9	3.824561	7.917155	11.741715	22.075773
1804	4.807574	6.930214	11.737788	22.006910
1804.1	8.048914	3.688909	11.737822	21.955551
1804.2	9.001356	2.740373	11.741729	21.953495
1804.3	6.358192	5.385847	11.744040	22.018307
1804.4	3.772689	7.968977	11.741665	22.148136
1804.5	4.641881	7.096218	11.738100	22.322457
1804.6	7.434766	4.303554	11.738320	22.508565
1804.7	8.065757	3.676012	11.741769	22.671810
1804.8	5.767685	5.975644	11.743329	22.786213
1804.9	4.072584	7.668158	11.740742	22.841978
1805	5.591127	6.146720	11.737847	22.847384
1805.1	8.141843	3.597177	11.739020	22.824481
1805.2	7.840851	3.901920	11.742771	22.800128
1805.3	4.786957	6.956762	11.743719	22.795568
1805.4	3.152537	8.587732	11.740268	22.818282
1805.5	5.355963	6.381124	11.737087	22.859110
1805.6	8.499299	3.239376	11.738675	22.895757
1805.7	8.263107	3.479836	11.742943	22.901534
1805.8	4.957366	6.786600	11.743966	22.856256
1805.9	3.192769	8.547502	11.740271	22.755327
1806	5.453184	6.283852	11.737035	22.613595
1806.1	8.521359	3.217551	11.738910	22.462327
1806.2	7.925072	3.818288	11.743360	22.340040
1806.3	4.333905	7.410118	11.744023	22.280171
1806.4	2.849813	8.889846	11.739659	22.299727
1806.5	5.899383	5.836816	11.736199	22.392883
1806.6	9.564073	2.174601	11.738674	22.531814
1806.7	8.742140	3.001876	11.744016	22.674660
1806.8	4.284701	7.460238	11.744939	22.778022
1806.9	2.149814	9.590114	11.739929	22.809878
1807	5.379639	6.355984	11.735623	22.758648
1807.1	9.773854	1.964091	11.737946	22.635492
1807.2	9.415782	2.328110	11.743892	22.469275
1807.3	4.755083	6.990306	11.745389	22.296162
1807.4	2.161560	9.578715	11.740275	22.147583
1807.5	5.300234	6.435223	11.735457	22.040781
1807.6	9.980042	1.757615	11.737657	21.975083
1807.7	9.686941	2.057183	11.744123	21.934890
1807.8	4.511998	7.234100	11.746097	21.897905
1807.9	1.306471	10.434157	11.740629	21.845245
1808	4.578552	7.156252	11.734804	21.769489
1808.1	10.282513	1.453916	11.736429	21.677559
1808.2	11.002998	0.740528	11.743526	21.587398
1808.3	5.764579	5.982256	11.746835	21.519796
1808.4	1.355136	10.386964	11.742101	21.488653
1808.5	3.339910	8.395794	11.735704	21.493614
1808.6	8.762390	2.973696	11.736086	21.518215
1808.7	10.254466	1.488028	11.742495	21.534617
1808.8	5.949736	5.796407	11.746143	21.513507
1808.9	1.862246	9.879884	11.742129	21.435689
1809	3.633889	8.102100	11.735989	21.301048
1809.1	8.878886	2.857230	11.736116	21.131353
1809.2	10.443254	1.299141	11.742394	20.965404
1809.3	6.097069	5.649320	11.746390	20.847764
1809.4	1.547861	10.194883	11.742744	20.814646
1809.5	2.772066	8.964272	11.736338	20.881686
1809.6	8.059314	3.676333	11.735648	21.037828
1809.7	10.416856	1.324545	11.741402	21.247604
1809.8	6.940926	4.804873	11.745798	21.461229
1809.9	2.510882	9.232229	11.743111	21.629332
1810	3.033302	8.703931	11.737233	21.717520
1810.1	7.550594	4.185563	11.736157	21.716039
1810.2	9.790728	1.950413	11.741142	21.641474
1810.3	6.784055	4.961190	11.745245	21.530075
1810.4	2.764832	8.978083	11.742915	21.425171
1810.5	3.259688	8.477736	11.737424	21.363000
1810.6	7.607567	4.128644	11.736211	21.361736
1810.7	10.010504	1.730271	11.740775	21.417269
1810.8	7.427511	4.317369	11.744880	21.506871
1810.9	3.494072	8.249106	11.743178	21.599146
1811	3.387355	8.350924	11.738279	21.666527
1811.1	6.910060	4.826782	11.736842	21.695833
1811.2	9.128474	2.611981	11.740455	21.693170
1811.3	7.290114	4.453725	11.743838	21.681560
1811.4	4.340601	7.401835	11.742437	21.692264
1811.5	4.475220	7.263363	11.738583	21.752963
1811.6	7.260086	4.477788	11.737874	21.876995
1811.7	8.505422	3.235776	11.741198	22.057462
1811.8	6.370515	5.373148	11.743663	22.268220
1811.9	3.944991	7.796700	11.741691	22.471444
1812	4.758626	6.979468	11.738094	22.629184
1812.1	7.718257	4.019747	11.738004	22.715059
1812.2	8.668073	3.073483	11.741556	22.722267
1812.3	6.297954	5.445769	11.743723	22.665407
1812.4	3.972655	7.768840	11.741495	22.575697
1812.5	4.895151	6.843011	11.738162	22.491337
1812.6	7.521884	4.216700	11.738584	22.446211
1812.7	7.810735	3.931434	11.742169	22.460488
1812.8	5.135549	6.608073	11.743622	22.535858
1812.9	3.364749	8.375796	11.740545	22.656464
1813	5.375204	6.361902	11.737106	22.794769
1813.1	8.707887	3.030451	11.738338	22.920093
1813.2	8.725612	3.017285	11.742898	23.006998
1813.3	5.112508	6.632102	11.744610	23.041047
1813.4	2.585532	9.155443	11.740975	23.020628
1813.5	4.537270	7.199568	11.736839	22.954936
1813.6	8.291570	3.446292	11.737862	22.859428
1813.7	8.694567	3.048066	11.742634	22.750662
1813.8	5.256294	6.488182	11.744476	22.642271
1813.9	2.916974	8.823734	11.740709	22.543135
1814	5.174990	6.561564	11.736554	22.457755
1814.1	9.029034	2.708988	11.738022	22.388059
1814.2	8.956231	2.787160	11.743391	22.335404
1814.3	4.677726	7.067528	11.745254	22.301700
1814.4	1.910162	9.830519	11.740681	22.289135
1814.5	4.697795	7.037796	11.735591	22.298699
1814.6	9.657753	2.079211	11.736964	22.328278
1814.7	10.249016	1.494218	11.743235	22.371298
1814.8	5.588075	6.158016	11.746090	22.416714
1814.9	1.842823	9.898791	11.741614	22.450580
1815	4.047519	7.688224	11.735743	22.458848
1815.1	9.256606	2.479809	11.736415	22.430577
1815.2	10.408180	1.334629	11.742809	22.360570
1815.3	5.860156	5.886144	11.746300	22.250681
1815.4	1.724566	10.017490	11.742057	22.109445
1815.5	3.693236	8.042445	11.735680	21.950237
1815.6	9.284128	2.451661	11.735788	21.788538
1815.7	11.036546	0.705846	11.742392	21.639039
1815.8	6.489195	5.257563	11.746757	21.513270
1815.9	1.555078	10.187974	11.743052	21.418117
1816	2.696305	9.039861	11.736166	21.355361
1816.1	8.343203	3.391987	11.735190	21.322079
1816.2	11.030064	0.711238	11.741302	21.311673
1816.3	7.337397	4.408904	11.746301	21.315293
1816.4	2.312779	9.430882	11.743661	21.323461
1816.5	2.564501	9.172661	11.737163	21.327730
1816.6	7.442355	4.293257	11.735612	21.322176
1816.7	10.126102	1.614833	11.740935	21.304473
1816.8	6.960930	4.784809	11.745740	21.276255
1816.9	2.340204	9.403252	11.743456	21.242563
1817	2.642443	9.094752	11.737195	21.210383
1817.1	7.566189	4.169242	11.735431	21.186606
1817.2	10.571521	1.169010	11.740531	21.175976
1817.3	7.695978	4.049694	11.745673	21.179760
1817.4	2.781950	8.962165	11.744115	21.195678
1817.5	2.206967	9.531184	11.738151	21.219241
1817.6	6.413959	5.321806	11.735765	21.246112
1817.7	9.609842	2.129990	11.739832	21.274584
1817.8	7.733646	4.010893	11.744538	21.307106
1817.9	3.743033	8.000509	11.743542	21.349976
1818	3.267387	8.471113	11.738501	21.410972
1818.1	6.870419	4.866066	11.736485	21.495498
1818.2	9.486662	2.253524	11.740187	21.602598
1818.3	7.515902	4.228519	11.744421	21.722492
1818.4	3.686643	8.056783	11.743426	21.837028
1818.5	3.179138	8.559540	11.738678	21.923557
1818.6	6.574733	5.161896	11.736629	21.961500
1818.7	9.283231	2.456579	11.739809	21.939753
1818.8	7.934581	3.809063	11.743645	21.862426
1818.9	4.764343	6.978690	11.743033	21.750615
1819	4.171465	7.567809	11.739274	21.638992
1819.1	6.584477	5.153375	11.737852	21.567605
1819.2	8.204588	3.535987	11.740575	21.570965
1819.3	6.660864	5.082371	11.743235	21.667651
1819.4	4.364226	7.377627	11.741853	21.853787
1819.5	4.871694	6.866745	11.738439	22.102732
1819.6	7.618351	4.119698	11.738049	22.371502
1819.7	8.642027	3.099408	11.741434	22.612237
1819.8	6.294357	5.449486	11.743843	22.785344
1819.9	3.739515	8.002246	11.741761	22.870263
1820	4.554064	7.183964	11.738028	22.870457
1820.1	7.601414	4.136518	11.737932	22.811040
1820.2	8.533642	3.208044	11.741686	22.729845
1820.3	5.942463	5.801522	11.743985	22.664877
1820.4	3.465079	8.276379	11.741458	22.642324
1820.5	4.700755	7.036832	11.737588	22.669031
1820.6	7.996561	3.741396	11.737957	22.731868
1820.7	8.589073	3.153220	11.742292	22.803976
1820.8	5.337218	6.407345	11.744563	22.855546
1820.9	2.603601	9.137720	11.741321	22.865211
1821	4.357914	7.378855	11.736769	22.827971
1821.1	8.509840	3.227372	11.737212	22.756829
1821.2	9.506295	2.235989	11.742285	22.677609
1821.3	5.908212	5.836964	11.745176	22.618883
1821.4	2.531118	9.210760	11.741878	22.600716
1821.5	3.960956	7.775890	11.736846	22.626414
1821.6	8.200860	3.536177	11.737037	22.680363
1821.7	9.308617	2.433665	11.742282	22.732918
1821.8	5.621946	6.123350	11.745297	22.750710
1821.9	2.260004	9.481644	11.741648	22.708758
1822	4.196307	7.539792	11.736098	22.600068
1822.1	9.220041	2.516324	11.736365	22.439226
1822.2	10.605505	1.136992	11.742497	22.258558
1822.3	6.195575	5.550865	11.746439	22.098075
1822.4	1.604871	10.137884	11.742755	21.992610
1822.5	2.915815	8.820317	11.736131	21.960539
1822.6	8.499779	3.235540	11.735319	21.997963
1822.7	11.052959	0.688458	11.741417	22.080291
1822.8	7.298514	4.447783	11.746297	22.170572
1822.9	2.370420	9.373042	11.743463	22.231597
1823	2.916479	8.820316	11.736794	22.237521
1823.1	8.144669	3.590677	11.735346	22.181026
1823.2	10.884496	0.856636	11.741133	22.073726
1823.3	7.276857	4.469512	11.746369	21.940004
1823.4	2.044536	9.699392	11.743928	21.806822
1823.5	2.206977	9.529985	11.736961	21.693452
1823.6	7.660471	4.074245	11.734716	21.605013
1823.7	11.273758	0.466413	11.740171	21.532163
1823.8	8.358417	3.387685	11.746102	21.456943
1823.9	2.820904	8.923872	11.744776	21.362369
1824	1.848966	9.889221	11.738186	21.241947
1824.1	6.383754	5.351420	11.735174	21.105182
1824.2	10.116634	1.622886	11.739520	20.976677
1824.3	8.119972	3.625125	11.745096	20.888746
1824.4	3.344652	8.399718	11.744370	20.869997
1824.5	2.372178	9.366358	11.738536	20.933939
1824.6	6.427937	5.307718	11.735655	21.071891
1824.7	9.864866	1.874727	11.739593	21.253087
1824.8	7.967724	3.777173	11.744897	21.432418
1824.9	3.329126	8.415229	11.744356	21.563553
1825	2.229242	9.509518	11.738760	21.613232
1825.1	6.123369	5.612298	11.735667	21.571961
1825.2	9.801103	1.938001	11.739104	21.457464
1825.3	8.505455	3.238847	11.744302	21.309602
1825.4	4.206013	7.538358	11.744372	21.178314
1825.5	2.676789	9.062763	11.739552	21.108457
1825.6	5.659382	6.077153	11.736536	21.126429
1825.7	8.811519	2.927666	11.739185	21.232813
1825.8	7.909072	3.834434	11.743505	21.403276
1825.9	4.539375	7.204098	11.743472	21.597157
1826	3.607009	8.132327	11.739336	21.770727
1826.1	6.431410	5.305581	11.736992	21.890655
1826.2	9.063288	2.676361	11.739649	21.943330
1826.3	7.912699	3.830822	11.743521	21.937246
1826.4	4.666880	7.076422	11.743302	21.898100
1826.5	3.759515	7.980008	11.739523	21.858678
1826.6	6.178783	5.558767	11.737551	21.847239
1826.7	8.323657	3.416276	11.739933	21.878422
1826.8	7.284395	4.458587	11.742982	21.949593
1826.9	4.897529	6.844726	11.742256	22.043543
1827	4.880520	6.858441	11.738961	22.136210
1827.1	7.308667	4.429454	11.738121	22.206418
1827.2	8.452618	3.288587	11.741206	22.244096
1827.3	6.256107	5.487730	11.743837	22.254126
1827.4	3.554426	8.187574	11.742000	22.254596
1827.5	4.232005	7.505963	11.737968	22.270255
1827.6	7.616224	4.121130	11.737355	22.323550
1827.7	9.153148	2.588056	11.741203	22.426371
1827.8	6.678148	5.066147	11.744295	22.575265
1827.9	3.550685	8.191630	11.742315	22.751608
1828	4.075631	7.662357	11.737988	22.926523
1828.1	7.447794	4.289635	11.737430	23.068829
1828.2	8.766637	2.974920	11.741556	23.153429
1828.3	5.921538	5.823048	11.744586	23.167600
1828.4	2.767445	8.974570	11.742015	23.113514
1828.5	3.911493	7.825629	11.737123	23.006593
1828.6	8.144393	3.592330	11.736723	22.870632
1828.7	9.774628	1.967074	11.741702	22.731434
1828.8	6.371762	5.373691	11.745453	22.610921
1828.9	2.340470	9.402272	11.742742	22.523218
1829	3.139451	8.597589	11.737040	22.473359
1829.1	7.806886	3.929159	11.736044	22.458369
1829.2	10.088988	1.652216	11.741204	22.469823
1829.3	6.886977	4.858576	11.745553	22.496770
1829.4	2.576922	9.166175	11.743098	22.528129
1829.5	3.136082	8.601020	11.737102	22.554125
1829.6	7.918151	3.817661	11.735812	22.566853
1829.7	10.369477	1.371711	11.741188	22.560360
1829.8	6.941372	4.804629	11.746001	22.530696
1829.9	2.133751	9.609764	11.743515	22.476198
1830	2.600981	9.135809	11.736790	22.397964
1830.1	8.084855	3.649964	11.734819	22.300223
1830.2	11.492997	0.247463	11.740460	22.190245
1830.3	8.262662	3.483743	11.746405	22.077555
1830.4	2.531002	9.213811	11.744813	21.972471
1830.5	1.737654	10.000142	11.737796	21.884271
1830.6	6.780329	4.954308	11.734637	21.819444
1830.7	10.879718	0.859695	11.739413	21.780468
1830.8	8.664467	3.081140	11.745607	21.765377
1830.9	3.287694	8.457226	11.744920	21.768155
1831	2.075954	9.662433	11.738387	21.779760
1831.1	6.642446	5.092444	11.734890	21.789500
1831.2	10.769544	0.969613	11.739156	21.786527
1831.3	8.822909	2.922545	11.745454	21.761295
1831.4	3.308958	8.436410	11.745367	21.706964
1831.5	1.467261	10.271807	11.739068	21.620708
1831.6	5.602069	6.132876	11.734946	21.504789
1831.7	10.148840	1.589464	11.738304	21.367124
1831.8	9.230500	2.513931	11.744431	21.220946
1831.9	4.385308	7.359869	11.745177	21.083272
1832	2.194292	9.545598	11.739890	20.972125
1832.1	5.315796	6.420176	11.735972	20.902926
1832.2	9.133483	2.605156	11.738638	20.884866
1832.3	8.303646	3.440338	11.743983	20.918348
1832.4	4.047431	7.697135	11.744566	20.994433
1832.5	2.316025	9.423590	11.739614	21.096769
1832.6	5.572892	6.163025	11.735916	21.205690
1832.7	9.489042	2.249418	11.738460	21.303413
1832.8	8.896461	2.847284	11.743745	21.378734
1832.9	4.720345	7.024376	11.744721	21.429655
1833	2.539194	9.201136	11.740330	21.462956
1833.1	5.002324	6.734328	11.736652	21.490730
1833.2	8.511012	3.227429	11.738441	21.525015
1833.3	8.404052	3.338806	11.742858	21.572434
1833.4	5.243826	6.499926	11.743752	21.630907
1833.5	3.667547	8.072645	11.740192	21.689858
1833.6	5.775146	5.962276	11.737422	21.734131
1833.7	8.385224	3.354072	11.739296	21.750422
1833.8	7.751370	3.991606	11.742976	21.733918
1833.9	4.870047	6.873114	11.743161	21.692547
1834	3.939977	7.799651	11.739629	21.646856
1834.1	6.336039	5.401402	11.737441	21.624958
1834.2	8.695370	3.044316	11.739686	21.653821
1834.3	7.741981	4.001158	11.743138	21.749604
1834.4	4.915593	6.827329	11.742922	21.910420
1834.5	4.240025	7.499442	11.739467	22.114357
1834.6	6.534953	5.202887	11.737839	22.323999
1834.7	8.276609	3.463808	11.740417	22.496538
1834.8	6.757701	4.985701	11.743401	22.596546
1834.9	4.135001	7.607247	11.742248	22.607382
1835	4.429307	7.309051	11.738358	22.537382
1835.1	7.610705	4.126633	11.737338	22.418529
1835.2	9.291990	2.449045	11.741035	22.297674
1835.3	6.793063	4.951513	11.744576	22.222854
1835.4	3.164986	8.577943	11.742928	22.228940
1835.5	3.266885	8.471184	11.738068	22.327182
1835.6	7.049803	4.686756	11.736560	22.502001
1835.7	9.413148	2.327404	11.740553	22.716039
1835.8	7.119951	4.624669	11.744620	22.921792
1835.9	3.340688	8.402410	11.743098	23.075962
1836	3.379591	8.358415	11.738007	23.151852
1836.1	7.279428	4.457033	11.736461	23.145845
1836.2	9.572057	2.168786	11.740843	23.076090
1836.3	6.783750	4.961501	11.745251	22.974216
1836.4	2.461616	9.281809	11.743425	22.873225
1836.5	2.574680	9.162820	11.737500	22.795980
1836.6	7.311586	4.423831	11.735417	22.748301
1836.7	10.537063	1.203115	11.740177	22.718947
1836.8	7.948064	3.797475	11.745539	22.686209
1836.9	2.982989	8.761303	11.744292	22.628395
1837	2.307543	9.430537	11.738080	22.534160
1837.1	6.805117	4.930208	11.735326	22.408655
1837.2	10.304143	1.435690	11.739833	22.273117
1837.3	7.935187	3.810310	11.745497	22.157913
1837.4	2.858824	8.885659	11.744483	22.091542
1837.5	2.111899	9.626043	11.737942	22.089615
1837.6	7.027029	4.707639	11.734668	22.147925
1837.7	11.208982	0.530294	11.739275	22.242298
1837.8	8.999982	2.745835	11.745817	22.335475
1837.9	3.151364	8.594231	11.745596	22.388785
1838	1.309967	10.428845	11.738812	22.374576
1838.1	5.898347	5.836031	11.734378	22.285106
1838.2	10.896443	0.841641	11.738084	22.134798
1838.3	9.832155	1.912782	11.744937	21.955102
1838.4	4.296195	7.449707	11.745902	21.783815
1838.5	1.662505	10.077424	11.739929	21.652633
1838.6	5.206460	6.528703	11.735163	21.577276
1838.7	9.900679	1.837214	11.737893	21.553560
1838.8	9.364774	2.379441	11.744216	21.560602
1838.9	4.442838	7.302672	11.745510	21.569777
1839	1.897243	9.842864	11.740106	21.555997
1839.1	5.182904	6.552486	11.735390	21.507120
1839.2	9.844297	1.893412	11.737709	21.428040
1839.3	9.615562	2.128325	11.743886	21.338037
1839.4	4.821217	6.924455	11.745671	21.262490
1839.5	1.787699	9.953163	11.740862	21.222159
1839.6	4.294318	7.441719	11.736036	21.224165
1839.7	8.705975	3.031513	11.737488	21.258200
1839.8	9.137858	2.605031	11.742888	21.299591
1839.9	5.366092	6.378705	11.744797	21.318270
1840	2.795401	8.945471	11.740872	21.290539
1840.1	4.874799	6.861980	11.736779	21.209310
1840.2	8.506429	3.231738	11.738167	21.088988
1840.3	8.543092	3.199880	11.742972	20.962904
1840.4	4.926461	6.818024	11.744485	20.873847
1840.5	2.653229	9.087424	11.740653	20.860637
1840.6	4.840579	6.896169	11.736748	20.945158
1840.7	8.546939	3.191046	11.737984	21.124218
1840.8	8.933345	2.809132	11.742477	21.369035
1840.9	5.810675	5.933426	11.744102	21.632671
1841	3.602364	8.138611	11.740975	21.863110
1841.1	5.089605	6.648142	11.737747	22.017864
1841.2	7.779300	3.959550	11.738849	22.075538
1841.3	7.739153	4.003228	11.742381	22.040873
1841.4	5.219202	6.523888	11.743090	21.941931
1841.5	4.114688	7.625273	11.739961	21.820651
1841.6	6.229739	5.507847	11.737586	21.720017
1841.7	8.631834	3.107661	11.739495	21.672002
1841.8	7.861915	3.881134	11.743049	21.689903
1841.9	4.942439	6.800744	11.743183	21.767097
1842	3.980379	7.759297	11.739676	21.881983
1842.1	6.307317	5.430220	11.737537	22.006946
1842.2	8.529276	3.210594	11.739870	22.118046
1842.3	7.365184	4.378162	11.743346	22.202189
1842.4	4.435171	7.307691	11.742862	22.259679
1842.5	4.061058	7.677865	11.738923	22.301796
1842.6	7.021307	4.715861	11.737168	22.344736
1842.7	9.162845	2.577570	11.740415	22.402410
1842.8	7.139135	4.605235	11.744370	22.480729
1842.9	3.371615	8.371736	11.743352	22.575289
1843	3.034672	8.703690	11.738361	22.673022
1843.1	6.891451	4.844650	11.736101	22.756969
1843.2	9.915114	1.824755	11.739869	22.812304
1843.3	7.953067	3.791712	11.744779	22.831473
1843.4	3.491120	8.253069	11.744189	22.816741
1843.5	2.456582	9.282232	11.738815	22.779465
1843.6	6.179740	5.556205	11.735945	22.736507
1843.7	9.494535	2.245001	11.739536	22.705129
1843.8	7.770193	3.974469	11.744661	22.698015
1843.9	3.358210	8.385934	11.744144	22.719901
1844	2.489789	9.248701	11.738490	22.766607
1844.1	6.663382	5.072058	11.735440	22.826481
1844.2	10.330650	1.408794	11.739443	22.883558
1844.3	8.314329	3.431004	11.745333	22.921392
1844.4	3.019267	8.725824	11.745091	22.926548
1844.5	1.467577	10.271192	11.738769	22.891019
1844.6	5.895834	5.838848	11.734682	22.813311
1844.7	10.588400	1.149930	11.738330	22.698278
1844.8	9.412906	2.331996	11.744902	22.556023
1844.9	4.040459	7.705171	11.745630	22.400232
1845	1.732113	10.007468	11.739581	22.246195
1845.1	5.572269	6.162692	11.734961	22.108720
1845.2	10.294749	1.443317	11.738066	22.000100
1845.3	9.391102	2.353633	11.744736	21.928339
1845.4	3.958831	7.787074	11.745905	21.895907
1845.5	1.322928	10.416907	11.739835	21.899323
1845.6	5.211998	6.522544	11.734543	21.929755
1845.7	10.679335	1.057769	11.737105	21.974600
1845.8	10.619072	1.125122	11.744193	22.019754
1845.9	5.167321	6.579207	11.746528	22.052044
1846	1.445498	10.295717	11.741215	22.061244
1846.1	4.088892	7.646553	11.735444	22.041222
1846.2	9.267077	2.469675	11.736751	21.990099
1846.3	10.035120	1.707942	11.743062	21.909612
1846.4	5.617860	6.127909	11.745769	21.804148
1846.5	2.181328	9.560078	11.741406	21.679950
1846.6	4.330744	7.405354	11.736098	21.544763
1846.7	8.980704	2.756347	11.737051	21.407874
1846.8	9.733982	2.008857	11.742839	21.280136
1846.9	5.585508	6.160056	11.745565	21.173422
1847	2.139977	9.601667	11.741644	21.099115
1847.1	3.924880	7.811606	11.736487	21.065652
1847.2	8.380816	3.356151	11.736967	21.075715
1847.3	9.528613	2.213577	11.742190	21.124062
1847.4	6.056543	5.688460	11.745003	21.197097
1847.5	2.824932	8.916907	11.741838	21.274886
1847.6	4.051067	7.686244	11.737311	21.335578
1847.7	7.704824	4.032771	11.737595	21.361249
1847.8	8.616369	3.125626	11.741995	21.343471
1847.9	5.689590	6.054624	11.744215	21.286729
1848	3.221746	8.519479	11.741225	21.208234
1848.1	4.757344	6.979974	11.737317	21.133767
1848.2	8.182810	3.555147	11.737957	21.090515
1848.3	8.775108	2.967100	11.742208	21.098974
1848.4	5.770045	5.974146	11.744191	21.166529
1848.5	3.306086	8.435218	11.741304	21.284939
1848.6	4.620847	7.116816	11.737663	21.432752
1848.7	7.706094	4.032101	11.738195	21.582075
1848.8	8.340900	3.400933	11.741833	21.707521
1848.9	6.011887	5.731414	11.743302	21.794345
1849	4.374231	7.366469	11.740701	21.842894
1849.1	5.818582	5.919484	11.738067	21.867691
1849.2	8.038663	3.700734	11.739397	21.891338
1849.3	7.496242	4.246546	11.742788	21.935299
1849.4	4.732305	7.010840	11.743145	22.010844
1849.5	3.776286	7.963333	11.739619	22.113558
1849.6	6.346314	5.390771	11.737084	22.223663
1849.7	9.129439	2.609875	11.739314	22.312420
1849.8	8.249805	3.493636	11.743440	22.352630
1849.9	4.793828	6.949917	11.743746	22.329662
1850	3.487277	8.252432	11.739709	22.248998
1850.1	6.122523	5.614436	11.736959	22.137277
1850.2	8.909643	2.829844	11.739487	22.035975
1850.3	7.694656	4.049212	11.743868	21.989345
1850.4	3.933243	7.810574	11.743817	22.030399
1850.5	2.925343	8.813697	11.739040	22.169521
1850.6	6.440962	5.295047	11.736009	22.389666
1850.7	9.929359	1.809814	11.739173	22.649999
1850.8	8.510152	3.234415	11.744567	22.897092
1850.9	3.774360	7.970537	11.744898	23.080227
1851	1.923667	9.815842	11.739509	23.165983
1851.1	5.455536	6.280006	11.735542	23.147433
1851.2	9.647380	2.091002	11.738381	23.045062
1851.3	8.836716	2.907515	11.744231	22.899265
1851.4	4.130337	7.614786	11.745123	22.757013
1851.5	1.986315	9.753455	11.739770	22.657213
1851.6	5.419194	6.316274	11.735468	22.619538
1851.7	9.769462	1.968759	11.738221	22.640238
1851.8	8.964638	2.779787	11.744425	22.695938
1851.9	3.894671	7.850908	11.745580	22.753684
1852	1.420308	10.319552	11.739861	22.783396
1852.1	5.131765	6.603061	11.734826	22.768238
1852.2	10.315201	1.422143	11.737345	22.709336
1852.3	10.109139	1.635097	11.744236	22.623449
1852.4	4.717272	7.029097	11.746369	22.534828
1852.5	1.245475	10.495408	11.740883	22.464584
1852.6	4.257296	7.477784	11.735080	22.421753
1852.7	9.686502	2.050167	11.736669	22.399484
1852.8	10.305171	1.438264	11.743434	22.377833
1852.9	5.412190	6.334056	11.746246	22.332081
1853	1.720326	10.021025	11.741351	22.243415
1853.1	4.276322	7.459077	11.735398	22.107850
1853.2	9.659280	2.077172	11.736452	21.939881
1853.3	10.594577	1.148566	11.743143	21.769251
1853.4	5.737119	6.009413	11.746531	21.631761
1853.5	1.476616	10.265484	11.742100	21.557253
1853.6	3.409267	8.326467	11.735734	21.559010
1853.7	8.956258	2.779513	11.735771	21.628392
1853.8	10.913520	0.828436	11.741956	21.736719
1853.9	6.992804	4.753230	11.746035	21.843885
1854	2.580350	9.162546	11.742896	21.910785
1854.1	3.308534	8.428614	11.737148	21.911349
1854.2	7.667855	4.068692	11.736547	21.840079
1854.3	9.452588	2.288947	11.741535	21.712614
1854.4	6.340080	5.404925	11.745005	21.559309
1854.5	2.843193	8.899030	11.742224	21.414246
1854.6	3.889560	7.847601	11.737161	21.303642
1854.7	8.056886	3.679932	11.736818	21.237773
1854.8	9.647935	2.093683	11.741619	21.209152
1854.9	6.519815	5.225200	11.745015	21.197406
1855	2.884533	8.858004	11.742537	21.178867
1855.1	3.454613	8.283126	11.737738	21.137199
1855.2	7.143553	4.593532	11.737085	21.071030
1855.3	8.835230	2.905899	11.741129	20.995688
1855.4	6.480096	5.263979	11.744075	20.938298
1855.5	3.663162	8.078816	11.741978	20.927930
1855.6	4.365878	7.372165	11.738042	20.984322
1855.7	7.447651	4.290219	11.737870	21.109263
1855.8	8.456604	3.284985	11.741589	21.283858
1855.9	5.984973	5.758884	11.743857	21.472868
1856	3.577955	8.163529	11.741484	21.634862
1856.1	4.654390	7.083467	11.737857	21.734925
1856.2	7.713993	4.024060	11.738053	21.755728
1856.3	8.538110	3.203581	11.741691	21.703312
1856.4	6.149680	5.593911	11.743591	21.605672
1856.5	4.078019	7.663159	11.741178	21.504580
1856.6	5.235020	6.503051	11.738071	21.443274
1856.7	7.777076	3.961731	11.738806	21.453883
1856.8	7.857496	3.884778	11.742274	21.548451
1856.9	5.292587	6.450708	11.743295	21.716148
1857	3.939389	7.800758	11.740148	21.927220
1857.1	6.105542	5.631725	11.737267	22.142114
1857.2	8.967497	2.771538	11.739034	22.322752
1857.3	8.345322	3.398003	11.743325	22.442460
1857.4	4.731269	7.012891	11.744160	22.491781
1857.5	2.954796	8.785284	11.740080	22.478884
1857.6	5.590658	6.145857	11.736516	22.425068
1857.7	9.184957	2.553506	11.738463	22.357283
1857.8	8.807169	2.936248	11.743417	22.300278
1857.9	4.888077	6.856493	11.744570	22.270741
1858	2.809085	8.931116	11.740202	22.274848
1858.1	5.522119	6.214176	11.736295	22.309364
1858.2	9.291936	2.446498	11.738434	22.365270
1858.3	8.672909	3.071016	11.743925	22.432263
1858.4	4.127619	7.617565	11.745184	22.502454
1858.5	1.725575	10.014549	11.740124	22.572173
1858.6	4.985646	6.749689	11.735334	22.641595
1858.7	9.860388	1.876981	11.737368	22.712762
1858.8	9.925987	1.817755	11.743743	22.786997
1858.9	5.008606	6.737435	11.746041	22.862809
1859	1.551547	10.189650	11.741197	22.935038
1859.1	4.031680	7.704042	11.735722	22.995462
1859.2	8.939006	2.797972	11.736978	23.034552
1859.3	9.535622	2.207566	11.743188	23.043768
1859.4	5.032906	6.712887	11.745793	23.017684
1859.5	1.715021	10.026080	11.741101	22.955420
1859.6	4.374101	7.361328	11.735429	22.861117
1859.7	9.643276	2.093347	11.736623	22.743450
1859.8	10.393809	1.349516	11.743325	22.614375
1859.9	5.394620	6.351990	11.746610	22.487335
1860	1.162207	10.579743	11.741951	22.375188
1860.1	3.349038	8.386374	11.735412	22.288106
1860.2	9.162074	2.573559	11.735633	22.231737
1860.3	11.025837	0.716454	11.742291	22.205955
1860.4	6.630615	5.115928	11.746543	22.204567
1860.5	1.929170	9.813682	11.742851	22.216221
1860.6	3.125391	8.610909	11.736299	22.226532
1860.7	8.446853	3.288810	11.735663	22.221124
1860.8	10.673493	1.068161	11.741654	22.188917
1860.9	6.880851	4.865268	11.746120	22.124824
1861	2.266416	9.476681	11.743096	22.031046
1861.1	3.054037	8.682701	11.736738	21.916524
1861.2	8.161309	3.574264	11.735573	21.794622
1861.3	10.777551	0.963500	11.741051	21.679698
1861.4	7.525196	4.220597	11.745793	21.583593
1861.5	2.817805	8.925827	11.743633	21.513125
1861.6	2.767987	8.969739	11.737727	21.469305
1861.7	7.089133	4.646863	11.735996	21.448381
1861.8	9.814016	1.926408	11.740424	21.444150
1861.9	7.493779	4.250953	11.744732	21.450488
1862	3.611901	8.131290	11.743190	21.463028
1862.1	3.495231	8.243040	11.738271	21.479305
1862.2	7.015096	4.721799	11.736896	21.497380
1862.3	9.039335	2.701484	11.740819	21.513732
1862.4	6.691660	5.052772	11.744432	21.521629
1862.5	3.257518	8.485183	11.742701	21.511143
1862.6	3.509074	8.228987	11.738060	21.471378
1862.7	7.116148	4.620729	11.736877	21.394529
1862.8	9.214074	2.526575	11.740648	21.280453
1862.9	7.127855	4.616277	11.744132	21.139908
1863	3.871866	7.870866	11.742732	20.994765
1863.1	3.781772	7.956935	11.738707	20.874382
1863.2	6.578730	5.158994	11.737725	20.808632
1863.3	8.073808	3.667075	11.740883	20.819427
1863.4	6.242727	5.500678	11.743405	20.913412
1863.5	3.991522	7.750080	11.741602	21.078428
1863.6	4.831769	6.906343	11.738112	21.285355
1863.7	7.758175	3.979873	11.738048	21.495265
1863.8	8.646384	3.095260	11.741644	21.669985
1863.9	6.154844	5.589026	11.743869	21.782880
1864	3.703054	8.038513	11.741568	21.826386
1864.1	4.673103	7.064869	11.737972	21.813726
1864.2	7.627648	4.110498	11.738146	21.774063
1864.3	8.364117	3.377656	11.741773	21.742568
1864.4	5.928515	5.815059	11.743573	21.748627
1864.5	4.008749	7.732118	11.740867	21.806150
1864.6	5.614143	6.123399	11.737542	21.909295
1864.7	8.575498	3.163114	11.738613	22.035140
1864.8	8.452984	3.289916	11.742900	22.152398
1864.9	4.972264	6.772086	11.744350	22.233172
1865	2.814586	8.925929	11.740515	22.263560
1865.1	5.252093	6.484283	11.736377	22.249287
1865.2	9.323254	2.414501	11.737754	22.214193
1865.3	9.541311	2.201809	11.743120	22.191930
1865.4	5.399573	6.345736	11.745309	22.213654
1865.5	2.331094	9.410123	11.741216	22.296048
1865.6	4.465938	7.270333	11.736271	22.433981
1865.7	8.909432	2.827808	11.737240	22.600657
1865.8	9.529973	2.212949	11.742922	22.755495
1865.9	5.334627	6.410940	11.745567	22.857302
1866	1.993374	9.748021	11.741394	22.878340
1866.1	4.194018	7.541928	11.735946	22.814477
1866.2	9.111728	2.624999	11.736727	22.687813
1866.3	10.040655	1.702261	11.742916	22.540701
1866.4	5.490195	6.256038	11.746233	22.422953
1866.5	1.405650	10.336411	11.742060	22.376385
1866.6	3.288370	8.447465	11.735835	22.421746
1866.7	8.733081	3.002794	11.735876	22.552311
1866.8	10.544773	1.197392	11.742165	22.736147
1866.9	6.370790	5.375494	11.746284	22.926185
1867	1.874649	9.868080	11.742728	23.074623
1867.1	3.099838	8.636519	11.736357	23.146863
1867.2	8.298503	3.437340	11.735843	23.130490
1867.3	10.302042	1.439867	11.741909	23.036627
1867.4	6.277734	5.468551	11.746285	22.893706
1867.5	1.665039	10.077846	11.742885	22.736291
1867.6	2.888798	8.847319	11.736117	22.593124
1867.7	8.626387	3.108666	11.735054	22.478654
1867.8	11.433802	0.307451	11.741254	22.390780
1867.9	7.619535	4.127079	11.746614	22.315175
1868	2.153307	9.590847	11.744154	22.234092
1868.1	2.065550	9.671701	11.737251	22.135946
1868.2	7.207960	4.527050	11.735010	22.021803
1868.3	10.664721	1.075405	11.740126	21.906191
1868.4	8.068082	3.677438	11.745520	21.811861
1868.5	3.246431	8.497604	11.744034	21.760524
1868.6	2.812581	8.925363	11.737945	21.763163
1868.7	7.228512	4.507106	11.735618	21.813756
1868.8	10.378072	1.362050	11.740122	21.889071
1868.9	7.968561	3.776703	11.745264	21.954939
1869	3.256371	8.487769	11.744141	21.977036
1869.1	2.506404	9.231991	11.738395	21.932456
1869.2	6.568310	5.167443	11.735753	21.817981
1869.3	9.946909	1.792620	11.739528	21.652011
1869.4	8.329615	3.414805	11.744420	21.469322
1869.5	4.191320	7.552651	11.743971	21.310300
1869.6	3.097440	8.641775	11.739215	21.208258
1869.7	6.113542	5.623304	11.736845	21.179099
1869.8	8.706366	3.033509	11.739875	21.216793
1869.9	7.270637	4.473121	11.743759	21.296112
1870	4.026266	7.716742	11.743009	21.381563
1870.1	3.664772	8.074041	11.738814	21.439361
1870.2	6.701192	5.035965	11.737157	21.448322
1870.3	8.842863	2.897490	11.740353	21.405995
1870.4	7.074960	4.668945	11.743905	21.328145
1870.5	3.841444	7.901453	11.742896	21.241991
1870.6	3.561775	8.177038	11.738814	21.175840
1870.7	6.494942	5.242387	11.737330	21.148859
1870.8	8.521955	3.218383	11.740338	21.164650
1870.9	6.987467	4.755988	11.743455	21.210784
1871	4.306249	7.436092	11.742342	21.264332
1871.1	4.362590	7.376196	11.738786	21.301274
1871.2	6.949811	4.788200	11.738011	21.306337
1871.3	8.165710	3.575423	11.741133	21.279691
1871.4	6.129139	5.614423	11.743562	21.238079
1871.5	3.788250	7.953359	11.741609	21.209925
1871.6	4.730687	7.007214	11.737901	21.226035
1871.7	7.927743	3.810022	11.737766	21.309018
1871.8	8.998484	2.743123	11.741607	21.464964
1871.9	6.378474	5.365656	11.744129	21.680132
1872	3.672747	8.068986	11.741733	21.923735
1872.1	4.676999	7.060736	11.737735	22.155915
1872.2	7.951756	3.786099	11.737855	22.338420
1872.3	8.720989	3.021087	11.742076	22.444701
1872.4	5.664441	6.079964	11.744405	22.466496
1872.5	3.053660	8.687559	11.741219	22.415183
1872.6	4.913353	6.823307	11.736660	22.317815
1872.7	9.136991	2.600224	11.737216	22.209362
1872.8	9.977045	1.765573	11.742618	22.123585
1872.9	5.895964	5.849789	11.745753	22.085179
1873	2.025837	9.716346	11.742184	22.105105
1873.1	3.493527	8.242909	11.736436	22.179937
1873.2	8.429038	3.307129	11.736167	22.294796
1873.3	10.285401	1.456406	11.741807	22.428537
1873.4	6.600091	5.145702	11.745792	22.559471
1873.5	2.381907	9.360814	11.742721	22.670087
1873.6	3.370664	8.366099	11.736763	22.749823
1873.7	8.191741	3.544364	11.736105	22.795663
1873.8	10.133326	1.608460	11.741786	22.810967
1873.9	6.297110	5.449002	11.746112	22.803261
1874	1.715095	10.027928	11.743023	22.781789
1874.1	2.670654	9.065804	11.736458	22.755399
1874.2	8.125975	3.609247	11.735222	22.731088
1874.3	10.923456	0.817661	11.741118	22.713260
1874.4	7.319360	4.427012	11.746373	22.703613
1874.5	2.058721	9.685276	11.743997	22.701517
1874.6	2.080323	9.656859	11.737181	22.704719
1874.7	7.251496	4.483538	11.735034	22.710245
1874.8	10.591423	1.148926	11.740349	22.715273
1874.9	7.681952	4.063930	11.745882	22.717764
1875	2.581329	9.162825	11.744154	22.716620
1875.1	2.288183	9.449355	11.737538	22.711282
1875.2	7.261343	4.473676	11.735020	22.700845
1875.3	10.798585	0.941462	11.740047	22.683042
1875.4	8.089184	3.656695	11.745880	22.653583
1875.5	2.714826	9.029845	11.744671	22.606340
1875.6	1.861743	9.876257	11.738000	22.534625
1875.7	6.722749	5.011960	11.734709	22.433396
1875.8	10.957595	0.781477	11.739072	22.301798
1875.9	9.158756	2.586468	11.745223	22.145144
1876	3.904414	7.840729	11.745143	21.975421
1876.1	2.098678	9.640600	11.739279	21.809801
1876.2	5.764746	5.970868	11.735614	21.667248
1876.3	9.661423	2.077380	11.738803	21.564021
1876.4	8.604051	3.140114	11.744165	21.509373
1876.5	4.351253	7.393116	11.744369	21.502852
1876.6	2.893846	8.845519	11.739366	21.534186
1876.7	6.184239	5.551910	11.736149	21.585952
1876.8	9.642819	2.096232	11.739051	21.638271
1876.9	8.569103	3.174896	11.744000	21.674079
1877	4.472799	7.271531	11.744329	21.683240
1877.1	2.799792	8.940051	11.739843	21.664199
1877.2	5.480606	6.256163	11.736769	21.622687
1877.3	8.575243	3.163808	11.739051	21.568125
1877.4	7.940893	3.802274	11.743167	21.509195
1877.5	4.832355	6.910997	11.743353	21.450383
1877.6	3.808944	7.930690	11.739634	21.390934
1877.7	6.200115	5.537386	11.737501	21.326659
1877.8	8.370271	3.369737	11.740008	21.253856
1877.9	7.033371	4.710148	11.743519	21.173642
1878	3.966872	7.776092	11.742964	21.094637
1878.1	3.492691	8.246343	11.739033	21.032462
1878.2	6.364353	5.372830	11.737184	21.005675
1878.3	8.699891	3.040060	11.739951	21.029223
1878.4	7.414628	4.328807	11.743435	21.107686
1878.5	4.468519	7.274326	11.742845	21.230993
1878.6	3.995033	7.744179	11.739212	21.374696
1878.7	6.455124	5.282682	11.737806	21.505450
1878.8	8.108790	3.631785	11.740575	21.590450
1878.9	6.494189	5.249188	11.743377	21.608018
1879	4.039739	7.702233	11.741972	21.555774
1879.1	4.574788	7.163445	11.738233	21.453363
1879.2	7.670355	4.067270	11.737625	21.338295
1879.3	8.998743	2.742599	11.741343	21.255740
1879.4	6.445223	5.299091	11.744314	21.245220
1879.5	3.364800	8.377388	11.742188	21.328381
1879.6	4.116724	7.620932	11.737656	21.501857
1879.7	7.889924	3.847072	11.736996	21.737739
1879.8	9.566920	2.174408	11.741327	21.991683
1879.9	6.745717	4.999057	11.744773	22.216159
1880	3.248285	8.494169	11.742454	22.374589
1880.1	3.991386	7.746038	11.737423	22.451750
1880.2	8.081387	3.655326	11.736713	22.457052
1880.3	9.799744	1.941843	11.741587	22.419698
1880.4	6.455464	5.290001	11.745465	22.377482
1880.5	2.381044	9.361723	11.742767	22.363169
1880.6	3.273832	8.462960	11.736793	22.393199
1880.7	8.318114	3.417481	11.735595	22.462636
1880.8	10.934756	0.806329	11.741085	22.548062
1880.9	7.498178	4.247972	11.746150	22.617310
1881	2.354914	9.389123	11.744037	22.642494
1881.1	2.174190	9.563311	11.737500	22.611597
1881.2	7.046800	4.688444	11.735243	22.534363
1881.3	10.340837	1.399398	11.740235	22.440251
1881.4	7.627218	4.118444	11.745662	22.368992
1881.5	2.670441	9.073670	11.744112	22.356943
1881.6	2.327721	9.409929	11.737650	22.423985
1881.7	7.193556	4.541542	11.735098	22.565557
1881.8	10.685139	1.054938	11.740077	22.752716
1881.9	7.912571	3.833421	11.745992	22.940340
1882	2.385363	9.359475	11.744838	23.080808
1882.1	1.422209	10.315814	11.738022	23.138608
1882.2	6.359711	5.374846	11.734557	23.101020
1882.3	10.730481	1.008520	11.739002	22.981398
1882.4	8.885573	2.859800	11.745373	22.814122
1882.5	3.481765	8.263449	11.745214	22.643094
1882.6	1.811363	9.927550	11.738912	22.507804
1882.7	5.990194	5.744864	11.735058	22.431642
1882.8	10.222698	1.516107	11.738805	22.416221
1882.9	8.728904	3.016083	11.744987	22.443235
1883	3.554117	8.191070	11.745187	22.482740
1883.1	1.759948	9.979155	11.739103	22.504560
1883.2	5.885458	5.849431	11.734889	22.488616
1883.3	10.555234	1.182919	11.738153	22.430591
1883.4	9.696191	2.048330	11.744521	22.341223
1883.5	4.566313	7.179315	11.745628	22.239958
1883.6	1.910024	9.830237	11.740261	22.145741
1883.7	4.951806	6.783895	11.735700	22.068727
1883.8	9.370866	2.366924	11.737789	22.006179
1883.9	9.370971	2.372354	11.743325	21.944154
1884	5.361395	6.383394	11.744789	21.864279
1884.1	2.992020	8.748544	11.740564	21.752913
1884.2	5.281971	6.454774	11.736745	21.609018
1884.3	8.736933	3.001570	11.738503	21.447484
1884.4	8.471489	3.271644	11.743133	21.296298
1884.5	4.963284	6.780826	11.744110	21.188227
1884.6	3.177818	8.562362	11.740180	21.149787
1884.7	5.572470	6.164420	11.736889	21.191347
1884.8	8.788411	2.950328	11.738739	21.301982
1884.9	8.432160	3.310895	11.743054	21.451101
1885	5.104407	6.639501	11.743908	21.596558
1885.1	3.363568	8.376796	11.740363	21.696738
1885.2	5.319176	6.418358	11.737534	21.722709
1885.3	7.890131	3.849121	11.739253	21.666488
1885.4	7.375631	4.367163	11.742794	21.542800
1885.5	4.699285	7.043669	11.742954	21.383855
1885.6	3.937366	7.802150	11.739515	21.229023
1885.7	6.363977	5.373527	11.737504	21.112865
1885.8	8.557003	3.182950	11.739953	21.055458
1885.9	7.270048	4.473458	11.743506	21.057975
1886	4.132567	7.610557	11.743123	21.104680
1886.1	3.452416	8.286834	11.739250	21.170241
1886.2	6.167330	5.569931	11.737261	21.229583
1886.3	8.502352	3.237542	11.739895	21.266788
1886.4	7.288873	4.454484	11.743358	21.280046
1886.5	4.447512	7.295174	11.742686	21.281181
1886.6	4.232540	7.506313	11.738853	21.290229
1886.7	7.075247	4.662231	11.737478	21.327198
1886.8	8.821449	2.919346	11.740795	21.404043
1886.9	6.644370	5.099852	11.744221	21.519673
1887	3.336287	8.406370	11.742656	21.659656
1887.1	3.668339	8.069531	11.737870	21.800621
1887.2	7.623675	4.112749	11.736424	21.917781
1887.3	10.040872	1.699736	11.740608	21.992979
1887.4	7.553635	4.191308	11.744943	22.020635
1887.5	3.399170	8.344293	11.743463	22.009701
1887.6	3.216591	8.521443	11.738034	21.981122
1887.7	7.309296	4.426784	11.736080	21.961708
1887.8	10.034673	1.705774	11.740447	21.976382
1887.9	7.458031	4.287232	11.745263	22.041144
1888	2.926302	8.817471	11.743773	22.158697
1888.1	2.718527	9.019189	11.737716	22.317792
1888.2	7.425513	4.309761	11.735274	22.496211
1888.3	10.842959	0.897069	11.740028	22.666322
1888.4	8.200447	3.545388	11.745835	22.801597
1888.5	2.748867	8.996012	11.744879	22.882436
1888.6	1.634182	10.104067	11.738248	22.900008
1888.7	6.374133	5.360549	11.734682	22.857508
1888.8	10.728389	1.010540	11.738928	22.768860
1888.9	8.964052	2.781284	11.745335	22.655429
1889	3.494431	8.250955	11.745386	22.541615
1889.1	1.608266	10.130857	11.739124	22.450237
1889.2	5.669858	6.065202	11.735060	22.398523
1889.3	9.997003	1.741651	11.738654	22.395352
1889.4	8.619841	3.125100	11.744941	22.440124
1889.5	3.409461	8.335818	11.745278	22.523408
1889.6	1.555108	10.183985	11.739092	22.629213
1889.7	5.786507	5.948209	11.734716	22.738429
1889.8	10.579397	1.158753	11.738150	22.832731
1889.9	9.517260	2.227665	11.744925	22.898090
1890	3.913446	7.832615	11.746061	22.927060
1890.1	1.091965	10.648117	11.740081	22.919319
1890.2	4.653526	7.081405	11.734931	22.880369
1890.3	9.785812	1.951494	11.737306	22.818886
1890.4	9.801919	1.941883	11.743802	22.743587
1890.5	5.010027	6.735659	11.745686	22.660691
1890.6	2.063197	9.677446	11.740643	22.572806
1890.7	4.888648	6.847033	11.735681	22.479582
1890.8	9.517644	2.219852	11.737496	22.379779
1890.9	9.625226	2.118288	11.743515	22.273833
1891	5.088021	6.657548	11.745569	22.165735
1891.1	2.025031	9.715937	11.740968	22.063268
1891.2	4.493394	7.242551	11.735945	21.976227
1891.3	9.165855	2.571235	11.737091	21.913104
1891.4	9.980247	1.762372	11.742619	21.877410
1891.5	6.204971	5.540139	11.745110	21.865114
1891.6	3.068662	8.672941	11.741603	21.864447
1891.7	4.490260	7.246981	11.737241	21.858527
1891.8	8.016572	3.721323	11.737895	21.830231
1891.9	8.606630	3.135611	11.742241	21.767821
1892	5.653311	6.090693	11.744004	21.669389
1892.1	3.537865	8.202967	11.740833	21.544412
1892.2	5.290529	6.446829	11.737358	21.411659
1892.3	8.393720	3.344780	11.738500	21.293896
1892.4	8.452950	3.289650	11.742601	21.211057
1892.5	5.379899	6.364015	11.743914	21.174163
1892.6	3.417103	8.323605	11.740708	21.182119
1892.7	5.138427	6.599136	11.737563	21.222557
1892.8	7.940633	3.798182	11.738815	21.276472
1892.9	7.853001	3.889507	11.742508	21.324994
1893	5.145394	6.597927	11.743321	21.355824
1893.1	3.808957	7.931215	11.740173	21.366922
1893.2	5.760771	5.976927	11.737698	21.366024
1893.3	8.087112	3.652437	11.739549	21.366137
1893.4	7.263223	4.479881	11.743103	21.378743
1893.5	4.317606	7.425547	11.743153	21.407424
1893.6	3.500382	8.239015	11.739397	21.444630
1893.7	6.226749	5.510305	11.737054	21.473209
1893.8	8.888749	2.850801	11.739550	21.472574
1893.9	7.798504	3.945047	11.743552	21.427496
1894	4.414973	7.328526	11.743499	21.336302
1894.1	3.414731	8.324699	11.739430	21.215170
1894.2	6.155852	5.581206	11.737057	21.096331
1894.3	8.707058	3.032715	11.739773	21.020106
1894.4	7.370629	4.373108	11.743738	21.022905
1894.5	4.034500	7.708656	11.743156	21.125001
1894.6	3.673674	8.064891	11.738565	21.322295
1894.7	7.249816	4.486596	11.736412	21.585193
1894.8	9.986163	1.753960	11.740123	21.865502
1894.9	7.805049	3.939911	11.744961	22.109581
1895	3.232273	8.511925	11.744198	22.273757
1895.1	2.357174	9.381290	11.738464	22.337121
1895.2	6.599690	5.135617	11.735307	22.307509
1895.3	10.501492	1.237610	11.739103	22.218620
1895.4	8.887698	2.857218	11.744916	22.119130
1895.5	3.903099	7.841848	11.744947	22.057296
1895.6	2.256804	9.482303	11.739106	22.066059
1895.7	6.169225	5.566090	11.735314	22.153481
1895.8	10.256944	1.481894	11.738839	22.301527
1895.9	8.761936	2.983078	11.745014	22.473395
1896	3.466736	8.278658	11.745394	22.626702
1896.1	1.477962	10.261254	11.739216	22.727913
1896.2	5.670572	6.064070	11.734642	22.763058
1896.3	10.653617	1.084259	11.737876	22.741197
1896.4	9.846043	1.898705	11.744748	22.689645
1896.5	4.268100	7.478091	11.746191	22.642914
1896.6	1.218250	10.522107	11.740356	22.629462
1896.7	4.554117	7.180962	11.735079	22.661069
1896.8	9.609722	2.127621	11.737343	22.728619
1896.9	9.550754	2.193188	11.743941	22.805751
1897	4.567774	7.178114	11.745888	22.858982
1897.1	1.525606	10.214971	11.740577	22.860603
1897.2	4.611756	7.123503	11.735259	22.799667
1897.3	9.662134	2.075047	11.737180	22.687082
1897.4	9.810774	1.933007	11.743781	22.552917
1897.5	4.786274	6.959891	11.746165	22.436817
1897.6	1.297594	10.443505	11.741099	22.374824
1897.7	4.029293	7.706039	11.735333	22.387155
1897.8	9.396982	2.339514	11.736495	22.471158
1897.9	10.392791	1.350140	11.742931	22.601775
1898	5.899924	5.846148	11.746072	22.739300
1898.1	1.997078	9.744879	11.741956	22.841667
1898.2	3.713882	8.022437	11.736318	22.877068
1898.3	8.458554	3.278095	11.736649	22.832710
1898.4	9.793185	1.948999	11.742184	22.716995
1898.5	6.164937	5.580322	11.745259	22.554791
1898.6	2.763530	8.978300	11.741830	22.377847
1898.7	4.276391	7.460368	11.736759	22.213997
1898.8	8.587083	3.149879	11.736963	22.079005
1898.9	9.842147	1.899894	11.742041	21.973739
1899	6.428150	5.316934	11.745084	21.887268
1899.1	2.969885	8.772283	11.742168	21.804256
1899.2	3.916118	7.821337	11.737455	21.713471
1899.3	7.678982	4.058239	11.737220	21.613947
1899.4	9.141811	2.599551	11.741362	21.516332
1899.5	6.706398	5.037572	11.743970	21.438878
1899.6	4.121562	7.620143	11.741706	21.399639
1899.7	4.934670	6.803509	11.738179	21.407965
1899.8	7.597529	4.140988	11.738517	21.458689
1899.9	7.964042	3.778044	11.742086	21.531502
1900	5.360717	6.382866	11.743583	21.596088
1900.1	3.538879	8.201837	11.740716	21.621491
1900.2	5.252488	6.485008	11.737496	21.586567
1900.3	8.251616	3.486904	11.738520	21.487853
1900.4	8.401300	3.341124	11.742424	21.342025
1900.5	5.500888	6.242903	11.743791	21.181878
1900.6	3.558122	8.182670	11.740791	21.046977
1900.7	5.131440	6.606308	11.737747	20.971933
1900.8	7.756538	3.982438	11.738975	20.976045
1900.9	7.526417	4.216215	11.742632	21.057609
1901	4.738696	7.004634	11.743330	21.194632
1901.1	3.531996	8.207884	11.739879	21.351594
1901.2	5.929893	5.807252	11.737145	21.489995
1901.3	8.751274	2.987937	11.739211	21.579289
1901.4	7.953032	3.790387	11.743419	21.604851
1901.5	4.435345	7.308528	11.743873	21.570741
1901.6	3.024857	8.714878	11.739735	21.496768
1901.7	5.797078	5.939569	11.736647	21.411239
1901.8	9.021154	2.717834	11.738988	21.341963
1901.9	8.215694	3.527927	11.743621	21.308489
1902	4.461075	7.282975	11.744049	21.317832
1902.1	3.070231	8.669271	11.739502	21.364667
1902.2	6.197172	5.539095	11.736267	21.435414
1902.3	9.606920	2.132165	11.739085	21.514426
1902.4	8.374137	3.370190	11.744326	21.589997
1902.5	3.873418	7.871259	11.744677	21.658200
1902.6	2.251597	9.487655	11.739252	21.723447
1902.7	6.085256	5.649955	11.735212	21.795888
1902.8	10.548979	1.189254	11.738233	21.886775
1902.9	9.649048	2.095541	11.744589	22.003478
1903	4.359641	7.386214	11.745856	22.145849
1903.1	1.559222	10.181004	11.740226	22.305024
1903.2	4.916399	6.818735	11.735134	22.464949
1903.3	9.912926	1.824455	11.737381	22.606094
1903.4	9.844086	1.899852	11.743938	22.710209
1903.5	4.840773	6.905169	11.745942	22.764841
1903.6	1.724181	10.016469	11.740650	22.766458
1903.7	4.785831	6.949392	11.735223	22.721520
1903.8	9.908766	1.828339	11.737105	22.645336
1903.9	10.050742	1.693161	11.743904	22.559034
1904	4.779244	6.967259	11.746503	22.485324
1904.1	0.983292	10.758011	11.741303	22.443913
1904.2	3.713001	8.022122	11.735123	22.447441
1904.3	9.416410	2.319705	11.736115	22.498745
1904.4	10.657743	1.085145	11.742887	22.590032
1904.5	5.979223	5.767217	11.746440	22.704237
1904.6	1.702054	10.040182	11.742236	22.818433
1904.7	3.364593	8.371548	11.736141	22.908708
1904.8	8.394790	3.341574	11.736364	22.955507
1904.9	9.795752	1.946650	11.742401	22.948202
1905	5.695168	6.050718	11.745886	22.887711
1905.1	1.807240	9.934782	11.742022	22.786361
1905.2	3.591142	8.144897	11.736040	22.664898
1905.3	8.820939	2.915107	11.736046	22.547305
1905.4	10.587584	1.154489	11.742073	22.454805
1905.5	6.578324	5.167789	11.746113	22.400681
1905.6	2.105355	9.637555	11.742910	22.387415
1905.7	2.944862	8.792013	11.736875	22.406918
1905.8	7.746651	3.989318	11.735969	22.443715
1905.9	10.100306	1.640763	11.741070	22.479962
1906	7.184002	4.561125	11.745127	22.500620
1906.1	3.268332	8.474540	11.742872	22.497090
1906.2	3.651173	8.086547	11.737720	22.468187
1906.3	7.547972	4.188786	11.736757	22.418331
1906.4	9.487795	2.253262	11.741057	22.353876
1906.5	6.932287	4.812244	11.744531	22.279189
1906.6	3.564210	8.178291	11.742501	22.194193
1906.7	4.005177	7.732789	11.737966	22.094497
1906.8	7.506952	4.230228	11.737180	21.974176
1906.9	9.222214	2.518798	11.741012	21.830142
1907	6.976560	4.767472	11.744032	21.666256
1907.1	4.056070	7.686169	11.742238	21.495284
1907.2	4.395635	7.342819	11.738454	21.337458
1907.3	7.148074	4.589986	11.738060	21.215677
1907.4	8.170275	3.571099	11.741374	21.148694
1907.5	6.052821	5.690599	11.743420	21.144611
1907.6	4.041378	7.699812	11.741190	21.197089
1907.7	5.226352	6.511604	11.737956	21.285943
1907.8	7.985605	3.752924	11.738530	21.382294
1907.9	8.245541	3.496743	11.742284	21.456849
1908	5.362171	6.381755	11.743926	21.488628
1908.1	3.204174	8.536822	11.740996	21.471196
1908.2	4.778604	6.958867	11.737471	21.414140
1908.3	7.945205	3.793047	11.738252	21.339206
1908.4	8.346712	3.395528	11.742240	21.272338
1908.5	5.519268	6.224544	11.743812	21.234394
1908.6	3.555140	8.185615	11.740755	21.233885
1908.7	5.287676	6.449798	11.737475	21.264381
1908.8	8.181003	3.557800	11.738803	21.307629
1908.9	7.863969	3.879048	11.743016	21.341302
1909	4.469772	7.274271	11.744043	21.348534
1909.1	2.749117	8.990925	11.740041	21.325632
1909.2	5.490420	6.245902	11.736321	21.284871
1909.3	9.342647	2.395540	11.738187	21.251022
1909.4	9.138064	2.605338	11.743403	21.252539
1909.5	5.029499	6.715445	11.744944	21.310415
1909.6	2.518608	9.221996	11.740604	21.428789
1909.7	5.026536	6.709713	11.736249	21.590961
1909.8	9.099653	2.638269	11.737923	21.762753
1909.9	9.035387	2.708036	11.743423	21.902580
1910	4.798924	6.946177	11.745100	21.975138
1910.1	2.290854	9.449512	11.740365	21.964127
1910.2	5.303371	6.432165	11.735535	21.879522
1910.3	10.063145	1.674269	11.737415	21.756529
1910.4	10.074591	1.669254	11.743845	21.646138
1910.5	4.979726	6.766543	11.746270	21.599993
1910.6	1.362439	10.378774	11.741213	21.654357
1910.7	4.086615	7.648591	11.735206	21.818380
1910.8	9.680478	2.055755	11.736233	22.070569
1910.9	10.805794	0.937212	11.743006	22.364700
1911	6.001399	5.745165	11.746564	22.643328
1911.1	1.651201	10.091023	11.742224	22.854554
1911.2	3.460144	8.275715	11.735858	22.966650
1911.3	8.841828	2.894181	11.736010	22.975970
1911.4	10.447977	1.294433	11.742409	22.905801
1911.5	6.085388	5.660980	11.746368	22.796930
1911.6	1.658388	10.084122	11.742511	22.693366
1911.7	3.184189	8.551833	11.736022	22.628195
1911.8	8.663101	3.072547	11.735648	22.614250
1911.9	10.756596	0.985323	11.741919	22.642491
1912	6.637301	5.109162	11.746463	22.688162
1912.1	1.747490	9.995782	11.743272	22.722088
1912.2	2.476195	9.260498	11.736693	22.722804
1912.3	7.673359	4.062114	11.735473	22.685029
1912.4	10.352551	1.388478	11.741029	22.621516
1912.5	7.120361	4.625377	11.745738	22.557782
1912.6	2.573366	9.169982	11.743348	22.521831
1912.7	2.899710	8.837602	11.737312	22.532792
1912.8	7.518247	4.217653	11.735900	22.592718
1912.9	10.029010	1.711942	11.740952	22.684593
1913	6.988563	4.756961	11.745524	22.777338
1913.1	2.532355	9.211054	11.743409	22.836024
1913.2	2.708903	9.028567	11.737470	22.833689
1913.3	7.349244	4.386381	11.735625	22.760573
1913.4	10.413039	1.327143	11.740182	22.627539
1913.5	8.113662	3.631307	11.744969	22.462546
1913.6	3.760455	7.983377	11.743832	22.301475
1913.7	3.034361	8.704372	11.738733	22.176544
1913.8	6.418420	5.318246	11.736666	22.106323
1913.9	8.984393	2.755659	11.740053	22.090682
1914	7.388572	4.355247	11.743819	22.112165
1914.1	4.258386	7.484353	11.742739	22.143035
1914.2	4.189466	7.549119	11.738585	22.155240
1914.3	7.262596	4.474733	11.737330	22.129698
1914.4	9.102104	2.638595	11.740700	22.061693
1914.5	7.121674	4.622247	11.743920	21.960724
1914.6	4.078307	7.664251	11.742558	21.845252
1914.7	4.093982	7.644681	11.738662	21.734616
1914.8	6.916232	4.821466	11.737698	21.641338
1914.9	8.460246	3.280572	11.740818	21.566778
1915	6.673346	5.070062	11.743408	21.501714
1915.1	4.331363	7.410428	11.741791	21.431512
1915.2	4.895886	6.842569	11.738455	21.343795
1915.3	7.466958	4.271427	11.738384	21.235536
1915.4	8.094124	3.647682	11.741806	21.116708
1915.5	5.574329	6.169425	11.743754	21.008879
1915.6	3.379144	8.362039	11.741184	20.938982
1915.7	4.795624	6.941889	11.737513	20.930294
1915.8	8.098420	3.639553	11.737973	20.993723
1915.9	8.740475	3.001675	11.742151	21.122484
1916	5.700117	6.044215	11.744332	21.292162
1916.1	3.070997	8.670418	11.741415	21.466359
1916.2	4.460582	7.276803	11.737384	21.606272
1916.3	7.907435	3.830445	11.737880	21.681286
1916.4	8.532848	3.209412	11.742261	21.677317
1916.5	5.399001	6.345333	11.744334	21.600413
1916.6	2.970730	8.770266	11.740995	21.474666
1916.7	4.915892	6.820894	11.736787	21.335218
1916.8	8.774360	2.963399	11.737759	21.218630
1916.9	9.126993	2.615913	11.742906	21.153514
1917	5.163166	6.582035	11.745201	21.154053
1917.1	2.138519	9.602681	11.741200	21.217988
1917.2	4.357431	7.378647	11.736078	21.329205
1917.3	9.117818	2.619012	11.736830	21.463677
1917.4	10.116869	1.625780	11.742649	21.596724
1917.5	5.977777	5.767968	11.745745	21.709396
1917.6	2.284757	9.457091	11.741848	21.792322
1917.7	4.099728	7.636460	11.736189	21.846351
1917.8	8.986348	2.750213	11.736560	21.880301
1917.9	10.170407	1.572240	11.742647	21.906932
1918	5.780960	5.965246	11.746206	21.938550
1918.1	1.632408	10.109747	11.742156	21.983551
1918.2	3.525201	8.210468	11.735669	22.044672
1918.3	9.294699	2.440748	11.735447	22.119154
1918.4	11.446956	0.295065	11.742022	22.200450
1918.5	7.068230	4.678620	11.746850	22.280769
1918.6	1.777726	9.965890	11.743616	22.353675
1918.7	2.340202	9.396449	11.736651	22.416044
1918.8	7.753381	3.981764	11.735145	22.468935
1918.9	10.704245	1.036652	11.740896	22.517190
1919	7.384271	4.361762	11.746033	22.567880
1919.1	2.472482	9.271200	11.743681	22.627917
1919.2	2.679673	9.057495	11.737168	22.701393
1919.3	7.662106	4.073298	11.735404	22.787325
1919.4	10.558258	1.182537	11.740795	22.878490
1919.5	7.327392	4.418650	11.746042	22.961896
1919.6	2.220593	9.523453	11.744046	23.021099
1919.7	2.042183	9.695282	11.737464	23.040051
1919.8	7.017069	4.717999	11.735068	23.007666
1919.9	10.554152	1.185793	11.739945	22.921890
1920	8.099549	3.645945	11.745493	22.791954
1920.1	3.099134	8.645281	11.744416	22.637849
1920.2	2.189836	9.548586	11.738422	22.486732
1920.3	6.310691	5.424970	11.735661	22.366909
1920.4	9.700430	2.039207	11.739636	22.300859
1920.5	7.862423	3.882280	11.744703	22.299246
1920.6	3.540970	8.202993	11.743963	22.357743
1920.7	2.761629	8.976960	11.738589	22.457780
1920.8	6.584041	5.151942	11.735983	22.571169
1920.9	9.804710	1.934902	11.739612	22.667390
1921	8.137863	3.606598	11.744461	22.721398
1921.1	3.939687	7.804352	11.744039	22.719644
1921.2	2.834479	8.904645	11.739124	22.662522
1921.3	6.110138	5.626272	11.736410	22.562621
1921.4	9.246163	2.493131	11.739294	22.439536
1921.5	8.251845	3.491695	11.743540	22.313118
1921.6	4.906619	6.836808	11.743427	22.197514
1921.7	3.919400	7.820148	11.739549	22.098002
1921.8	6.330664	5.406910	11.737574	22.011518
1921.9	8.374066	3.366062	11.740128	21.930410
1922	7.061960	4.681339	11.743300	21.847705
1922.1	4.401738	7.340697	11.742434	21.761626
1922.2	4.375745	7.363036	11.738780	21.677407
1922.3	7.161501	4.576115	11.737615	21.605543
1922.4	8.859601	2.881065	11.740666	21.557058
1922.5	7.057241	4.686406	11.743648	21.537699
1922.6	4.262765	7.479619	11.742384	21.543515
1922.7	4.322150	7.416604	11.738754	21.559924
1922.8	6.938873	4.799124	11.737998	21.565159
1922.9	8.134828	3.606359	11.741187	21.537252
1923	6.029817	5.713810	11.743628	21.462287
1923.1	3.666748	8.074824	11.741572	21.340898
1923.2	4.709528	7.028227	11.737755	21.190370
1923.3	8.025681	3.712039	11.737721	21.041114
1923.4	8.985193	2.756703	11.741896	20.928251
1923.5	5.930608	5.814049	11.744656	20.880858
1923.6	2.769794	8.972230	11.742024	20.912454
1923.7	3.786619	7.950773	11.737391	21.016065
1923.8	7.671389	4.065679	11.737068	21.165787
1923.9	9.160991	2.580559	11.741550	21.324548
1924	6.255134	5.489528	11.744662	21.455618
1924.1	3.060732	8.681297	11.742029	21.534000
1924.2	4.144754	7.592521	11.737274	21.553815
1924.3	8.083799	3.653347	11.737145	21.529075
1924.4	9.276324	2.465741	11.742065	21.487578
1924.5	5.760126	5.985130	11.745257	21.460056
1924.6	2.233253	9.508742	11.741994	21.468470
1924.7	3.793370	7.943030	11.736400	21.517710
1924.8	8.761399	2.974738	11.736136	21.593798
1924.9	10.601829	1.140076	11.741904	21.669389
1925	6.693302	5.052833	11.746135	21.714716
1925.1	2.100268	9.642785	11.743053	21.710060
1925.2	2.957098	8.779536	11.736635	21.655138
1925.3	8.185134	3.550333	11.735466	21.571762
1925.4	10.806680	0.934505	11.741185	21.498389
1925.5	7.292468	4.453657	11.746125	21.478090
1925.6	2.388251	9.355327	11.743578	21.543850
1925.7	2.780734	8.956180	11.736915	21.706232
1925.8	8.032370	3.702790	11.735160	21.947810
1925.9	11.057448	0.683371	11.740819	22.226584
1926	7.631824	4.114555	11.746379	22.487587
1926.1	2.173741	9.570585	11.744325	22.679083
1926.2	1.934862	9.802407	11.737268	22.768151
1926.3	7.316529	4.418002	11.734531	22.750578
1926.4	11.291917	0.447802	11.739719	22.651819
1926.5	8.721389	3.024556	11.745945	22.518746
1926.6	3.096679	8.648397	11.745076	22.404929
1926.7	1.761970	9.976548	11.738518	22.354267
1926.8	6.137105	5.598031	11.735136	22.388248
1926.9	10.046127	1.693150	11.739277	22.500776
1927	8.203424	3.541663	11.745087	22.661902
1927.1	3.282835	8.461784	11.744619	22.828807
1927.2	2.120425	9.618155	11.738579	22.960047
1927.3	6.375058	5.360168	11.735226	23.028205
1927.4	10.324255	1.414860	11.739115	23.026860
1927.5	8.645346	3.099669	11.745014	22.969965
1927.6	3.551961	8.193112	11.745073	22.884426
1927.7	1.724332	10.015024	11.739356	22.799006
1927.8	5.361133	6.374416	11.735549	22.733767
1927.9	9.446245	2.292267	11.738512	22.693830
1928	8.677707	3.066235	11.743943	22.669464
1928.1	4.482639	7.261856	11.744496	22.642078
1928.2	2.756176	8.983547	11.739724	22.593544
1928.3	5.731494	6.004868	11.736363	22.515089
1928.4	9.139092	2.599851	11.738943	22.412282
1928.5	8.269211	3.474535	11.743746	22.304177
1928.6	4.400891	7.343255	11.744146	22.216896
1928.7	2.879716	8.859983	11.739698	22.174018
1928.8	5.750443	5.986080	11.736523	22.187335
1928.9	9.119274	2.619517	11.738791	22.251406
1929	8.623623	3.119577	11.743200	22.343963
1929.1	5.265344	6.478458	11.743802	22.432116
1929.2	3.709530	8.030631	11.740162	22.482256
1929.3	5.757367	5.980221	11.737588	22.470267
1929.4	8.151038	3.588459	11.739497	22.388581
1929.5	7.473930	4.268879	11.742809	22.247800
1929.6	4.969618	6.773012	11.742631	22.072505
1929.7	4.519614	7.219701	11.739315	21.892913
1929.8	6.888542	4.849295	11.737837	21.735376
1929.9	8.576514	3.164004	11.740518	21.614999
1930	6.916303	4.827281	11.743584	21.532745
1930.1	4.062444	7.680084	11.742528	21.477707
1930.2	4.053831	7.684824	11.738655	21.433351
1930.3	7.031462	4.705934	11.737396	21.385177
1930.4	8.880109	2.860520	11.740628	21.326875
1930.5	6.968772	4.775109	11.743881	21.262721
1930.6	3.935981	7.806563	11.742544	21.205448
1930.7	4.047824	7.690636	11.738460	21.170543
1930.8	7.126042	4.611425	11.737467	21.169230
1930.9	8.667593	3.073551	11.741144	21.202866
1931	6.201074	5.543280	11.744354	21.260936
1931.1	3.003335	8.738991	11.742326	21.323511
1931.2	3.721130	8.016411	11.737541	21.367416
1931.3	7.765752	3.970860	11.736612	21.374032
1931.4	9.783876	1.957246	11.741122	21.336046
1931.5	6.896582	4.848550	11.745132	21.260829
1931.6	2.830325	8.912812	11.743137	21.169226
1931.7	3.019664	8.718070	11.737734	21.090051
1931.8	7.172255	4.564024	11.736279	21.051986
1931.9	9.556769	2.184040	11.740809	21.075326
1932	6.846581	4.898497	11.745078	21.166063
1932.1	2.824571	8.918456	11.743027	21.313948
1932.2	3.295004	8.442271	11.737275	21.495007
1932.3	7.977452	3.758331	11.735783	21.677610
1932.4	10.587601	1.153349	11.740950	21.830300
1932.5	7.313723	4.432288	11.746010	21.929219
1932.6	2.252404	9.491589	11.743993	21.963267
1932.7	2.166845	9.570459	11.737304	21.935896
1932.8	7.382949	4.351824	11.734773	21.863430
1932.9	11.146725	0.593135	11.739860	21.770665
1933	8.543384	3.202483	11.745867	21.685040
1933.1	3.094354	8.650458	11.744812	21.630845
1933.2	2.083600	9.654554	11.738153	21.624681
1933.3	6.794936	4.939940	11.734875	21.672964
1933.4	10.786206	0.953208	11.739414	21.771727
1933.5	8.574048	3.171603	11.745651	21.908488
1933.6	3.060124	8.685006	11.745130	22.065610
1933.7	1.672747	10.065708	11.738455	22.224361
1933.8	6.381320	5.353206	11.734526	22.368805
1933.9	11.005976	0.732638	11.738614	22.488719
1934	9.440277	2.305040	11.745318	22.580927
1934.1	3.754834	7.990977	11.745811	22.648787
1934.2	1.370837	10.368754	11.739592	22.699975
1934.3	5.193783	6.541209	11.734992	22.743177
1934.4	9.930392	1.807556	11.737949	22.784656
1934.5	9.338197	2.406026	11.744223	22.825748
1934.6	4.493602	7.251764	11.745366	22.862189
1934.7	2.053433	9.686672	11.740105	22.885613
1934.8	5.141954	6.593837	11.735791	22.886882
1934.9	9.289095	2.449147	11.738242	22.860206
1935	8.721603	3.022333	11.743936	22.806621
1935.1	4.242864	7.502152	11.745016	22.735425
1935.2	2.022911	9.717109	11.740020	22.662747
1935.3	5.142994	6.592749	11.735743	22.607355
1935.4	9.468945	2.268967	11.737912	22.584818
1935.5	9.313581	2.429946	11.743527	22.601867
1935.6	5.035370	6.709745	11.745116	22.652938
1935.7	2.344422	9.396405	11.740826	22.720365
1935.8	4.537570	7.199066	11.736636	22.778539
1935.9	8.312672	3.425335	11.738007	22.801047
1936	8.581449	3.161193	11.742642	22.768692
1936.1	5.380701	6.363322	11.744022	22.675834
1936.2	3.474323	8.266138	11.740462	22.532898
1936.3	5.561076	6.176077	11.737153	22.364039
1936.4	8.648193	3.090527	11.738720	22.200532
1936.5	8.413499	3.329375	11.742873	22.071881
1936.6	5.233789	6.510032	11.743821	21.997452
1936.7	3.511033	8.229354	11.740387	21.981303
1936.8	5.475784	6.261668	11.737453	22.011829
1936.9	8.235670	3.503296	11.738966	22.066217
1937	8.029291	3.713228	11.742519	22.118083
1937.1	5.485769	6.257231	11.742999	22.145605
1937.2	4.485673	7.254247	11.739920	22.137358
1937.3	6.440635	5.297343	11.737978	22.093966
1937.4	8.273596	3.466558	11.740154	22.025273
1937.5	6.983531	4.759784	11.743315	21.944397
1937.6	4.181380	7.561302	11.742683	21.861203
1937.7	3.951128	7.787712	11.738840	21.777906
1937.8	6.941311	4.795848	11.737158	21.688652
1937.9	9.158388	2.581846	11.740234	21.583331
1938	7.434795	4.309189	11.743984	21.454100
1938.1	3.994650	7.748524	11.743174	21.301910
1938.2	3.532078	8.206743	11.738822	21.140119
1938.3	6.664931	5.072051	11.736982	20.993249
1938.4	8.938316	2.802018	11.740334	20.890736
1938.5	6.997685	4.746562	11.744247	20.857480
1938.6	3.426414	8.316679	11.743093	20.904457
1938.7	3.317836	8.420390	11.738227	21.022911
1938.8	7.105310	4.631085	11.736395	21.184641
1938.9	9.663598	2.076829	11.740427	21.348874
1939	7.252591	4.492426	11.745017	21.473868
1939.1	2.879242	8.864529	11.743771	21.529611
1939.2	2.468090	9.270001	11.738091	21.507352
1939.3	6.782636	4.952941	11.735577	21.422602
1939.4	10.162259	1.577493	11.739752	21.310371
1939.5	8.073657	3.671425	11.745082	21.213990
1939.6	3.333671	8.410666	11.744337	21.171169
1939.7	2.393111	9.345371	11.738482	21.201920
1939.8	6.549417	5.186103	11.735520	21.302451
1939.9	10.071400	1.668213	11.739613	21.447110
1940	7.985426	3.759809	11.745235	21.597712
1940.1	3.019541	8.725004	11.744545	21.717013
1940.2	2.092766	9.645403	11.738169	21.781622
1940.3	6.880819	4.853820	11.734639	21.789840
1940.4	11.258364	0.480592	11.738956	21.761669
1940.5	9.335889	2.409757	11.745646	21.730993
1940.6	3.433045	8.312833	11.745878	21.732717
1940.7	1.177737	10.561531	11.739268	21.789459
1940.8	5.445488	6.289008	11.734496	21.902599
1940.9	10.556505	1.181273	11.737778	22.050975
1941	9.844702	1.899917	11.744619	22.197858
1941.1	4.480750	7.265136	11.745886	22.303871
1941.2	1.769071	9.970966	11.740037	22.341399
1941.3	5.290300	6.444769	11.735070	22.305405
1941.4	10.161415	1.576275	11.737690	22.216765
1941.5	9.703480	2.040846	11.744325	22.116753
1941.6	4.447545	7.298483	11.746028	22.054346
1941.7	1.376433	10.364091	11.740524	22.070497
1941.8	4.536865	7.198311	11.735176	22.184593
1941.9	9.696478	2.040539	11.737017	22.387573
1942	10.104856	1.638568	11.743424	22.643990
1942.1	5.452111	6.293743	11.745854	22.902284
1942.2	2.031918	9.709429	11.741347	23.109861
1942.3	4.159538	7.576701	11.736239	23.228079
1942.4	8.561849	3.175503	11.737352	23.242388
1942.5	9.115019	2.627840	11.742859	23.164661
1942.6	5.207084	6.537993	11.745076	23.027410
1942.7	2.358829	9.382217	11.741046	22.872254
1942.8	4.525578	7.210820	11.736398	22.736767
1942.9	8.743552	2.993929	11.737481	22.644104
1943	9.297431	2.445312	11.742743	22.598526
1943.1	5.505333	6.239705	11.745038	22.587757
1943.2	2.503476	9.237930	11.741406	22.590643
1943.3	4.192375	7.544525	11.736900	22.586846
1943.4	8.106335	3.631156	11.737492	22.564861
1943.5	9.018927	2.723123	11.742050	22.525509
1943.6	6.049087	5.695150	11.744237	22.479950
1943.7	3.536026	8.205309	11.741335	22.443377
1943.8	4.829939	6.907759	11.737698	22.427153
1943.9	7.809076	3.929316	11.738392	22.432653
1944	8.161697	3.580474	11.742171	22.449303
1944.1	5.531370	6.212141	11.743511	22.457660
1944.2	3.864770	7.875754	11.740525	22.436412
1944.3	5.678944	6.058592	11.737535	22.370645
1944.4	8.481486	3.257344	11.738831	22.258273
1944.5	8.352958	3.389627	11.742585	22.112127
1944.6	5.508670	6.234848	11.743518	21.956811
1944.7	3.938333	7.802082	11.740415	21.821306
1944.8	5.703341	6.034455	11.737796	21.729832
1944.9	8.055132	3.684264	11.739396	21.694097
1945	7.478104	4.264686	11.742790	21.709562
1945.1	4.842539	6.900340	11.742879	21.756946
1945.2	4.203162	7.536174	11.739336	21.808376
1945.3	6.844857	4.892433	11.737290	21.836054
1945.4	9.130105	2.609942	11.740046	21.820498
1945.5	7.498698	4.245381	11.744079	21.755735
1945.6	3.732009	8.011661	11.743671	21.649901
1945.7	2.855630	8.883373	11.739003	21.521384
1945.8	6.239675	5.496612	11.736287	21.392115
1945.9	9.454534	2.284801	11.739335	21.280457
1946	8.158719	3.585402	11.744121	21.196155
1946.1	4.103786	7.640315	11.744100	21.138885
1946.2	2.856624	8.882625	11.739249	21.100597
1946.3	6.140540	5.595743	11.736283	21.070510
1946.4	9.328102	2.411357	11.739459	21.040710
1946.5	7.760134	3.984381	11.744515	21.010245
1946.6	3.338841	8.405494	11.744335	20.986213
1946.7	2.164607	9.574216	11.738823	20.981487
1946.8	6.174007	5.561347	11.735355	21.009944
1946.9	10.213317	1.525516	11.738833	21.080877
1947	8.833196	2.911604	11.744800	21.194562
1947.1	3.757756	7.987478	11.745234	21.340483
1947.2	1.752685	9.986753	11.739439	21.498861
1947.3	5.537266	6.197913	11.735179	21.645067
1947.4	10.014265	1.723991	11.738257	21.755619
1947.5	9.095047	2.649504	11.744551	21.814084
1947.6	4.002615	7.742857	11.745472	21.815267
1947.7	1.728223	10.011404	11.739627	21.766653
1947.8	5.562446	6.172429	11.734875	21.686813
1947.9	10.487371	1.250409	11.737780	21.601296
1948	9.818075	1.926553	11.744628	21.537032
1948.1	4.267585	7.478664	11.746249	21.516579
1948.2	1.166798	10.573528	11.740326	21.553414
1948.3	4.733487	7.001136	11.734624	21.649221
1948.4	10.388837	1.347856	11.736693	21.793644
1948.5	10.780860	0.962945	11.743805	21.966505
1948.6	5.496434	6.250173	11.746608	22.142054
1948.7	1.513319	10.228257	11.741576	22.294402
1948.8	3.877205	7.858364	11.735569	22.403078
1948.9	9.125969	2.610549	11.736518	22.457509
1949	10.143830	1.599048	11.742878	22.459408
1949.1	5.737099	6.008837	11.745937	22.422377
1949.2	2.051255	9.690396	11.741651	22.368689
1949.3	4.123282	7.612675	11.735957	22.323848
1949.4	9.108159	2.628434	11.736593	22.310244
1949.5	10.231326	1.511338	11.742664	22.341509
1949.6	5.943394	5.802617	11.746011	22.419157
1949.7	1.900544	9.841720	11.742265	22.532521
1949.8	3.293204	8.443357	11.736561	22.662069
1949.9	8.020208	3.716207	11.736414	22.785177
1950	9.768918	1.972756	11.741674	22.882618
1950.1	6.534992	5.210082	11.745074	22.943734
1950.2	3.009843	8.732410	11.742253	22.968630
1950.3	3.922040	7.815397	11.737437	22.966683
1950.4	7.675942	4.061375	11.737317	22.951901
1950.5	8.849395	2.892462	11.741858	22.936775
1950.6	5.796125	5.948482	11.744607	22.926870
1950.7	2.812000	8.929739	11.741740	22.918201
1950.8	4.088754	7.648477	11.737231	22.898500
1950.9	7.963985	3.773237	11.737221	22.852103
1951	9.304537	2.437068	11.741605	22.766802
1951.1	6.524561	5.219825	11.744386	22.640175
1951.2	3.544910	8.197107	11.742017	22.482943
1951.3	4.241858	7.496201	11.738059	22.317813
1951.4	7.263655	4.474298	11.737953	22.173825
1951.5	8.256024	3.485462	11.741485	22.077831
1951.6	6.066150	5.677261	11.743410	22.045881
1951.7	4.150372	7.590672	11.741044	22.077470
1951.8	5.427358	6.310604	11.737962	22.154764
1951.9	8.067261	3.671463	11.738725	22.247291
1952	8.192070	3.550213	11.742283	22.320705
1952.1	5.530526	6.212967	11.743493	22.346831
1952.2	3.878079	7.862450	11.740529	22.311672
1952.3	5.663711	6.073876	11.737586	22.218761
1952.4	8.393123	3.345807	11.738930	22.086818
1952.5	8.139552	3.603173	11.742725	21.942648
1952.6	5.196468	6.547064	11.743532	21.811866
1952.7	3.778994	7.961081	11.740076	21.710751
1952.8	6.020706	5.716552	11.737258	21.642078
1952.9	8.752196	2.987098	11.739295	21.596247
1953	7.850733	3.892808	11.743541	21.557062
1953.1	4.231217	7.512701	11.743918	21.509754
1953.2	2.904274	8.835223	11.739497	21.448009
1953.3	6.050876	5.685306	11.736182	21.377148
1953.4	9.672214	2.066538	11.738752	21.312093
1953.5	8.789621	2.954423	11.744044	21.270805
1953.6	4.326482	7.418466	11.744948	21.265740
1953.7	2.113387	9.626716	11.740103	21.296768
1953.8	5.066349	6.669627	11.735976	21.348647
1953.9	9.136045	2.602131	11.738176	21.394519
1954	8.744929	2.998776	11.743705	21.404671
1954.1	4.447817	7.297097	11.744913	21.357678
1954.2	2.269333	9.470674	11.740007	21.249932
1954.3	5.423844	6.311854	11.735697	21.099833
1954.4	9.707522	2.030596	11.738119	20.944612
1954.5	9.082335	2.661914	11.744249	20.830275
1954.6	4.036853	7.708895	11.745748	20.797645
1954.7	1.233072	10.507210	11.740282	20.869030
1954.8	4.621885	7.113073	11.734959	21.040051
1954.9	9.954634	1.782294	11.736928	21.279626
1955	10.290174	1.453505	11.743679	21.538404
1955.1	5.264825	6.481436	11.746261	21.763114
1955.2	1.627981	10.113289	11.741270	21.912242
1955.3	4.204768	7.530703	11.735471	21.967944
1955.4	9.410840	2.325871	11.736711	21.940305
1955.5	10.104047	1.639260	11.743307	21.862627
1955.6	5.275559	6.470717	11.746276	21.779458
1955.7	1.485264	10.256202	11.741467	21.731479
1955.8	4.037719	7.697520	11.735239	21.742410
1955.9	9.760285	1.975691	11.735976	21.812309
1956	11.144431	0.598390	11.742821	21.919383
1956.1	6.337375	5.409403	11.746779	22.029443
1956.2	1.606773	10.135931	11.742704	22.109475
1956.3	3.016841	8.719240	11.736081	22.140438
1956.4	8.482191	3.253412	11.735603	22.124696
1956.5	10.728326	1.013313	11.741638	22.085481
1956.6	7.006266	4.739725	11.745991	22.058576
1956.7	2.521768	9.221252	11.743020	22.079207
1956.8	3.222708	8.514313	11.737021	22.168798
1956.9	7.872958	3.863185	11.736143	22.326275
1957	9.995625	1.745739	11.741365	22.527052
1957.1	6.756727	4.988707	11.745434	22.730106
1957.2	2.660016	9.082859	11.742876	22.890779
1957.3	3.259725	8.477577	11.737302	22.975003
1957.4	7.652135	4.084141	11.736277	22.970138
1957.5	9.875753	1.865283	11.741036	22.888883
1957.6	7.049979	4.695069	11.745048	22.765032
1957.7	3.093957	8.649093	11.743051	22.642643
1957.8	3.202218	8.535817	11.738036	22.562306
1957.9	6.869053	4.867795	11.736848	22.549033
1958	8.901162	2.839633	11.740796	22.605595
1958.1	6.688457	5.055709	11.744166	22.713131
1958.2	3.601949	8.140390	11.742339	22.838392
1958.3	4.066524	7.671544	11.738068	22.944819
1958.4	7.390096	4.347310	11.737407	23.003585
1958.5	8.873342	2.867894	11.741236	23.001016
1958.6	6.432969	5.311216	11.744185	22.940347
1958.7	3.436811	8.305400	11.742211	22.837834
1958.8	3.948940	7.789184	11.738124	22.715225
1958.9	7.161952	4.575554	11.737506	22.591665
1959	8.707237	3.033715	11.740952	22.478021
1959.1	6.786438	4.957045	11.743483	22.375463
1959.2	4.459498	7.282214	11.741712	22.278348
1959.3	5.063641	6.674865	11.738507	22.179807
1959.4	7.454668	4.283996	11.738664	22.077450
1959.5	7.838868	3.903057	11.741925	21.976702
1959.6	5.448960	6.294402	11.743362	21.890262
1959.7	3.804174	7.936407	11.740582	21.833827
1959.8	5.633298	6.104089	11.737387	21.819674
1959.9	8.716649	3.021838	11.738487	21.850621
1960	8.779328	2.963321	11.742649	21.916776
1960.1	5.552911	6.191243	11.744155	21.996547
1960.2	3.382847	8.357947	11.740793	22.061806
1960.3	5.255567	6.481609	11.737176	22.085650
1960.4	8.511969	3.226469	11.738438	22.050236
1960.5	8.439936	3.302997	11.742934	21.952107
1960.6	4.945894	6.798405	11.744299	21.803293
1960.7	2.916948	8.823392	11.740339	21.627856
1960.8	5.464597	6.271795	11.736392	21.455048
1960.9	9.328042	2.410100	11.738143	21.311300
1961	9.087330	2.656230	11.743561	21.213543
1961.1	4.692539	7.052776	11.745315	21.165782
1961.2	1.878456	9.862292	11.740748	21.159722
1961.3	4.528073	7.207732	11.735805	21.178894
1961.4	9.244446	2.492743	11.737189	21.204664
1961.5	9.732238	2.010941	11.743179	21.222098
1961.6	5.290890	6.454856	11.745746	21.223849
1961.7	1.874464	9.866921	11.741385	21.211108
1961.8	4.082554	7.653434	11.735988	21.191674
1961.9	8.864682	2.872258	11.736940	21.176123
1962	9.603914	2.139095	11.743009	21.173583
1962.1	5.174264	6.571610	11.745874	21.188539
1962.2	1.625517	10.115913	11.741430	21.219625
1962.3	4.018057	7.717494	11.735551	21.260598
1962.4	9.398968	2.337319	11.736287	21.302972
1962.5	10.583592	1.159301	11.742892	21.339310
1962.6	5.826790	5.919829	11.746619	21.366081
1962.7	1.332017	10.410390	11.742407	21.385216
1962.8	3.057548	8.678227	11.735775	21.403947
1962.9	8.741900	2.993612	11.735512	21.433004
1963	10.897387	0.844523	11.741910	21.483690
1963.1	6.805717	4.940661	11.746378	21.564560
1963.2	2.103572	9.639412	11.742984	21.678495
1963.3	3.156170	8.580221	11.736392	21.820896
1963.4	8.500145	3.235393	11.735537	21.979455
1963.5	10.857063	0.884525	11.741589	22.135739
1963.6	6.961330	4.785073	11.746404	22.268441
1963.7	1.962630	9.780864	11.743495	22.357809
1963.8	2.529933	9.206769	11.736702	22.390414
1963.9	7.968207	3.766786	11.734993	22.363161
1964	11.211101	0.529405	11.740507	22.285442
1964.1	8.211165	3.534721	11.745886	22.178560
1964.2	3.110835	8.633401	11.744236	22.072137
1964.3	2.487831	9.250322	11.738153	21.997993
1964.4	6.658125	5.077748	11.735873	21.982773
1964.5	9.651410	2.088701	11.740111	22.041173
1964.6	7.508734	4.236004	11.744738	22.171658
1964.7	3.469541	8.273884	11.743425	22.356119
1964.8	3.234873	8.503316	11.738189	22.563854
1964.9	7.093472	4.642872	11.736344	22.759047
1965	9.677727	2.062657	11.740384	22.909776
1965.1	7.425141	4.319585	11.744726	22.996013
1965.2	3.381300	8.362214	11.743513	23.014254
1965.3	2.914597	8.823945	11.738542	22.977351
1965.4	6.435151	5.301421	11.736572	22.909613
1965.5	9.062201	2.677830	11.740032	22.838704
1965.6	7.417467	4.326486	11.743953	22.786967
1965.7	4.059969	7.683077	11.743046	22.764949
1965.8	3.664204	8.074686	11.738890	22.769214
1965.9	6.529415	5.207998	11.737413	22.785062
1966	8.421248	3.319276	11.740524	22.793061
1966.1	6.686683	5.056951	11.743633	22.777007
1966.2	3.924085	7.818211	11.742296	22.730368
1966.3	4.173931	7.564525	11.738455	22.658869
1966.4	7.166575	4.571000	11.737575	22.578219
1966.5	8.747731	2.993153	11.740885	22.507805
1966.6	6.772586	4.971121	11.743707	22.462680
1966.7	4.085560	7.656570	11.742130	22.446891
1966.8	4.430148	7.308359	11.738507	22.450774
1966.9	7.163010	4.575008	11.738018	22.453465
1967	8.278394	3.462865	11.741259	22.429948
1967.1	6.227904	5.515515	11.743419	22.360284
1967.2	4.170819	7.570426	11.741245	22.237703
1967.3	5.370465	6.367382	11.737847	22.072546
1967.4	8.305040	3.433299	11.738339	21.890406
1967.5	8.639448	3.102932	11.742380	21.724854
1967.6	5.480519	6.263806	11.744325	21.607075
1967.7	3.003970	8.737145	11.741115	21.555927
1967.8	4.810580	6.926308	11.736888	21.571842
1967.9	8.716796	3.020731	11.737527	21.636743
1968	9.466650	2.275751	11.742401	21.720011
1968.1	5.939923	5.805005	11.744928	21.788447
1968.2	2.889301	8.852246	11.741546	21.816740
1968.3	4.514993	7.221842	11.736834	21.794791
1968.4	8.562909	3.174492	11.737401	21.729406
1968.5	9.252789	2.489894	11.742684	21.639901
1968.6	5.289183	6.456239	11.745422	21.549452
1968.7	1.936222	9.805318	11.741540	21.475531
1968.8	3.990864	7.745142	11.736006	21.423139
1968.9	9.054870	2.681493	11.736363	21.383488
1969	10.461285	1.281139	11.742425	21.338680
1969.1	6.196660	5.549577	11.746237	21.270646
1969.2	1.774492	9.968190	11.742681	21.170845
1969.3	2.961943	8.774530	11.736473	21.046810
1969.4	8.038003	3.697917	11.735920	20.922632
1969.5	10.096318	1.645386	11.741704	20.832671
1969.6	6.389823	5.356083	11.745906	20.810319
1969.7	2.077154	9.665581	11.742735	20.875621
1969.8	3.206371	8.530097	11.736468	21.026258
1969.9	8.397542	3.338185	11.735726	21.235434
1970	10.586379	1.155343	11.741722	21.457969
1970.1	6.605124	5.141313	11.746437	21.643029
1970.2	1.642359	10.101020	11.743379	21.749559
1970.3	2.406444	9.329998	11.736442	21.759340
1970.4	8.087870	3.646956	11.734826	21.683239
1970.5	11.314766	0.425969	11.740735	21.558372
1970.6	7.916668	3.829712	11.746380	21.436890
1970.7	2.447826	9.296535	11.744362	21.369948
1970.8	2.090202	9.647295	11.737496	21.392004
1970.9	7.133278	4.601669	11.734947	21.510540
1971	10.744792	0.995158	11.739950	21.704467
1971.1	8.201950	3.543682	11.745632	21.931600
1971.2	3.119574	8.624809	11.744383	22.142542
1971.3	2.425348	9.312681	11.738030	22.296284
1971.4	7.017003	4.718196	11.735198	22.372342
1971.5	10.674684	1.064956	11.739640	22.375582
1971.6	8.507098	3.238229	11.745327	22.332433
1971.7	3.439815	8.304896	11.744710	22.280181
1971.8	2.143546	9.595247	11.738793	22.253304
1971.9	6.117247	5.618272	11.735520	22.271687
1972	9.928918	1.810091	11.739009	22.334722
1972.1	8.681963	3.062321	11.744284	22.423111
1972.2	4.409164	7.335158	11.744322	22.507416
1972.3	2.945143	8.794350	11.739493	22.560067
1972.4	5.918370	5.818274	11.736644	22.566391
1972.5	8.839204	2.900323	11.739527	22.530708
1972.6	7.561150	4.182708	11.743859	22.475350
1972.7	3.968715	7.774810	11.743525	22.433032
1972.8	3.168601	8.570444	11.739045	22.435302
1972.9	6.336819	5.399842	11.736661	22.501165
1973	9.168754	2.570859	11.739614	22.629804
1973.1	7.885765	3.858023	11.743788	22.799865
1973.2	4.342996	7.400572	11.743568	22.975462
1973.3	3.289401	8.450127	11.739529	23.116787
1973.4	5.817119	5.920248	11.737366	23.191737
1973.5	8.117950	3.621904	11.739854	23.184781
1973.6	7.025917	4.717246	11.743164	23.100360
1973.7	4.393709	7.348798	11.742507	22.960083
1973.8	4.243533	7.495391	11.738924	22.795073
1973.9	6.920927	4.816748	11.737675	22.636289
1974	8.602971	3.137684	11.740655	22.506122
1974.1	6.802102	4.941564	11.743666	22.413830
1974.2	3.982154	7.760239	11.742393	22.355818
1974.3	4.110695	7.627883	11.738578	22.320020
1974.4	7.028325	4.709264	11.737589	22.292286
1974.5	8.653872	3.086925	11.740797	22.262165
1974.6	6.780990	4.962604	11.743595	22.226017
1974.7	4.232720	7.509228	11.741949	22.186581
1974.8	4.813385	6.924849	11.738234	22.149606
1974.9	7.758743	3.979196	11.737939	22.119272
1975	8.687365	3.054382	11.741747	22.094531
1975.1	5.913356	5.830919	11.744276	22.068014
1975.2	3.171787	8.569806	11.741593	22.028101
1975.3	4.578736	7.158335	11.737071	21.963394
1975.4	8.644607	3.092456	11.737062	21.867898
1975.5	9.910819	1.831189	11.742008	21.744835
1975.6	6.373476	5.371922	11.745398	21.607498
1975.7	2.528838	9.213648	11.742486	21.476581
1975.8	3.509400	8.227590	11.736990	21.374690
1975.9	8.053962	3.682354	11.736317	21.319741
1976	10.024703	1.716779	11.741482	21.319364
1976.1	6.690064	5.055450	11.745514	21.368134
1976.2	2.555248	9.187591	11.742839	21.448496
1976.3	3.321769	8.415236	11.737006	21.535135
1976.4	8.033645	3.702390	11.736035	21.601432
1976.5	10.201064	1.540403	11.741466	21.626123
1976.6	6.608132	5.137893	11.746025	21.598300
1976.7	1.885908	9.857461	11.743369	21.519502
1976.8	2.435980	9.300842	11.736822	21.402580
1976.9	7.742321	3.992790	11.735111	21.267928
1977	10.877314	0.863315	11.740629	21.138349
1977.1	7.710195	4.035892	11.746087	21.033988
1977.2	2.472900	9.271335	11.744235	20.968576
1977.3	2.107230	9.630398	11.737628	20.947675
1977.4	6.944205	4.790996	11.735201	20.969009
1977.5	10.297242	1.442955	11.740198	21.024431
1977.6	7.552513	4.193251	11.745764	21.102793
1977.7	2.469416	9.274805	11.744221	21.192907
1977.8	2.123089	9.614425	11.737515	21.285935
1977.9	7.278454	4.456225	11.734678	21.376773
1978	11.218913	0.520755	11.739668	21.464251
1978.1	8.685076	3.060895	11.745971	21.550234
1978.2	2.936968	8.808304	11.745272	21.637889
1978.3	1.454324	10.284216	11.738540	21.729587
1978.4	6.045021	5.689649	11.734670	21.825001
1978.5	10.575211	1.163389	11.738600	21.920024
1978.6	9.226882	2.518000	11.744881	22.006970
1978.7	4.124593	7.620573	11.745166	22.076252
1978.8	2.232105	9.507249	11.739354	22.119295
1978.9	5.936304	5.799149	11.735453	22.131929
1979	10.033672	1.704968	11.738641	22.117214
1979.1	8.945420	2.799015	11.744435	22.086544
1979.2	4.213312	7.531668	11.744981	22.058247
1979.3	2.240410	9.499255	11.739665	22.053592
1979.4	5.594271	6.141448	11.735718	22.090980
1979.5	9.704205	2.034105	11.738311	22.179897
1979.6	9.179693	2.564059	11.743751	22.316565
1979.7	4.960160	6.784617	11.744777	22.482977
1979.8	2.732768	9.007599	11.740367	22.650140
1979.9	5.136762	6.599989	11.736751	22.785081
1980	8.484357	3.254301	11.738658	22.859862
1980.1	8.152140	3.590913	11.743053	22.860001
1980.2	4.900389	6.843325	11.743714	22.789631
1980.3	3.490797	8.249127	11.739924	22.671510
1980.4	5.869093	5.868115	11.737208	22.541536
1980.5	8.539119	3.200297	11.739416	22.439120
1980.6	7.619438	4.123948	11.743386	22.396198
1980.7	4.324532	7.418976	11.743508	22.428192
1980.8	3.219432	8.520171	11.739603	22.529751
1980.9	5.824728	5.912360	11.737088	22.676637
1981	8.560382	3.178971	11.739353	22.833140
1981.1	7.794423	3.948701	11.743123	22.962674
1981.2	4.822265	6.920927	11.743191	23.038108
1981.3	3.860845	7.878863	11.739708	23.048574
1981.4	6.049429	5.688358	11.737788	23.000677
1981.5	7.980911	3.759216	11.740127	22.913986
1981.6	6.743132	5.000055	11.743187	22.812646
1981.7	4.185386	7.556960	11.742345	22.716252
1981.8	4.265381	7.473254	11.738636	22.633313
1981.9	7.243181	4.494218	11.737399	22.559591
1982	9.087644	2.653001	11.740645	22.481789
1982.1	7.121017	4.622966	11.743983	22.385009
1982.2	3.955608	7.787077	11.742685	22.261007
1982.3	3.981240	7.757222	11.738462	22.113891
1982.4	7.169115	4.568137	11.737252	21.960889
1982.5	8.975975	2.764894	11.740868	21.827594
1982.6	6.719344	5.024891	11.744235	21.739267
1982.7	3.544390	8.197993	11.742383	21.711289
1982.8	4.176896	7.560736	11.737631	21.742369
1982.9	8.144006	3.592682	11.736688	21.813228
1983	10.043095	1.698212	11.741308	21.891559
1983.1	6.895487	4.849957	11.745445	21.941826
1983.2	2.568019	9.175259	11.743278	21.936629
1983.3	2.851249	8.886128	11.737378	21.865699
1983.4	7.569950	4.165635	11.735584	21.739320
1983.5	10.543468	1.196984	11.740452	21.584871
1983.6	7.781969	3.963595	11.745564	21.437630
1983.7	2.946774	8.797268	11.744042	21.328990
1983.8	2.515512	9.222398	11.737911	21.276227
1983.9	7.014531	4.720970	11.735501	21.277395
1984	10.225315	1.514854	11.740169	21.313119
1984.1	7.607650	4.137957	11.745607	21.354563
1984.2	2.582979	9.161322	11.744301	21.374619
1984.3	2.025102	9.712713	11.737816	21.358170
1984.4	6.908615	4.826250	11.734865	21.307628
1984.5	10.803132	0.936447	11.739579	21.241642
1984.6	8.428266	3.317521	11.745787	21.187430
1984.7	2.819111	8.926082	11.745193	21.169561
1984.8	1.367786	10.370752	11.738537	21.199417
1984.9	5.961567	5.773099	11.734666	21.269425
1985	10.464058	1.274626	11.738684	21.354477
1985.1	8.948951	2.796171	11.745121	21.420375
1985.2	3.612881	8.132452	11.745333	21.436506
1985.3	1.732634	10.006501	11.739135	21.388257
1985.4	5.816587	5.918401	11.734988	21.284612
1985.5	10.256145	1.482378	11.738523	21.157841
1985.6	8.961420	2.783522	11.744941	21.054943
1985.7	3.629861	8.115655	11.745516	21.023333
1985.8	1.486581	10.252794	11.739375	21.095403
1985.9	5.569076	6.165600	11.734675	21.277109
1986	10.638157	1.099502	11.737659	21.544514
1986.1	10.151671	1.592694	11.744365	21.849645
1986.2	4.886104	6.859923	11.746027	22.133928
1986.3	1.737865	10.002865	11.740730	22.344971
1986.4	4.524399	7.211294	11.735693	22.451355
1986.5	9.174107	2.563307	11.737414	22.450789
1986.6	9.491173	2.251983	11.743156	22.369211
1986.7	5.431620	6.313408	11.745028	22.251401
1986.8	2.799372	8.941371	11.740743	22.146419
1986.9	5.155244	6.581166	11.736410	22.092734
1987	9.111770	2.626178	11.737948	22.107796
1987.1	9.190818	2.552290	11.743108	22.185137
1987.2	5.312948	6.431877	11.744824	22.299418
1987.3	2.713797	9.027133	11.740930	22.417172
1987.4	4.703479	7.033391	11.736870	22.509222
1987.5	8.335255	3.402771	11.738026	22.560413
1987.6	8.698194	3.044282	11.742477	22.573493
1987.7	5.622041	6.121955	11.743996	22.566187
1987.8	3.582780	8.157975	11.740755	22.562967
1987.9	5.278469	6.459120	11.737590	22.584793
1988	7.996890	3.742084	11.738974	22.640649
1988.1	7.678481	4.064303	11.742784	22.723917
1988.2	4.731782	7.011694	11.743476	22.814704
1988.3	3.394757	8.345245	11.740002	22.887127
1988.4	5.670629	6.066623	11.737252	22.918771
1988.5	8.467697	3.271412	11.739109	22.898882
1988.6	7.946678	3.796303	11.742980	22.832408
1988.7	4.895288	6.848200	11.743488	22.738557
1988.8	3.564659	8.175377	11.740036	22.644501
1988.9	5.671055	6.066518	11.737572	22.576501
1989	8.061783	3.677741	11.739525	22.551539
1989.1	7.303229	4.439726	11.742954	22.572213
1989.2	4.617561	7.125248	11.742808	22.626417
1989.3	4.100374	7.638852	11.739226	22.691639
1989.4	6.732558	5.004882	11.737440	22.742151
1989.5	8.790595	2.949681	11.740275	22.756578
1989.6	7.106979	4.636907	11.743887	22.723360
1989.7	3.798398	7.944611	11.743008	22.642614
1989.8	3.561199	8.177327	11.738527	22.524224
1989.9	7.055528	4.681052	11.736580	22.383323
1990	9.687396	2.052681	11.740077	22.235078
1990.1	7.814048	3.930346	11.744394	22.090717
1990.2	3.915132	7.828421	11.743553	21.956008
1990.3	3.358852	8.379739	11.738591	21.832350
1990.4	6.964415	4.771970	11.736384	21.719571
1990.5	9.674433	2.065758	11.740191	21.618941
1990.6	7.470378	4.274505	11.744882	21.534919
1990.7	3.148106	8.595672	11.743778	21.474773
1990.8	2.763724	8.974265	11.737989	21.446133
1990.9	7.283858	4.451440	11.735298	21.453428
1991	10.885981	0.853692	11.739673	21.494644
1991.1	8.599072	3.146511	11.745583	21.559778
1991.2	3.143930	8.601232	11.745162	21.631784
1991.3	1.549694	10.189135	11.738828	21.689960
1991.4	5.830968	5.903957	11.734925	21.714847
1991.5	10.236604	1.502002	11.738607	21.693226
1991.6	8.914915	2.829958	11.744873	21.621727
1991.7	3.762674	7.982582	11.745256	21.508024
1991.8	1.842080	9.897185	11.739266	21.369289
1991.9	5.792193	5.942893	11.735086	21.228371
1992	10.202498	1.535998	11.738497	21.108743
1992.1	8.926259	2.818709	11.744968	21.029495
1992.2	3.483867	8.261837	11.745705	21.001527
1992.3	1.136728	10.602823	11.739551	21.025697
1992.4	5.137387	6.597267	11.734655	21.093165
1992.5	10.288110	1.449448	11.737558	21.187675
1992.6	9.842347	1.902054	11.744402	21.289195
1992.7	4.498493	7.247603	11.746096	21.378125
1992.8	1.409588	10.330912	11.740501	21.439282
1992.9	4.582799	7.152414	11.735213	21.464927
1993	9.597168	2.140114	11.737282	21.456281
1993.1	9.669541	2.074236	11.743777	21.423183
1993.2	4.798271	6.947592	11.745863	21.381891
1993.3	1.675729	10.065014	11.740742	21.351369
1993.4	4.604521	7.130829	11.735349	21.348823
1993.5	9.726218	2.010710	11.736929	21.385507
1993.6	10.257358	1.485977	11.743335	21.463908
1993.7	5.562328	6.183714	11.746041	21.577171
1993.8	1.887653	9.853937	11.741590	21.711084
1993.9	3.962913	7.773119	11.736033	21.848189
1994	8.856365	2.880266	11.736631	21.972892
1994.1	10.143054	1.599200	11.742254	22.075997
1994.2	6.474057	5.271216	11.745273	22.157126
1994.3	3.020849	8.721119	11.741968	22.224092
1994.4	4.234872	7.502350	11.737222	22.289253
1994.5	8.005715	3.731776	11.737492	22.363958
1994.6	8.946341	2.795709	11.742050	22.452995
1994.7	5.901610	5.842757	11.744367	22.551127
1994.8	3.308797	8.432501	11.741298	22.643258
1994.9	4.843372	6.893882	11.737255	22.708600
1995	8.356156	3.381715	11.737871	22.727760
1995.1	8.991740	2.750479	11.742219	22.690524
1995.2	5.921473	5.822828	11.744301	22.601573
1995.3	3.330112	8.411325	11.741438	22.481837
1995.4	4.514942	7.222849	11.737791	22.364495
1995.5	7.465763	4.272577	11.738340	22.286388
1995.6	7.947718	3.794264	11.741982	22.277276
1995.7	5.510067	6.233280	11.743347	22.350289
1995.8	3.928181	7.812354	11.740535	22.496780
1995.9	5.632186	6.105553	11.737739	22.687521
1996	8.165765	3.573382	11.739146	22.880186
1996.1	7.721161	4.021713	11.742873	23.031016
1996.2	4.680711	7.062878	11.743588	23.107106
1996.3	3.218433	8.521684	11.740117	23.095454
1996.4	5.441999	6.295220	11.737220	23.005929
1996.5	8.354775	3.384156	11.738931	22.867259
1996.6	8.008720	3.734117	11.742838	22.717427
1996.7	5.047365	6.696072	11.743437	22.591701
1996.8	3.782645	7.957284	11.739929	22.512259
1996.9	6.040437	5.696971	11.737408	22.482720
1997	8.493431	3.246199	11.739630	22.489182
1997.1	7.391471	4.352047	11.743518	22.507046
1997.2	4.083717	7.659638	11.743355	22.510945
1997.3	3.364472	8.374514	11.738986	22.484068
1997.4	6.687284	5.049115	11.736399	22.423535
1997.5	9.770417	1.969069	11.739486	22.340004
1997.6	8.295913	3.448415	11.744328	22.251915
1997.7	4.035222	7.709050	11.744273	22.176762
1997.8	2.730143	9.009013	11.739156	22.122950
1997.9	6.281850	5.454012	11.735862	22.085501
1998	9.933603	1.805427	11.739030	22.047476
1998.1	8.610993	3.133509	11.744503	21.986722
1998.2	3.963802	7.780951	11.744754	21.885475
1998.3	2.337904	9.401313	11.739217	21.739154
1998.4	6.142872	5.592476	11.735348	21.560801
1998.5	10.336011	1.402597	11.738608	21.379138
1998.6	9.080999	2.663843	11.744842	21.230502
1998.7	3.764617	7.981011	11.745628	21.147230
1998.8	1.394814	10.344849	11.739662	21.146488
1998.9	5.264585	6.470174	11.734760	21.223550
1999	10.390688	1.346813	11.737501	21.352104
1999.1	10.029177	1.715158	11.744335	21.491743
1999.2	4.657215	7.089020	11.746234	21.600260
1999.3	1.347401	10.393361	11.740762	21.646648
1999.4	4.315265	7.420059	11.735323	21.620361
1999.5	9.333035	2.404148	11.737183	21.533690
1999.6	9.522428	2.221254	11.743681	21.416471
1999.7	4.683366	7.062521	11.745887	21.305050
1999.8	1.536782	10.203946	11.740728	21.229439
1999.9	4.556599	7.178592	11.735191	21.203234
2000	9.816330	1.920543	11.736874	21.219867
